ISO-10303-21;
HEADER;
/* Generated by software containing ST-Developer
 * from STEP Tools, Inc. (www.steptools.com) 
 */

FILE_DESCRIPTION(
/* description */ ('LINER HEAD, STD FLOW, M28 PEROXIDE (SS 316)'),
/* implementation_level */ '2;1');

FILE_NAME(
/* name */ 
'C:\\Users\\LylePrendergast\\UltraSpin\\UltraSpin - Files\\Drawings - 
Ultraspin\\Parts - By SAP no\\LIN & SUBLN\\LIN090 (LINER HEAD, M28 PER
OXIDE)\\LIN090 (LINER HEAD, M28 PEROXIDE) Rev B.stp',
/* time_stamp */ '2020-06-18T16:49:38+10:00',
/* author */ ('LylePrendergast'),
/* organization */ (''),
/* preprocessor_version */ 'ST-DEVELOPER v17.2',
/* originating_system */ 'Autodesk Inventor 2019',
/* authorisation */ '');

FILE_SCHEMA (('AUTOMOTIVE_DESIGN { 1 0 10303 214 3 1 1 }'));
ENDSEC;

DATA;
#10=MECHANICAL_DESIGN_GEOMETRIC_PRESENTATION_REPRESENTATION('',(#318,#319,
#320,#321,#322,#323,#324,#325,#326,#327,#328,#329,#330,#331,#332),#10919);
#11=SHAPE_REPRESENTATION_RELATIONSHIP('SRR','None',#10926,#12);
#12=ADVANCED_BREP_SHAPE_REPRESENTATION('',(#13),#10918);
#13=MANIFOLD_SOLID_BREP('Solid1',#5477);
#14=TOROIDAL_SURFACE('',#5697,27.6,0.4);
#15=TOROIDAL_SURFACE('',#5700,27.6,0.4);
#16=TOROIDAL_SURFACE('',#5713,38.795,0.399999999999996);
#17=TOROIDAL_SURFACE('',#5720,38.795,0.399999999999996);
#18=TOROIDAL_SURFACE('',#5725,30.65,0.399999999999999);
#19=TOROIDAL_SURFACE('',#5732,32.1,0.4);
#20=CONICAL_SURFACE('',#5634,41.025,0.785398163397448);
#21=CONICAL_SURFACE('',#5643,32.7,0.785398163397448);
#22=CONICAL_SURFACE('',#5649,5.25,0.785398163397448);
#23=CONICAL_SURFACE('',#5653,5.25,0.785398163397448);
#24=CONICAL_SURFACE('',#5657,5.25,0.785398163397448);
#25=CONICAL_SURFACE('',#5661,5.25,0.785398163397448);
#26=CONICAL_SURFACE('',#5665,30.075,0.349065850398866);
#27=CONICAL_SURFACE('',#5675,41.05,0.349065850398866);
#28=CONICAL_SURFACE('',#5685,0.8105,1.02974425867665);
#29=CONICAL_SURFACE('',#5686,0.8105,1.02974425867665);
#30=CONICAL_SURFACE('',#5687,0.8105,1.02974425867665);
#31=CONICAL_SURFACE('',#5688,0.8105,1.02974425867665);
#32=CONICAL_SURFACE('',#5689,0.8105,1.02974425867665);
#33=CONICAL_SURFACE('',#5690,0.8105,1.02974425867665);
#34=FACE_BOUND('',#693,.T.);
#35=FACE_BOUND('',#754,.T.);
#36=FACE_BOUND('',#756,.T.);
#37=FACE_BOUND('',#820,.T.);
#38=FACE_BOUND('',#844,.T.);
#39=FACE_BOUND('',#845,.T.);
#40=FACE_BOUND('',#846,.T.);
#41=FACE_BOUND('',#847,.T.);
#42=FACE_BOUND('',#848,.T.);
#43=FACE_BOUND('',#849,.T.);
#44=FACE_BOUND('',#850,.T.);
#45=FACE_BOUND('',#851,.T.);
#46=FACE_BOUND('',#852,.T.);
#47=FACE_BOUND('',#853,.T.);
#48=FACE_BOUND('',#854,.T.);
#49=FACE_BOUND('',#855,.T.);
#50=FACE_BOUND('',#856,.T.);
#51=FACE_BOUND('',#857,.T.);
#52=FACE_BOUND('',#858,.T.);
#53=FACE_BOUND('',#876,.T.);
#54=FACE_BOUND('',#878,.T.);
#55=FACE_BOUND('',#879,.T.);
#56=FACE_BOUND('',#880,.T.);
#57=FACE_BOUND('',#883,.T.);
#58=FACE_BOUND('',#884,.T.);
#59=FACE_BOUND('',#885,.T.);
#60=FACE_BOUND('',#897,.T.);
#61=FACE_BOUND('',#900,.T.);
#62=FACE_BOUND('',#901,.T.);
#63=FACE_BOUND('',#902,.T.);
#64=FACE_BOUND('',#903,.T.);
#65=FACE_BOUND('',#904,.T.);
#66=FACE_BOUND('',#905,.T.);
#67=FACE_BOUND('',#906,.T.);
#68=FACE_BOUND('',#907,.T.);
#69=FACE_BOUND('',#909,.T.);
#70=FACE_BOUND('',#910,.T.);
#71=FACE_BOUND('',#911,.T.);
#72=FACE_BOUND('',#912,.T.);
#73=FACE_BOUND('',#913,.T.);
#74=FACE_BOUND('',#914,.T.);
#75=FACE_BOUND('',#915,.T.);
#76=FACE_BOUND('',#942,.T.);
#77=FACE_BOUND('',#947,.T.);
#78=FACE_BOUND('',#950,.T.);
#79=B_SPLINE_SURFACE_WITH_KNOTS('',2,1,((#6772,#6773),(#6774,#6775),(#6776,
#6777)),.UNSPECIFIED.,.F.,.F.,.F.,(3,3),(2,2),(-1.,0.),(0.,26.947383025819),
 .UNSPECIFIED.);
#80=B_SPLINE_SURFACE_WITH_KNOTS('',2,1,((#6785,#6786),(#6787,#6788),(#6789,
#6790)),.UNSPECIFIED.,.F.,.F.,.F.,(3,3),(2,2),(-1.,0.),(0.,26.947383025819),
 .UNSPECIFIED.);
#81=B_SPLINE_SURFACE_WITH_KNOTS('',2,1,((#6796,#6797),(#6798,#6799),(#6800,
#6801)),.UNSPECIFIED.,.F.,.F.,.F.,(3,3),(2,2),(-1.,0.),(0.,26.947383025819),
 .UNSPECIFIED.);
#82=B_SPLINE_SURFACE_WITH_KNOTS('',2,1,((#6815,#6816),(#6817,#6818),(#6819,
#6820)),.UNSPECIFIED.,.F.,.F.,.F.,(3,3),(2,2),(-1.,0.),(0.,26.947383025819),
 .UNSPECIFIED.);
#83=B_SPLINE_SURFACE_WITH_KNOTS('',2,1,((#6826,#6827),(#6828,#6829),(#6830,
#6831)),.UNSPECIFIED.,.F.,.F.,.F.,(3,3),(2,2),(-1.,0.),(0.,26.947383025819),
 .UNSPECIFIED.);
#84=B_SPLINE_SURFACE_WITH_KNOTS('',2,1,((#6845,#6846),(#6847,#6848),(#6849,
#6850)),.UNSPECIFIED.,.F.,.F.,.F.,(3,3),(2,2),(-1.,0.),(0.,26.947383025819),
 .UNSPECIFIED.);
#85=B_SPLINE_SURFACE_WITH_KNOTS('',2,1,((#6856,#6857),(#6858,#6859),(#6860,
#6861)),.UNSPECIFIED.,.F.,.F.,.F.,(3,3),(2,2),(-1.,0.),(0.,26.947383025819),
 .UNSPECIFIED.);
#86=B_SPLINE_SURFACE_WITH_KNOTS('',2,1,((#6867,#6868),(#6869,#6870),(#6871,
#6872)),.UNSPECIFIED.,.F.,.F.,.F.,(3,3),(2,2),(-1.,0.),(0.,26.947383025819),
 .UNSPECIFIED.);
#87=B_SPLINE_SURFACE_WITH_KNOTS('',2,1,((#6882,#6883),(#6884,#6885),(#6886,
#6887)),.UNSPECIFIED.,.F.,.F.,.F.,(3,3),(2,2),(-1.,0.),(0.,26.947383025819),
 .UNSPECIFIED.);
#88=B_SPLINE_SURFACE_WITH_KNOTS('',2,1,((#6893,#6894),(#6895,#6896),(#6897,
#6898)),.UNSPECIFIED.,.F.,.F.,.F.,(3,3),(2,2),(-1.,0.),(0.,26.947383025819),
 .UNSPECIFIED.);
#89=B_SPLINE_SURFACE_WITH_KNOTS('',2,1,((#6912,#6913),(#6914,#6915),(#6916,
#6917)),.UNSPECIFIED.,.F.,.F.,.F.,(3,3),(2,2),(-1.,0.),(0.,26.947383025819),
 .UNSPECIFIED.);
#90=B_SPLINE_SURFACE_WITH_KNOTS('',2,1,((#6923,#6924),(#6925,#6926),(#6927,
#6928)),.UNSPECIFIED.,.F.,.F.,.F.,(3,3),(2,2),(-1.,0.),(0.,26.947383025819),
 .UNSPECIFIED.);
#91=B_SPLINE_SURFACE_WITH_KNOTS('',2,1,((#6936,#6937),(#6938,#6939),(#6940,
#6941),(#6942,#6943)),.UNSPECIFIED.,.F.,.F.,.F.,(3,1,3),(2,2),(-2.,-1.,
0.),(0.,26.947383025819),.UNSPECIFIED.);
#92=B_SPLINE_SURFACE_WITH_KNOTS('',2,1,((#6961,#6962),(#6963,#6964),(#6965,
#6966)),.UNSPECIFIED.,.F.,.F.,.F.,(3,3),(2,2),(-1.,0.),(0.,26.947383025819),
 .UNSPECIFIED.);
#93=B_SPLINE_SURFACE_WITH_KNOTS('',2,1,((#6983,#6984),(#6985,#6986),(#6987,
#6988)),.UNSPECIFIED.,.F.,.F.,.F.,(3,3),(2,2),(-1.,0.),(0.,26.947383025819),
 .UNSPECIFIED.);
#94=B_SPLINE_SURFACE_WITH_KNOTS('',2,1,((#6999,#7000),(#7001,#7002),(#7003,
#7004),(#7005,#7006)),.UNSPECIFIED.,.F.,.F.,.F.,(3,1,3),(2,2),(-2.,-1.,
0.),(0.,26.947383025819),.UNSPECIFIED.);
#95=B_SPLINE_SURFACE_WITH_KNOTS('',2,1,((#7021,#7022),(#7023,#7024),(#7025,
#7026)),.UNSPECIFIED.,.F.,.F.,.F.,(3,3),(2,2),(-1.,0.),(0.,26.947383025819),
 .UNSPECIFIED.);
#96=B_SPLINE_SURFACE_WITH_KNOTS('',2,1,((#7037,#7038),(#7039,#7040),(#7041,
#7042)),.UNSPECIFIED.,.F.,.F.,.F.,(3,3),(2,2),(-1.,0.),(0.,26.947383025819),
 .UNSPECIFIED.);
#97=B_SPLINE_SURFACE_WITH_KNOTS('',2,1,((#7053,#7054),(#7055,#7056),(#7057,
#7058)),.UNSPECIFIED.,.F.,.F.,.F.,(3,3),(2,2),(-1.,0.),(0.,26.947383025819),
 .UNSPECIFIED.);
#98=B_SPLINE_SURFACE_WITH_KNOTS('',2,1,((#7069,#7070),(#7071,#7072),(#7073,
#7074),(#7075,#7076)),.UNSPECIFIED.,.F.,.F.,.F.,(3,1,3),(2,2),(-2.,-1.,
0.),(0.,26.947383025819),.UNSPECIFIED.);
#99=B_SPLINE_SURFACE_WITH_KNOTS('',2,1,((#7091,#7092),(#7093,#7094),(#7095,
#7096)),.UNSPECIFIED.,.F.,.F.,.F.,(3,3),(2,2),(-1.,0.),(0.,26.947383025819),
 .UNSPECIFIED.);
#100=B_SPLINE_SURFACE_WITH_KNOTS('',2,1,((#7107,#7108),(#7109,#7110),(#7111,
#7112)),.UNSPECIFIED.,.F.,.F.,.F.,(3,3),(2,2),(-1.,0.),(0.,26.947383025819),
 .UNSPECIFIED.);
#101=B_SPLINE_SURFACE_WITH_KNOTS('',2,1,((#7123,#7124),(#7125,#7126),(#7127,
#7128),(#7129,#7130)),.UNSPECIFIED.,.F.,.F.,.F.,(3,1,3),(2,2),(-2.,-1.,
0.),(0.,26.947383025819),.UNSPECIFIED.);
#102=B_SPLINE_SURFACE_WITH_KNOTS('',2,1,((#7145,#7146),(#7147,#7148),(#7149,
#7150)),.UNSPECIFIED.,.F.,.F.,.F.,(3,3),(2,2),(-1.,0.),(0.,26.947383025819),
 .UNSPECIFIED.);
#103=B_SPLINE_SURFACE_WITH_KNOTS('',2,1,((#7167,#7168),(#7169,#7170),(#7171,
#7172)),.UNSPECIFIED.,.F.,.F.,.F.,(3,3),(2,2),(-1.,0.),(0.,26.947383025819),
 .UNSPECIFIED.);
#104=B_SPLINE_SURFACE_WITH_KNOTS('',2,1,((#7183,#7184),(#7185,#7186),(#7187,
#7188),(#7189,#7190)),.UNSPECIFIED.,.F.,.F.,.F.,(3,1,3),(2,2),(-2.,-1.,
0.),(0.,26.947383025819),.UNSPECIFIED.);
#105=B_SPLINE_SURFACE_WITH_KNOTS('',2,1,((#7210,#7211),(#7212,#7213),(#7214,
#7215)),.UNSPECIFIED.,.F.,.F.,.F.,(3,3),(2,2),(-1.,0.),(0.,26.947383025819),
 .UNSPECIFIED.);
#106=B_SPLINE_SURFACE_WITH_KNOTS('',2,1,((#7226,#7227),(#7228,#7229),(#7230,
#7231)),.UNSPECIFIED.,.F.,.F.,.F.,(3,3),(2,2),(-1.,0.),(0.,26.947383025819),
 .UNSPECIFIED.);
#107=B_SPLINE_SURFACE_WITH_KNOTS('',2,1,((#7242,#7243),(#7244,#7245),(#7246,
#7247),(#7248,#7249)),.UNSPECIFIED.,.F.,.F.,.F.,(3,1,3),(2,2),(-2.,-1.,
0.),(0.,26.947383025819),.UNSPECIFIED.);
#108=B_SPLINE_SURFACE_WITH_KNOTS('',2,1,((#7264,#7265),(#7266,#7267),(#7268,
#7269)),.UNSPECIFIED.,.F.,.F.,.F.,(3,3),(2,2),(-1.,0.),(0.,26.947383025819),
 .UNSPECIFIED.);
#109=B_SPLINE_SURFACE_WITH_KNOTS('',2,1,((#7280,#7281),(#7282,#7283),(#7284,
#7285)),.UNSPECIFIED.,.F.,.F.,.F.,(3,3),(2,2),(-1.,0.),(0.,26.947383025819),
 .UNSPECIFIED.);
#110=B_SPLINE_SURFACE_WITH_KNOTS('',2,1,((#7337,#7338),(#7339,#7340),(#7341,
#7342)),.UNSPECIFIED.,.F.,.F.,.F.,(3,3),(2,2),(-1.,0.),(0.,26.947383025819),
 .UNSPECIFIED.);
#111=B_SPLINE_SURFACE_WITH_KNOTS('',2,1,((#7358,#7359),(#7360,#7361),(#7362,
#7363)),.UNSPECIFIED.,.F.,.F.,.F.,(3,3),(2,2),(-1.,0.),(0.,26.947383025819),
 .UNSPECIFIED.);
#112=B_SPLINE_SURFACE_WITH_KNOTS('',2,1,((#7369,#7370),(#7371,#7372),(#7373,
#7374)),.UNSPECIFIED.,.F.,.F.,.F.,(3,3),(2,2),(-1.,0.),(0.,26.947383025819),
 .UNSPECIFIED.);
#113=B_SPLINE_SURFACE_WITH_KNOTS('',2,1,((#7384,#7385),(#7386,#7387),(#7388,
#7389)),.UNSPECIFIED.,.F.,.F.,.F.,(3,3),(2,2),(-1.,0.),(0.,26.947383025819),
 .UNSPECIFIED.);
#114=B_SPLINE_SURFACE_WITH_KNOTS('',2,1,((#7395,#7396),(#7397,#7398),(#7399,
#7400)),.UNSPECIFIED.,.F.,.F.,.F.,(3,3),(2,2),(-1.,0.),(0.,26.947383025819),
 .UNSPECIFIED.);
#115=B_SPLINE_SURFACE_WITH_KNOTS('',2,1,((#7414,#7415),(#7416,#7417),(#7418,
#7419)),.UNSPECIFIED.,.F.,.F.,.F.,(3,3),(2,2),(-1.,0.),(0.,26.947383025819),
 .UNSPECIFIED.);
#116=B_SPLINE_SURFACE_WITH_KNOTS('',2,1,((#7432,#7433),(#7434,#7435),(#7436,
#7437),(#7438,#7439)),.UNSPECIFIED.,.F.,.F.,.F.,(3,1,3),(2,2),(-2.,-1.,
0.),(0.,26.947383025819),.UNSPECIFIED.);
#117=B_SPLINE_SURFACE_WITH_KNOTS('',2,1,((#7460,#7461),(#7462,#7463),(#7464,
#7465),(#7466,#7467)),.UNSPECIFIED.,.F.,.F.,.F.,(3,1,3),(2,2),(-2.,-1.,
0.),(0.,26.947383025819),.UNSPECIFIED.);
#118=B_SPLINE_SURFACE_WITH_KNOTS('',2,1,((#7497,#7498),(#7499,#7500),(#7501,
#7502),(#7503,#7504)),.UNSPECIFIED.,.F.,.F.,.F.,(3,1,3),(2,2),(0.,1.,2.),
(0.,26.947383025819),.UNSPECIFIED.);
#119=B_SPLINE_SURFACE_WITH_KNOTS('',2,1,((#7525,#7526),(#7527,#7528),(#7529,
#7530)),.UNSPECIFIED.,.F.,.F.,.F.,(3,3),(2,2),(-1.,0.),(0.,26.947383025819),
 .UNSPECIFIED.);
#120=B_SPLINE_SURFACE_WITH_KNOTS('',2,1,((#7547,#7548),(#7549,#7550),(#7551,
#7552)),.UNSPECIFIED.,.F.,.F.,.F.,(3,3),(2,2),(-1.,0.),(0.,26.947383025819),
 .UNSPECIFIED.);
#121=B_SPLINE_SURFACE_WITH_KNOTS('',2,1,((#7566,#7567),(#7568,#7569),(#7570,
#7571),(#7572,#7573)),.UNSPECIFIED.,.F.,.F.,.F.,(3,1,3),(2,2),(0.,1.,2.),
(0.,26.947383025819),.UNSPECIFIED.);
#122=B_SPLINE_SURFACE_WITH_KNOTS('',2,1,((#7640,#7641),(#7642,#7643),(#7644,
#7645)),.UNSPECIFIED.,.F.,.F.,.F.,(3,3),(2,2),(-1.,0.),(0.,26.947383025819),
 .UNSPECIFIED.);
#123=B_SPLINE_SURFACE_WITH_KNOTS('',2,1,((#7655,#7656),(#7657,#7658),(#7659,
#7660)),.UNSPECIFIED.,.F.,.F.,.F.,(3,3),(2,2),(-1.,0.),(0.,26.947383025819),
 .UNSPECIFIED.);
#124=B_SPLINE_SURFACE_WITH_KNOTS('',2,1,((#7666,#7667),(#7668,#7669),(#7670,
#7671)),.UNSPECIFIED.,.F.,.F.,.F.,(3,3),(2,2),(-1.,0.),(0.,26.947383025819),
 .UNSPECIFIED.);
#125=B_SPLINE_SURFACE_WITH_KNOTS('',2,1,((#7685,#7686),(#7687,#7688),(#7689,
#7690)),.UNSPECIFIED.,.F.,.F.,.F.,(3,3),(2,2),(-1.,0.),(0.,26.947383025819),
 .UNSPECIFIED.);
#126=B_SPLINE_SURFACE_WITH_KNOTS('',2,1,((#7696,#7697),(#7698,#7699),(#7700,
#7701)),.UNSPECIFIED.,.F.,.F.,.F.,(3,3),(2,2),(-1.,0.),(0.,26.947383025819),
 .UNSPECIFIED.);
#127=B_SPLINE_SURFACE_WITH_KNOTS('',2,1,((#7705,#7706),(#7707,#7708),(#7709,
#7710)),.UNSPECIFIED.,.F.,.F.,.F.,(3,3),(2,2),(-1.,0.),(0.,26.947383025819),
 .UNSPECIFIED.);
#128=B_SPLINE_SURFACE_WITH_KNOTS('',2,1,((#7742,#7743),(#7744,#7745),(#7746,
#7747)),.UNSPECIFIED.,.F.,.F.,.F.,(3,3),(2,2),(-1.,0.),(0.,26.947383025819),
 .UNSPECIFIED.);
#129=B_SPLINE_SURFACE_WITH_KNOTS('',2,1,((#7766,#7767),(#7768,#7769),(#7770,
#7771)),.UNSPECIFIED.,.F.,.F.,.F.,(3,3),(2,2),(-1.,0.),(0.,26.947383025819),
 .UNSPECIFIED.);
#130=B_SPLINE_SURFACE_WITH_KNOTS('',2,1,((#7788,#7789),(#7790,#7791),(#7792,
#7793)),.UNSPECIFIED.,.F.,.F.,.F.,(3,3),(2,2),(-1.,0.),(0.,26.947383025819),
 .UNSPECIFIED.);
#131=B_SPLINE_SURFACE_WITH_KNOTS('',2,1,((#7810,#7811),(#7812,#7813),(#7814,
#7815)),.UNSPECIFIED.,.F.,.F.,.F.,(3,3),(2,2),(-1.,0.),(0.,26.947383025819),
 .UNSPECIFIED.);
#132=B_SPLINE_SURFACE_WITH_KNOTS('',2,1,((#7826,#7827),(#7828,#7829),(#7830,
#7831)),.UNSPECIFIED.,.F.,.F.,.F.,(3,3),(2,2),(-1.,0.),(0.,26.947383025819),
 .UNSPECIFIED.);
#133=B_SPLINE_SURFACE_WITH_KNOTS('',2,1,((#7854,#7855),(#7856,#7857),(#7858,
#7859)),.UNSPECIFIED.,.F.,.F.,.F.,(3,3),(2,2),(-1.,0.),(0.,26.947383025819),
 .UNSPECIFIED.);
#134=B_SPLINE_SURFACE_WITH_KNOTS('',2,1,((#7986,#7987),(#7988,#7989),(#7990,
#7991)),.UNSPECIFIED.,.F.,.F.,.F.,(3,3),(2,2),(-1.,0.),(0.,26.947383025819),
 .UNSPECIFIED.);
#135=B_SPLINE_SURFACE_WITH_KNOTS('',2,1,((#7999,#8000),(#8001,#8002),(#8003,
#8004)),.UNSPECIFIED.,.F.,.F.,.F.,(3,3),(2,2),(-1.,0.),(0.,26.947383025819),
 .UNSPECIFIED.);
#136=B_SPLINE_SURFACE_WITH_KNOTS('',2,1,((#8010,#8011),(#8012,#8013),(#8014,
#8015),(#8016,#8017)),.UNSPECIFIED.,.F.,.F.,.F.,(3,1,3),(2,2),(-2.,-1.,
0.),(0.,26.947383025819),.UNSPECIFIED.);
#137=B_SPLINE_SURFACE_WITH_KNOTS('',2,1,((#8024,#8025),(#8026,#8027),(#8028,
#8029)),.UNSPECIFIED.,.F.,.F.,.F.,(3,3),(2,2),(-1.,0.),(0.,26.947383025819),
 .UNSPECIFIED.);
#138=B_SPLINE_SURFACE_WITH_KNOTS('',2,1,((#8035,#8036),(#8037,#8038),(#8039,
#8040)),.UNSPECIFIED.,.F.,.F.,.F.,(3,3),(2,2),(-1.,0.),(0.,26.947383025819),
 .UNSPECIFIED.);
#139=B_SPLINE_SURFACE_WITH_KNOTS('',2,1,((#8046,#8047),(#8048,#8049),(#8050,
#8051),(#8052,#8053)),.UNSPECIFIED.,.F.,.F.,.F.,(3,1,3),(2,2),(-2.,-1.,
0.),(0.,26.947383025819),.UNSPECIFIED.);
#140=B_SPLINE_SURFACE_WITH_KNOTS('',2,1,((#8060,#8061),(#8062,#8063),(#8064,
#8065)),.UNSPECIFIED.,.F.,.F.,.F.,(3,3),(2,2),(-1.,0.),(0.,26.947383025819),
 .UNSPECIFIED.);
#141=B_SPLINE_SURFACE_WITH_KNOTS('',2,1,((#8075,#8076),(#8077,#8078),(#8079,
#8080)),.UNSPECIFIED.,.F.,.F.,.F.,(3,3),(2,2),(-1.,0.),(0.,26.947383025819),
 .UNSPECIFIED.);
#142=B_SPLINE_SURFACE_WITH_KNOTS('',2,1,((#8086,#8087),(#8088,#8089),(#8090,
#8091),(#8092,#8093)),.UNSPECIFIED.,.F.,.F.,.F.,(3,1,3),(2,2),(-2.,-1.,
0.),(0.,26.947383025819),.UNSPECIFIED.);
#143=B_SPLINE_SURFACE_WITH_KNOTS('',2,1,((#8100,#8101),(#8102,#8103),(#8104,
#8105)),.UNSPECIFIED.,.F.,.F.,.F.,(3,3),(2,2),(-1.,0.),(0.,26.947383025819),
 .UNSPECIFIED.);
#144=B_SPLINE_SURFACE_WITH_KNOTS('',2,1,((#8111,#8112),(#8113,#8114),(#8115,
#8116)),.UNSPECIFIED.,.F.,.F.,.F.,(3,3),(2,2),(-1.,0.),(0.,26.947383025819),
 .UNSPECIFIED.);
#145=B_SPLINE_SURFACE_WITH_KNOTS('',2,1,((#8122,#8123),(#8124,#8125),(#8126,
#8127),(#8128,#8129)),.UNSPECIFIED.,.F.,.F.,.F.,(3,1,3),(2,2),(-2.,-1.,
0.),(0.,26.947383025819),.UNSPECIFIED.);
#146=B_SPLINE_SURFACE_WITH_KNOTS('',2,1,((#8136,#8137),(#8138,#8139),(#8140,
#8141)),.UNSPECIFIED.,.F.,.F.,.F.,(3,3),(2,2),(-1.,0.),(0.,26.947383025819),
 .UNSPECIFIED.);
#147=B_SPLINE_SURFACE_WITH_KNOTS('',2,1,((#8147,#8148),(#8149,#8150),(#8151,
#8152)),.UNSPECIFIED.,.F.,.F.,.F.,(3,3),(2,2),(-1.,0.),(0.,26.947383025819),
 .UNSPECIFIED.);
#148=B_SPLINE_SURFACE_WITH_KNOTS('',2,1,((#8158,#8159),(#8160,#8161),(#8162,
#8163)),.UNSPECIFIED.,.F.,.F.,.F.,(3,3),(2,2),(-1.,0.),(0.,26.947383025819),
 .UNSPECIFIED.);
#149=B_SPLINE_SURFACE_WITH_KNOTS('',2,1,((#8169,#8170),(#8171,#8172),(#8173,
#8174),(#8175,#8176)),.UNSPECIFIED.,.F.,.F.,.F.,(3,1,3),(2,2),(-2.,-1.,
0.),(0.,26.947383025819),.UNSPECIFIED.);
#150=B_SPLINE_SURFACE_WITH_KNOTS('',2,1,((#8183,#8184),(#8185,#8186),(#8187,
#8188)),.UNSPECIFIED.,.F.,.F.,.F.,(3,3),(2,2),(-1.,0.),(0.,26.947383025819),
 .UNSPECIFIED.);
#151=B_SPLINE_SURFACE_WITH_KNOTS('',2,1,((#8198,#8199),(#8200,#8201),(#8202,
#8203)),.UNSPECIFIED.,.F.,.F.,.F.,(3,3),(2,2),(-1.,0.),(0.,26.947383025819),
 .UNSPECIFIED.);
#152=B_SPLINE_SURFACE_WITH_KNOTS('',2,1,((#8209,#8210),(#8211,#8212),(#8213,
#8214),(#8215,#8216)),.UNSPECIFIED.,.F.,.F.,.F.,(3,1,3),(2,2),(-2.,-1.,
0.),(0.,26.947383025819),.UNSPECIFIED.);
#153=B_SPLINE_SURFACE_WITH_KNOTS('',2,1,((#8221,#8222),(#8223,#8224),(#8225,
#8226),(#8227,#8228)),.UNSPECIFIED.,.F.,.F.,.F.,(3,1,3),(2,2),(-2.,-1.,
0.),(0.,26.947383025819),.UNSPECIFIED.);
#154=B_SPLINE_SURFACE_WITH_KNOTS('',2,1,((#8246,#8247),(#8248,#8249),(#8250,
#8251),(#8252,#8253)),.UNSPECIFIED.,.F.,.F.,.F.,(3,1,3),(2,2),(-2.,-1.,
0.),(0.,26.947383025819),.UNSPECIFIED.);
#155=B_SPLINE_SURFACE_WITH_KNOTS('',2,1,((#8283,#8284),(#8285,#8286),(#8287,
#8288),(#8289,#8290)),.UNSPECIFIED.,.F.,.F.,.F.,(3,1,3),(2,2),(0.,1.,2.),
(0.,26.947383025819),.UNSPECIFIED.);
#156=B_SPLINE_SURFACE_WITH_KNOTS('',2,1,((#8305,#8306),(#8307,#8308),(#8309,
#8310),(#8311,#8312)),.UNSPECIFIED.,.F.,.F.,.F.,(3,1,3),(2,2),(0.,1.,2.),
(0.,26.947383025819),.UNSPECIFIED.);
#157=B_SPLINE_SURFACE_WITH_KNOTS('',2,1,((#8327,#8328),(#8329,#8330),(#8331,
#8332),(#8333,#8334)),.UNSPECIFIED.,.F.,.F.,.F.,(3,1,3),(2,2),(-2.,-1.,
0.),(0.,26.947383025819),.UNSPECIFIED.);
#158=B_SPLINE_SURFACE_WITH_KNOTS('',2,1,((#8349,#8350),(#8351,#8352),(#8353,
#8354),(#8355,#8356)),.UNSPECIFIED.,.F.,.F.,.F.,(3,1,3),(2,2),(-2.,-1.,
0.),(0.,26.947383025819),.UNSPECIFIED.);
#159=B_SPLINE_SURFACE_WITH_KNOTS('',2,1,((#8374,#8375),(#8376,#8377),(#8378,
#8379),(#8380,#8381)),.UNSPECIFIED.,.F.,.F.,.F.,(3,1,3),(2,2),(0.,1.,2.),
(0.,26.947383025819),.UNSPECIFIED.);
#160=B_SPLINE_SURFACE_WITH_KNOTS('',2,1,((#8396,#8397),(#8398,#8399),(#8400,
#8401),(#8402,#8403)),.UNSPECIFIED.,.F.,.F.,.F.,(3,1,3),(2,2),(0.,1.,2.),
(0.,26.947383025819),.UNSPECIFIED.);
#161=B_SPLINE_SURFACE_WITH_KNOTS('',2,1,((#8492,#8493),(#8494,#8495),(#8496,
#8497),(#8498,#8499)),.UNSPECIFIED.,.F.,.F.,.F.,(3,1,3),(2,2),(0.,1.,2.),
(0.,26.947383025819),.UNSPECIFIED.);
#162=B_SPLINE_SURFACE_WITH_KNOTS('',2,1,((#8510,#8511),(#8512,#8513),(#8514,
#8515)),.UNSPECIFIED.,.F.,.F.,.F.,(3,3),(2,2),(-1.,0.),(0.,26.947383025819),
 .UNSPECIFIED.);
#163=B_SPLINE_SURFACE_WITH_KNOTS('',2,1,((#8527,#8528),(#8529,#8530),(#8531,
#8532)),.UNSPECIFIED.,.F.,.F.,.F.,(3,3),(2,2),(-1.,0.),(0.,26.947383025819),
 .UNSPECIFIED.);
#164=B_SPLINE_SURFACE_WITH_KNOTS('',2,1,((#8542,#8543),(#8544,#8545),(#8546,
#8547),(#8548,#8549)),.UNSPECIFIED.,.F.,.F.,.F.,(3,1,3),(2,2),(0.,1.,2.),
(0.,26.947383025819),.UNSPECIFIED.);
#165=B_SPLINE_SURFACE_WITH_KNOTS('',2,1,((#8562,#8563),(#8564,#8565),(#8566,
#8567),(#8568,#8569)),.UNSPECIFIED.,.F.,.F.,.F.,(3,1,3),(2,2),(-2.,-1.,
0.),(0.,26.947383025819),.UNSPECIFIED.);
#166=B_SPLINE_SURFACE_WITH_KNOTS('',2,1,((#8580,#8581),(#8582,#8583),(#8584,
#8585),(#8586,#8587)),.UNSPECIFIED.,.F.,.F.,.F.,(3,1,3),(2,2),(-2.,-1.,
0.),(0.,26.947383025819),.UNSPECIFIED.);
#167=B_SPLINE_SURFACE_WITH_KNOTS('',2,1,((#8605,#8606),(#8607,#8608),(#8609,
#8610)),.UNSPECIFIED.,.F.,.F.,.F.,(3,3),(2,2),(-1.,0.),(0.,26.947383025819),
 .UNSPECIFIED.);
#168=B_SPLINE_SURFACE_WITH_KNOTS('',2,1,((#8621,#8622),(#8623,#8624),(#8625,
#8626)),.UNSPECIFIED.,.F.,.F.,.F.,(3,3),(2,2),(-1.,0.),(0.,26.947383025819),
 .UNSPECIFIED.);
#169=B_SPLINE_SURFACE_WITH_KNOTS('',2,1,((#8649,#8650),(#8651,#8652),(#8653,
#8654)),.UNSPECIFIED.,.F.,.F.,.F.,(3,3),(2,2),(-1.,0.),(0.,26.947383025819),
 .UNSPECIFIED.);
#170=B_SPLINE_SURFACE_WITH_KNOTS('',2,1,((#8665,#8666),(#8667,#8668),(#8669,
#8670)),.UNSPECIFIED.,.F.,.F.,.F.,(3,3),(2,2),(-1.,0.),(0.,26.947383025819),
 .UNSPECIFIED.);
#171=B_SPLINE_SURFACE_WITH_KNOTS('',2,1,((#8687,#8688),(#8689,#8690),(#8691,
#8692)),.UNSPECIFIED.,.F.,.F.,.F.,(3,3),(2,2),(-1.,0.),(0.,26.947383025819),
 .UNSPECIFIED.);
#172=B_SPLINE_SURFACE_WITH_KNOTS('',2,1,((#8703,#8704),(#8705,#8706),(#8707,
#8708)),.UNSPECIFIED.,.F.,.F.,.F.,(3,3),(2,2),(-1.,0.),(0.,26.947383025819),
 .UNSPECIFIED.);
#173=B_SPLINE_SURFACE_WITH_KNOTS('',2,1,((#8719,#8720),(#8721,#8722),(#8723,
#8724)),.UNSPECIFIED.,.F.,.F.,.F.,(3,3),(2,2),(-1.,0.),(0.,26.947383025819),
 .UNSPECIFIED.);
#174=B_SPLINE_SURFACE_WITH_KNOTS('',2,1,((#8747,#8748),(#8749,#8750),(#8751,
#8752)),.UNSPECIFIED.,.F.,.F.,.F.,(3,3),(2,2),(-1.,0.),(0.,26.947383025819),
 .UNSPECIFIED.);
#175=B_SPLINE_SURFACE_WITH_KNOTS('',2,1,((#8763,#8764),(#8765,#8766),(#8767,
#8768)),.UNSPECIFIED.,.F.,.F.,.F.,(3,3),(2,2),(-1.,0.),(0.,26.947383025819),
 .UNSPECIFIED.);
#176=B_SPLINE_SURFACE_WITH_KNOTS('',2,1,((#8791,#8792),(#8793,#8794),(#8795,
#8796)),.UNSPECIFIED.,.F.,.F.,.F.,(3,3),(2,2),(-1.,0.),(0.,26.947383025819),
 .UNSPECIFIED.);
#177=B_SPLINE_SURFACE_WITH_KNOTS('',2,1,((#8807,#8808),(#8809,#8810),(#8811,
#8812)),.UNSPECIFIED.,.F.,.F.,.F.,(3,3),(2,2),(-1.,0.),(0.,26.947383025819),
 .UNSPECIFIED.);
#178=B_SPLINE_SURFACE_WITH_KNOTS('',2,1,((#8823,#8824),(#8825,#8826),(#8827,
#8828)),.UNSPECIFIED.,.F.,.F.,.F.,(3,3),(2,2),(-1.,0.),(0.,26.947383025819),
 .UNSPECIFIED.);
#179=B_SPLINE_SURFACE_WITH_KNOTS('',2,1,((#8887,#8888),(#8889,#8890),(#8891,
#8892)),.UNSPECIFIED.,.F.,.F.,.F.,(3,3),(2,2),(-1.,0.),(0.,26.947383025819),
 .UNSPECIFIED.);
#180=B_SPLINE_SURFACE_WITH_KNOTS('',2,1,((#8908,#8909),(#8910,#8911),(#8912,
#8913)),.UNSPECIFIED.,.F.,.F.,.F.,(3,3),(2,2),(-1.,0.),(0.,26.947383025819),
 .UNSPECIFIED.);
#181=B_SPLINE_SURFACE_WITH_KNOTS('',2,1,((#8919,#8920),(#8921,#8922),(#8923,
#8924)),.UNSPECIFIED.,.F.,.F.,.F.,(3,3),(2,2),(-1.,0.),(0.,26.947383025819),
 .UNSPECIFIED.);
#182=B_SPLINE_SURFACE_WITH_KNOTS('',2,1,((#8934,#8935),(#8936,#8937),(#8938,
#8939)),.UNSPECIFIED.,.F.,.F.,.F.,(3,3),(2,2),(-1.,0.),(0.,26.947383025819),
 .UNSPECIFIED.);
#183=B_SPLINE_SURFACE_WITH_KNOTS('',2,1,((#8949,#8950),(#8951,#8952),(#8953,
#8954)),.UNSPECIFIED.,.F.,.F.,.F.,(3,3),(2,2),(-1.,0.),(0.,26.947383025819),
 .UNSPECIFIED.);
#184=B_SPLINE_SURFACE_WITH_KNOTS('',2,1,((#8960,#8961),(#8962,#8963),(#8964,
#8965)),.UNSPECIFIED.,.F.,.F.,.F.,(3,3),(2,2),(-1.,0.),(0.,26.947383025819),
 .UNSPECIFIED.);
#185=B_SPLINE_SURFACE_WITH_KNOTS('',2,1,((#8983,#8984),(#8985,#8986),(#8987,
#8988)),.UNSPECIFIED.,.F.,.F.,.F.,(3,3),(2,2),(-1.,0.),(0.,26.947383025819),
 .UNSPECIFIED.);
#186=B_SPLINE_SURFACE_WITH_KNOTS('',2,1,((#8992,#8993),(#8994,#8995),(#8996,
#8997)),.UNSPECIFIED.,.F.,.F.,.F.,(3,3),(2,2),(-1.,0.),(0.,26.947383025819),
 .UNSPECIFIED.);
#187=B_SPLINE_SURFACE_WITH_KNOTS('',2,1,((#9023,#9024),(#9025,#9026),(#9027,
#9028)),.UNSPECIFIED.,.F.,.F.,.F.,(3,3),(2,2),(-1.,0.),(0.,26.947383025819),
 .UNSPECIFIED.);
#188=B_SPLINE_SURFACE_WITH_KNOTS('',2,1,((#9039,#9040),(#9041,#9042),(#9043,
#9044)),.UNSPECIFIED.,.F.,.F.,.F.,(3,3),(2,2),(-1.,0.),(0.,26.947383025819),
 .UNSPECIFIED.);
#189=B_SPLINE_SURFACE_WITH_KNOTS('',2,1,((#9061,#9062),(#9063,#9064),(#9065,
#9066)),.UNSPECIFIED.,.F.,.F.,.F.,(3,3),(2,2),(-1.,0.),(0.,26.947383025819),
 .UNSPECIFIED.);
#190=B_SPLINE_SURFACE_WITH_KNOTS('',2,1,((#9077,#9078),(#9079,#9080),(#9081,
#9082)),.UNSPECIFIED.,.F.,.F.,.F.,(3,3),(2,2),(-1.,0.),(0.,26.947383025819),
 .UNSPECIFIED.);
#191=B_SPLINE_SURFACE_WITH_KNOTS('',2,1,((#9105,#9106),(#9107,#9108),(#9109,
#9110)),.UNSPECIFIED.,.F.,.F.,.F.,(3,3),(2,2),(-1.,0.),(0.,26.947383025819),
 .UNSPECIFIED.);
#192=B_SPLINE_SURFACE_WITH_KNOTS('',2,1,((#9198,#9199),(#9200,#9201),(#9202,
#9203),(#9204,#9205)),.UNSPECIFIED.,.F.,.F.,.F.,(3,1,3),(2,2),(0.,1.,2.),
(0.,26.947383025819),.UNSPECIFIED.);
#193=B_SPLINE_SURFACE_WITH_KNOTS('',2,1,((#9212,#9213),(#9214,#9215),(#9216,
#9217),(#9218,#9219)),.UNSPECIFIED.,.F.,.F.,.F.,(3,1,3),(2,2),(0.,1.,2.),
(0.,26.947383025819),.UNSPECIFIED.);
#194=B_SPLINE_SURFACE_WITH_KNOTS('',2,1,((#9232,#9233),(#9234,#9235),(#9236,
#9237),(#9238,#9239)),.UNSPECIFIED.,.F.,.F.,.F.,(3,1,3),(2,2),(-2.,-1.,
0.),(0.,26.947383025819),.UNSPECIFIED.);
#195=B_SPLINE_SURFACE_WITH_KNOTS('',2,1,((#9246,#9247),(#9248,#9249),(#9250,
#9251),(#9252,#9253)),.UNSPECIFIED.,.F.,.F.,.F.,(3,1,3),(2,2),(-2.,-1.,
0.),(0.,26.947383025819),.UNSPECIFIED.);
#196=B_SPLINE_SURFACE_WITH_KNOTS('',2,1,((#9260,#9261),(#9262,#9263),(#9264,
#9265),(#9266,#9267)),.UNSPECIFIED.,.F.,.F.,.F.,(3,1,3),(2,2),(0.,1.,2.),
(0.,26.947383025819),.UNSPECIFIED.);
#197=B_SPLINE_SURFACE_WITH_KNOTS('',2,1,((#9274,#9275),(#9276,#9277),(#9278,
#9279),(#9280,#9281)),.UNSPECIFIED.,.F.,.F.,.F.,(3,1,3),(2,2),(0.,1.,2.),
(0.,26.947383025819),.UNSPECIFIED.);
#198=B_SPLINE_SURFACE_WITH_KNOTS('',2,1,((#9294,#9295),(#9296,#9297),(#9298,
#9299),(#9300,#9301)),.UNSPECIFIED.,.F.,.F.,.F.,(3,1,3),(2,2),(-2.,-1.,
0.),(0.,26.947383025819),.UNSPECIFIED.);
#199=B_SPLINE_SURFACE_WITH_KNOTS('',2,1,((#9308,#9309),(#9310,#9311),(#9312,
#9313),(#9314,#9315)),.UNSPECIFIED.,.F.,.F.,.F.,(3,1,3),(2,2),(-2.,-1.,
0.),(0.,26.947383025819),.UNSPECIFIED.);
#200=B_SPLINE_SURFACE_WITH_KNOTS('',2,1,((#9320,#9321),(#9322,#9323),(#9324,
#9325)),.UNSPECIFIED.,.F.,.F.,.F.,(3,3),(2,2),(-1.,0.),(0.,26.947383025819),
 .UNSPECIFIED.);
#201=B_SPLINE_SURFACE_WITH_KNOTS('',2,1,((#9339,#9340),(#9341,#9342),(#9343,
#9344)),.UNSPECIFIED.,.F.,.F.,.F.,(3,3),(2,2),(-1.,0.),(0.,26.947383025819),
 .UNSPECIFIED.);
#202=B_SPLINE_SURFACE_WITH_KNOTS('',2,1,((#9367,#9368),(#9369,#9370),(#9371,
#9372)),.UNSPECIFIED.,.F.,.F.,.F.,(3,3),(2,2),(-1.,0.),(0.,26.947383025819),
 .UNSPECIFIED.);
#203=B_SPLINE_SURFACE_WITH_KNOTS('',2,1,((#9383,#9384),(#9385,#9386),(#9387,
#9388)),.UNSPECIFIED.,.F.,.F.,.F.,(3,3),(2,2),(-1.,0.),(0.,26.947383025819),
 .UNSPECIFIED.);
#204=B_SPLINE_SURFACE_WITH_KNOTS('',2,1,((#9405,#9406),(#9407,#9408),(#9409,
#9410)),.UNSPECIFIED.,.F.,.F.,.F.,(3,3),(2,2),(-1.,0.),(0.,26.947383025819),
 .UNSPECIFIED.);
#205=B_SPLINE_SURFACE_WITH_KNOTS('',3,3,((#10430,#10431,#10432,#10433,#10434,
#10435,#10436,#10437,#10438,#10439,#10440,#10441,#10442,#10443,#10444),
(#10445,#10446,#10447,#10448,#10449,#10450,#10451,#10452,#10453,#10454,
#10455,#10456,#10457,#10458,#10459),(#10460,#10461,#10462,#10463,#10464,
#10465,#10466,#10467,#10468,#10469,#10470,#10471,#10472,#10473,#10474),
(#10475,#10476,#10477,#10478,#10479,#10480,#10481,#10482,#10483,#10484,
#10485,#10486,#10487,#10488,#10489)),.UNSPECIFIED.,.F.,.F.,.F.,(4,4),(4,
1,1,1,1,2,1,1,1,1,1,4),(0.,0.722401441651807),(0.,0.0829998476591145,0.132799756254583,
0.260420834455026,0.38749392296346,0.512586423470544,0.634314866545526,
0.760513687409181,0.821188047087889,0.881862406766596,0.911396805074947,
1.),.UNSPECIFIED.);
#206=B_SPLINE_SURFACE_WITH_KNOTS('',3,3,((#10547,#10548,#10549,#10550,#10551,
#10552,#10553,#10554,#10555,#10556,#10557,#10558,#10559,#10560,#10561),
(#10562,#10563,#10564,#10565,#10566,#10567,#10568,#10569,#10570,#10571,
#10572,#10573,#10574,#10575,#10576),(#10577,#10578,#10579,#10580,#10581,
#10582,#10583,#10584,#10585,#10586,#10587,#10588,#10589,#10590,#10591),
(#10592,#10593,#10594,#10595,#10596,#10597,#10598,#10599,#10600,#10601,
#10602,#10603,#10604,#10605,#10606)),.UNSPECIFIED.,.F.,.F.,.F.,(4,4),(4,
1,1,1,1,2,1,1,1,1,1,4),(0.,0.722401441651807),(0.,0.0829998476591145,0.132799756254583,
0.260420834455026,0.38749392296346,0.512586423470544,0.634314866545526,
0.760513687409181,0.821188047087889,0.881862406766596,0.911396805074947,
1.),.UNSPECIFIED.);
#207=B_SPLINE_SURFACE_WITH_KNOTS('',3,3,((#10677,#10678,#10679,#10680,#10681,
#10682,#10683,#10684,#10685,#10686,#10687,#10688,#10689,#10690,#10691),
(#10692,#10693,#10694,#10695,#10696,#10697,#10698,#10699,#10700,#10701,
#10702,#10703,#10704,#10705,#10706),(#10707,#10708,#10709,#10710,#10711,
#10712,#10713,#10714,#10715,#10716,#10717,#10718,#10719,#10720,#10721),
(#10722,#10723,#10724,#10725,#10726,#10727,#10728,#10729,#10730,#10731,
#10732,#10733,#10734,#10735,#10736)),.UNSPECIFIED.,.F.,.F.,.F.,(4,4),(4,
1,1,1,1,2,1,1,1,1,1,4),(0.,0.722401441651805),(0.,0.0829998476591145,0.132799756254583,
0.260420834455026,0.38749392296346,0.512586423470544,0.634314866545526,
0.760513687409181,0.821188047087889,0.881862406766596,0.911396805074947,
1.),.UNSPECIFIED.);
#208=B_SPLINE_SURFACE_WITH_KNOTS('',3,3,((#10756,#10757,#10758,#10759,#10760,
#10761,#10762,#10763,#10764,#10765,#10766,#10767,#10768,#10769,#10770),
(#10771,#10772,#10773,#10774,#10775,#10776,#10777,#10778,#10779,#10780,
#10781,#10782,#10783,#10784,#10785),(#10786,#10787,#10788,#10789,#10790,
#10791,#10792,#10793,#10794,#10795,#10796,#10797,#10798,#10799,#10800),
(#10801,#10802,#10803,#10804,#10805,#10806,#10807,#10808,#10809,#10810,
#10811,#10812,#10813,#10814,#10815)),.UNSPECIFIED.,.F.,.F.,.F.,(4,4),(4,
1,1,1,1,2,1,1,1,1,1,4),(0.,0.722401441651806),(0.,0.0829998476591145,0.132799756254583,
0.260420834455026,0.38749392296346,0.512586423470544,0.634314866545526,
0.760513687409181,0.821188047087889,0.881862406766596,0.911396805074947,
1.),.UNSPECIFIED.);
#209=PLANE('',#5503);
#210=PLANE('',#5504);
#211=PLANE('',#5505);
#212=PLANE('',#5506);
#213=PLANE('',#5507);
#214=PLANE('',#5508);
#215=PLANE('',#5509);
#216=PLANE('',#5510);
#217=PLANE('',#5511);
#218=PLANE('',#5512);
#219=PLANE('',#5513);
#220=PLANE('',#5514);
#221=PLANE('',#5515);
#222=PLANE('',#5516);
#223=PLANE('',#5517);
#224=PLANE('',#5518);
#225=PLANE('',#5519);
#226=PLANE('',#5520);
#227=PLANE('',#5521);
#228=PLANE('',#5522);
#229=PLANE('',#5523);
#230=PLANE('',#5524);
#231=PLANE('',#5525);
#232=PLANE('',#5526);
#233=PLANE('',#5527);
#234=PLANE('',#5528);
#235=PLANE('',#5529);
#236=PLANE('',#5530);
#237=PLANE('',#5531);
#238=PLANE('',#5532);
#239=PLANE('',#5533);
#240=PLANE('',#5534);
#241=PLANE('',#5535);
#242=PLANE('',#5536);
#243=PLANE('',#5537);
#244=PLANE('',#5538);
#245=PLANE('',#5539);
#246=PLANE('',#5540);
#247=PLANE('',#5541);
#248=PLANE('',#5542);
#249=PLANE('',#5543);
#250=PLANE('',#5544);
#251=PLANE('',#5545);
#252=PLANE('',#5546);
#253=PLANE('',#5547);
#254=PLANE('',#5548);
#255=PLANE('',#5549);
#256=PLANE('',#5550);
#257=PLANE('',#5551);
#258=PLANE('',#5552);
#259=PLANE('',#5553);
#260=PLANE('',#5554);
#261=PLANE('',#5555);
#262=PLANE('',#5556);
#263=PLANE('',#5557);
#264=PLANE('',#5558);
#265=PLANE('',#5559);
#266=PLANE('',#5560);
#267=PLANE('',#5561);
#268=PLANE('',#5562);
#269=PLANE('',#5563);
#270=PLANE('',#5564);
#271=PLANE('',#5565);
#272=PLANE('',#5566);
#273=PLANE('',#5567);
#274=PLANE('',#5568);
#275=PLANE('',#5569);
#276=PLANE('',#5570);
#277=PLANE('',#5571);
#278=PLANE('',#5572);
#279=PLANE('',#5573);
#280=PLANE('',#5574);
#281=PLANE('',#5575);
#282=PLANE('',#5576);
#283=PLANE('',#5577);
#284=PLANE('',#5578);
#285=PLANE('',#5579);
#286=PLANE('',#5580);
#287=PLANE('',#5581);
#288=PLANE('',#5582);
#289=PLANE('',#5583);
#290=PLANE('',#5584);
#291=PLANE('',#5585);
#292=PLANE('',#5586);
#293=PLANE('',#5587);
#294=PLANE('',#5588);
#295=PLANE('',#5589);
#296=PLANE('',#5590);
#297=PLANE('',#5591);
#298=PLANE('',#5592);
#299=PLANE('',#5593);
#300=PLANE('',#5598);
#301=PLANE('',#5599);
#302=PLANE('',#5600);
#303=PLANE('',#5638);
#304=PLANE('',#5672);
#305=PLANE('',#5682);
#306=PLANE('',#5693);
#307=PLANE('',#5694);
#308=PLANE('',#5695);
#309=PLANE('',#5696);
#310=PLANE('',#5704);
#311=PLANE('',#5705);
#312=PLANE('',#5706);
#313=PLANE('',#5707);
#314=PLANE('',#5710);
#315=PLANE('',#5724);
#316=PLANE('',#5727);
#317=PLANE('',#5731);
#318=STYLED_ITEM('',(#10936),#5191);
#319=STYLED_ITEM('',(#10936),#5233);
#320=STYLED_ITEM('',(#10936),#5234);
#321=STYLED_ITEM('',(#10936),#5260);
#322=STYLED_ITEM('',(#10936),#5261);
#323=STYLED_ITEM('',(#10936),#5285);
#324=STYLED_ITEM('',(#10936),#5286);
#325=STYLED_ITEM('',(#10936),#5320);
#326=STYLED_ITEM('',(#10936),#5321);
#327=STYLED_ITEM('',(#10936),#5356);
#328=STYLED_ITEM('',(#10936),#5357);
#329=STYLED_ITEM('',(#10936),#5383);
#330=STYLED_ITEM('',(#10936),#5384);
#331=STYLED_ITEM('',(#10936),#5406);
#332=STYLED_ITEM('',(#10935),#13);
#333=FACE_OUTER_BOUND('',#621,.T.);
#334=FACE_OUTER_BOUND('',#622,.T.);
#335=FACE_OUTER_BOUND('',#623,.T.);
#336=FACE_OUTER_BOUND('',#624,.T.);
#337=FACE_OUTER_BOUND('',#625,.T.);
#338=FACE_OUTER_BOUND('',#626,.T.);
#339=FACE_OUTER_BOUND('',#627,.T.);
#340=FACE_OUTER_BOUND('',#628,.T.);
#341=FACE_OUTER_BOUND('',#629,.T.);
#342=FACE_OUTER_BOUND('',#630,.T.);
#343=FACE_OUTER_BOUND('',#631,.T.);
#344=FACE_OUTER_BOUND('',#632,.T.);
#345=FACE_OUTER_BOUND('',#633,.T.);
#346=FACE_OUTER_BOUND('',#634,.T.);
#347=FACE_OUTER_BOUND('',#635,.T.);
#348=FACE_OUTER_BOUND('',#636,.T.);
#349=FACE_OUTER_BOUND('',#637,.T.);
#350=FACE_OUTER_BOUND('',#638,.T.);
#351=FACE_OUTER_BOUND('',#639,.T.);
#352=FACE_OUTER_BOUND('',#640,.T.);
#353=FACE_OUTER_BOUND('',#641,.T.);
#354=FACE_OUTER_BOUND('',#642,.T.);
#355=FACE_OUTER_BOUND('',#643,.T.);
#356=FACE_OUTER_BOUND('',#644,.T.);
#357=FACE_OUTER_BOUND('',#645,.T.);
#358=FACE_OUTER_BOUND('',#646,.T.);
#359=FACE_OUTER_BOUND('',#647,.T.);
#360=FACE_OUTER_BOUND('',#648,.T.);
#361=FACE_OUTER_BOUND('',#649,.T.);
#362=FACE_OUTER_BOUND('',#650,.T.);
#363=FACE_OUTER_BOUND('',#651,.T.);
#364=FACE_OUTER_BOUND('',#652,.T.);
#365=FACE_OUTER_BOUND('',#653,.T.);
#366=FACE_OUTER_BOUND('',#654,.T.);
#367=FACE_OUTER_BOUND('',#655,.T.);
#368=FACE_OUTER_BOUND('',#656,.T.);
#369=FACE_OUTER_BOUND('',#657,.T.);
#370=FACE_OUTER_BOUND('',#658,.T.);
#371=FACE_OUTER_BOUND('',#659,.T.);
#372=FACE_OUTER_BOUND('',#660,.T.);
#373=FACE_OUTER_BOUND('',#661,.T.);
#374=FACE_OUTER_BOUND('',#662,.T.);
#375=FACE_OUTER_BOUND('',#663,.T.);
#376=FACE_OUTER_BOUND('',#664,.T.);
#377=FACE_OUTER_BOUND('',#665,.T.);
#378=FACE_OUTER_BOUND('',#666,.T.);
#379=FACE_OUTER_BOUND('',#667,.T.);
#380=FACE_OUTER_BOUND('',#668,.T.);
#381=FACE_OUTER_BOUND('',#669,.T.);
#382=FACE_OUTER_BOUND('',#670,.T.);
#383=FACE_OUTER_BOUND('',#671,.T.);
#384=FACE_OUTER_BOUND('',#672,.T.);
#385=FACE_OUTER_BOUND('',#673,.T.);
#386=FACE_OUTER_BOUND('',#674,.T.);
#387=FACE_OUTER_BOUND('',#675,.T.);
#388=FACE_OUTER_BOUND('',#676,.T.);
#389=FACE_OUTER_BOUND('',#677,.T.);
#390=FACE_OUTER_BOUND('',#678,.T.);
#391=FACE_OUTER_BOUND('',#679,.T.);
#392=FACE_OUTER_BOUND('',#680,.T.);
#393=FACE_OUTER_BOUND('',#681,.T.);
#394=FACE_OUTER_BOUND('',#682,.T.);
#395=FACE_OUTER_BOUND('',#683,.T.);
#396=FACE_OUTER_BOUND('',#684,.T.);
#397=FACE_OUTER_BOUND('',#685,.T.);
#398=FACE_OUTER_BOUND('',#686,.T.);
#399=FACE_OUTER_BOUND('',#687,.T.);
#400=FACE_OUTER_BOUND('',#688,.T.);
#401=FACE_OUTER_BOUND('',#689,.T.);
#402=FACE_OUTER_BOUND('',#690,.T.);
#403=FACE_OUTER_BOUND('',#691,.T.);
#404=FACE_OUTER_BOUND('',#692,.T.);
#405=FACE_OUTER_BOUND('',#694,.T.);
#406=FACE_OUTER_BOUND('',#695,.T.);
#407=FACE_OUTER_BOUND('',#696,.T.);
#408=FACE_OUTER_BOUND('',#697,.T.);
#409=FACE_OUTER_BOUND('',#698,.T.);
#410=FACE_OUTER_BOUND('',#699,.T.);
#411=FACE_OUTER_BOUND('',#700,.T.);
#412=FACE_OUTER_BOUND('',#701,.T.);
#413=FACE_OUTER_BOUND('',#702,.T.);
#414=FACE_OUTER_BOUND('',#703,.T.);
#415=FACE_OUTER_BOUND('',#704,.T.);
#416=FACE_OUTER_BOUND('',#705,.T.);
#417=FACE_OUTER_BOUND('',#706,.T.);
#418=FACE_OUTER_BOUND('',#707,.T.);
#419=FACE_OUTER_BOUND('',#708,.T.);
#420=FACE_OUTER_BOUND('',#709,.T.);
#421=FACE_OUTER_BOUND('',#710,.T.);
#422=FACE_OUTER_BOUND('',#711,.T.);
#423=FACE_OUTER_BOUND('',#712,.T.);
#424=FACE_OUTER_BOUND('',#713,.T.);
#425=FACE_OUTER_BOUND('',#714,.T.);
#426=FACE_OUTER_BOUND('',#715,.T.);
#427=FACE_OUTER_BOUND('',#716,.T.);
#428=FACE_OUTER_BOUND('',#717,.T.);
#429=FACE_OUTER_BOUND('',#718,.T.);
#430=FACE_OUTER_BOUND('',#719,.T.);
#431=FACE_OUTER_BOUND('',#720,.T.);
#432=FACE_OUTER_BOUND('',#721,.T.);
#433=FACE_OUTER_BOUND('',#722,.T.);
#434=FACE_OUTER_BOUND('',#723,.T.);
#435=FACE_OUTER_BOUND('',#724,.T.);
#436=FACE_OUTER_BOUND('',#725,.T.);
#437=FACE_OUTER_BOUND('',#726,.T.);
#438=FACE_OUTER_BOUND('',#727,.T.);
#439=FACE_OUTER_BOUND('',#728,.T.);
#440=FACE_OUTER_BOUND('',#729,.T.);
#441=FACE_OUTER_BOUND('',#730,.T.);
#442=FACE_OUTER_BOUND('',#731,.T.);
#443=FACE_OUTER_BOUND('',#732,.T.);
#444=FACE_OUTER_BOUND('',#733,.T.);
#445=FACE_OUTER_BOUND('',#734,.T.);
#446=FACE_OUTER_BOUND('',#735,.T.);
#447=FACE_OUTER_BOUND('',#736,.T.);
#448=FACE_OUTER_BOUND('',#737,.T.);
#449=FACE_OUTER_BOUND('',#738,.T.);
#450=FACE_OUTER_BOUND('',#739,.T.);
#451=FACE_OUTER_BOUND('',#740,.T.);
#452=FACE_OUTER_BOUND('',#741,.T.);
#453=FACE_OUTER_BOUND('',#742,.T.);
#454=FACE_OUTER_BOUND('',#743,.T.);
#455=FACE_OUTER_BOUND('',#744,.T.);
#456=FACE_OUTER_BOUND('',#745,.T.);
#457=FACE_OUTER_BOUND('',#746,.T.);
#458=FACE_OUTER_BOUND('',#747,.T.);
#459=FACE_OUTER_BOUND('',#748,.T.);
#460=FACE_OUTER_BOUND('',#749,.T.);
#461=FACE_OUTER_BOUND('',#750,.T.);
#462=FACE_OUTER_BOUND('',#751,.T.);
#463=FACE_OUTER_BOUND('',#752,.T.);
#464=FACE_OUTER_BOUND('',#753,.T.);
#465=FACE_OUTER_BOUND('',#755,.T.);
#466=FACE_OUTER_BOUND('',#757,.T.);
#467=FACE_OUTER_BOUND('',#758,.T.);
#468=FACE_OUTER_BOUND('',#759,.T.);
#469=FACE_OUTER_BOUND('',#760,.T.);
#470=FACE_OUTER_BOUND('',#761,.T.);
#471=FACE_OUTER_BOUND('',#762,.T.);
#472=FACE_OUTER_BOUND('',#763,.T.);
#473=FACE_OUTER_BOUND('',#764,.T.);
#474=FACE_OUTER_BOUND('',#765,.T.);
#475=FACE_OUTER_BOUND('',#766,.T.);
#476=FACE_OUTER_BOUND('',#767,.T.);
#477=FACE_OUTER_BOUND('',#768,.T.);
#478=FACE_OUTER_BOUND('',#769,.T.);
#479=FACE_OUTER_BOUND('',#770,.T.);
#480=FACE_OUTER_BOUND('',#771,.T.);
#481=FACE_OUTER_BOUND('',#772,.T.);
#482=FACE_OUTER_BOUND('',#773,.T.);
#483=FACE_OUTER_BOUND('',#774,.T.);
#484=FACE_OUTER_BOUND('',#775,.T.);
#485=FACE_OUTER_BOUND('',#776,.T.);
#486=FACE_OUTER_BOUND('',#777,.T.);
#487=FACE_OUTER_BOUND('',#778,.T.);
#488=FACE_OUTER_BOUND('',#779,.T.);
#489=FACE_OUTER_BOUND('',#780,.T.);
#490=FACE_OUTER_BOUND('',#781,.T.);
#491=FACE_OUTER_BOUND('',#782,.T.);
#492=FACE_OUTER_BOUND('',#783,.T.);
#493=FACE_OUTER_BOUND('',#784,.T.);
#494=FACE_OUTER_BOUND('',#785,.T.);
#495=FACE_OUTER_BOUND('',#786,.T.);
#496=FACE_OUTER_BOUND('',#787,.T.);
#497=FACE_OUTER_BOUND('',#788,.T.);
#498=FACE_OUTER_BOUND('',#789,.T.);
#499=FACE_OUTER_BOUND('',#790,.T.);
#500=FACE_OUTER_BOUND('',#791,.T.);
#501=FACE_OUTER_BOUND('',#792,.T.);
#502=FACE_OUTER_BOUND('',#793,.T.);
#503=FACE_OUTER_BOUND('',#794,.T.);
#504=FACE_OUTER_BOUND('',#795,.T.);
#505=FACE_OUTER_BOUND('',#796,.T.);
#506=FACE_OUTER_BOUND('',#797,.T.);
#507=FACE_OUTER_BOUND('',#798,.T.);
#508=FACE_OUTER_BOUND('',#799,.T.);
#509=FACE_OUTER_BOUND('',#800,.T.);
#510=FACE_OUTER_BOUND('',#801,.T.);
#511=FACE_OUTER_BOUND('',#802,.T.);
#512=FACE_OUTER_BOUND('',#803,.T.);
#513=FACE_OUTER_BOUND('',#804,.T.);
#514=FACE_OUTER_BOUND('',#805,.T.);
#515=FACE_OUTER_BOUND('',#806,.T.);
#516=FACE_OUTER_BOUND('',#807,.T.);
#517=FACE_OUTER_BOUND('',#808,.T.);
#518=FACE_OUTER_BOUND('',#809,.T.);
#519=FACE_OUTER_BOUND('',#810,.T.);
#520=FACE_OUTER_BOUND('',#811,.T.);
#521=FACE_OUTER_BOUND('',#812,.T.);
#522=FACE_OUTER_BOUND('',#813,.T.);
#523=FACE_OUTER_BOUND('',#814,.T.);
#524=FACE_OUTER_BOUND('',#815,.T.);
#525=FACE_OUTER_BOUND('',#816,.T.);
#526=FACE_OUTER_BOUND('',#817,.T.);
#527=FACE_OUTER_BOUND('',#818,.T.);
#528=FACE_OUTER_BOUND('',#819,.T.);
#529=FACE_OUTER_BOUND('',#821,.T.);
#530=FACE_OUTER_BOUND('',#822,.T.);
#531=FACE_OUTER_BOUND('',#823,.T.);
#532=FACE_OUTER_BOUND('',#824,.T.);
#533=FACE_OUTER_BOUND('',#825,.T.);
#534=FACE_OUTER_BOUND('',#826,.T.);
#535=FACE_OUTER_BOUND('',#827,.T.);
#536=FACE_OUTER_BOUND('',#828,.T.);
#537=FACE_OUTER_BOUND('',#829,.T.);
#538=FACE_OUTER_BOUND('',#830,.T.);
#539=FACE_OUTER_BOUND('',#831,.T.);
#540=FACE_OUTER_BOUND('',#832,.T.);
#541=FACE_OUTER_BOUND('',#833,.T.);
#542=FACE_OUTER_BOUND('',#834,.T.);
#543=FACE_OUTER_BOUND('',#835,.T.);
#544=FACE_OUTER_BOUND('',#836,.T.);
#545=FACE_OUTER_BOUND('',#837,.T.);
#546=FACE_OUTER_BOUND('',#838,.T.);
#547=FACE_OUTER_BOUND('',#839,.T.);
#548=FACE_OUTER_BOUND('',#840,.T.);
#549=FACE_OUTER_BOUND('',#841,.T.);
#550=FACE_OUTER_BOUND('',#842,.T.);
#551=FACE_OUTER_BOUND('',#843,.T.);
#552=FACE_OUTER_BOUND('',#859,.T.);
#553=FACE_OUTER_BOUND('',#860,.T.);
#554=FACE_OUTER_BOUND('',#861,.T.);
#555=FACE_OUTER_BOUND('',#862,.T.);
#556=FACE_OUTER_BOUND('',#863,.T.);
#557=FACE_OUTER_BOUND('',#864,.T.);
#558=FACE_OUTER_BOUND('',#865,.T.);
#559=FACE_OUTER_BOUND('',#866,.T.);
#560=FACE_OUTER_BOUND('',#867,.T.);
#561=FACE_OUTER_BOUND('',#868,.T.);
#562=FACE_OUTER_BOUND('',#869,.T.);
#563=FACE_OUTER_BOUND('',#870,.T.);
#564=FACE_OUTER_BOUND('',#871,.T.);
#565=FACE_OUTER_BOUND('',#872,.T.);
#566=FACE_OUTER_BOUND('',#873,.T.);
#567=FACE_OUTER_BOUND('',#874,.T.);
#568=FACE_OUTER_BOUND('',#875,.T.);
#569=FACE_OUTER_BOUND('',#877,.T.);
#570=FACE_OUTER_BOUND('',#881,.T.);
#571=FACE_OUTER_BOUND('',#882,.T.);
#572=FACE_OUTER_BOUND('',#886,.T.);
#573=FACE_OUTER_BOUND('',#887,.T.);
#574=FACE_OUTER_BOUND('',#888,.T.);
#575=FACE_OUTER_BOUND('',#889,.T.);
#576=FACE_OUTER_BOUND('',#890,.T.);
#577=FACE_OUTER_BOUND('',#891,.T.);
#578=FACE_OUTER_BOUND('',#892,.T.);
#579=FACE_OUTER_BOUND('',#893,.T.);
#580=FACE_OUTER_BOUND('',#894,.T.);
#581=FACE_OUTER_BOUND('',#895,.T.);
#582=FACE_OUTER_BOUND('',#896,.T.);
#583=FACE_OUTER_BOUND('',#898,.T.);
#584=FACE_OUTER_BOUND('',#899,.T.);
#585=FACE_OUTER_BOUND('',#908,.T.);
#586=FACE_OUTER_BOUND('',#916,.T.);
#587=FACE_OUTER_BOUND('',#917,.T.);
#588=FACE_OUTER_BOUND('',#918,.T.);
#589=FACE_OUTER_BOUND('',#919,.T.);
#590=FACE_OUTER_BOUND('',#920,.T.);
#591=FACE_OUTER_BOUND('',#921,.T.);
#592=FACE_OUTER_BOUND('',#922,.T.);
#593=FACE_OUTER_BOUND('',#923,.T.);
#594=FACE_OUTER_BOUND('',#924,.T.);
#595=FACE_OUTER_BOUND('',#925,.T.);
#596=FACE_OUTER_BOUND('',#926,.T.);
#597=FACE_OUTER_BOUND('',#927,.T.);
#598=FACE_OUTER_BOUND('',#928,.T.);
#599=FACE_OUTER_BOUND('',#929,.T.);
#600=FACE_OUTER_BOUND('',#930,.T.);
#601=FACE_OUTER_BOUND('',#931,.T.);
#602=FACE_OUTER_BOUND('',#932,.T.);
#603=FACE_OUTER_BOUND('',#933,.T.);
#604=FACE_OUTER_BOUND('',#934,.T.);
#605=FACE_OUTER_BOUND('',#935,.T.);
#606=FACE_OUTER_BOUND('',#936,.T.);
#607=FACE_OUTER_BOUND('',#937,.T.);
#608=FACE_OUTER_BOUND('',#938,.T.);
#609=FACE_OUTER_BOUND('',#939,.T.);
#610=FACE_OUTER_BOUND('',#940,.T.);
#611=FACE_OUTER_BOUND('',#941,.T.);
#612=FACE_OUTER_BOUND('',#943,.T.);
#613=FACE_OUTER_BOUND('',#944,.T.);
#614=FACE_OUTER_BOUND('',#945,.T.);
#615=FACE_OUTER_BOUND('',#946,.T.);
#616=FACE_OUTER_BOUND('',#948,.T.);
#617=FACE_OUTER_BOUND('',#949,.T.);
#618=FACE_OUTER_BOUND('',#951,.T.);
#619=FACE_OUTER_BOUND('',#952,.T.);
#620=FACE_OUTER_BOUND('',#953,.T.);
#621=EDGE_LOOP('',(#3540,#3541,#3542));
#622=EDGE_LOOP('',(#3543,#3544,#3545,#3546,#3547,#3548,#3549,#3550));
#623=EDGE_LOOP('',(#3551,#3552,#3553,#3554,#3555,#3556,#3557,#3558,#3559,
#3560,#3561,#3562,#3563,#3564,#3565,#3566,#3567,#3568,#3569,#3570));
#624=EDGE_LOOP('',(#3571,#3572,#3573,#3574));
#625=EDGE_LOOP('',(#3575,#3576,#3577,#3578));
#626=EDGE_LOOP('',(#3579,#3580,#3581,#3582));
#627=EDGE_LOOP('',(#3583,#3584,#3585,#3586));
#628=EDGE_LOOP('',(#3587,#3588,#3589,#3590));
#629=EDGE_LOOP('',(#3591,#3592,#3593,#3594));
#630=EDGE_LOOP('',(#3595,#3596,#3597,#3598));
#631=EDGE_LOOP('',(#3599,#3600,#3601,#3602));
#632=EDGE_LOOP('',(#3603,#3604,#3605,#3606));
#633=EDGE_LOOP('',(#3607,#3608,#3609,#3610));
#634=EDGE_LOOP('',(#3611,#3612,#3613,#3614));
#635=EDGE_LOOP('',(#3615,#3616,#3617,#3618));
#636=EDGE_LOOP('',(#3619,#3620,#3621,#3622));
#637=EDGE_LOOP('',(#3623,#3624,#3625,#3626));
#638=EDGE_LOOP('',(#3627,#3628,#3629,#3630));
#639=EDGE_LOOP('',(#3631,#3632,#3633,#3634));
#640=EDGE_LOOP('',(#3635,#3636,#3637,#3638));
#641=EDGE_LOOP('',(#3639,#3640,#3641,#3642));
#642=EDGE_LOOP('',(#3643,#3644,#3645,#3646));
#643=EDGE_LOOP('',(#3647,#3648,#3649,#3650));
#644=EDGE_LOOP('',(#3651,#3652,#3653,#3654));
#645=EDGE_LOOP('',(#3655,#3656,#3657,#3658));
#646=EDGE_LOOP('',(#3659,#3660,#3661,#3662));
#647=EDGE_LOOP('',(#3663,#3664,#3665,#3666));
#648=EDGE_LOOP('',(#3667,#3668,#3669,#3670));
#649=EDGE_LOOP('',(#3671,#3672,#3673,#3674));
#650=EDGE_LOOP('',(#3675,#3676,#3677,#3678));
#651=EDGE_LOOP('',(#3679,#3680,#3681,#3682));
#652=EDGE_LOOP('',(#3683,#3684,#3685,#3686));
#653=EDGE_LOOP('',(#3687,#3688,#3689,#3690));
#654=EDGE_LOOP('',(#3691,#3692,#3693,#3694));
#655=EDGE_LOOP('',(#3695,#3696,#3697,#3698));
#656=EDGE_LOOP('',(#3699,#3700,#3701,#3702));
#657=EDGE_LOOP('',(#3703,#3704,#3705,#3706));
#658=EDGE_LOOP('',(#3707,#3708,#3709,#3710));
#659=EDGE_LOOP('',(#3711,#3712,#3713,#3714));
#660=EDGE_LOOP('',(#3715,#3716,#3717,#3718));
#661=EDGE_LOOP('',(#3719,#3720,#3721,#3722));
#662=EDGE_LOOP('',(#3723,#3724,#3725,#3726));
#663=EDGE_LOOP('',(#3727,#3728,#3729,#3730));
#664=EDGE_LOOP('',(#3731,#3732,#3733,#3734));
#665=EDGE_LOOP('',(#3735,#3736,#3737,#3738,#3739,#3740,#3741,#3742,#3743,
#3744,#3745,#3746,#3747,#3748,#3749,#3750,#3751,#3752,#3753,#3754,#3755));
#666=EDGE_LOOP('',(#3756,#3757,#3758,#3759,#3760,#3761,#3762,#3763,#3764,
#3765,#3766));
#667=EDGE_LOOP('',(#3767,#3768,#3769,#3770));
#668=EDGE_LOOP('',(#3771,#3772,#3773,#3774));
#669=EDGE_LOOP('',(#3775,#3776,#3777,#3778));
#670=EDGE_LOOP('',(#3779,#3780,#3781,#3782));
#671=EDGE_LOOP('',(#3783,#3784,#3785,#3786));
#672=EDGE_LOOP('',(#3787,#3788,#3789,#3790));
#673=EDGE_LOOP('',(#3791,#3792,#3793,#3794));
#674=EDGE_LOOP('',(#3795,#3796,#3797,#3798));
#675=EDGE_LOOP('',(#3799,#3800,#3801,#3802));
#676=EDGE_LOOP('',(#3803,#3804,#3805,#3806));
#677=EDGE_LOOP('',(#3807,#3808,#3809,#3810));
#678=EDGE_LOOP('',(#3811,#3812,#3813,#3814));
#679=EDGE_LOOP('',(#3815,#3816,#3817,#3818));
#680=EDGE_LOOP('',(#3819,#3820,#3821,#3822));
#681=EDGE_LOOP('',(#3823,#3824,#3825,#3826));
#682=EDGE_LOOP('',(#3827,#3828,#3829,#3830));
#683=EDGE_LOOP('',(#3831,#3832,#3833,#3834));
#684=EDGE_LOOP('',(#3835,#3836,#3837,#3838));
#685=EDGE_LOOP('',(#3839,#3840,#3841,#3842));
#686=EDGE_LOOP('',(#3843,#3844,#3845,#3846));
#687=EDGE_LOOP('',(#3847,#3848,#3849,#3850));
#688=EDGE_LOOP('',(#3851,#3852,#3853,#3854));
#689=EDGE_LOOP('',(#3855,#3856,#3857,#3858));
#690=EDGE_LOOP('',(#3859,#3860,#3861,#3862));
#691=EDGE_LOOP('',(#3863,#3864,#3865,#3866));
#692=EDGE_LOOP('',(#3867,#3868,#3869,#3870,#3871,#3872,#3873,#3874));
#693=EDGE_LOOP('',(#3875,#3876,#3877,#3878,#3879,#3880));
#694=EDGE_LOOP('',(#3881,#3882,#3883,#3884,#3885,#3886,#3887,#3888,#3889));
#695=EDGE_LOOP('',(#3890,#3891,#3892,#3893));
#696=EDGE_LOOP('',(#3894,#3895,#3896,#3897));
#697=EDGE_LOOP('',(#3898,#3899,#3900,#3901));
#698=EDGE_LOOP('',(#3902,#3903,#3904,#3905));
#699=EDGE_LOOP('',(#3906,#3907,#3908,#3909));
#700=EDGE_LOOP('',(#3910,#3911,#3912,#3913));
#701=EDGE_LOOP('',(#3914,#3915,#3916,#3917));
#702=EDGE_LOOP('',(#3918,#3919,#3920,#3921));
#703=EDGE_LOOP('',(#3922,#3923,#3924,#3925));
#704=EDGE_LOOP('',(#3926,#3927,#3928,#3929));
#705=EDGE_LOOP('',(#3930,#3931,#3932,#3933));
#706=EDGE_LOOP('',(#3934,#3935,#3936,#3937));
#707=EDGE_LOOP('',(#3938,#3939,#3940,#3941));
#708=EDGE_LOOP('',(#3942,#3943,#3944,#3945));
#709=EDGE_LOOP('',(#3946,#3947,#3948,#3949));
#710=EDGE_LOOP('',(#3950,#3951,#3952,#3953));
#711=EDGE_LOOP('',(#3954,#3955,#3956,#3957));
#712=EDGE_LOOP('',(#3958,#3959,#3960,#3961));
#713=EDGE_LOOP('',(#3962,#3963,#3964,#3965));
#714=EDGE_LOOP('',(#3966,#3967,#3968,#3969));
#715=EDGE_LOOP('',(#3970,#3971,#3972,#3973));
#716=EDGE_LOOP('',(#3974,#3975,#3976,#3977));
#717=EDGE_LOOP('',(#3978,#3979,#3980,#3981));
#718=EDGE_LOOP('',(#3982,#3983,#3984,#3985,#3986,#3987,#3988,#3989,#3990,
#3991,#3992,#3993,#3994,#3995));
#719=EDGE_LOOP('',(#3996,#3997,#3998,#3999,#4000,#4001,#4002,#4003,#4004,
#4005,#4006,#4007,#4008,#4009,#4010,#4011,#4012,#4013,#4014,#4015,#4016));
#720=EDGE_LOOP('',(#4017,#4018,#4019,#4020));
#721=EDGE_LOOP('',(#4021,#4022,#4023,#4024));
#722=EDGE_LOOP('',(#4025,#4026,#4027,#4028));
#723=EDGE_LOOP('',(#4029,#4030,#4031,#4032));
#724=EDGE_LOOP('',(#4033,#4034,#4035,#4036));
#725=EDGE_LOOP('',(#4037,#4038,#4039,#4040));
#726=EDGE_LOOP('',(#4041,#4042,#4043,#4044));
#727=EDGE_LOOP('',(#4045,#4046,#4047,#4048));
#728=EDGE_LOOP('',(#4049,#4050,#4051,#4052));
#729=EDGE_LOOP('',(#4053,#4054,#4055,#4056));
#730=EDGE_LOOP('',(#4057,#4058,#4059,#4060));
#731=EDGE_LOOP('',(#4061,#4062,#4063,#4064));
#732=EDGE_LOOP('',(#4065,#4066,#4067,#4068));
#733=EDGE_LOOP('',(#4069,#4070,#4071,#4072));
#734=EDGE_LOOP('',(#4073,#4074,#4075,#4076));
#735=EDGE_LOOP('',(#4077,#4078,#4079,#4080));
#736=EDGE_LOOP('',(#4081,#4082,#4083,#4084));
#737=EDGE_LOOP('',(#4085,#4086,#4087,#4088));
#738=EDGE_LOOP('',(#4089,#4090,#4091,#4092));
#739=EDGE_LOOP('',(#4093,#4094,#4095,#4096));
#740=EDGE_LOOP('',(#4097,#4098,#4099,#4100));
#741=EDGE_LOOP('',(#4101,#4102,#4103,#4104));
#742=EDGE_LOOP('',(#4105,#4106,#4107,#4108));
#743=EDGE_LOOP('',(#4109,#4110,#4111,#4112));
#744=EDGE_LOOP('',(#4113,#4114,#4115,#4116));
#745=EDGE_LOOP('',(#4117,#4118,#4119,#4120));
#746=EDGE_LOOP('',(#4121,#4122,#4123,#4124));
#747=EDGE_LOOP('',(#4125,#4126,#4127,#4128));
#748=EDGE_LOOP('',(#4129,#4130,#4131,#4132));
#749=EDGE_LOOP('',(#4133,#4134,#4135,#4136));
#750=EDGE_LOOP('',(#4137,#4138,#4139,#4140));
#751=EDGE_LOOP('',(#4141,#4142,#4143,#4144));
#752=EDGE_LOOP('',(#4145,#4146,#4147,#4148));
#753=EDGE_LOOP('',(#4149,#4150,#4151,#4152,#4153,#4154));
#754=EDGE_LOOP('',(#4155,#4156,#4157,#4158,#4159,#4160));
#755=EDGE_LOOP('',(#4161,#4162,#4163,#4164,#4165,#4166,#4167,#4168));
#756=EDGE_LOOP('',(#4169,#4170,#4171,#4172,#4173,#4174));
#757=EDGE_LOOP('',(#4175,#4176,#4177,#4178));
#758=EDGE_LOOP('',(#4179,#4180,#4181,#4182));
#759=EDGE_LOOP('',(#4183,#4184,#4185,#4186));
#760=EDGE_LOOP('',(#4187,#4188,#4189,#4190));
#761=EDGE_LOOP('',(#4191,#4192,#4193,#4194));
#762=EDGE_LOOP('',(#4195,#4196,#4197,#4198));
#763=EDGE_LOOP('',(#4199,#4200,#4201,#4202));
#764=EDGE_LOOP('',(#4203,#4204,#4205,#4206));
#765=EDGE_LOOP('',(#4207,#4208,#4209,#4210));
#766=EDGE_LOOP('',(#4211,#4212,#4213,#4214));
#767=EDGE_LOOP('',(#4215,#4216,#4217,#4218));
#768=EDGE_LOOP('',(#4219,#4220,#4221,#4222));
#769=EDGE_LOOP('',(#4223,#4224,#4225,#4226));
#770=EDGE_LOOP('',(#4227,#4228,#4229,#4230));
#771=EDGE_LOOP('',(#4231,#4232,#4233,#4234));
#772=EDGE_LOOP('',(#4235,#4236,#4237,#4238));
#773=EDGE_LOOP('',(#4239,#4240,#4241,#4242));
#774=EDGE_LOOP('',(#4243,#4244,#4245,#4246));
#775=EDGE_LOOP('',(#4247,#4248,#4249,#4250));
#776=EDGE_LOOP('',(#4251,#4252,#4253,#4254));
#777=EDGE_LOOP('',(#4255,#4256,#4257,#4258));
#778=EDGE_LOOP('',(#4259,#4260,#4261,#4262));
#779=EDGE_LOOP('',(#4263,#4264,#4265,#4266));
#780=EDGE_LOOP('',(#4267,#4268,#4269,#4270));
#781=EDGE_LOOP('',(#4271,#4272,#4273,#4274));
#782=EDGE_LOOP('',(#4275,#4276,#4277,#4278));
#783=EDGE_LOOP('',(#4279,#4280,#4281,#4282));
#784=EDGE_LOOP('',(#4283,#4284,#4285,#4286));
#785=EDGE_LOOP('',(#4287,#4288,#4289,#4290));
#786=EDGE_LOOP('',(#4291,#4292,#4293,#4294));
#787=EDGE_LOOP('',(#4295,#4296,#4297,#4298));
#788=EDGE_LOOP('',(#4299,#4300,#4301,#4302));
#789=EDGE_LOOP('',(#4303,#4304,#4305,#4306));
#790=EDGE_LOOP('',(#4307,#4308,#4309,#4310));
#791=EDGE_LOOP('',(#4311,#4312,#4313,#4314,#4315,#4316,#4317,#4318,#4319,
#4320,#4321,#4322,#4323,#4324,#4325,#4326,#4327,#4328,#4329,#4330));
#792=EDGE_LOOP('',(#4331,#4332,#4333,#4334,#4335,#4336,#4337,#4338,#4339,
#4340,#4341,#4342,#4343,#4344));
#793=EDGE_LOOP('',(#4345,#4346,#4347,#4348));
#794=EDGE_LOOP('',(#4349,#4350,#4351,#4352));
#795=EDGE_LOOP('',(#4353,#4354,#4355,#4356));
#796=EDGE_LOOP('',(#4357,#4358,#4359,#4360));
#797=EDGE_LOOP('',(#4361,#4362,#4363,#4364));
#798=EDGE_LOOP('',(#4365,#4366,#4367,#4368));
#799=EDGE_LOOP('',(#4369,#4370,#4371,#4372));
#800=EDGE_LOOP('',(#4373,#4374,#4375,#4376));
#801=EDGE_LOOP('',(#4377,#4378,#4379,#4380));
#802=EDGE_LOOP('',(#4381,#4382,#4383,#4384));
#803=EDGE_LOOP('',(#4385,#4386,#4387,#4388));
#804=EDGE_LOOP('',(#4389,#4390,#4391,#4392));
#805=EDGE_LOOP('',(#4393,#4394,#4395,#4396));
#806=EDGE_LOOP('',(#4397,#4398,#4399,#4400));
#807=EDGE_LOOP('',(#4401,#4402,#4403,#4404));
#808=EDGE_LOOP('',(#4405,#4406,#4407,#4408));
#809=EDGE_LOOP('',(#4409,#4410,#4411,#4412));
#810=EDGE_LOOP('',(#4413,#4414,#4415,#4416));
#811=EDGE_LOOP('',(#4417,#4418,#4419,#4420));
#812=EDGE_LOOP('',(#4421,#4422,#4423,#4424));
#813=EDGE_LOOP('',(#4425,#4426,#4427,#4428));
#814=EDGE_LOOP('',(#4429,#4430,#4431,#4432));
#815=EDGE_LOOP('',(#4433,#4434,#4435,#4436));
#816=EDGE_LOOP('',(#4437,#4438,#4439,#4440));
#817=EDGE_LOOP('',(#4441,#4442,#4443,#4444));
#818=EDGE_LOOP('',(#4445,#4446,#4447,#4448,#4449,#4450,#4451,#4452,#4453,
#4454,#4455));
#819=EDGE_LOOP('',(#4456,#4457,#4458,#4459,#4460,#4461));
#820=EDGE_LOOP('',(#4462,#4463,#4464,#4465,#4466,#4467));
#821=EDGE_LOOP('',(#4468,#4469,#4470,#4471));
#822=EDGE_LOOP('',(#4472,#4473,#4474,#4475));
#823=EDGE_LOOP('',(#4476,#4477,#4478,#4479));
#824=EDGE_LOOP('',(#4480,#4481,#4482,#4483));
#825=EDGE_LOOP('',(#4484,#4485,#4486,#4487));
#826=EDGE_LOOP('',(#4488,#4489,#4490,#4491));
#827=EDGE_LOOP('',(#4492,#4493,#4494,#4495));
#828=EDGE_LOOP('',(#4496,#4497,#4498,#4499));
#829=EDGE_LOOP('',(#4500,#4501,#4502,#4503));
#830=EDGE_LOOP('',(#4504,#4505,#4506,#4507));
#831=EDGE_LOOP('',(#4508,#4509,#4510,#4511));
#832=EDGE_LOOP('',(#4512,#4513,#4514,#4515));
#833=EDGE_LOOP('',(#4516,#4517,#4518,#4519));
#834=EDGE_LOOP('',(#4520,#4521,#4522,#4523));
#835=EDGE_LOOP('',(#4524,#4525,#4526,#4527));
#836=EDGE_LOOP('',(#4528,#4529,#4530,#4531));
#837=EDGE_LOOP('',(#4532,#4533,#4534,#4535));
#838=EDGE_LOOP('',(#4536,#4537,#4538,#4539));
#839=EDGE_LOOP('',(#4540,#4541,#4542,#4543));
#840=EDGE_LOOP('',(#4544,#4545,#4546,#4547));
#841=EDGE_LOOP('',(#4548,#4549,#4550,#4551));
#842=EDGE_LOOP('',(#4552,#4553,#4554,#4555,#4556,#4557,#4558,#4559,#4560));
#843=EDGE_LOOP('',(#4561,#4562));
#844=EDGE_LOOP('',(#4563,#4564,#4565,#4566,#4567,#4568,#4569,#4570,#4571,
#4572,#4573,#4574,#4575,#4576,#4577,#4578,#4579,#4580,#4581,#4582));
#845=EDGE_LOOP('',(#4583,#4584,#4585,#4586,#4587,#4588,#4589,#4590,#4591,
#4592,#4593,#4594,#4595,#4596,#4597,#4598,#4599,#4600,#4601,#4602,#4603));
#846=EDGE_LOOP('',(#4604,#4605,#4606,#4607,#4608,#4609,#4610,#4611,#4612,
#4613,#4614));
#847=EDGE_LOOP('',(#4615,#4616,#4617,#4618,#4619,#4620,#4621,#4622));
#848=EDGE_LOOP('',(#4623,#4624,#4625,#4626,#4627,#4628,#4629,#4630,#4631));
#849=EDGE_LOOP('',(#4632,#4633,#4634,#4635,#4636,#4637,#4638,#4639,#4640,
#4641,#4642,#4643,#4644,#4645));
#850=EDGE_LOOP('',(#4646,#4647,#4648,#4649,#4650,#4651,#4652,#4653,#4654,
#4655,#4656,#4657,#4658,#4659,#4660,#4661,#4662,#4663,#4664,#4665,#4666));
#851=EDGE_LOOP('',(#4667,#4668,#4669,#4670,#4671,#4672));
#852=EDGE_LOOP('',(#4673,#4674,#4675,#4676,#4677,#4678,#4679,#4680));
#853=EDGE_LOOP('',(#4681,#4682,#4683,#4684,#4685,#4686,#4687,#4688,#4689,
#4690,#4691,#4692,#4693,#4694,#4695,#4696,#4697,#4698,#4699,#4700));
#854=EDGE_LOOP('',(#4701,#4702,#4703,#4704,#4705,#4706,#4707,#4708,#4709,
#4710,#4711,#4712,#4713,#4714));
#855=EDGE_LOOP('',(#4715,#4716,#4717,#4718,#4719,#4720,#4721,#4722,#4723,
#4724,#4725));
#856=EDGE_LOOP('',(#4726,#4727,#4728,#4729,#4730,#4731));
#857=EDGE_LOOP('',(#4732,#4733,#4734,#4735,#4736,#4737,#4738,#4739,#4740));
#858=EDGE_LOOP('',(#4741,#4742));
#859=EDGE_LOOP('',(#4743,#4744,#4745,#4746,#4747,#4748));
#860=EDGE_LOOP('',(#4749,#4750,#4751,#4752,#4753,#4754));
#861=EDGE_LOOP('',(#4755,#4756,#4757,#4758,#4759,#4760));
#862=EDGE_LOOP('',(#4761,#4762,#4763,#4764,#4765,#4766,#4767));
#863=EDGE_LOOP('',(#4768,#4769,#4770,#4771,#4772));
#864=EDGE_LOOP('',(#4773,#4774,#4775,#4776,#4777));
#865=EDGE_LOOP('',(#4778,#4779,#4780,#4781,#4782));
#866=EDGE_LOOP('',(#4783,#4784,#4785,#4786,#4787));
#867=EDGE_LOOP('',(#4788,#4789,#4790));
#868=EDGE_LOOP('',(#4791,#4792,#4793,#4794,#4795,#4796,#4797));
#869=EDGE_LOOP('',(#4798,#4799,#4800,#4801,#4802,#4803,#4804));
#870=EDGE_LOOP('',(#4805,#4806,#4807,#4808,#4809,#4810,#4811));
#871=EDGE_LOOP('',(#4812,#4813,#4814,#4815,#4816,#4817,#4818));
#872=EDGE_LOOP('',(#4819,#4820,#4821,#4822,#4823));
#873=EDGE_LOOP('',(#4824,#4825,#4826,#4827,#4828,#4829,#4830));
#874=EDGE_LOOP('',(#4831,#4832,#4833,#4834,#4835));
#875=EDGE_LOOP('',(#4836));
#876=EDGE_LOOP('',(#4837));
#877=EDGE_LOOP('',(#4838,#4839,#4840,#4841,#4842,#4843,#4844,#4845,#4846,
#4847,#4848));
#878=EDGE_LOOP('',(#4849,#4850,#4851));
#879=EDGE_LOOP('',(#4852,#4853,#4854));
#880=EDGE_LOOP('',(#4855,#4856,#4857));
#881=EDGE_LOOP('',(#4858,#4859,#4860,#4861,#4862));
#882=EDGE_LOOP('',(#4863,#4864,#4865,#4866,#4867,#4868,#4869,#4870,#4871,
#4872,#4873));
#883=EDGE_LOOP('',(#4874));
#884=EDGE_LOOP('',(#4875));
#885=EDGE_LOOP('',(#4876));
#886=EDGE_LOOP('',(#4877,#4878,#4879,#4880,#4881,#4882,#4883));
#887=EDGE_LOOP('',(#4884,#4885,#4886,#4887,#4888,#4889,#4890));
#888=EDGE_LOOP('',(#4891,#4892,#4893,#4894,#4895,#4896,#4897));
#889=EDGE_LOOP('',(#4898,#4899,#4900,#4901,#4902));
#890=EDGE_LOOP('',(#4903,#4904,#4905,#4906,#4907,#4908,#4909));
#891=EDGE_LOOP('',(#4910,#4911,#4912,#4913,#4914));
#892=EDGE_LOOP('',(#4915,#4916,#4917,#4918,#4919,#4920,#4921));
#893=EDGE_LOOP('',(#4922,#4923,#4924,#4925,#4926));
#894=EDGE_LOOP('',(#4927,#4928,#4929,#4930,#4931));
#895=EDGE_LOOP('',(#4932,#4933,#4934,#4935,#4936,#4937));
#896=EDGE_LOOP('',(#4938));
#897=EDGE_LOOP('',(#4939,#4940));
#898=EDGE_LOOP('',(#4941,#4942,#4943,#4944,#4945));
#899=EDGE_LOOP('',(#4946,#4947,#4948,#4949,#4950,#4951));
#900=EDGE_LOOP('',(#4952,#4953));
#901=EDGE_LOOP('',(#4954,#4955));
#902=EDGE_LOOP('',(#4956,#4957));
#903=EDGE_LOOP('',(#4958,#4959));
#904=EDGE_LOOP('',(#4960,#4961));
#905=EDGE_LOOP('',(#4962,#4963));
#906=EDGE_LOOP('',(#4964,#4965,#4966,#4967));
#907=EDGE_LOOP('',(#4968,#4969,#4970,#4971));
#908=EDGE_LOOP('',(#4972));
#909=EDGE_LOOP('',(#4973,#4974));
#910=EDGE_LOOP('',(#4975,#4976));
#911=EDGE_LOOP('',(#4977,#4978));
#912=EDGE_LOOP('',(#4979,#4980));
#913=EDGE_LOOP('',(#4981,#4982));
#914=EDGE_LOOP('',(#4983,#4984));
#915=EDGE_LOOP('',(#4985,#4986));
#916=EDGE_LOOP('',(#4987,#4988,#4989,#4990));
#917=EDGE_LOOP('',(#4991,#4992,#4993,#4994));
#918=EDGE_LOOP('',(#4995,#4996,#4997,#4998));
#919=EDGE_LOOP('',(#4999,#5000,#5001,#5002));
#920=EDGE_LOOP('',(#5003,#5004,#5005,#5006));
#921=EDGE_LOOP('',(#5007,#5008,#5009,#5010));
#922=EDGE_LOOP('',(#5011,#5012,#5013,#5014));
#923=EDGE_LOOP('',(#5015,#5016,#5017,#5018,#5019,#5020,#5021));
#924=EDGE_LOOP('',(#5022,#5023,#5024,#5025));
#925=EDGE_LOOP('',(#5026,#5027,#5028,#5029));
#926=EDGE_LOOP('',(#5030,#5031,#5032,#5033));
#927=EDGE_LOOP('',(#5034,#5035,#5036,#5037));
#928=EDGE_LOOP('',(#5038,#5039,#5040,#5041));
#929=EDGE_LOOP('',(#5042,#5043,#5044,#5045));
#930=EDGE_LOOP('',(#5046,#5047,#5048,#5049,#5050));
#931=EDGE_LOOP('',(#5051,#5052,#5053,#5054));
#932=EDGE_LOOP('',(#5055,#5056,#5057,#5058));
#933=EDGE_LOOP('',(#5059,#5060,#5061,#5062));
#934=EDGE_LOOP('',(#5063,#5064,#5065,#5066));
#935=EDGE_LOOP('',(#5067,#5068,#5069,#5070));
#936=EDGE_LOOP('',(#5071,#5072,#5073,#5074));
#937=EDGE_LOOP('',(#5075,#5076,#5077,#5078));
#938=EDGE_LOOP('',(#5079,#5080,#5081,#5082));
#939=EDGE_LOOP('',(#5083,#5084,#5085,#5086,#5087,#5088,#5089));
#940=EDGE_LOOP('',(#5090,#5091,#5092,#5093,#5094,#5095,#5096,#5097,#5098,
#5099,#5100,#5101,#5102,#5103,#5104,#5105));
#941=EDGE_LOOP('',(#5106,#5107));
#942=EDGE_LOOP('',(#5108,#5109));
#943=EDGE_LOOP('',(#5110,#5111,#5112,#5113,#5114,#5115));
#944=EDGE_LOOP('',(#5116,#5117,#5118,#5119,#5120,#5121));
#945=EDGE_LOOP('',(#5122,#5123,#5124,#5125,#5126,#5127));
#946=EDGE_LOOP('',(#5128,#5129));
#947=EDGE_LOOP('',(#5130,#5131));
#948=EDGE_LOOP('',(#5132,#5133,#5134,#5135,#5136,#5137));
#949=EDGE_LOOP('',(#5138,#5139));
#950=EDGE_LOOP('',(#5140,#5141));
#951=EDGE_LOOP('',(#5142,#5143,#5144,#5145,#5146,#5147));
#952=EDGE_LOOP('',(#5148,#5149,#5150,#5151,#5152,#5153));
#953=EDGE_LOOP('',(#5154,#5155,#5156,#5157,#5158,#5159));
#954=CIRCLE('',#5498,28.);
#955=CIRCLE('',#5500,1.621);
#956=CIRCLE('',#5501,1.621);
#957=CIRCLE('',#5502,1.621);
#958=CIRCLE('',#5594,32.1);
#959=CIRCLE('',#5595,32.1);
#960=CIRCLE('',#5596,1.5);
#961=CIRCLE('',#5597,1.5);
#962=CIRCLE('',#5607,1.621);
#963=CIRCLE('',#5609,1.621);
#964=CIRCLE('',#5610,1.621);
#965=CIRCLE('',#5611,1.621);
#966=CIRCLE('',#5612,1.621);
#967=CIRCLE('',#5614,1.621);
#968=CIRCLE('',#5615,1.621);
#969=CIRCLE('',#5616,1.621);
#970=CIRCLE('',#5617,1.621);
#971=CIRCLE('',#5619,1.621);
#972=CIRCLE('',#5620,1.621);
#973=CIRCLE('',#5621,1.621);
#974=CIRCLE('',#5622,1.621);
#975=CIRCLE('',#5624,1.621);
#976=CIRCLE('',#5625,1.621);
#977=CIRCLE('',#5626,1.621);
#978=CIRCLE('',#5627,1.621);
#979=CIRCLE('',#5630,1.621);
#980=CIRCLE('',#5631,1.621);
#981=CIRCLE('',#5632,1.621);
#982=CIRCLE('',#5633,1.621);
#983=CIRCLE('',#5635,41.225);
#984=CIRCLE('',#5636,41.225);
#985=CIRCLE('',#5637,40.825);
#986=CIRCLE('',#5639,32.9);
#987=CIRCLE('',#5641,41.225);
#988=CIRCLE('',#5642,41.225);
#989=CIRCLE('',#5644,32.5);
#990=CIRCLE('',#5645,32.5);
#991=CIRCLE('',#5647,32.5);
#992=CIRCLE('',#5648,32.5);
#993=CIRCLE('',#5650,5.);
#994=CIRCLE('',#5651,5.);
#995=CIRCLE('',#5654,5.);
#996=CIRCLE('',#5655,5.);
#997=CIRCLE('',#5658,5.);
#998=CIRCLE('',#5659,5.);
#999=CIRCLE('',#5662,5.);
#1000=CIRCLE('',#5663,5.);
#1001=CIRCLE('',#5666,29.9);
#1002=CIRCLE('',#5667,30.25);
#1003=CIRCLE('',#5668,30.25);
#1004=CIRCLE('',#5670,30.25);
#1005=CIRCLE('',#5671,30.25);
#1006=CIRCLE('',#5673,28.);
#1007=CIRCLE('',#5674,28.);
#1008=CIRCLE('',#5676,40.875);
#1009=CIRCLE('',#5677,41.225);
#1010=CIRCLE('',#5678,41.225);
#1011=CIRCLE('',#5680,41.225);
#1012=CIRCLE('',#5681,41.225);
#1013=CIRCLE('',#5683,30.65);
#1014=CIRCLE('',#5684,30.65);
#1015=CIRCLE('',#5698,28.);
#1016=CIRCLE('',#5699,27.6);
#1017=CIRCLE('',#5701,27.6);
#1018=CIRCLE('',#5702,28.);
#1019=CIRCLE('',#5711,38.795);
#1020=CIRCLE('',#5712,38.795);
#1021=CIRCLE('',#5714,0.399999999999996);
#1022=CIRCLE('',#5715,38.395);
#1023=CIRCLE('',#5716,38.395);
#1024=CIRCLE('',#5718,38.395);
#1025=CIRCLE('',#5719,38.395);
#1026=CIRCLE('',#5721,0.399999999999996);
#1027=CIRCLE('',#5722,38.795);
#1028=CIRCLE('',#5723,38.795);
#1029=CIRCLE('',#5726,0.399999999999999);
#1030=CIRCLE('',#5728,1.5);
#1031=CIRCLE('',#5729,1.5);
#1032=CIRCLE('',#5733,0.4);
#1033=B_SPLINE_CURVE_WITH_KNOTS('',3,(#6639,#6640,#6641,#6642,#6643,#6644),
 .UNSPECIFIED.,.F.,.F.,(4,2,4),(0.,0.641237536764077,0.904917704469046),
 .UNSPECIFIED.);
#1034=B_SPLINE_CURVE_WITH_KNOTS('',3,(#6654,#6655,#6656,#6657,#6658,#6659,
#6660,#6661,#6662,#6663,#6664,#6665,#6666,#6667),.UNSPECIFIED.,.F.,.F.,
(4,2,2,2,2,2,4),(0.821135589786017,0.856556083148207,0.89564831076971,0.934740538391214,
0.973832766012717,1.01292499363422,1.04834548699641),.UNSPECIFIED.);
#1035=B_SPLINE_CURVE_WITH_KNOTS('',3,(#6672,#6673,#6674,#6675,#6676,#6677,
#6678,#6679,#6680,#6681,#6682,#6683,#6684,#6685,#6686,#6687,#6688,#6689,
#6690,#6691,#6692,#6693,#6694),.UNSPECIFIED.,.F.,.F.,(4,2,2,2,3,2,2,2,2,
2,4),(0.467370269195607,0.506173086440038,0.544975903684469,0.584068131305973,
0.623160358927476,0.662252586548979,0.701344814170482,0.740147631414913,
0.778950448659344,0.817753265903775,0.821135589786017),.UNSPECIFIED.);
#1036=B_SPLINE_CURVE_WITH_KNOTS('',3,(#6698,#6699,#6700,#6701),
 .UNSPECIFIED.,.F.,.F.,(4,4),(-0.0344777896878576,0.),.UNSPECIFIED.);
#1037=B_SPLINE_CURVE_WITH_KNOTS('',3,(#6707,#6708,#6709,#6710),
 .UNSPECIFIED.,.F.,.F.,(4,4),(-0.0348759802288893,0.),.UNSPECIFIED.);
#1038=B_SPLINE_CURVE_WITH_KNOTS('',3,(#6712,#6713,#6714,#6715),
 .UNSPECIFIED.,.F.,.F.,(4,4),(-0.0347195621664288,0.),.UNSPECIFIED.);
#1039=B_SPLINE_CURVE_WITH_KNOTS('',3,(#6721,#6722,#6723,#6724),
 .UNSPECIFIED.,.F.,.F.,(4,4),(-0.0344748895821614,0.),.UNSPECIFIED.);
#1040=B_SPLINE_CURVE_WITH_KNOTS('',3,(#6726,#6727,#6728,#6729),
 .UNSPECIFIED.,.F.,.F.,(4,4),(-0.0406129251070993,0.),.UNSPECIFIED.);
#1041=B_SPLINE_CURVE_WITH_KNOTS('',3,(#6731,#6732,#6733,#6734),
 .UNSPECIFIED.,.F.,.F.,(4,4),(-0.00554261627531801,0.),.UNSPECIFIED.);
#1042=B_SPLINE_CURVE_WITH_KNOTS('',3,(#6738,#6739,#6740,#6741),
 .UNSPECIFIED.,.F.,.F.,(4,4),(-0.0360211644363463,0.),.UNSPECIFIED.);
#1043=B_SPLINE_CURVE_WITH_KNOTS('',3,(#6743,#6744,#6745,#6746),
 .UNSPECIFIED.,.F.,.F.,(4,4),(-0.0363054500239753,0.),.UNSPECIFIED.);
#1044=B_SPLINE_CURVE_WITH_KNOTS('',3,(#6752,#6753,#6754,#6755),
 .UNSPECIFIED.,.F.,.F.,(4,4),(-0.0356803482556369,0.),.UNSPECIFIED.);
#1045=B_SPLINE_CURVE_WITH_KNOTS('',3,(#6757,#6758,#6759,#6760),
 .UNSPECIFIED.,.F.,.F.,(4,4),(-0.035667836461395,0.),.UNSPECIFIED.);
#1046=B_SPLINE_CURVE_WITH_KNOTS('',3,(#6764,#6765,#6766,#6767),
 .UNSPECIFIED.,.F.,.F.,(4,4),(-0.00560383488669571,0.),.UNSPECIFIED.);
#1047=B_SPLINE_CURVE_WITH_KNOTS('',3,(#6768,#6769,#6770,#6771),
 .UNSPECIFIED.,.F.,.F.,(4,4),(-0.0406129251071073,0.),.UNSPECIFIED.);
#1048=B_SPLINE_CURVE_WITH_KNOTS('',2,(#6780,#6781,#6782),.UNSPECIFIED.,
 .F.,.F.,(3,3),(0.,1.),.UNSPECIFIED.);
#1049=B_SPLINE_CURVE_WITH_KNOTS('',2,(#6792,#6793,#6794),.UNSPECIFIED.,
 .F.,.F.,(3,3),(0.,1.),.UNSPECIFIED.);
#1050=B_SPLINE_CURVE_WITH_KNOTS('',2,(#6803,#6804,#6805),.UNSPECIFIED.,
 .F.,.F.,(3,3),(0.,1.),.UNSPECIFIED.);
#1051=B_SPLINE_CURVE_WITH_KNOTS('',2,(#6822,#6823,#6824),.UNSPECIFIED.,
 .F.,.F.,(3,3),(0.,1.),.UNSPECIFIED.);
#1052=B_SPLINE_CURVE_WITH_KNOTS('',2,(#6833,#6834,#6835),.UNSPECIFIED.,
 .F.,.F.,(3,3),(0.,1.),.UNSPECIFIED.);
#1053=B_SPLINE_CURVE_WITH_KNOTS('',2,(#6852,#6853,#6854),.UNSPECIFIED.,
 .F.,.F.,(3,3),(0.,1.),.UNSPECIFIED.);
#1054=B_SPLINE_CURVE_WITH_KNOTS('',2,(#6863,#6864,#6865),.UNSPECIFIED.,
 .F.,.F.,(3,3),(0.,1.),.UNSPECIFIED.);
#1055=B_SPLINE_CURVE_WITH_KNOTS('',2,(#6874,#6875,#6876),.UNSPECIFIED.,
 .F.,.F.,(3,3),(0.,1.),.UNSPECIFIED.);
#1056=B_SPLINE_CURVE_WITH_KNOTS('',2,(#6889,#6890,#6891),.UNSPECIFIED.,
 .F.,.F.,(3,3),(0.,1.),.UNSPECIFIED.);
#1057=B_SPLINE_CURVE_WITH_KNOTS('',2,(#6900,#6901,#6902),.UNSPECIFIED.,
 .F.,.F.,(3,3),(0.,1.),.UNSPECIFIED.);
#1058=B_SPLINE_CURVE_WITH_KNOTS('',2,(#6919,#6920,#6921),.UNSPECIFIED.,
 .F.,.F.,(3,3),(0.,1.),.UNSPECIFIED.);
#1059=B_SPLINE_CURVE_WITH_KNOTS('',2,(#6930,#6931,#6932),.UNSPECIFIED.,
 .F.,.F.,(3,3),(0.,1.),.UNSPECIFIED.);
#1060=B_SPLINE_CURVE_WITH_KNOTS('',2,(#6946,#6947,#6948,#6949),
 .UNSPECIFIED.,.F.,.F.,(3,1,3),(0.,1.,2.),.UNSPECIFIED.);
#1061=B_SPLINE_CURVE_WITH_KNOTS('',3,(#6953,#6954,#6955,#6956,#6957,#6958,
#6959),.UNSPECIFIED.,.F.,.F.,(4,3,4),(-0.178932072548009,-0.0894660362740047,
0.),.UNSPECIFIED.);
#1062=B_SPLINE_CURVE_WITH_KNOTS('',2,(#6968,#6969,#6970),.UNSPECIFIED.,
 .F.,.F.,(3,3),(0.,1.),.UNSPECIFIED.);
#1063=B_SPLINE_CURVE_WITH_KNOTS('',3,(#6973,#6974,#6975,#6976),
 .UNSPECIFIED.,.F.,.F.,(4,4),(-0.138941967310954,0.),.UNSPECIFIED.);
#1064=B_SPLINE_CURVE_WITH_KNOTS('',2,(#6990,#6991,#6992),.UNSPECIFIED.,
 .F.,.F.,(3,3),(0.,1.),.UNSPECIFIED.);
#1065=B_SPLINE_CURVE_WITH_KNOTS('',3,(#6995,#6996,#6997,#6998),
 .UNSPECIFIED.,.F.,.F.,(4,4),(-0.0839943250901446,0.),.UNSPECIFIED.);
#1066=B_SPLINE_CURVE_WITH_KNOTS('',2,(#7008,#7009,#7010,#7011),
 .UNSPECIFIED.,.F.,.F.,(3,1,3),(0.,1.,2.),.UNSPECIFIED.);
#1067=B_SPLINE_CURVE_WITH_KNOTS('',3,(#7014,#7015,#7016,#7017,#7018,#7019,
#7020),.UNSPECIFIED.,.F.,.F.,(4,3,4),(-0.0953413013009948,-0.0476706506504974,
0.),.UNSPECIFIED.);
#1068=B_SPLINE_CURVE_WITH_KNOTS('',2,(#7028,#7029,#7030),.UNSPECIFIED.,
 .F.,.F.,(3,3),(0.,1.),.UNSPECIFIED.);
#1069=B_SPLINE_CURVE_WITH_KNOTS('',3,(#7033,#7034,#7035,#7036),
 .UNSPECIFIED.,.F.,.F.,(4,4),(-0.0680464477571272,0.),.UNSPECIFIED.);
#1070=B_SPLINE_CURVE_WITH_KNOTS('',2,(#7044,#7045,#7046),.UNSPECIFIED.,
 .F.,.F.,(3,3),(0.,1.),.UNSPECIFIED.);
#1071=B_SPLINE_CURVE_WITH_KNOTS('',3,(#7049,#7050,#7051,#7052),
 .UNSPECIFIED.,.F.,.F.,(4,4),(-0.0739634616503583,0.),.UNSPECIFIED.);
#1072=B_SPLINE_CURVE_WITH_KNOTS('',2,(#7060,#7061,#7062),.UNSPECIFIED.,
 .F.,.F.,(3,3),(0.,1.),.UNSPECIFIED.);
#1073=B_SPLINE_CURVE_WITH_KNOTS('',3,(#7065,#7066,#7067,#7068),
 .UNSPECIFIED.,.F.,.F.,(4,4),(-0.0150723900566521,0.),.UNSPECIFIED.);
#1074=B_SPLINE_CURVE_WITH_KNOTS('',2,(#7078,#7079,#7080,#7081),
 .UNSPECIFIED.,.F.,.F.,(3,1,3),(0.,1.,2.),.UNSPECIFIED.);
#1075=B_SPLINE_CURVE_WITH_KNOTS('',3,(#7084,#7085,#7086,#7087,#7088,#7089,
#7090),.UNSPECIFIED.,.F.,.F.,(4,3,4),(-0.0319160927859751,-0.0159580463929875,
0.),.UNSPECIFIED.);
#1076=B_SPLINE_CURVE_WITH_KNOTS('',2,(#7098,#7099,#7100),.UNSPECIFIED.,
 .F.,.F.,(3,3),(0.,1.),.UNSPECIFIED.);
#1077=B_SPLINE_CURVE_WITH_KNOTS('',3,(#7103,#7104,#7105,#7106),
 .UNSPECIFIED.,.F.,.F.,(4,4),(-0.0243269790759724,0.),.UNSPECIFIED.);
#1078=B_SPLINE_CURVE_WITH_KNOTS('',2,(#7114,#7115,#7116),.UNSPECIFIED.,
 .F.,.F.,(3,3),(0.,1.),.UNSPECIFIED.);
#1079=B_SPLINE_CURVE_WITH_KNOTS('',3,(#7119,#7120,#7121,#7122),
 .UNSPECIFIED.,.F.,.F.,(4,4),(-0.177287499343302,0.),.UNSPECIFIED.);
#1080=B_SPLINE_CURVE_WITH_KNOTS('',2,(#7132,#7133,#7134,#7135),
 .UNSPECIFIED.,.F.,.F.,(3,1,3),(0.,1.,2.),.UNSPECIFIED.);
#1081=B_SPLINE_CURVE_WITH_KNOTS('',3,(#7138,#7139,#7140,#7141,#7142,#7143,
#7144),.UNSPECIFIED.,.F.,.F.,(4,3,4),(-0.178932072547978,-0.0894660362739889,
0.),.UNSPECIFIED.);
#1082=B_SPLINE_CURVE_WITH_KNOTS('',2,(#7152,#7153,#7154),.UNSPECIFIED.,
 .F.,.F.,(3,3),(0.,1.),.UNSPECIFIED.);
#1083=B_SPLINE_CURVE_WITH_KNOTS('',3,(#7157,#7158,#7159,#7160),
 .UNSPECIFIED.,.F.,.F.,(4,4),(-0.139887429076984,0.),.UNSPECIFIED.);
#1084=B_SPLINE_CURVE_WITH_KNOTS('',2,(#7174,#7175,#7176),.UNSPECIFIED.,
 .F.,.F.,(3,3),(0.,1.),.UNSPECIFIED.);
#1085=B_SPLINE_CURVE_WITH_KNOTS('',3,(#7179,#7180,#7181,#7182),
 .UNSPECIFIED.,.F.,.F.,(4,4),(-0.0830628459337288,0.),.UNSPECIFIED.);
#1086=B_SPLINE_CURVE_WITH_KNOTS('',2,(#7192,#7193,#7194,#7195),
 .UNSPECIFIED.,.F.,.F.,(3,1,3),(0.,1.,2.),.UNSPECIFIED.);
#1087=B_SPLINE_CURVE_WITH_KNOTS('',3,(#7198,#7199,#7200,#7201,#7202,#7203,
#7204,#7205,#7206,#7207,#7208,#7209),.UNSPECIFIED.,.F.,.F.,(4,2,2,2,2,4),
(-0.123933293386128,-0.106651984083643,-0.0900509084084195,-0.0583042130611836,
-0.0301626881400688,0.),.UNSPECIFIED.);
#1088=B_SPLINE_CURVE_WITH_KNOTS('',2,(#7217,#7218,#7219),.UNSPECIFIED.,
 .F.,.F.,(3,3),(0.,1.),.UNSPECIFIED.);
#1089=B_SPLINE_CURVE_WITH_KNOTS('',3,(#7222,#7223,#7224,#7225),
 .UNSPECIFIED.,.F.,.F.,(4,4),(-0.117177375483873,0.),.UNSPECIFIED.);
#1090=B_SPLINE_CURVE_WITH_KNOTS('',2,(#7233,#7234,#7235),.UNSPECIFIED.,
 .F.,.F.,(3,3),(0.,1.),.UNSPECIFIED.);
#1091=B_SPLINE_CURVE_WITH_KNOTS('',3,(#7238,#7239,#7240,#7241),
 .UNSPECIFIED.,.F.,.F.,(4,4),(-0.0110503362002549,0.),.UNSPECIFIED.);
#1092=B_SPLINE_CURVE_WITH_KNOTS('',2,(#7251,#7252,#7253,#7254),
 .UNSPECIFIED.,.F.,.F.,(3,1,3),(0.,1.,2.),.UNSPECIFIED.);
#1093=B_SPLINE_CURVE_WITH_KNOTS('',3,(#7257,#7258,#7259,#7260,#7261,#7262,
#7263),.UNSPECIFIED.,.F.,.F.,(4,3,4),(-0.0319160927859599,-0.01595804639298,
0.),.UNSPECIFIED.);
#1094=B_SPLINE_CURVE_WITH_KNOTS('',2,(#7271,#7272,#7273),.UNSPECIFIED.,
 .F.,.F.,(3,3),(0.,1.),.UNSPECIFIED.);
#1095=B_SPLINE_CURVE_WITH_KNOTS('',3,(#7276,#7277,#7278,#7279),
 .UNSPECIFIED.,.F.,.F.,(4,4),(-0.0286712514357128,0.),.UNSPECIFIED.);
#1096=B_SPLINE_CURVE_WITH_KNOTS('',2,(#7286,#7287,#7288),.UNSPECIFIED.,
 .F.,.F.,(3,3),(0.,1.),.UNSPECIFIED.);
#1097=B_SPLINE_CURVE_WITH_KNOTS('',3,(#7289,#7290,#7291,#7292,#7293,#7294),
 .UNSPECIFIED.,.F.,.F.,(4,2,4),(-0.137406286248148,-0.055705353229555,0.),
 .UNSPECIFIED.);
#1098=B_SPLINE_CURVE_WITH_KNOTS('',3,(#7301,#7302,#7303,#7304),
 .UNSPECIFIED.,.F.,.F.,(4,4),(-0.0402469058539391,0.),.UNSPECIFIED.);
#1099=B_SPLINE_CURVE_WITH_KNOTS('',3,(#7306,#7307,#7308,#7309),
 .UNSPECIFIED.,.F.,.F.,(4,4),(-0.0402272256981999,0.),.UNSPECIFIED.);
#1100=B_SPLINE_CURVE_WITH_KNOTS('',3,(#7315,#7316,#7317,#7318),
 .UNSPECIFIED.,.F.,.F.,(4,4),(-0.0406129251071059,0.),.UNSPECIFIED.);
#1101=B_SPLINE_CURVE_WITH_KNOTS('',3,(#7320,#7321,#7322,#7323),
 .UNSPECIFIED.,.F.,.F.,(4,4),(-0.0406129251071117,0.),.UNSPECIFIED.);
#1102=B_SPLINE_CURVE_WITH_KNOTS('',3,(#7329,#7330,#7331,#7332),
 .UNSPECIFIED.,.F.,.F.,(4,4),(-0.0402469058539404,0.),.UNSPECIFIED.);
#1103=B_SPLINE_CURVE_WITH_KNOTS('',3,(#7333,#7334,#7335,#7336),
 .UNSPECIFIED.,.F.,.F.,(4,4),(-0.040227225698214,0.),.UNSPECIFIED.);
#1104=B_SPLINE_CURVE_WITH_KNOTS('',2,(#7345,#7346,#7347),.UNSPECIFIED.,
 .F.,.F.,(3,3),(0.,1.),.UNSPECIFIED.);
#1105=B_SPLINE_CURVE_WITH_KNOTS('',2,(#7365,#7366,#7367),.UNSPECIFIED.,
 .F.,.F.,(3,3),(0.,1.),.UNSPECIFIED.);
#1106=B_SPLINE_CURVE_WITH_KNOTS('',2,(#7376,#7377,#7378),.UNSPECIFIED.,
 .F.,.F.,(3,3),(0.,1.),.UNSPECIFIED.);
#1107=B_SPLINE_CURVE_WITH_KNOTS('',2,(#7391,#7392,#7393),.UNSPECIFIED.,
 .F.,.F.,(3,3),(0.,1.),.UNSPECIFIED.);
#1108=B_SPLINE_CURVE_WITH_KNOTS('',2,(#7402,#7403,#7404),.UNSPECIFIED.,
 .F.,.F.,(3,3),(0.,1.),.UNSPECIFIED.);
#1109=B_SPLINE_CURVE_WITH_KNOTS('',2,(#7420,#7421,#7422),.UNSPECIFIED.,
 .F.,.F.,(3,3),(0.,1.),.UNSPECIFIED.);
#1110=B_SPLINE_CURVE_WITH_KNOTS('',2,(#7441,#7442,#7443,#7444),
 .UNSPECIFIED.,.F.,.F.,(3,1,3),(0.,1.,2.),.UNSPECIFIED.);
#1111=B_SPLINE_CURVE_WITH_KNOTS('',3,(#7447,#7448,#7449,#7450,#7451,#7452,
#7453),.UNSPECIFIED.,.F.,.F.,(4,3,4),(-0.159969127628047,-0.0799845638140233,
0.),.UNSPECIFIED.);
#1112=B_SPLINE_CURVE_WITH_KNOTS('',2,(#7469,#7470,#7471,#7472),
 .UNSPECIFIED.,.F.,.F.,(3,1,3),(0.,1.,2.),.UNSPECIFIED.);
#1113=B_SPLINE_CURVE_WITH_KNOTS('',3,(#7475,#7476,#7477,#7478,#7479,#7480,
#7481),.UNSPECIFIED.,.F.,.F.,(4,3,4),(-0.181741692067816,-0.0908708460339082,
0.),.UNSPECIFIED.);
#1114=B_SPLINE_CURVE_WITH_KNOTS('',2,(#7506,#7507,#7508,#7509),
 .UNSPECIFIED.,.F.,.F.,(3,1,3),(0.,1.,2.),.UNSPECIFIED.);
#1115=B_SPLINE_CURVE_WITH_KNOTS('',3,(#7511,#7512,#7513,#7514,#7515,#7516,
#7517),.UNSPECIFIED.,.F.,.F.,(4,3,4),(-0.123933293386151,-0.0619666466930755,
0.),.UNSPECIFIED.);
#1116=B_SPLINE_CURVE_WITH_KNOTS('',2,(#7532,#7533,#7534),.UNSPECIFIED.,
 .F.,.F.,(3,3),(0.,1.),.UNSPECIFIED.);
#1117=B_SPLINE_CURVE_WITH_KNOTS('',3,(#7537,#7538,#7539,#7540),
 .UNSPECIFIED.,.F.,.F.,(4,4),(-0.0406129251071006,0.),.UNSPECIFIED.);
#1118=B_SPLINE_CURVE_WITH_KNOTS('',2,(#7553,#7554,#7555),.UNSPECIFIED.,
 .F.,.F.,(3,3),(0.,1.),.UNSPECIFIED.);
#1119=B_SPLINE_CURVE_WITH_KNOTS('',3,(#7556,#7557,#7558,#7559),
 .UNSPECIFIED.,.F.,.F.,(4,4),(-0.040612925107106,0.),.UNSPECIFIED.);
#1120=B_SPLINE_CURVE_WITH_KNOTS('',2,(#7575,#7576,#7577,#7578),
 .UNSPECIFIED.,.F.,.F.,(3,1,3),(0.,1.,2.),.UNSPECIFIED.);
#1121=B_SPLINE_CURVE_WITH_KNOTS('',3,(#7581,#7582,#7583,#7584,#7585,#7586,
#7587),.UNSPECIFIED.,.F.,.F.,(4,3,4),(-0.0949984948409434,-0.0474992474204717,
0.),.UNSPECIFIED.);
#1122=B_SPLINE_CURVE_WITH_KNOTS('',3,(#7595,#7596,#7597,#7598,#7599,#7600,
#7601,#7602,#7603,#7604,#7605,#7606),.UNSPECIFIED.,.F.,.F.,(4,2,2,2,2,4),
(-0.0406129251070938,-0.0331858567048692,-0.0267446269070808,-0.0196446529522872,
-0.0118426062048738,0.),.UNSPECIFIED.);
#1123=B_SPLINE_CURVE_WITH_KNOTS('',3,(#7608,#7609,#7610,#7611),
 .UNSPECIFIED.,.F.,.F.,(4,4),(-0.0406129251070986,0.),.UNSPECIFIED.);
#1124=B_SPLINE_CURVE_WITH_KNOTS('',3,(#7615,#7616,#7617,#7618),
 .UNSPECIFIED.,.F.,.F.,(4,4),(-0.0406129251071007,0.),.UNSPECIFIED.);
#1125=B_SPLINE_CURVE_WITH_KNOTS('',3,(#7622,#7623,#7624,#7625),
 .UNSPECIFIED.,.F.,.F.,(4,4),(-0.0406129251070916,0.),.UNSPECIFIED.);
#1126=B_SPLINE_CURVE_WITH_KNOTS('',3,(#7627,#7628,#7629,#7630),
 .UNSPECIFIED.,.F.,.F.,(4,4),(-0.0406129251071006,0.),.UNSPECIFIED.);
#1127=B_SPLINE_CURVE_WITH_KNOTS('',2,(#7647,#7648,#7649),.UNSPECIFIED.,
 .F.,.F.,(3,3),(0.,1.),.UNSPECIFIED.);
#1128=B_SPLINE_CURVE_WITH_KNOTS('',2,(#7662,#7663,#7664),.UNSPECIFIED.,
 .F.,.F.,(3,3),(0.,1.),.UNSPECIFIED.);
#1129=B_SPLINE_CURVE_WITH_KNOTS('',2,(#7673,#7674,#7675),.UNSPECIFIED.,
 .F.,.F.,(3,3),(0.,1.),.UNSPECIFIED.);
#1130=B_SPLINE_CURVE_WITH_KNOTS('',2,(#7692,#7693,#7694),.UNSPECIFIED.,
 .F.,.F.,(3,3),(0.,1.),.UNSPECIFIED.);
#1131=B_SPLINE_CURVE_WITH_KNOTS('',2,(#7702,#7703,#7704),.UNSPECIFIED.,
 .F.,.F.,(3,3),(0.,1.),.UNSPECIFIED.);
#1132=B_SPLINE_CURVE_WITH_KNOTS('',2,(#7713,#7714,#7715),.UNSPECIFIED.,
 .F.,.F.,(3,3),(0.,1.),.UNSPECIFIED.);
#1133=B_SPLINE_CURVE_WITH_KNOTS('',3,(#7719,#7720,#7721,#7722),
 .UNSPECIFIED.,.F.,.F.,(4,4),(-0.0406129251071033,0.),.UNSPECIFIED.);
#1134=B_SPLINE_CURVE_WITH_KNOTS('',2,(#7749,#7750,#7751),.UNSPECIFIED.,
 .F.,.F.,(3,3),(0.,1.),.UNSPECIFIED.);
#1135=B_SPLINE_CURVE_WITH_KNOTS('',3,(#7754,#7755,#7756,#7757,#7758,#7759,
#7760,#7761,#7762,#7763,#7764,#7765),.UNSPECIFIED.,.F.,.F.,(4,2,2,2,2,4),
(-0.0406129251070991,-0.0331858567048724,-0.0267446269070829,-0.0196446529522878,
-0.0118426062048731,0.),.UNSPECIFIED.);
#1136=B_SPLINE_CURVE_WITH_KNOTS('',2,(#7773,#7774,#7775),.UNSPECIFIED.,
 .F.,.F.,(3,3),(0.,1.),.UNSPECIFIED.);
#1137=B_SPLINE_CURVE_WITH_KNOTS('',3,(#7778,#7779,#7780,#7781),
 .UNSPECIFIED.,.F.,.F.,(4,4),(-0.0406129251070992,0.),.UNSPECIFIED.);
#1138=B_SPLINE_CURVE_WITH_KNOTS('',2,(#7795,#7796,#7797),.UNSPECIFIED.,
 .F.,.F.,(3,3),(0.,1.),.UNSPECIFIED.);
#1139=B_SPLINE_CURVE_WITH_KNOTS('',3,(#7800,#7801,#7802,#7803),
 .UNSPECIFIED.,.F.,.F.,(4,4),(-0.0406129251070995,0.),.UNSPECIFIED.);
#1140=B_SPLINE_CURVE_WITH_KNOTS('',2,(#7817,#7818,#7819),.UNSPECIFIED.,
 .F.,.F.,(3,3),(0.,1.),.UNSPECIFIED.);
#1141=B_SPLINE_CURVE_WITH_KNOTS('',3,(#7822,#7823,#7824,#7825),
 .UNSPECIFIED.,.F.,.F.,(4,4),(-0.0406129251070989,0.),.UNSPECIFIED.);
#1142=B_SPLINE_CURVE_WITH_KNOTS('',2,(#7833,#7834,#7835),.UNSPECIFIED.,
 .F.,.F.,(3,3),(0.,1.),.UNSPECIFIED.);
#1143=B_SPLINE_CURVE_WITH_KNOTS('',3,(#7838,#7839,#7840,#7841),
 .UNSPECIFIED.,.F.,.F.,(4,4),(-0.0406129251071002,0.),.UNSPECIFIED.);
#1144=B_SPLINE_CURVE_WITH_KNOTS('',2,(#7860,#7861,#7862),.UNSPECIFIED.,
 .F.,.F.,(3,3),(0.,1.),.UNSPECIFIED.);
#1145=B_SPLINE_CURVE_WITH_KNOTS('',3,(#7863,#7864,#7865,#7866),
 .UNSPECIFIED.,.F.,.F.,(4,4),(-0.0406129251071051,0.),.UNSPECIFIED.);
#1146=B_SPLINE_CURVE_WITH_KNOTS('',3,(#7871,#7872,#7873,#7874),
 .UNSPECIFIED.,.F.,.F.,(4,4),(-0.177287499343315,0.),.UNSPECIFIED.);
#1147=B_SPLINE_CURVE_WITH_KNOTS('',3,(#7876,#7877,#7878,#7879,#7880,#7881,
#7882),.UNSPECIFIED.,.F.,.F.,(4,3,4),(-0.178932072547983,-0.0894660362739917,
0.),.UNSPECIFIED.);
#1148=B_SPLINE_CURVE_WITH_KNOTS('',3,(#7884,#7885,#7886,#7887),
 .UNSPECIFIED.,.F.,.F.,(4,4),(-0.139887429077001,0.),.UNSPECIFIED.);
#1149=B_SPLINE_CURVE_WITH_KNOTS('',3,(#7891,#7892,#7893,#7894),
 .UNSPECIFIED.,.F.,.F.,(4,4),(-0.0830628459337343,0.),.UNSPECIFIED.);
#1150=B_SPLINE_CURVE_WITH_KNOTS('',3,(#7896,#7897,#7898,#7899,#7900,#7901,
#7902),.UNSPECIFIED.,.F.,.F.,(4,3,4),(-0.123933293386124,-0.0619666466930621,
0.),.UNSPECIFIED.);
#1151=B_SPLINE_CURVE_WITH_KNOTS('',3,(#7904,#7905,#7906,#7907),
 .UNSPECIFIED.,.F.,.F.,(4,4),(-0.117177375483873,0.),.UNSPECIFIED.);
#1152=B_SPLINE_CURVE_WITH_KNOTS('',3,(#7909,#7910,#7911,#7912),
 .UNSPECIFIED.,.F.,.F.,(4,4),(-0.0110503361999696,0.),.UNSPECIFIED.);
#1153=B_SPLINE_CURVE_WITH_KNOTS('',3,(#7914,#7915,#7916,#7917,#7918,#7919,
#7920),.UNSPECIFIED.,.F.,.F.,(4,3,4),(-0.0319160927859491,-0.0159580463929746,
0.),.UNSPECIFIED.);
#1154=B_SPLINE_CURVE_WITH_KNOTS('',3,(#7922,#7923,#7924,#7925),
 .UNSPECIFIED.,.F.,.F.,(4,4),(-0.0286712514357047,0.),.UNSPECIFIED.);
#1155=B_SPLINE_CURVE_WITH_KNOTS('',3,(#7927,#7928,#7929,#7930),
 .UNSPECIFIED.,.F.,.F.,(4,4),(-0.137406286248173,0.),.UNSPECIFIED.);
#1156=B_SPLINE_CURVE_WITH_KNOTS('',3,(#7932,#7933,#7934,#7935,#7936,#7937,
#7938),.UNSPECIFIED.,.F.,.F.,(4,3,4),(-0.178932072548024,-0.089466036274012,
0.),.UNSPECIFIED.);
#1157=B_SPLINE_CURVE_WITH_KNOTS('',3,(#7940,#7941,#7942,#7943),
 .UNSPECIFIED.,.F.,.F.,(4,4),(-0.138941967310937,0.),.UNSPECIFIED.);
#1158=B_SPLINE_CURVE_WITH_KNOTS('',3,(#7947,#7948,#7949,#7950),
 .UNSPECIFIED.,.F.,.F.,(4,4),(-0.0839943250901235,0.),.UNSPECIFIED.);
#1159=B_SPLINE_CURVE_WITH_KNOTS('',3,(#7952,#7953,#7954,#7955,#7956,#7957,
#7958),.UNSPECIFIED.,.F.,.F.,(4,3,4),(-0.0953413013009931,-0.0476706506504966,
0.),.UNSPECIFIED.);
#1160=B_SPLINE_CURVE_WITH_KNOTS('',3,(#7960,#7961,#7962,#7963),
 .UNSPECIFIED.,.F.,.F.,(4,4),(-0.0680464477571366,0.),.UNSPECIFIED.);
#1161=B_SPLINE_CURVE_WITH_KNOTS('',3,(#7965,#7966,#7967,#7968),
 .UNSPECIFIED.,.F.,.F.,(4,4),(-0.0739634616503751,0.),.UNSPECIFIED.);
#1162=B_SPLINE_CURVE_WITH_KNOTS('',3,(#7970,#7971,#7972,#7973),
 .UNSPECIFIED.,.F.,.F.,(4,4),(-0.0150723900566583,0.),.UNSPECIFIED.);
#1163=B_SPLINE_CURVE_WITH_KNOTS('',3,(#7975,#7976,#7977,#7978,#7979,#7980,
#7981),.UNSPECIFIED.,.F.,.F.,(4,3,4),(-0.0319160927859448,-0.0159580463929724,
0.),.UNSPECIFIED.);
#1164=B_SPLINE_CURVE_WITH_KNOTS('',3,(#7982,#7983,#7984,#7985),
 .UNSPECIFIED.,.F.,.F.,(4,4),(-0.0243269790759558,0.),.UNSPECIFIED.);
#1165=B_SPLINE_CURVE_WITH_KNOTS('',2,(#7994,#7995,#7996),.UNSPECIFIED.,
 .F.,.F.,(3,3),(0.,1.),.UNSPECIFIED.);
#1166=B_SPLINE_CURVE_WITH_KNOTS('',2,(#8006,#8007,#8008),.UNSPECIFIED.,
 .F.,.F.,(3,3),(0.,1.),.UNSPECIFIED.);
#1167=B_SPLINE_CURVE_WITH_KNOTS('',2,(#8019,#8020,#8021,#8022),
 .UNSPECIFIED.,.F.,.F.,(3,1,3),(0.,1.,2.),.UNSPECIFIED.);
#1168=B_SPLINE_CURVE_WITH_KNOTS('',2,(#8031,#8032,#8033),.UNSPECIFIED.,
 .F.,.F.,(3,3),(0.,1.),.UNSPECIFIED.);
#1169=B_SPLINE_CURVE_WITH_KNOTS('',2,(#8042,#8043,#8044),.UNSPECIFIED.,
 .F.,.F.,(3,3),(0.,1.),.UNSPECIFIED.);
#1170=B_SPLINE_CURVE_WITH_KNOTS('',2,(#8055,#8056,#8057,#8058),
 .UNSPECIFIED.,.F.,.F.,(3,1,3),(0.,1.,2.),.UNSPECIFIED.);
#1171=B_SPLINE_CURVE_WITH_KNOTS('',2,(#8067,#8068,#8069),.UNSPECIFIED.,
 .F.,.F.,(3,3),(0.,1.),.UNSPECIFIED.);
#1172=B_SPLINE_CURVE_WITH_KNOTS('',2,(#8082,#8083,#8084),.UNSPECIFIED.,
 .F.,.F.,(3,3),(0.,1.),.UNSPECIFIED.);
#1173=B_SPLINE_CURVE_WITH_KNOTS('',2,(#8095,#8096,#8097,#8098),
 .UNSPECIFIED.,.F.,.F.,(3,1,3),(0.,1.,2.),.UNSPECIFIED.);
#1174=B_SPLINE_CURVE_WITH_KNOTS('',2,(#8107,#8108,#8109),.UNSPECIFIED.,
 .F.,.F.,(3,3),(0.,1.),.UNSPECIFIED.);
#1175=B_SPLINE_CURVE_WITH_KNOTS('',2,(#8118,#8119,#8120),.UNSPECIFIED.,
 .F.,.F.,(3,3),(0.,1.),.UNSPECIFIED.);
#1176=B_SPLINE_CURVE_WITH_KNOTS('',2,(#8131,#8132,#8133,#8134),
 .UNSPECIFIED.,.F.,.F.,(3,1,3),(0.,1.,2.),.UNSPECIFIED.);
#1177=B_SPLINE_CURVE_WITH_KNOTS('',2,(#8143,#8144,#8145),.UNSPECIFIED.,
 .F.,.F.,(3,3),(0.,1.),.UNSPECIFIED.);
#1178=B_SPLINE_CURVE_WITH_KNOTS('',2,(#8154,#8155,#8156),.UNSPECIFIED.,
 .F.,.F.,(3,3),(0.,1.),.UNSPECIFIED.);
#1179=B_SPLINE_CURVE_WITH_KNOTS('',2,(#8165,#8166,#8167),.UNSPECIFIED.,
 .F.,.F.,(3,3),(0.,1.),.UNSPECIFIED.);
#1180=B_SPLINE_CURVE_WITH_KNOTS('',2,(#8178,#8179,#8180,#8181),
 .UNSPECIFIED.,.F.,.F.,(3,1,3),(0.,1.,2.),.UNSPECIFIED.);
#1181=B_SPLINE_CURVE_WITH_KNOTS('',2,(#8190,#8191,#8192),.UNSPECIFIED.,
 .F.,.F.,(3,3),(0.,1.),.UNSPECIFIED.);
#1182=B_SPLINE_CURVE_WITH_KNOTS('',2,(#8205,#8206,#8207),.UNSPECIFIED.,
 .F.,.F.,(3,3),(0.,1.),.UNSPECIFIED.);
#1183=B_SPLINE_CURVE_WITH_KNOTS('',2,(#8217,#8218,#8219,#8220),
 .UNSPECIFIED.,.F.,.F.,(3,1,3),(0.,1.,2.),.UNSPECIFIED.);
#1184=B_SPLINE_CURVE_WITH_KNOTS('',2,(#8231,#8232,#8233,#8234),
 .UNSPECIFIED.,.F.,.F.,(3,1,3),(0.,1.,2.),.UNSPECIFIED.);
#1185=B_SPLINE_CURVE_WITH_KNOTS('',3,(#8238,#8239,#8240,#8241,#8242,#8243,
#8244),.UNSPECIFIED.,.F.,.F.,(4,3,4),(-0.24686095500229,-0.123430477501145,
0.),.UNSPECIFIED.);
#1186=B_SPLINE_CURVE_WITH_KNOTS('',2,(#8255,#8256,#8257,#8258),
 .UNSPECIFIED.,.F.,.F.,(3,1,3),(0.,1.,2.),.UNSPECIFIED.);
#1187=B_SPLINE_CURVE_WITH_KNOTS('',3,(#8261,#8262,#8263,#8264,#8265,#8266,
#8267),.UNSPECIFIED.,.F.,.F.,(4,3,4),(-0.194364999316726,-0.0971824996583631,
0.),.UNSPECIFIED.);
#1188=B_SPLINE_CURVE_WITH_KNOTS('',2,(#8292,#8293,#8294,#8295),
 .UNSPECIFIED.,.F.,.F.,(3,1,3),(0.,1.,2.),.UNSPECIFIED.);
#1189=B_SPLINE_CURVE_WITH_KNOTS('',3,(#8297,#8298,#8299,#8300,#8301,#8302,
#8303),.UNSPECIFIED.,.F.,.F.,(4,3,4),(-0.144900785902885,-0.0724503929514425,
0.),.UNSPECIFIED.);
#1190=B_SPLINE_CURVE_WITH_KNOTS('',2,(#8314,#8315,#8316,#8317),
 .UNSPECIFIED.,.F.,.F.,(3,1,3),(0.,1.,2.),.UNSPECIFIED.);
#1191=B_SPLINE_CURVE_WITH_KNOTS('',3,(#8319,#8320,#8321,#8322,#8323,#8324,
#8325),.UNSPECIFIED.,.F.,.F.,(4,3,4),(-0.144900785902955,-0.0724503929514776,
0.),.UNSPECIFIED.);
#1192=B_SPLINE_CURVE_WITH_KNOTS('',2,(#8336,#8337,#8338,#8339),
 .UNSPECIFIED.,.F.,.F.,(3,1,3),(0.,1.,2.),.UNSPECIFIED.);
#1193=B_SPLINE_CURVE_WITH_KNOTS('',3,(#8342,#8343,#8344,#8345,#8346,#8347,
#8348),.UNSPECIFIED.,.F.,.F.,(4,3,4),(-0.194364999316719,-0.0971824996583597,
0.),.UNSPECIFIED.);
#1194=B_SPLINE_CURVE_WITH_KNOTS('',2,(#8358,#8359,#8360,#8361),
 .UNSPECIFIED.,.F.,.F.,(3,1,3),(0.,1.,2.),.UNSPECIFIED.);
#1195=B_SPLINE_CURVE_WITH_KNOTS('',3,(#8364,#8365,#8366,#8367,#8368,#8369,
#8370),.UNSPECIFIED.,.F.,.F.,(4,3,4),(-0.19436499931668,-0.0971824996583401,
0.),.UNSPECIFIED.);
#1196=B_SPLINE_CURVE_WITH_KNOTS('',2,(#8383,#8384,#8385,#8386),
 .UNSPECIFIED.,.F.,.F.,(3,1,3),(0.,1.,2.),.UNSPECIFIED.);
#1197=B_SPLINE_CURVE_WITH_KNOTS('',3,(#8389,#8390,#8391,#8392,#8393,#8394,
#8395),.UNSPECIFIED.,.F.,.F.,(4,3,4),(-0.144177041207551,-0.0720885206037753,
0.),.UNSPECIFIED.);
#1198=B_SPLINE_CURVE_WITH_KNOTS('',2,(#8405,#8406,#8407,#8408),
 .UNSPECIFIED.,.F.,.F.,(3,1,3),(0.,1.,2.),.UNSPECIFIED.);
#1199=B_SPLINE_CURVE_WITH_KNOTS('',3,(#8411,#8412,#8413,#8414,#8415,#8416,
#8417),.UNSPECIFIED.,.F.,.F.,(4,3,4),(-0.164042758001568,-0.082021379000784,
0.),.UNSPECIFIED.);
#1200=B_SPLINE_CURVE_WITH_KNOTS('',3,(#8427,#8428,#8429,#8430),
 .UNSPECIFIED.,.F.,.F.,(4,4),(-0.0406129251070918,0.),.UNSPECIFIED.);
#1201=B_SPLINE_CURVE_WITH_KNOTS('',3,(#8434,#8435,#8436,#8437),
 .UNSPECIFIED.,.F.,.F.,(4,4),(-0.0406129251071005,0.),.UNSPECIFIED.);
#1202=B_SPLINE_CURVE_WITH_KNOTS('',3,(#8441,#8442,#8443,#8444,#8445,#8446,
#8447),.UNSPECIFIED.,.F.,.F.,(4,3,4),(-0.159969127628072,-0.0799845638140362,
0.),.UNSPECIFIED.);
#1203=B_SPLINE_CURVE_WITH_KNOTS('',3,(#8450,#8451,#8452,#8453,#8454,#8455,
#8456),.UNSPECIFIED.,.F.,.F.,(4,3,4),(-0.181741692067789,-0.0908708460338943,
0.),.UNSPECIFIED.);
#1204=B_SPLINE_CURVE_WITH_KNOTS('',3,(#8461,#8462,#8463,#8464,#8465,#8466,
#8467),.UNSPECIFIED.,.F.,.F.,(4,3,4),(-0.0949984948409487,-0.0474992474204743,
0.),.UNSPECIFIED.);
#1205=B_SPLINE_CURVE_WITH_KNOTS('',3,(#8471,#8472,#8473,#8474,#8475,#8476,
#8477,#8478,#8479,#8480,#8481,#8482),.UNSPECIFIED.,.F.,.F.,(4,2,2,2,2,4),
(-0.123933293386053,-0.106651984083596,-0.0900509084084007,-0.0583042130611844,
-0.0301626881400687,0.),.UNSPECIFIED.);
#1206=B_SPLINE_CURVE_WITH_KNOTS('',2,(#8501,#8502,#8503,#8504),
 .UNSPECIFIED.,.F.,.F.,(3,1,3),(0.,1.,2.),.UNSPECIFIED.);
#1207=B_SPLINE_CURVE_WITH_KNOTS('',2,(#8518,#8519,#8520),.UNSPECIFIED.,
 .F.,.F.,(3,3),(0.,1.),.UNSPECIFIED.);
#1208=B_SPLINE_CURVE_WITH_KNOTS('',2,(#8534,#8535,#8536),.UNSPECIFIED.,
 .F.,.F.,(3,3),(0.,1.),.UNSPECIFIED.);
#1209=B_SPLINE_CURVE_WITH_KNOTS('',2,(#8551,#8552,#8553,#8554),
 .UNSPECIFIED.,.F.,.F.,(3,1,3),(0.,1.,2.),.UNSPECIFIED.);
#1210=B_SPLINE_CURVE_WITH_KNOTS('',2,(#8571,#8572,#8573,#8574),
 .UNSPECIFIED.,.F.,.F.,(3,1,3),(0.,1.,2.),.UNSPECIFIED.);
#1211=B_SPLINE_CURVE_WITH_KNOTS('',2,(#8589,#8590,#8591,#8592),
 .UNSPECIFIED.,.F.,.F.,(3,1,3),(0.,1.,2.),.UNSPECIFIED.);
#1212=B_SPLINE_CURVE_WITH_KNOTS('',2,(#8612,#8613,#8614),.UNSPECIFIED.,
 .F.,.F.,(3,3),(0.,1.),.UNSPECIFIED.);
#1213=B_SPLINE_CURVE_WITH_KNOTS('',3,(#8617,#8618,#8619,#8620),
 .UNSPECIFIED.,.F.,.F.,(4,4),(-0.0360211644363402,0.),.UNSPECIFIED.);
#1214=B_SPLINE_CURVE_WITH_KNOTS('',2,(#8628,#8629,#8630),.UNSPECIFIED.,
 .F.,.F.,(3,3),(0.,1.),.UNSPECIFIED.);
#1215=B_SPLINE_CURVE_WITH_KNOTS('',3,(#8633,#8634,#8635,#8636),
 .UNSPECIFIED.,.F.,.F.,(4,4),(-0.0363054500239805,0.),.UNSPECIFIED.);
#1216=B_SPLINE_CURVE_WITH_KNOTS('',2,(#8656,#8657,#8658),.UNSPECIFIED.,
 .F.,.F.,(3,3),(0.,1.),.UNSPECIFIED.);
#1217=B_SPLINE_CURVE_WITH_KNOTS('',3,(#8661,#8662,#8663,#8664),
 .UNSPECIFIED.,.F.,.F.,(4,4),(-0.0356803482556248,0.),.UNSPECIFIED.);
#1218=B_SPLINE_CURVE_WITH_KNOTS('',2,(#8672,#8673,#8674),.UNSPECIFIED.,
 .F.,.F.,(3,3),(0.,1.),.UNSPECIFIED.);
#1219=B_SPLINE_CURVE_WITH_KNOTS('',3,(#8677,#8678,#8679,#8680),
 .UNSPECIFIED.,.F.,.F.,(4,4),(-0.0356678364614076,0.),.UNSPECIFIED.);
#1220=B_SPLINE_CURVE_WITH_KNOTS('',2,(#8694,#8695,#8696),.UNSPECIFIED.,
 .F.,.F.,(3,3),(0.,1.),.UNSPECIFIED.);
#1221=B_SPLINE_CURVE_WITH_KNOTS('',3,(#8699,#8700,#8701,#8702),
 .UNSPECIFIED.,.F.,.F.,(4,4),(-0.00560383488670345,0.),.UNSPECIFIED.);
#1222=B_SPLINE_CURVE_WITH_KNOTS('',2,(#8710,#8711,#8712),.UNSPECIFIED.,
 .F.,.F.,(3,3),(0.,1.),.UNSPECIFIED.);
#1223=B_SPLINE_CURVE_WITH_KNOTS('',3,(#8715,#8716,#8717,#8718),
 .UNSPECIFIED.,.F.,.F.,(4,4),(-0.0406129251070924,0.),.UNSPECIFIED.);
#1224=B_SPLINE_CURVE_WITH_KNOTS('',2,(#8726,#8727,#8728),.UNSPECIFIED.,
 .F.,.F.,(3,3),(0.,1.),.UNSPECIFIED.);
#1225=B_SPLINE_CURVE_WITH_KNOTS('',3,(#8731,#8732,#8733,#8734),
 .UNSPECIFIED.,.F.,.F.,(4,4),(-0.0344777896878561,0.),.UNSPECIFIED.);
#1226=B_SPLINE_CURVE_WITH_KNOTS('',2,(#8754,#8755,#8756),.UNSPECIFIED.,
 .F.,.F.,(3,3),(0.,1.),.UNSPECIFIED.);
#1227=B_SPLINE_CURVE_WITH_KNOTS('',3,(#8759,#8760,#8761,#8762),
 .UNSPECIFIED.,.F.,.F.,(4,4),(-0.0348759802288829,0.),.UNSPECIFIED.);
#1228=B_SPLINE_CURVE_WITH_KNOTS('',2,(#8770,#8771,#8772),.UNSPECIFIED.,
 .F.,.F.,(3,3),(0.,1.),.UNSPECIFIED.);
#1229=B_SPLINE_CURVE_WITH_KNOTS('',3,(#8775,#8776,#8777,#8778),
 .UNSPECIFIED.,.F.,.F.,(4,4),(-0.0347195621664503,0.),.UNSPECIFIED.);
#1230=B_SPLINE_CURVE_WITH_KNOTS('',2,(#8798,#8799,#8800),.UNSPECIFIED.,
 .F.,.F.,(3,3),(0.,1.),.UNSPECIFIED.);
#1231=B_SPLINE_CURVE_WITH_KNOTS('',3,(#8803,#8804,#8805,#8806),
 .UNSPECIFIED.,.F.,.F.,(4,4),(-0.0344748895821702,0.),.UNSPECIFIED.);
#1232=B_SPLINE_CURVE_WITH_KNOTS('',2,(#8814,#8815,#8816),.UNSPECIFIED.,
 .F.,.F.,(3,3),(0.,1.),.UNSPECIFIED.);
#1233=B_SPLINE_CURVE_WITH_KNOTS('',3,(#8819,#8820,#8821,#8822),
 .UNSPECIFIED.,.F.,.F.,(4,4),(-0.0406129251070947,0.),.UNSPECIFIED.);
#1234=B_SPLINE_CURVE_WITH_KNOTS('',2,(#8829,#8830,#8831),.UNSPECIFIED.,
 .F.,.F.,(3,3),(0.,1.),.UNSPECIFIED.);
#1235=B_SPLINE_CURVE_WITH_KNOTS('',3,(#8832,#8833,#8834,#8835),
 .UNSPECIFIED.,.F.,.F.,(4,4),(-0.00554261627531115,0.),.UNSPECIFIED.);
#1236=B_SPLINE_CURVE_WITH_KNOTS('',3,(#8840,#8841,#8842,#8843),
 .UNSPECIFIED.,.F.,.F.,(4,4),(-0.0406129251071008,0.),.UNSPECIFIED.);
#1237=B_SPLINE_CURVE_WITH_KNOTS('',3,(#8847,#8848,#8849,#8850),
 .UNSPECIFIED.,.F.,.F.,(4,4),(-0.0406129251071068,0.),.UNSPECIFIED.);
#1238=B_SPLINE_CURVE_WITH_KNOTS('',3,(#8852,#8853,#8854,#8855),
 .UNSPECIFIED.,.F.,.F.,(4,4),(-0.0406129251071049,0.),.UNSPECIFIED.);
#1239=B_SPLINE_CURVE_WITH_KNOTS('',3,(#8861,#8862,#8863,#8864),
 .UNSPECIFIED.,.F.,.F.,(4,4),(-0.0406129251070971,0.),.UNSPECIFIED.);
#1240=B_SPLINE_CURVE_WITH_KNOTS('',3,(#8866,#8867,#8868,#8869),
 .UNSPECIFIED.,.F.,.F.,(4,4),(-0.0406129251070994,0.),.UNSPECIFIED.);
#1241=B_SPLINE_CURVE_WITH_KNOTS('',3,(#8877,#8878,#8879,#8880),
 .UNSPECIFIED.,.F.,.F.,(4,4),(-0.040612925107094,0.),.UNSPECIFIED.);
#1242=B_SPLINE_CURVE_WITH_KNOTS('',3,(#8882,#8883,#8884,#8885),
 .UNSPECIFIED.,.F.,.F.,(4,4),(-0.0406129251070968,0.),.UNSPECIFIED.);
#1243=B_SPLINE_CURVE_WITH_KNOTS('',2,(#8895,#8896,#8897),.UNSPECIFIED.,
 .F.,.F.,(3,3),(0.,1.),.UNSPECIFIED.);
#1244=B_SPLINE_CURVE_WITH_KNOTS('',2,(#8915,#8916,#8917),.UNSPECIFIED.,
 .F.,.F.,(3,3),(0.,1.),.UNSPECIFIED.);
#1245=B_SPLINE_CURVE_WITH_KNOTS('',2,(#8926,#8927,#8928),.UNSPECIFIED.,
 .F.,.F.,(3,3),(0.,1.),.UNSPECIFIED.);
#1246=B_SPLINE_CURVE_WITH_KNOTS('',2,(#8941,#8942,#8943),.UNSPECIFIED.,
 .F.,.F.,(3,3),(0.,1.),.UNSPECIFIED.);
#1247=B_SPLINE_CURVE_WITH_KNOTS('',2,(#8956,#8957,#8958),.UNSPECIFIED.,
 .F.,.F.,(3,3),(0.,1.),.UNSPECIFIED.);
#1248=B_SPLINE_CURVE_WITH_KNOTS('',2,(#8967,#8968,#8969),.UNSPECIFIED.,
 .F.,.F.,(3,3),(0.,1.),.UNSPECIFIED.);
#1249=B_SPLINE_CURVE_WITH_KNOTS('',2,(#8989,#8990,#8991),.UNSPECIFIED.,
 .F.,.F.,(3,3),(0.,1.),.UNSPECIFIED.);
#1250=B_SPLINE_CURVE_WITH_KNOTS('',2,(#9000,#9001,#9002),.UNSPECIFIED.,
 .F.,.F.,(3,3),(0.,1.),.UNSPECIFIED.);
#1251=B_SPLINE_CURVE_WITH_KNOTS('',3,(#9006,#9007,#9008,#9009),
 .UNSPECIFIED.,.F.,.F.,(4,4),(-0.0406129251071095,0.),.UNSPECIFIED.);
#1252=B_SPLINE_CURVE_WITH_KNOTS('',2,(#9030,#9031,#9032),.UNSPECIFIED.,
 .F.,.F.,(3,3),(0.,1.),.UNSPECIFIED.);
#1253=B_SPLINE_CURVE_WITH_KNOTS('',3,(#9035,#9036,#9037,#9038),
 .UNSPECIFIED.,.F.,.F.,(4,4),(-0.040246905853946,0.),.UNSPECIFIED.);
#1254=B_SPLINE_CURVE_WITH_KNOTS('',2,(#9046,#9047,#9048),.UNSPECIFIED.,
 .F.,.F.,(3,3),(0.,1.),.UNSPECIFIED.);
#1255=B_SPLINE_CURVE_WITH_KNOTS('',3,(#9051,#9052,#9053,#9054),
 .UNSPECIFIED.,.F.,.F.,(4,4),(-0.0402272256982078,0.),.UNSPECIFIED.);
#1256=B_SPLINE_CURVE_WITH_KNOTS('',2,(#9068,#9069,#9070),.UNSPECIFIED.,
 .F.,.F.,(3,3),(0.,1.),.UNSPECIFIED.);
#1257=B_SPLINE_CURVE_WITH_KNOTS('',3,(#9073,#9074,#9075,#9076),
 .UNSPECIFIED.,.F.,.F.,(4,4),(-0.0402469058539469,0.),.UNSPECIFIED.);
#1258=B_SPLINE_CURVE_WITH_KNOTS('',2,(#9084,#9085,#9086),.UNSPECIFIED.,
 .F.,.F.,(3,3),(0.,1.),.UNSPECIFIED.);
#1259=B_SPLINE_CURVE_WITH_KNOTS('',3,(#9089,#9090,#9091,#9092),
 .UNSPECIFIED.,.F.,.F.,(4,4),(-0.0402272256981945,0.),.UNSPECIFIED.);
#1260=B_SPLINE_CURVE_WITH_KNOTS('',2,(#9111,#9112,#9113),.UNSPECIFIED.,
 .F.,.F.,(3,3),(0.,1.),.UNSPECIFIED.);
#1261=B_SPLINE_CURVE_WITH_KNOTS('',3,(#9114,#9115,#9116,#9117),
 .UNSPECIFIED.,.F.,.F.,(4,4),(-0.0406129251071052,0.),.UNSPECIFIED.);
#1262=B_SPLINE_CURVE_WITH_KNOTS('',3,(#9122,#9123,#9124,#9125,#9126,#9127,
#9128),.UNSPECIFIED.,.F.,.F.,(4,3,4),(-0.194364999316744,-0.0971824996583721,
0.),.UNSPECIFIED.);
#1263=B_SPLINE_CURVE_WITH_KNOTS('',3,(#9130,#9131,#9132,#9133,#9134,#9135,
#9136),.UNSPECIFIED.,.F.,.F.,(4,3,4),(-0.194364999316703,-0.0971824996583516,
0.),.UNSPECIFIED.);
#1264=B_SPLINE_CURVE_WITH_KNOTS('',3,(#9140,#9141,#9142,#9143,#9144,#9145,
#9146),.UNSPECIFIED.,.F.,.F.,(4,3,4),(-0.246860955002322,-0.123430477501161,
0.),.UNSPECIFIED.);
#1265=B_SPLINE_CURVE_WITH_KNOTS('',3,(#9148,#9149,#9150,#9151,#9152,#9153,
#9154),.UNSPECIFIED.,.F.,.F.,(4,3,4),(-0.194364999316705,-0.0971824996583526,
0.),.UNSPECIFIED.);
#1266=B_SPLINE_CURVE_WITH_KNOTS('',3,(#9158,#9159,#9160,#9161,#9162,#9163,
#9164),.UNSPECIFIED.,.F.,.F.,(4,3,4),(-0.144177041207644,-0.0720885206038218,
0.),.UNSPECIFIED.);
#1267=B_SPLINE_CURVE_WITH_KNOTS('',3,(#9166,#9167,#9168,#9169,#9170,#9171,
#9172),.UNSPECIFIED.,.F.,.F.,(4,3,4),(-0.164042758001576,-0.0820213790007882,
0.),.UNSPECIFIED.);
#1268=B_SPLINE_CURVE_WITH_KNOTS('',3,(#9176,#9177,#9178,#9179,#9180,#9181,
#9182),.UNSPECIFIED.,.F.,.F.,(4,3,4),(-0.144900785902843,-0.0724503929514214,
0.),.UNSPECIFIED.);
#1269=B_SPLINE_CURVE_WITH_KNOTS('',3,(#9184,#9185,#9186,#9187,#9188,#9189,
#9190),.UNSPECIFIED.,.F.,.F.,(4,3,4),(-0.144900785902907,-0.0724503929514533,
0.),.UNSPECIFIED.);
#1270=B_SPLINE_CURVE_WITH_KNOTS('',2,(#9207,#9208,#9209,#9210),
 .UNSPECIFIED.,.F.,.F.,(3,1,3),(0.,1.,2.),.UNSPECIFIED.);
#1271=B_SPLINE_CURVE_WITH_KNOTS('',2,(#9221,#9222,#9223,#9224),
 .UNSPECIFIED.,.F.,.F.,(3,1,3),(0.,1.,2.),.UNSPECIFIED.);
#1272=B_SPLINE_CURVE_WITH_KNOTS('',2,(#9241,#9242,#9243,#9244),
 .UNSPECIFIED.,.F.,.F.,(3,1,3),(0.,1.,2.),.UNSPECIFIED.);
#1273=B_SPLINE_CURVE_WITH_KNOTS('',2,(#9255,#9256,#9257,#9258),
 .UNSPECIFIED.,.F.,.F.,(3,1,3),(0.,1.,2.),.UNSPECIFIED.);
#1274=B_SPLINE_CURVE_WITH_KNOTS('',2,(#9269,#9270,#9271,#9272),
 .UNSPECIFIED.,.F.,.F.,(3,1,3),(0.,1.,2.),.UNSPECIFIED.);
#1275=B_SPLINE_CURVE_WITH_KNOTS('',2,(#9283,#9284,#9285,#9286),
 .UNSPECIFIED.,.F.,.F.,(3,1,3),(0.,1.,2.),.UNSPECIFIED.);
#1276=B_SPLINE_CURVE_WITH_KNOTS('',2,(#9303,#9304,#9305,#9306),
 .UNSPECIFIED.,.F.,.F.,(3,1,3),(0.,1.,2.),.UNSPECIFIED.);
#1277=B_SPLINE_CURVE_WITH_KNOTS('',2,(#9316,#9317,#9318,#9319),
 .UNSPECIFIED.,.F.,.F.,(3,1,3),(0.,1.,2.),.UNSPECIFIED.);
#1278=B_SPLINE_CURVE_WITH_KNOTS('',2,(#9328,#9329,#9330),.UNSPECIFIED.,
 .F.,.F.,(3,3),(0.,1.),.UNSPECIFIED.);
#1279=B_SPLINE_CURVE_WITH_KNOTS('',3,(#9334,#9335,#9336,#9337),
 .UNSPECIFIED.,.F.,.F.,(4,4),(-0.0406129251071219,0.),.UNSPECIFIED.);
#1280=B_SPLINE_CURVE_WITH_KNOTS('',2,(#9346,#9347,#9348),.UNSPECIFIED.,
 .F.,.F.,(3,3),(0.,1.),.UNSPECIFIED.);
#1281=B_SPLINE_CURVE_WITH_KNOTS('',3,(#9351,#9352,#9353,#9354),
 .UNSPECIFIED.,.F.,.F.,(4,4),(-0.040612925107102,0.),.UNSPECIFIED.);
#1282=B_SPLINE_CURVE_WITH_KNOTS('',2,(#9374,#9375,#9376),.UNSPECIFIED.,
 .F.,.F.,(3,3),(0.,1.),.UNSPECIFIED.);
#1283=B_SPLINE_CURVE_WITH_KNOTS('',3,(#9379,#9380,#9381,#9382),
 .UNSPECIFIED.,.F.,.F.,(4,4),(-0.0406129251070975,0.),.UNSPECIFIED.);
#1284=B_SPLINE_CURVE_WITH_KNOTS('',2,(#9390,#9391,#9392),.UNSPECIFIED.,
 .F.,.F.,(3,3),(0.,1.),.UNSPECIFIED.);
#1285=B_SPLINE_CURVE_WITH_KNOTS('',3,(#9395,#9396,#9397,#9398),
 .UNSPECIFIED.,.F.,.F.,(4,4),(-0.0406129251071117,0.),.UNSPECIFIED.);
#1286=B_SPLINE_CURVE_WITH_KNOTS('',2,(#9412,#9413,#9414),.UNSPECIFIED.,
 .F.,.F.,(3,3),(0.,1.),.UNSPECIFIED.);
#1287=B_SPLINE_CURVE_WITH_KNOTS('',3,(#9417,#9418,#9419,#9420),
 .UNSPECIFIED.,.F.,.F.,(4,4),(-0.0406129251070922,0.),.UNSPECIFIED.);
#1288=B_SPLINE_CURVE_WITH_KNOTS('',3,(#9441,#9442,#9443,#9444,#9445,#9446,
#9447,#9448,#9449,#9450),.UNSPECIFIED.,.F.,.F.,(4,2,2,2,4),(0.,0.0376702543103432,
0.0753405086206863,0.113010762490995,0.150681016361304),.UNSPECIFIED.);
#1289=B_SPLINE_CURVE_WITH_KNOTS('',3,(#9451,#9452,#9453,#9454,#9455,#9456,
#9457,#9458,#9459,#9460,#9461,#9462,#9463,#9464,#9465,#9466,#9467,#9468,
#9469,#9470,#9471,#9472,#9473,#9474,#9475,#9476),.UNSPECIFIED.,.F.,.F.,
(4,2,2,2,2,2,2,2,2,2,2,2,4),(0.150681016361304,0.188351270231613,0.226021524101922,
0.263691778412265,0.301362032722608,0.339032287032951,0.376702541343294,
0.414372795213603,0.452043049083912,0.489713302954221,0.52738355682453,
0.565053811134873,0.602724065445216),.UNSPECIFIED.);
#1290=B_SPLINE_CURVE_WITH_KNOTS('',3,(#9477,#9478,#9479,#9480,#9481,#9482),
 .UNSPECIFIED.,.F.,.F.,(4,2,4),(1.04834548699641,1.05172781087865,1.09053062812308),
 .UNSPECIFIED.);
#1291=B_SPLINE_CURVE_WITH_KNOTS('',3,(#9485,#9486,#9487,#9488,#9489,#9490,
#9491,#9492,#9493,#9494,#9495,#9496,#9497,#9498,#9499,#9500,#9501,#9502,
#9503,#9504,#9505,#9506,#9507,#9508,#9509,#9510,#9511,#9512,#9513,#9514,
#9515,#9516,#9517,#9518),.UNSPECIFIED.,.T.,.F.,(4,2,2,2,2,2,2,2,2,2,2,2,
2,2,2,2,4),(0.,0.0390922276215032,0.0781844552430063,0.116987272487437,
0.155790089731868,0.1945929069763,0.233395724220731,0.272487951842234,0.311580179463738,
0.350672407085241,0.389764634706744,0.428567451951176,0.467370269195607,
0.506173086440038,0.544975903684469,0.584068131305972,0.623160358927475),
 .UNSPECIFIED.);
#1292=B_SPLINE_CURVE_WITH_KNOTS('',3,(#9522,#9523,#9524,#9525,#9526,#9527,
#9528,#9529,#9530,#9531),.UNSPECIFIED.,.F.,.F.,(4,2,2,2,4),(0.,0.0376702543103432,
0.0753405086206863,0.113010762490995,0.150681016361304),.UNSPECIFIED.);
#1293=B_SPLINE_CURVE_WITH_KNOTS('',3,(#9532,#9533,#9534,#9535,#9536,#9537,
#9538,#9539,#9540,#9541,#9542,#9543,#9544,#9545,#9546,#9547,#9548,#9549,
#9550,#9551,#9552,#9553,#9554,#9555,#9556,#9557),.UNSPECIFIED.,.F.,.F.,
(4,2,2,2,2,2,2,2,2,2,2,2,4),(0.150681016361304,0.188351270231612,0.226021524101921,
0.263691778412264,0.301362032722607,0.33903228703295,0.376702541343294,
0.414372795213602,0.452043049083911,0.489713302954219,0.527383556824528,
0.565053811134871,0.602724065445215),.UNSPECIFIED.);
#1294=B_SPLINE_CURVE_WITH_KNOTS('',3,(#9560,#9561,#9562,#9563,#9564,#9565,
#9566,#9567,#9568,#9569,#9570,#9571,#9572,#9573,#9574,#9575,#9576,#9577,
#9578,#9579,#9580,#9581,#9582,#9583,#9584,#9585,#9586,#9587,#9588,#9589,
#9590,#9591,#9592,#9593),.UNSPECIFIED.,.T.,.F.,(4,2,2,2,2,2,2,2,2,2,2,2,
2,2,2,2,4),(0.,0.0390922276215033,0.0781844552430065,0.116987272487437,
0.155790089731868,0.1945929069763,0.233395724220731,0.272487951842234,0.311580179463738,
0.350672407085241,0.389764634706745,0.428567451951176,0.467370269195607,
0.506173086440038,0.544975903684469,0.584068131305972,0.623160358927476),
 .UNSPECIFIED.);
#1295=B_SPLINE_CURVE_WITH_KNOTS('',3,(#9597,#9598,#9599,#9600,#9601,#9602,
#9603,#9604,#9605,#9606),.UNSPECIFIED.,.F.,.F.,(4,2,2,2,4),(0.,0.0376702543103432,
0.0753405086206865,0.113010762490995,0.150681016361304),.UNSPECIFIED.);
#1296=B_SPLINE_CURVE_WITH_KNOTS('',3,(#9607,#9608,#9609,#9610,#9611,#9612,
#9613,#9614,#9615,#9616,#9617,#9618,#9619,#9620,#9621,#9622,#9623,#9624,
#9625,#9626,#9627,#9628,#9629,#9630,#9631,#9632),.UNSPECIFIED.,.F.,.F.,
(4,2,2,2,2,2,2,2,2,2,2,2,4),(0.150681016361304,0.188351270231613,0.226021524101922,
0.263691778412265,0.301362032722608,0.339032287032951,0.376702541343294,
0.414372795213603,0.452043049083912,0.489713302954221,0.527383556824529,
0.565053811134873,0.602724065445216),.UNSPECIFIED.);
#1297=B_SPLINE_CURVE_WITH_KNOTS('',3,(#9635,#9636,#9637,#9638,#9639,#9640,
#9641,#9642,#9643,#9644,#9645,#9646,#9647,#9648,#9649,#9650,#9651,#9652,
#9653,#9654,#9655,#9656,#9657,#9658,#9659,#9660,#9661,#9662,#9663,#9664,
#9665,#9666,#9667,#9668),.UNSPECIFIED.,.T.,.F.,(4,2,2,2,2,2,2,2,2,2,2,2,
2,2,2,2,4),(0.,0.0390922276215033,0.0781844552430066,0.116987272487438,
0.155790089731869,0.1945929069763,0.233395724220731,0.272487951842235,0.311580179463738,
0.350672407085241,0.389764634706744,0.428567451951176,0.467370269195607,
0.506173086440038,0.544975903684469,0.584068131305973,0.623160358927476),
 .UNSPECIFIED.);
#1298=B_SPLINE_CURVE_WITH_KNOTS('',3,(#9672,#9673,#9674,#9675,#9676,#9677,
#9678,#9679,#9680,#9681),.UNSPECIFIED.,.F.,.F.,(4,2,2,2,4),(0.,0.0376702543103432,
0.0753405086206864,0.113010762490995,0.150681016361304),.UNSPECIFIED.);
#1299=B_SPLINE_CURVE_WITH_KNOTS('',3,(#9682,#9683,#9684,#9685,#9686,#9687,
#9688,#9689,#9690,#9691,#9692,#9693,#9694,#9695,#9696,#9697,#9698,#9699,
#9700,#9701,#9702,#9703,#9704,#9705,#9706,#9707),.UNSPECIFIED.,.F.,.F.,
(4,2,2,2,2,2,2,2,2,2,2,2,4),(0.150681016361304,0.188351270231613,0.226021524101921,
0.263691778412265,0.301362032722608,0.339032287032951,0.376702541343294,
0.414372795213603,0.452043049083912,0.48971330295422,0.527383556824529,
0.565053811134872,0.602724065445216),.UNSPECIFIED.);
#1300=B_SPLINE_CURVE_WITH_KNOTS('',3,(#9710,#9711,#9712,#9713,#9714,#9715,
#9716,#9717,#9718,#9719,#9720,#9721,#9722,#9723,#9724,#9725,#9726,#9727,
#9728,#9729,#9730,#9731,#9732,#9733,#9734,#9735,#9736,#9737,#9738,#9739,
#9740,#9741,#9742,#9743),.UNSPECIFIED.,.T.,.F.,(4,2,2,2,2,2,2,2,2,2,2,2,
2,2,2,2,4),(0.,0.0390922276215034,0.0781844552430067,0.116987272487438,
0.155790089731869,0.1945929069763,0.233395724220731,0.272487951842234,0.311580179463737,
0.350672407085241,0.389764634706744,0.428567451951175,0.467370269195606,
0.506173086440037,0.544975903684468,0.584068131305971,0.623160358927475),
 .UNSPECIFIED.);
#1301=B_SPLINE_CURVE_WITH_KNOTS('',3,(#9747,#9748,#9749,#9750,#9751,#9752,
#9753,#9754,#9755,#9756),.UNSPECIFIED.,.F.,.F.,(4,2,2,2,4),(0.,0.0376702543103432,
0.0753405086206865,0.113010762490995,0.150681016361304),.UNSPECIFIED.);
#1302=B_SPLINE_CURVE_WITH_KNOTS('',3,(#9757,#9758,#9759,#9760,#9761,#9762,
#9763,#9764,#9765,#9766,#9767,#9768,#9769,#9770,#9771,#9772,#9773,#9774,
#9775,#9776,#9777,#9778,#9779,#9780,#9781,#9782),.UNSPECIFIED.,.F.,.F.,
(4,2,2,2,2,2,2,2,2,2,2,2,4),(0.150681016361304,0.188351270231612,0.226021524101921,
0.263691778412264,0.301362032722607,0.339032287032951,0.376702541343294,
0.414372795213602,0.452043049083911,0.48971330295422,0.527383556824528,
0.565053811134871,0.602724065445215),.UNSPECIFIED.);
#1303=B_SPLINE_CURVE_WITH_KNOTS('',3,(#9823,#9824,#9825,#9826,#9827,#9828,
#9829,#9830,#9831,#9832,#9833,#9834,#9835,#9836,#9837,#9838,#9839,#9840,
#9841,#9842,#9843,#9844,#9845,#9846,#9847,#9848,#9849,#9850,#9851,#9852,
#9853,#9854,#9855,#9856),.UNSPECIFIED.,.T.,.F.,(4,2,2,2,2,2,2,2,2,2,2,2,
2,2,2,2,4),(0.,0.0390922276215034,0.0781844552430067,0.116987272487438,
0.155790089731869,0.1945929069763,0.233395724220731,0.272487951842234,0.311580179463738,
0.350672407085241,0.389764634706745,0.428567451951176,0.467370269195607,
0.506173086440038,0.544975903684469,0.584068131305972,0.623160358927475),
 .UNSPECIFIED.);
#1304=B_SPLINE_CURVE_WITH_KNOTS('',3,(#9860,#9861,#9862,#9863,#9864,#9865,
#9866,#9867,#9868,#9869),.UNSPECIFIED.,.F.,.F.,(4,2,2,2,4),(0.,0.0376702543103432,
0.0753405086206863,0.113010762490995,0.150681016361304),.UNSPECIFIED.);
#1305=B_SPLINE_CURVE_WITH_KNOTS('',3,(#9870,#9871,#9872,#9873,#9874,#9875,
#9876,#9877,#9878,#9879,#9880,#9881,#9882,#9883,#9884,#9885,#9886,#9887,
#9888,#9889,#9890,#9891,#9892,#9893,#9894,#9895),.UNSPECIFIED.,.F.,.F.,
(4,2,2,2,2,2,2,2,2,2,2,2,4),(0.150681016361304,0.188351270231613,0.226021524101921,
0.263691778412264,0.301362032722608,0.339032287032951,0.376702541343294,
0.414372795213603,0.452043049083911,0.48971330295422,0.527383556824529,
0.565053811134872,0.602724065445215),.UNSPECIFIED.);
#1306=B_SPLINE_CURVE_WITH_KNOTS('',3,(#9924,#9925,#9926,#9927,#9928,#9929,
#9930,#9931,#9932,#9933,#9934,#9935,#9936,#9937,#9938,#9939,#9940,#9941,
#9942),.UNSPECIFIED.,.F.,.F.,(4,2,2,2,3,2,2,2,4),(2.41545836669472,2.61817309154637,
2.82088781639802,3.02074948599549,3.22061115559296,3.42047282519044,3.62033449478791,
3.82304921963956,4.0257639444912),.UNSPECIFIED.);
#1307=B_SPLINE_CURVE_WITH_KNOTS('',3,(#9945,#9946,#9947,#9948,#9949,#9950,
#9951,#9952,#9953,#9954),.UNSPECIFIED.,.F.,.F.,(4,2,2,2,4),(0.805152788898241,
1.00786751374989,1.21058223860153,1.41044390819901,1.61030557779648),
 .UNSPECIFIED.);
#1308=B_SPLINE_CURVE_WITH_KNOTS('',3,(#9955,#9956,#9957,#9958,#9959,#9960,
#9961,#9962,#9963,#9964),.UNSPECIFIED.,.F.,.F.,(4,2,2,2,4),(1.61030557779648,
1.81016724739396,2.01002891699143,2.21274364184308,2.41545836669472),
 .UNSPECIFIED.);
#1309=B_SPLINE_CURVE_WITH_KNOTS('',3,(#9967,#9968,#9969,#9970,#9971,#9972,
#9973,#9974,#9975,#9976),.UNSPECIFIED.,.F.,.F.,(4,2,2,2,4),(0.805152788898241,
1.00786751374989,1.21058223860153,1.41044390819901,1.61030557779648),
 .UNSPECIFIED.);
#1310=B_SPLINE_CURVE_WITH_KNOTS('',3,(#9978,#9979,#9980,#9981,#9982,#9983,
#9984,#9985,#9986,#9987),.UNSPECIFIED.,.F.,.F.,(4,2,2,2,4),(1.61030557779648,
1.81016724739395,2.01002891699143,2.21274364184308,2.41545836669472),
 .UNSPECIFIED.);
#1311=B_SPLINE_CURVE_WITH_KNOTS('',3,(#9988,#9989,#9990,#9991,#9992,#9993,
#9994,#9995,#9996,#9997,#9998,#9999,#10000,#10001,#10002,#10003,#10004,
#10005,#10006),.UNSPECIFIED.,.F.,.F.,(4,2,2,2,3,2,2,2,4),(2.41545836669472,
2.61817309154637,2.82088781639802,3.02074948599549,3.22061115559296,3.42047282519044,
3.62033449478791,3.82304921963956,4.0257639444912),.UNSPECIFIED.);
#1312=B_SPLINE_CURVE_WITH_KNOTS('',3,(#10009,#10010,#10011,#10012,#10013,
#10014,#10015,#10016,#10017,#10018),.UNSPECIFIED.,.F.,.F.,(4,2,2,2,4),(0.805152788898241,
1.00786751374989,1.21058223860153,1.41044390819901,1.61030557779648),
 .UNSPECIFIED.);
#1313=B_SPLINE_CURVE_WITH_KNOTS('',3,(#10020,#10021,#10022,#10023,#10024,
#10025,#10026,#10027,#10028,#10029),.UNSPECIFIED.,.F.,.F.,(4,2,2,2,4),(1.61030557779648,
1.81016724739396,2.01002891699143,2.21274364184308,2.41545836669472),
 .UNSPECIFIED.);
#1314=B_SPLINE_CURVE_WITH_KNOTS('',3,(#10030,#10031,#10032,#10033,#10034,
#10035,#10036,#10037,#10038,#10039,#10040,#10041,#10042,#10043,#10044,#10045,
#10046,#10047,#10048),.UNSPECIFIED.,.F.,.F.,(4,2,2,2,3,2,2,2,4),(2.41545836669472,
2.61817309154637,2.82088781639802,3.02074948599549,3.22061115559296,3.42047282519044,
3.62033449478791,3.82304921963956,4.0257639444912),.UNSPECIFIED.);
#1315=B_SPLINE_CURVE_WITH_KNOTS('',3,(#10051,#10052,#10053,#10054,#10055,
#10056,#10057,#10058,#10059,#10060),.UNSPECIFIED.,.F.,.F.,(4,2,2,2,4),(0.805152788898241,
1.00786751374989,1.21058223860153,1.41044390819901,1.61030557779648),
 .UNSPECIFIED.);
#1316=B_SPLINE_CURVE_WITH_KNOTS('',3,(#10062,#10063,#10064,#10065,#10066,
#10067,#10068,#10069,#10070,#10071),.UNSPECIFIED.,.F.,.F.,(4,2,2,2,4),(1.61030557779648,
1.81016724739396,2.01002891699143,2.21274364184308,2.41545836669472),
 .UNSPECIFIED.);
#1317=B_SPLINE_CURVE_WITH_KNOTS('',3,(#10072,#10073,#10074,#10075,#10076,
#10077,#10078,#10079,#10080,#10081,#10082,#10083,#10084,#10085,#10086,#10087,
#10088,#10089,#10090),.UNSPECIFIED.,.F.,.F.,(4,2,2,2,3,2,2,2,4),(2.41545836669472,
2.61817309154637,2.82088781639802,3.02074948599549,3.22061115559296,3.42047282519044,
3.62033449478791,3.82304921963956,4.0257639444912),.UNSPECIFIED.);
#1318=B_SPLINE_CURVE_WITH_KNOTS('',3,(#10104,#10105,#10106,#10107,#10108,
#10109,#10110,#10111,#10112,#10113),.UNSPECIFIED.,.F.,.F.,(4,2,2,2,4),(2.26398702271269,
2.45265078581416,2.64131454891564,2.82998195626628,3.01864936361692),
 .UNSPECIFIED.);
#1319=B_SPLINE_CURVE_WITH_KNOTS('',3,(#10115,#10116,#10117,#10118,#10119,
#10120,#10121,#10122,#10123,#10124),.UNSPECIFIED.,.F.,.F.,(4,2,2,2,4),(0.,
0.188667407350641,0.377334814701283,0.565998577802756,0.754662340904229),
 .UNSPECIFIED.);
#1320=B_SPLINE_CURVE_WITH_KNOTS('',3,(#10126,#10127,#10128,#10129,#10130,
#10131,#10132,#10133,#10134,#10135,#10136,#10137,#10138,#10139,#10140,#10141,
#10142,#10143),.UNSPECIFIED.,.F.,.F.,(4,2,2,2,2,2,2,2,4),(0.754662340904229,
0.943326104005703,1.13198986710718,1.32065727445782,1.50932468180846,1.6979920891591,
1.88665949650974,2.07532325961122,2.26398702271269),.UNSPECIFIED.);
#1321=B_SPLINE_CURVE_WITH_KNOTS('',3,(#10146,#10147,#10148,#10149,#10150,
#10151,#10152,#10153,#10154,#10155,#10156,#10157,#10158,#10159,#10160,#10161,
#10162,#10163,#10164,#10165,#10166,#10167,#10168,#10169,#10170,#10171,#10172,
#10173,#10174,#10175,#10176,#10177,#10178,#10179),.UNSPECIFIED.,.T.,.F.,
(4,2,2,2,2,2,2,2,2,2,2,2,2,2,2,2,4),(0.,0.188667407350642,0.377334814701283,
0.565998577802756,0.75466234090423,0.943326104005703,1.13198986710718,1.32065727445782,
1.50932468180846,1.6979920891591,1.88665949650974,2.07532325961122,2.26398702271269,
2.45265078581416,2.64131454891564,2.82998195626628,3.01864936361692),
 .UNSPECIFIED.);
#1322=B_SPLINE_CURVE_WITH_KNOTS('',3,(#10181,#10182,#10183,#10184,#10185,
#10186,#10187,#10188,#10189,#10190,#10191,#10192,#10193,#10194,#10195,#10196,
#10197,#10198,#10199,#10200,#10201,#10202,#10203,#10204,#10205,#10206,#10207,
#10208,#10209,#10210,#10211,#10212,#10213,#10214),.UNSPECIFIED.,.T.,.F.,
(4,2,2,2,2,2,2,2,2,2,2,2,2,2,2,2,4),(0.,0.188667407350642,0.377334814701283,
0.565998577802756,0.75466234090423,0.943326104005703,1.13198986710718,1.32065727445782,
1.50932468180846,1.6979920891591,1.88665949650974,2.07532325961122,2.26398702271269,
2.45265078581416,2.64131454891564,2.82998195626628,3.01864936361692),
 .UNSPECIFIED.);
#1323=B_SPLINE_CURVE_WITH_KNOTS('',3,(#10216,#10217,#10218,#10219,#10220,
#10221,#10222,#10223,#10224,#10225,#10226,#10227,#10228,#10229,#10230,#10231,
#10232,#10233,#10234,#10235,#10236,#10237,#10238,#10239,#10240,#10241,#10242,
#10243,#10244,#10245,#10246,#10247,#10248,#10249),.UNSPECIFIED.,.T.,.F.,
(4,2,2,2,2,2,2,2,2,2,2,2,2,2,2,2,4),(0.,0.188667407350641,0.377334814701283,
0.565998577802756,0.754662340904229,0.943326104005703,1.13198986710718,
1.32065727445782,1.50932468180846,1.6979920891591,1.88665949650974,2.07532325961122,
2.26398702271269,2.45265078581416,2.64131454891564,2.82998195626628,3.01864936361692),
 .UNSPECIFIED.);
#1324=B_SPLINE_CURVE_WITH_KNOTS('',3,(#10317,#10318,#10319,#10320,#10321,
#10322,#10323,#10324,#10325,#10326,#10327,#10328,#10329,#10330,#10331,#10332,
#10333,#10334,#10335,#10336),.UNSPECIFIED.,.F.,.F.,(4,2,2,2,2,2,2,2,2,4),
(0.,0.136566699862638,0.323939181731232,0.526710588135295,0.72293056523434,
0.932135858684244,1.18765954691397,1.40404970765931,1.54818878987028,1.71593814056989),
 .UNSPECIFIED.);
#1325=B_SPLINE_CURVE_WITH_KNOTS('',3,(#10340,#10341,#10342,#10343,#10344,
#10345,#10346,#10347,#10348,#10349,#10350,#10351,#10352,#10353,#10354,#10355,
#10356,#10357,#10358,#10359),.UNSPECIFIED.,.F.,.F.,(4,2,2,2,2,2,2,2,2,4),
(0.,0.138497704695682,0.26677062175077,0.425002811864494,0.731894126158589,
1.02424754117861,1.25218922763426,1.46219962641883,1.57360757154793,1.68205332057894),
 .UNSPECIFIED.);
#1326=B_SPLINE_CURVE_WITH_KNOTS('',3,(#10363,#10364,#10365,#10366,#10367,
#10368,#10369,#10370,#10371,#10372,#10373,#10374,#10375,#10376,#10377,#10378,
#10379,#10380,#10381,#10382),.UNSPECIFIED.,.F.,.F.,(4,2,2,2,2,2,2,2,2,4),
(0.,0.136566699862643,0.323939181731399,0.526710588135747,0.722930565235057,
0.932135858685188,1.18765954691492,1.40404970765984,1.54818878987052,1.71593814056983),
 .UNSPECIFIED.);
#1327=B_SPLINE_CURVE_WITH_KNOTS('',3,(#10386,#10387,#10388,#10389,#10390,
#10391,#10392,#10393,#10394,#10395,#10396,#10397,#10398,#10399,#10400,#10401,
#10402,#10403,#10404,#10405),.UNSPECIFIED.,.F.,.F.,(4,2,2,2,2,2,2,2,2,4),
(0.,0.138497704695671,0.266770621750484,0.425002811863453,0.731894126155397,
1.02424754117334,1.25218922762739,1.46219962641057,1.57360757153891,1.68205332056919),
 .UNSPECIFIED.);
#1328=B_SPLINE_CURVE_WITH_KNOTS('',3,(#10493,#10494,#10495,#10496,#10497,
#10498,#10499,#10500,#10501,#10502,#10503,#10504,#10505,#10506,#10507),
 .UNSPECIFIED.,.F.,.F.,(4,1,1,1,1,1,2,1,1,1,1,4),(-1.,-0.911396805074947,
-0.881862406766596,-0.821188047087889,-0.760513687409181,-0.634314866545526,
-0.512586423470544,-0.38749392296346,-0.260420834455026,-0.132799756254583,
-0.0829998476591145,0.),.UNSPECIFIED.);
#1329=B_SPLINE_CURVE_WITH_KNOTS('',3,(#10513,#10514,#10515,#10516,#10517,
#10518,#10519,#10520,#10521,#10522),.UNSPECIFIED.,.F.,.F.,(4,2,2,2,4),(1.57136634581912,
1.73651596335465,1.84452274486075,1.89852613561379,1.95252952636684),
 .UNSPECIFIED.);
#1330=B_SPLINE_CURVE_WITH_KNOTS('',3,(#10524,#10525,#10526,#10527,#10528,
#10529,#10530,#10531),.UNSPECIFIED.,.F.,.F.,(4,2,2,4),(-0.228177832833269,
-0.226991015114401,-0.107451911716404,-0.000314242475673283),
 .UNSPECIFIED.);
#1331=B_SPLINE_CURVE_WITH_KNOTS('',3,(#10533,#10534,#10535,#10536,#10537,
#10538),.UNSPECIFIED.,.F.,.F.,(4,2,4),(-0.303583923185952,0.,0.00123381907260997),
 .UNSPECIFIED.);
#1332=B_SPLINE_CURVE_WITH_KNOTS('',3,(#10540,#10541,#10542,#10543,#10544,
#10545),.UNSPECIFIED.,.F.,.F.,(4,2,4),(0.,0.641237536764078,0.904917704469064),
 .UNSPECIFIED.);
#1333=B_SPLINE_CURVE_WITH_KNOTS('',3,(#10610,#10611,#10612,#10613,#10614,
#10615,#10616,#10617,#10618,#10619,#10620,#10621,#10622,#10623,#10624),
 .UNSPECIFIED.,.F.,.F.,(4,1,1,1,1,2,1,1,1,1,1,4),(0.,0.0829998476591145,
0.132799756254583,0.260420834455026,0.38749392296346,0.512586423470544,
0.634314866545526,0.760513687409181,0.821188047087889,0.881862406766596,
0.911396805074947,1.),.UNSPECIFIED.);
#1334=B_SPLINE_CURVE_WITH_KNOTS('',3,(#10630,#10631,#10632,#10633,#10634,
#10635,#10636,#10637,#10638,#10639,#10640,#10641,#10642,#10643,#10644,#10645),
 .UNSPECIFIED.,.F.,.F.,(4,2,2,2,2,2,2,4),(1.95252952636684,2.00653291711989,
2.06053630787294,2.16854308937903,2.39556353429228,2.62258397920553,3.2638215159696,
3.90505905273368),.UNSPECIFIED.);
#1335=B_SPLINE_CURVE_WITH_KNOTS('',3,(#10658,#10659,#10660,#10661,#10662,
#10663),.UNSPECIFIED.,.F.,.F.,(4,2,4),(-0.303550325512428,0.,0.00123388544879336),
 .UNSPECIFIED.);
#1336=B_SPLINE_CURVE_WITH_KNOTS('',3,(#10668,#10669,#10670,#10671,#10672,
#10673,#10674,#10675),.UNSPECIFIED.,.F.,.F.,(4,2,2,4),(-0.228116620944375,
-0.22693004464788,-0.108073201586609,0.),.UNSPECIFIED.);
#1337=B_SPLINE_CURVE_WITH_KNOTS('',3,(#10740,#10741,#10742,#10743,#10744,
#10745,#10746,#10747,#10748,#10749,#10750,#10751,#10752,#10753,#10754),
 .UNSPECIFIED.,.F.,.F.,(4,1,1,1,1,1,2,1,1,1,1,4),(-1.,-0.911396805074947,
-0.881862406766596,-0.821188047087889,-0.760513687409181,-0.634314866545526,
-0.512586423470544,-0.38749392296346,-0.260420834455026,-0.132799756254583,
-0.0829998476591145,0.),.UNSPECIFIED.);
#1338=B_SPLINE_CURVE_WITH_KNOTS('',3,(#10819,#10820,#10821,#10822,#10823,
#10824,#10825,#10826,#10827,#10828,#10829,#10830,#10831,#10832,#10833),
 .UNSPECIFIED.,.F.,.F.,(4,1,1,1,1,2,1,1,1,1,1,4),(0.,0.0829998476591145,
0.132799756254583,0.260420834455026,0.38749392296346,0.512586423470544,
0.634314866545526,0.760513687409181,0.821188047087889,0.881862406766596,
0.911396805074947,1.),.UNSPECIFIED.);
#1339=B_SPLINE_CURVE_WITH_KNOTS('',3,(#10839,#10840,#10841,#10842,#10843,
#10844,#10845,#10846,#10847,#10848,#10849,#10850,#10851,#10852,#10853,#10854),
 .UNSPECIFIED.,.F.,.F.,(4,2,2,2,2,2,2,4),(1.95252952636684,2.00653291711989,
2.06053630787294,2.16854308937903,2.39556353429228,2.62258397920553,3.2638215159696,
3.90505905273368),.UNSPECIFIED.);
#1340=B_SPLINE_CURVE_WITH_KNOTS('',3,(#10868,#10869,#10870,#10871,#10872,
#10873,#10874,#10875,#10876,#10877),.UNSPECIFIED.,.F.,.F.,(4,2,2,2,4),(1.57136634581913,
1.73651596335465,1.84452274486074,1.89852613561379,1.95252952636684),
 .UNSPECIFIED.);
#1341=LINE('',#6637,#1764);
#1342=LINE('',#6652,#1765);
#1343=LINE('',#6669,#1766);
#1344=LINE('',#6703,#1767);
#1345=LINE('',#6705,#1768);
#1346=LINE('',#6717,#1769);
#1347=LINE('',#6719,#1770);
#1348=LINE('',#6736,#1771);
#1349=LINE('',#6748,#1772);
#1350=LINE('',#6750,#1773);
#1351=LINE('',#6762,#1774);
#1352=LINE('',#6783,#1775);
#1353=LINE('',#6784,#1776);
#1354=LINE('',#6795,#1777);
#1355=LINE('',#6806,#1778);
#1356=LINE('',#6809,#1779);
#1357=LINE('',#6810,#1780);
#1358=LINE('',#6813,#1781);
#1359=LINE('',#6814,#1782);
#1360=LINE('',#6825,#1783);
#1361=LINE('',#6836,#1784);
#1362=LINE('',#6839,#1785);
#1363=LINE('',#6840,#1786);
#1364=LINE('',#6843,#1787);
#1365=LINE('',#6844,#1788);
#1366=LINE('',#6855,#1789);
#1367=LINE('',#6866,#1790);
#1368=LINE('',#6877,#1791);
#1369=LINE('',#6880,#1792);
#1370=LINE('',#6881,#1793);
#1371=LINE('',#6892,#1794);
#1372=LINE('',#6903,#1795);
#1373=LINE('',#6906,#1796);
#1374=LINE('',#6907,#1797);
#1375=LINE('',#6910,#1798);
#1376=LINE('',#6911,#1799);
#1377=LINE('',#6922,#1800);
#1378=LINE('',#6933,#1801);
#1379=LINE('',#6935,#1802);
#1380=LINE('',#6951,#1803);
#1381=LINE('',#6960,#1804);
#1382=LINE('',#6972,#1805);
#1383=LINE('',#6979,#1806);
#1384=LINE('',#6981,#1807);
#1385=LINE('',#6982,#1808);
#1386=LINE('',#6994,#1809);
#1387=LINE('',#7013,#1810);
#1388=LINE('',#7032,#1811);
#1389=LINE('',#7048,#1812);
#1390=LINE('',#7064,#1813);
#1391=LINE('',#7083,#1814);
#1392=LINE('',#7102,#1815);
#1393=LINE('',#7118,#1816);
#1394=LINE('',#7137,#1817);
#1395=LINE('',#7156,#1818);
#1396=LINE('',#7163,#1819);
#1397=LINE('',#7165,#1820);
#1398=LINE('',#7166,#1821);
#1399=LINE('',#7178,#1822);
#1400=LINE('',#7197,#1823);
#1401=LINE('',#7221,#1824);
#1402=LINE('',#7237,#1825);
#1403=LINE('',#7256,#1826);
#1404=LINE('',#7275,#1827);
#1405=LINE('',#7299,#1828);
#1406=LINE('',#7311,#1829);
#1407=LINE('',#7313,#1830);
#1408=LINE('',#7325,#1831);
#1409=LINE('',#7327,#1832);
#1410=LINE('',#7348,#1833);
#1411=LINE('',#7349,#1834);
#1412=LINE('',#7352,#1835);
#1413=LINE('',#7353,#1836);
#1414=LINE('',#7356,#1837);
#1415=LINE('',#7357,#1838);
#1416=LINE('',#7368,#1839);
#1417=LINE('',#7379,#1840);
#1418=LINE('',#7382,#1841);
#1419=LINE('',#7383,#1842);
#1420=LINE('',#7394,#1843);
#1421=LINE('',#7405,#1844);
#1422=LINE('',#7408,#1845);
#1423=LINE('',#7409,#1846);
#1424=LINE('',#7412,#1847);
#1425=LINE('',#7413,#1848);
#1426=LINE('',#7426,#1849);
#1427=LINE('',#7428,#1850);
#1428=LINE('',#7430,#1851);
#1429=LINE('',#7431,#1852);
#1430=LINE('',#7446,#1853);
#1431=LINE('',#7456,#1854);
#1432=LINE('',#7458,#1855);
#1433=LINE('',#7459,#1856);
#1434=LINE('',#7474,#1857);
#1435=LINE('',#7485,#1858);
#1436=LINE('',#7487,#1859);
#1437=LINE('',#7489,#1860);
#1438=LINE('',#7490,#1861);
#1439=LINE('',#7493,#1862);
#1440=LINE('',#7495,#1863);
#1441=LINE('',#7496,#1864);
#1442=LINE('',#7518,#1865);
#1443=LINE('',#7521,#1866);
#1444=LINE('',#7523,#1867);
#1445=LINE('',#7524,#1868);
#1446=LINE('',#7536,#1869);
#1447=LINE('',#7543,#1870);
#1448=LINE('',#7545,#1871);
#1449=LINE('',#7546,#1872);
#1450=LINE('',#7562,#1873);
#1451=LINE('',#7564,#1874);
#1452=LINE('',#7565,#1875);
#1453=LINE('',#7580,#1876);
#1454=LINE('',#7589,#1877);
#1455=LINE('',#7590,#1878);
#1456=LINE('',#7613,#1879);
#1457=LINE('',#7620,#1880);
#1458=LINE('',#7632,#1881);
#1459=LINE('',#7633,#1882);
#1460=LINE('',#7637,#1883);
#1461=LINE('',#7638,#1884);
#1462=LINE('',#7639,#1885);
#1463=LINE('',#7650,#1886);
#1464=LINE('',#7653,#1887);
#1465=LINE('',#7654,#1888);
#1466=LINE('',#7665,#1889);
#1467=LINE('',#7676,#1890);
#1468=LINE('',#7679,#1891);
#1469=LINE('',#7680,#1892);
#1470=LINE('',#7683,#1893);
#1471=LINE('',#7684,#1894);
#1472=LINE('',#7695,#1895);
#1473=LINE('',#7717,#1896);
#1474=LINE('',#7723,#1897);
#1475=LINE('',#7726,#1898);
#1476=LINE('',#7728,#1899);
#1477=LINE('',#7729,#1900);
#1478=LINE('',#7732,#1901);
#1479=LINE('',#7734,#1902);
#1480=LINE('',#7735,#1903);
#1481=LINE('',#7738,#1904);
#1482=LINE('',#7740,#1905);
#1483=LINE('',#7741,#1906);
#1484=LINE('',#7753,#1907);
#1485=LINE('',#7777,#1908);
#1486=LINE('',#7784,#1909);
#1487=LINE('',#7786,#1910);
#1488=LINE('',#7787,#1911);
#1489=LINE('',#7799,#1912);
#1490=LINE('',#7806,#1913);
#1491=LINE('',#7808,#1914);
#1492=LINE('',#7809,#1915);
#1493=LINE('',#7821,#1916);
#1494=LINE('',#7837,#1917);
#1495=LINE('',#7844,#1918);
#1496=LINE('',#7846,#1919);
#1497=LINE('',#7847,#1920);
#1498=LINE('',#7850,#1921);
#1499=LINE('',#7852,#1922);
#1500=LINE('',#7853,#1923);
#1501=LINE('',#7889,#1924);
#1502=LINE('',#7945,#1925);
#1503=LINE('',#7997,#1926);
#1504=LINE('',#7998,#1927);
#1505=LINE('',#8009,#1928);
#1506=LINE('',#8023,#1929);
#1507=LINE('',#8034,#1930);
#1508=LINE('',#8045,#1931);
#1509=LINE('',#8059,#1932);
#1510=LINE('',#8070,#1933);
#1511=LINE('',#8073,#1934);
#1512=LINE('',#8074,#1935);
#1513=LINE('',#8085,#1936);
#1514=LINE('',#8099,#1937);
#1515=LINE('',#8110,#1938);
#1516=LINE('',#8121,#1939);
#1517=LINE('',#8135,#1940);
#1518=LINE('',#8146,#1941);
#1519=LINE('',#8157,#1942);
#1520=LINE('',#8168,#1943);
#1521=LINE('',#8182,#1944);
#1522=LINE('',#8193,#1945);
#1523=LINE('',#8196,#1946);
#1524=LINE('',#8197,#1947);
#1525=LINE('',#8208,#1948);
#1526=LINE('',#8236,#1949);
#1527=LINE('',#8245,#1950);
#1528=LINE('',#8260,#1951);
#1529=LINE('',#8270,#1952);
#1530=LINE('',#8272,#1953);
#1531=LINE('',#8273,#1954);
#1532=LINE('',#8277,#1955);
#1533=LINE('',#8279,#1956);
#1534=LINE('',#8281,#1957);
#1535=LINE('',#8282,#1958);
#1536=LINE('',#8304,#1959);
#1537=LINE('',#8326,#1960);
#1538=LINE('',#8341,#1961);
#1539=LINE('',#8363,#1962);
#1540=LINE('',#8372,#1963);
#1541=LINE('',#8373,#1964);
#1542=LINE('',#8388,#1965);
#1543=LINE('',#8410,#1966);
#1544=LINE('',#8419,#1967);
#1545=LINE('',#8420,#1968);
#1546=LINE('',#8425,#1969);
#1547=LINE('',#8432,#1970);
#1548=LINE('',#8439,#1971);
#1549=LINE('',#8449,#1972);
#1550=LINE('',#8459,#1973);
#1551=LINE('',#8469,#1974);
#1552=LINE('',#8484,#1975);
#1553=LINE('',#8485,#1976);
#1554=LINE('',#8489,#1977);
#1555=LINE('',#8490,#1978);
#1556=LINE('',#8491,#1979);
#1557=LINE('',#8505,#1980);
#1558=LINE('',#8508,#1981);
#1559=LINE('',#8509,#1982);
#1560=LINE('',#8521,#1983);
#1561=LINE('',#8522,#1984);
#1562=LINE('',#8525,#1985);
#1563=LINE('',#8526,#1986);
#1564=LINE('',#8537,#1987);
#1565=LINE('',#8540,#1988);
#1566=LINE('',#8541,#1989);
#1567=LINE('',#8555,#1990);
#1568=LINE('',#8558,#1991);
#1569=LINE('',#8559,#1992);
#1570=LINE('',#8561,#1993);
#1571=LINE('',#8575,#1994);
#1572=LINE('',#8578,#1995);
#1573=LINE('',#8579,#1996);
#1574=LINE('',#8593,#1997);
#1575=LINE('',#8595,#1998);
#1576=LINE('',#8599,#1999);
#1577=LINE('',#8601,#2000);
#1578=LINE('',#8603,#2001);
#1579=LINE('',#8604,#2002);
#1580=LINE('',#8616,#2003);
#1581=LINE('',#8632,#2004);
#1582=LINE('',#8639,#2005);
#1583=LINE('',#8641,#2006);
#1584=LINE('',#8642,#2007);
#1585=LINE('',#8645,#2008);
#1586=LINE('',#8647,#2009);
#1587=LINE('',#8648,#2010);
#1588=LINE('',#8660,#2011);
#1589=LINE('',#8676,#2012);
#1590=LINE('',#8683,#2013);
#1591=LINE('',#8685,#2014);
#1592=LINE('',#8686,#2015);
#1593=LINE('',#8698,#2016);
#1594=LINE('',#8714,#2017);
#1595=LINE('',#8730,#2018);
#1596=LINE('',#8737,#2019);
#1597=LINE('',#8739,#2020);
#1598=LINE('',#8740,#2021);
#1599=LINE('',#8743,#2022);
#1600=LINE('',#8745,#2023);
#1601=LINE('',#8746,#2024);
#1602=LINE('',#8758,#2025);
#1603=LINE('',#8774,#2026);
#1604=LINE('',#8781,#2027);
#1605=LINE('',#8783,#2028);
#1606=LINE('',#8784,#2029);
#1607=LINE('',#8787,#2030);
#1608=LINE('',#8789,#2031);
#1609=LINE('',#8790,#2032);
#1610=LINE('',#8802,#2033);
#1611=LINE('',#8818,#2034);
#1612=LINE('',#8845,#2035);
#1613=LINE('',#8857,#2036);
#1614=LINE('',#8859,#2037);
#1615=LINE('',#8871,#2038);
#1616=LINE('',#8873,#2039);
#1617=LINE('',#8875,#2040);
#1618=LINE('',#8886,#2041);
#1619=LINE('',#8898,#2042);
#1620=LINE('',#8899,#2043);
#1621=LINE('',#8902,#2044);
#1622=LINE('',#8903,#2045);
#1623=LINE('',#8906,#2046);
#1624=LINE('',#8907,#2047);
#1625=LINE('',#8918,#2048);
#1626=LINE('',#8929,#2049);
#1627=LINE('',#8932,#2050);
#1628=LINE('',#8933,#2051);
#1629=LINE('',#8944,#2052);
#1630=LINE('',#8947,#2053);
#1631=LINE('',#8948,#2054);
#1632=LINE('',#8959,#2055);
#1633=LINE('',#8970,#2056);
#1634=LINE('',#8973,#2057);
#1635=LINE('',#8974,#2058);
#1636=LINE('',#8977,#2059);
#1637=LINE('',#8978,#2060);
#1638=LINE('',#8981,#2061);
#1639=LINE('',#8982,#2062);
#1640=LINE('',#9004,#2063);
#1641=LINE('',#9010,#2064);
#1642=LINE('',#9013,#2065);
#1643=LINE('',#9015,#2066);
#1644=LINE('',#9016,#2067);
#1645=LINE('',#9019,#2068);
#1646=LINE('',#9021,#2069);
#1647=LINE('',#9022,#2070);
#1648=LINE('',#9034,#2071);
#1649=LINE('',#9050,#2072);
#1650=LINE('',#9057,#2073);
#1651=LINE('',#9059,#2074);
#1652=LINE('',#9060,#2075);
#1653=LINE('',#9072,#2076);
#1654=LINE('',#9088,#2077);
#1655=LINE('',#9095,#2078);
#1656=LINE('',#9097,#2079);
#1657=LINE('',#9098,#2080);
#1658=LINE('',#9101,#2081);
#1659=LINE('',#9103,#2082);
#1660=LINE('',#9104,#2083);
#1661=LINE('',#9138,#2084);
#1662=LINE('',#9155,#2085);
#1663=LINE('',#9174,#2086);
#1664=LINE('',#9191,#2087);
#1665=LINE('',#9195,#2088);
#1666=LINE('',#9196,#2089);
#1667=LINE('',#9197,#2090);
#1668=LINE('',#9211,#2091);
#1669=LINE('',#9225,#2092);
#1670=LINE('',#9229,#2093);
#1671=LINE('',#9230,#2094);
#1672=LINE('',#9231,#2095);
#1673=LINE('',#9245,#2096);
#1674=LINE('',#9259,#2097);
#1675=LINE('',#9273,#2098);
#1676=LINE('',#9287,#2099);
#1677=LINE('',#9289,#2100);
#1678=LINE('',#9292,#2101);
#1679=LINE('',#9293,#2102);
#1680=LINE('',#9307,#2103);
#1681=LINE('',#9332,#2104);
#1682=LINE('',#9338,#2105);
#1683=LINE('',#9350,#2106);
#1684=LINE('',#9357,#2107);
#1685=LINE('',#9359,#2108);
#1686=LINE('',#9360,#2109);
#1687=LINE('',#9363,#2110);
#1688=LINE('',#9365,#2111);
#1689=LINE('',#9366,#2112);
#1690=LINE('',#9378,#2113);
#1691=LINE('',#9394,#2114);
#1692=LINE('',#9401,#2115);
#1693=LINE('',#9403,#2116);
#1694=LINE('',#9404,#2117);
#1695=LINE('',#9416,#2118);
#1696=LINE('',#9422,#2119);
#1697=LINE('',#9423,#2120);
#1698=LINE('',#9439,#2121);
#1699=LINE('',#9520,#2122);
#1700=LINE('',#9595,#2123);
#1701=LINE('',#9670,#2124);
#1702=LINE('',#9745,#2125);
#1703=LINE('',#9791,#2126);
#1704=LINE('',#9800,#2127);
#1705=LINE('',#9809,#2128);
#1706=LINE('',#9818,#2129);
#1707=LINE('',#9858,#2130);
#1708=LINE('',#9902,#2131);
#1709=LINE('',#9911,#2132);
#1710=LINE('',#9922,#2133);
#1711=LINE('',#9943,#2134);
#1712=LINE('',#10093,#2135);
#1713=LINE('',#10102,#2136);
#1714=LINE('',#10125,#2137);
#1715=LINE('',#10252,#2138);
#1716=LINE('',#10257,#2139);
#1717=LINE('',#10260,#2140);
#1718=LINE('',#10265,#2141);
#1719=LINE('',#10268,#2142);
#1720=LINE('',#10273,#2143);
#1721=LINE('',#10276,#2144);
#1722=LINE('',#10281,#2145);
#1723=LINE('',#10286,#2146);
#1724=LINE('',#10292,#2147);
#1725=LINE('',#10305,#2148);
#1726=LINE('',#10311,#2149);
#1727=LINE('',#10338,#2150);
#1728=LINE('',#10360,#2151);
#1729=LINE('',#10384,#2152);
#1730=LINE('',#10406,#2153);
#1731=LINE('',#10414,#2154);
#1732=LINE('',#10417,#2155);
#1733=LINE('',#10420,#2156);
#1734=LINE('',#10423,#2157);
#1735=LINE('',#10426,#2158);
#1736=LINE('',#10429,#2159);
#1737=LINE('',#10491,#2160);
#1738=LINE('',#10508,#2161);
#1739=LINE('',#10511,#2162);
#1740=LINE('',#10546,#2163);
#1741=LINE('',#10608,#2164);
#1742=LINE('',#10625,#2165);
#1743=LINE('',#10628,#2166);
#1744=LINE('',#10646,#2167);
#1745=LINE('',#10648,#2168);
#1746=LINE('',#10650,#2169);
#1747=LINE('',#10652,#2170);
#1748=LINE('',#10654,#2171);
#1749=LINE('',#10738,#2172);
#1750=LINE('',#10755,#2173);
#1751=LINE('',#10817,#2174);
#1752=LINE('',#10834,#2175);
#1753=LINE('',#10837,#2176);
#1754=LINE('',#10855,#2177);
#1755=LINE('',#10857,#2178);
#1756=LINE('',#10859,#2179);
#1757=LINE('',#10861,#2180);
#1758=LINE('',#10862,#2181);
#1759=LINE('',#10865,#2182);
#1760=LINE('',#10866,#2183);
#1761=LINE('',#10879,#2184);
#1762=LINE('',#10896,#2185);
#1763=LINE('',#10912,#2186);
#1764=VECTOR('',#5738,28.);
#1765=VECTOR('',#5747,1.621);
#1766=VECTOR('',#5748,1.621);
#1767=VECTOR('',#5753,10.);
#1768=VECTOR('',#5754,10.);
#1769=VECTOR('',#5755,10.);
#1770=VECTOR('',#5756,10.);
#1771=VECTOR('',#5757,10.);
#1772=VECTOR('',#5758,10.);
#1773=VECTOR('',#5759,10.);
#1774=VECTOR('',#5760,10.);
#1775=VECTOR('',#5761,10.);
#1776=VECTOR('',#5762,10.);
#1777=VECTOR('',#5763,10.);
#1778=VECTOR('',#5764,10.);
#1779=VECTOR('',#5767,10.);
#1780=VECTOR('',#5768,10.);
#1781=VECTOR('',#5771,10.);
#1782=VECTOR('',#5772,10.);
#1783=VECTOR('',#5773,10.);
#1784=VECTOR('',#5774,10.);
#1785=VECTOR('',#5777,10.);
#1786=VECTOR('',#5778,10.);
#1787=VECTOR('',#5781,10.);
#1788=VECTOR('',#5782,10.);
#1789=VECTOR('',#5783,10.);
#1790=VECTOR('',#5784,10.);
#1791=VECTOR('',#5785,10.);
#1792=VECTOR('',#5788,10.);
#1793=VECTOR('',#5789,10.);
#1794=VECTOR('',#5790,10.);
#1795=VECTOR('',#5791,10.);
#1796=VECTOR('',#5794,10.);
#1797=VECTOR('',#5795,10.);
#1798=VECTOR('',#5798,10.);
#1799=VECTOR('',#5799,10.);
#1800=VECTOR('',#5800,10.);
#1801=VECTOR('',#5801,10.);
#1802=VECTOR('',#5804,10.);
#1803=VECTOR('',#5805,10.);
#1804=VECTOR('',#5806,10.);
#1805=VECTOR('',#5807,10.);
#1806=VECTOR('',#5810,10.);
#1807=VECTOR('',#5811,10.);
#1808=VECTOR('',#5812,10.);
#1809=VECTOR('',#5813,10.);
#1810=VECTOR('',#5814,10.);
#1811=VECTOR('',#5815,10.);
#1812=VECTOR('',#5816,10.);
#1813=VECTOR('',#5817,10.);
#1814=VECTOR('',#5818,10.);
#1815=VECTOR('',#5819,10.);
#1816=VECTOR('',#5820,10.);
#1817=VECTOR('',#5821,10.);
#1818=VECTOR('',#5822,10.);
#1819=VECTOR('',#5825,10.);
#1820=VECTOR('',#5826,10.);
#1821=VECTOR('',#5827,10.);
#1822=VECTOR('',#5828,10.);
#1823=VECTOR('',#5829,10.);
#1824=VECTOR('',#5830,10.);
#1825=VECTOR('',#5831,10.);
#1826=VECTOR('',#5832,10.);
#1827=VECTOR('',#5833,10.);
#1828=VECTOR('',#5838,10.);
#1829=VECTOR('',#5839,10.);
#1830=VECTOR('',#5840,10.);
#1831=VECTOR('',#5841,10.);
#1832=VECTOR('',#5842,10.);
#1833=VECTOR('',#5843,10.);
#1834=VECTOR('',#5844,10.);
#1835=VECTOR('',#5847,10.);
#1836=VECTOR('',#5848,10.);
#1837=VECTOR('',#5851,10.);
#1838=VECTOR('',#5852,10.);
#1839=VECTOR('',#5853,10.);
#1840=VECTOR('',#5854,10.);
#1841=VECTOR('',#5857,10.);
#1842=VECTOR('',#5858,10.);
#1843=VECTOR('',#5859,10.);
#1844=VECTOR('',#5860,10.);
#1845=VECTOR('',#5863,10.);
#1846=VECTOR('',#5864,10.);
#1847=VECTOR('',#5867,10.);
#1848=VECTOR('',#5868,10.);
#1849=VECTOR('',#5871,10.);
#1850=VECTOR('',#5872,10.);
#1851=VECTOR('',#5873,10.);
#1852=VECTOR('',#5874,10.);
#1853=VECTOR('',#5875,10.);
#1854=VECTOR('',#5878,10.);
#1855=VECTOR('',#5879,10.);
#1856=VECTOR('',#5880,10.);
#1857=VECTOR('',#5881,10.);
#1858=VECTOR('',#5884,10.);
#1859=VECTOR('',#5885,10.);
#1860=VECTOR('',#5886,10.);
#1861=VECTOR('',#5887,10.);
#1862=VECTOR('',#5890,10.);
#1863=VECTOR('',#5891,10.);
#1864=VECTOR('',#5892,10.);
#1865=VECTOR('',#5893,10.);
#1866=VECTOR('',#5896,10.);
#1867=VECTOR('',#5897,10.);
#1868=VECTOR('',#5898,10.);
#1869=VECTOR('',#5899,10.);
#1870=VECTOR('',#5902,10.);
#1871=VECTOR('',#5903,10.);
#1872=VECTOR('',#5904,10.);
#1873=VECTOR('',#5907,10.);
#1874=VECTOR('',#5908,10.);
#1875=VECTOR('',#5909,10.);
#1876=VECTOR('',#5910,10.);
#1877=VECTOR('',#5913,10.);
#1878=VECTOR('',#5914,10.);
#1879=VECTOR('',#5919,10.);
#1880=VECTOR('',#5920,10.);
#1881=VECTOR('',#5921,10.);
#1882=VECTOR('',#5922,10.);
#1883=VECTOR('',#5925,10.);
#1884=VECTOR('',#5926,10.);
#1885=VECTOR('',#5927,10.);
#1886=VECTOR('',#5928,10.);
#1887=VECTOR('',#5931,10.);
#1888=VECTOR('',#5932,10.);
#1889=VECTOR('',#5933,10.);
#1890=VECTOR('',#5934,10.);
#1891=VECTOR('',#5937,10.);
#1892=VECTOR('',#5938,10.);
#1893=VECTOR('',#5941,10.);
#1894=VECTOR('',#5942,10.);
#1895=VECTOR('',#5943,10.);
#1896=VECTOR('',#5944,10.);
#1897=VECTOR('',#5945,10.);
#1898=VECTOR('',#5948,10.);
#1899=VECTOR('',#5949,10.);
#1900=VECTOR('',#5950,10.);
#1901=VECTOR('',#5953,10.);
#1902=VECTOR('',#5954,10.);
#1903=VECTOR('',#5955,10.);
#1904=VECTOR('',#5958,10.);
#1905=VECTOR('',#5959,10.);
#1906=VECTOR('',#5960,10.);
#1907=VECTOR('',#5961,10.);
#1908=VECTOR('',#5962,10.);
#1909=VECTOR('',#5965,10.);
#1910=VECTOR('',#5966,10.);
#1911=VECTOR('',#5967,10.);
#1912=VECTOR('',#5968,10.);
#1913=VECTOR('',#5971,10.);
#1914=VECTOR('',#5972,10.);
#1915=VECTOR('',#5973,10.);
#1916=VECTOR('',#5974,10.);
#1917=VECTOR('',#5975,10.);
#1918=VECTOR('',#5978,10.);
#1919=VECTOR('',#5979,10.);
#1920=VECTOR('',#5980,10.);
#1921=VECTOR('',#5983,10.);
#1922=VECTOR('',#5984,10.);
#1923=VECTOR('',#5985,10.);
#1924=VECTOR('',#5990,10.);
#1925=VECTOR('',#5991,10.);
#1926=VECTOR('',#5992,10.);
#1927=VECTOR('',#5993,10.);
#1928=VECTOR('',#5994,10.);
#1929=VECTOR('',#5995,10.);
#1930=VECTOR('',#5996,10.);
#1931=VECTOR('',#5997,10.);
#1932=VECTOR('',#5998,10.);
#1933=VECTOR('',#5999,10.);
#1934=VECTOR('',#6002,10.);
#1935=VECTOR('',#6003,10.);
#1936=VECTOR('',#6004,10.);
#1937=VECTOR('',#6005,10.);
#1938=VECTOR('',#6006,10.);
#1939=VECTOR('',#6007,10.);
#1940=VECTOR('',#6008,10.);
#1941=VECTOR('',#6009,10.);
#1942=VECTOR('',#6010,10.);
#1943=VECTOR('',#6011,10.);
#1944=VECTOR('',#6012,10.);
#1945=VECTOR('',#6013,10.);
#1946=VECTOR('',#6016,10.);
#1947=VECTOR('',#6017,10.);
#1948=VECTOR('',#6018,10.);
#1949=VECTOR('',#6019,10.);
#1950=VECTOR('',#6020,10.);
#1951=VECTOR('',#6021,10.);
#1952=VECTOR('',#6024,10.);
#1953=VECTOR('',#6025,10.);
#1954=VECTOR('',#6026,10.);
#1955=VECTOR('',#6029,10.);
#1956=VECTOR('',#6030,10.);
#1957=VECTOR('',#6031,10.);
#1958=VECTOR('',#6032,10.);
#1959=VECTOR('',#6033,10.);
#1960=VECTOR('',#6034,10.);
#1961=VECTOR('',#6035,10.);
#1962=VECTOR('',#6036,10.);
#1963=VECTOR('',#6039,10.);
#1964=VECTOR('',#6040,10.);
#1965=VECTOR('',#6041,10.);
#1966=VECTOR('',#6042,10.);
#1967=VECTOR('',#6045,10.);
#1968=VECTOR('',#6046,10.);
#1969=VECTOR('',#6051,10.);
#1970=VECTOR('',#6052,10.);
#1971=VECTOR('',#6053,10.);
#1972=VECTOR('',#6054,10.);
#1973=VECTOR('',#6055,10.);
#1974=VECTOR('',#6056,10.);
#1975=VECTOR('',#6057,10.);
#1976=VECTOR('',#6058,10.);
#1977=VECTOR('',#6061,10.);
#1978=VECTOR('',#6062,10.);
#1979=VECTOR('',#6063,10.);
#1980=VECTOR('',#6064,10.);
#1981=VECTOR('',#6067,10.);
#1982=VECTOR('',#6068,10.);
#1983=VECTOR('',#6069,10.);
#1984=VECTOR('',#6070,10.);
#1985=VECTOR('',#6073,10.);
#1986=VECTOR('',#6074,10.);
#1987=VECTOR('',#6075,10.);
#1988=VECTOR('',#6078,10.);
#1989=VECTOR('',#6079,10.);
#1990=VECTOR('',#6080,10.);
#1991=VECTOR('',#6083,10.);
#1992=VECTOR('',#6084,10.);
#1993=VECTOR('',#6087,10.);
#1994=VECTOR('',#6088,10.);
#1995=VECTOR('',#6091,10.);
#1996=VECTOR('',#6092,10.);
#1997=VECTOR('',#6093,10.);
#1998=VECTOR('',#6096,10.);
#1999=VECTOR('',#6099,10.);
#2000=VECTOR('',#6100,10.);
#2001=VECTOR('',#6101,10.);
#2002=VECTOR('',#6102,10.);
#2003=VECTOR('',#6103,10.);
#2004=VECTOR('',#6104,10.);
#2005=VECTOR('',#6107,10.);
#2006=VECTOR('',#6108,10.);
#2007=VECTOR('',#6109,10.);
#2008=VECTOR('',#6112,10.);
#2009=VECTOR('',#6113,10.);
#2010=VECTOR('',#6114,10.);
#2011=VECTOR('',#6115,10.);
#2012=VECTOR('',#6116,10.);
#2013=VECTOR('',#6119,10.);
#2014=VECTOR('',#6120,10.);
#2015=VECTOR('',#6121,10.);
#2016=VECTOR('',#6122,10.);
#2017=VECTOR('',#6123,10.);
#2018=VECTOR('',#6124,10.);
#2019=VECTOR('',#6127,10.);
#2020=VECTOR('',#6128,10.);
#2021=VECTOR('',#6129,10.);
#2022=VECTOR('',#6132,10.);
#2023=VECTOR('',#6133,10.);
#2024=VECTOR('',#6134,10.);
#2025=VECTOR('',#6135,10.);
#2026=VECTOR('',#6136,10.);
#2027=VECTOR('',#6139,10.);
#2028=VECTOR('',#6140,10.);
#2029=VECTOR('',#6141,10.);
#2030=VECTOR('',#6144,10.);
#2031=VECTOR('',#6145,10.);
#2032=VECTOR('',#6146,10.);
#2033=VECTOR('',#6147,10.);
#2034=VECTOR('',#6148,10.);
#2035=VECTOR('',#6153,10.);
#2036=VECTOR('',#6154,10.);
#2037=VECTOR('',#6155,10.);
#2038=VECTOR('',#6156,10.);
#2039=VECTOR('',#6157,10.);
#2040=VECTOR('',#6158,10.);
#2041=VECTOR('',#6159,10.);
#2042=VECTOR('',#6160,10.);
#2043=VECTOR('',#6161,10.);
#2044=VECTOR('',#6164,10.);
#2045=VECTOR('',#6165,10.);
#2046=VECTOR('',#6168,10.);
#2047=VECTOR('',#6169,10.);
#2048=VECTOR('',#6170,10.);
#2049=VECTOR('',#6171,10.);
#2050=VECTOR('',#6174,10.);
#2051=VECTOR('',#6175,10.);
#2052=VECTOR('',#6176,10.);
#2053=VECTOR('',#6179,10.);
#2054=VECTOR('',#6180,10.);
#2055=VECTOR('',#6181,10.);
#2056=VECTOR('',#6182,10.);
#2057=VECTOR('',#6185,10.);
#2058=VECTOR('',#6186,10.);
#2059=VECTOR('',#6189,10.);
#2060=VECTOR('',#6190,10.);
#2061=VECTOR('',#6193,10.);
#2062=VECTOR('',#6194,10.);
#2063=VECTOR('',#6195,10.);
#2064=VECTOR('',#6196,10.);
#2065=VECTOR('',#6199,10.);
#2066=VECTOR('',#6200,10.);
#2067=VECTOR('',#6201,10.);
#2068=VECTOR('',#6204,10.);
#2069=VECTOR('',#6205,10.);
#2070=VECTOR('',#6206,10.);
#2071=VECTOR('',#6207,10.);
#2072=VECTOR('',#6208,10.);
#2073=VECTOR('',#6211,10.);
#2074=VECTOR('',#6212,10.);
#2075=VECTOR('',#6213,10.);
#2076=VECTOR('',#6214,10.);
#2077=VECTOR('',#6215,10.);
#2078=VECTOR('',#6218,10.);
#2079=VECTOR('',#6219,10.);
#2080=VECTOR('',#6220,10.);
#2081=VECTOR('',#6223,10.);
#2082=VECTOR('',#6224,10.);
#2083=VECTOR('',#6225,10.);
#2084=VECTOR('',#6230,10.);
#2085=VECTOR('',#6231,10.);
#2086=VECTOR('',#6232,10.);
#2087=VECTOR('',#6233,10.);
#2088=VECTOR('',#6236,10.);
#2089=VECTOR('',#6237,10.);
#2090=VECTOR('',#6238,10.);
#2091=VECTOR('',#6239,10.);
#2092=VECTOR('',#6240,10.);
#2093=VECTOR('',#6243,10.);
#2094=VECTOR('',#6244,10.);
#2095=VECTOR('',#6245,10.);
#2096=VECTOR('',#6246,10.);
#2097=VECTOR('',#6247,10.);
#2098=VECTOR('',#6248,10.);
#2099=VECTOR('',#6249,10.);
#2100=VECTOR('',#6252,10.);
#2101=VECTOR('',#6255,10.);
#2102=VECTOR('',#6256,10.);
#2103=VECTOR('',#6257,10.);
#2104=VECTOR('',#6258,10.);
#2105=VECTOR('',#6259,10.);
#2106=VECTOR('',#6260,10.);
#2107=VECTOR('',#6263,10.);
#2108=VECTOR('',#6264,10.);
#2109=VECTOR('',#6265,10.);
#2110=VECTOR('',#6268,10.);
#2111=VECTOR('',#6269,10.);
#2112=VECTOR('',#6270,10.);
#2113=VECTOR('',#6271,10.);
#2114=VECTOR('',#6272,10.);
#2115=VECTOR('',#6275,10.);
#2116=VECTOR('',#6276,10.);
#2117=VECTOR('',#6277,10.);
#2118=VECTOR('',#6278,10.);
#2119=VECTOR('',#6281,10.);
#2120=VECTOR('',#6282,10.);
#2121=VECTOR('',#6303,1.);
#2122=VECTOR('',#6306,1.);
#2123=VECTOR('',#6309,1.);
#2124=VECTOR('',#6312,1.);
#2125=VECTOR('',#6315,1.);
#2126=VECTOR('',#6326,1.621);
#2127=VECTOR('',#6337,1.621);
#2128=VECTOR('',#6348,1.621);
#2129=VECTOR('',#6359,1.621);
#2130=VECTOR('',#6366,1.);
#2131=VECTOR('',#6373,1.621);
#2132=VECTOR('',#6384,41.025);
#2133=VECTOR('',#6397,41.225);
#2134=VECTOR('',#6398,41.225);
#2135=VECTOR('',#6401,32.7);
#2136=VECTOR('',#6410,32.5);
#2137=VECTOR('',#6411,32.5);
#2138=VECTOR('',#6416,5.25);
#2139=VECTOR('',#6423,5.);
#2140=VECTOR('',#6426,5.25);
#2141=VECTOR('',#6433,5.);
#2142=VECTOR('',#6436,5.25);
#2143=VECTOR('',#6443,5.);
#2144=VECTOR('',#6446,5.25);
#2145=VECTOR('',#6453,5.);
#2146=VECTOR('',#6458,30.075);
#2147=VECTOR('',#6465,30.25);
#2148=VECTOR('',#6480,41.05);
#2149=VECTOR('',#6487,41.225);
#2150=VECTOR('',#6492,10.);
#2151=VECTOR('',#6493,10.);
#2152=VECTOR('',#6494,10.);
#2153=VECTOR('',#6495,10.);
#2154=VECTOR('',#6504,0.8105);
#2155=VECTOR('',#6507,0.8105);
#2156=VECTOR('',#6510,0.8105);
#2157=VECTOR('',#6513,0.8105);
#2158=VECTOR('',#6516,0.8105);
#2159=VECTOR('',#6519,0.8105);
#2160=VECTOR('',#6520,10.);
#2161=VECTOR('',#6521,10.);
#2162=VECTOR('',#6524,10.);
#2163=VECTOR('',#6525,10.);
#2164=VECTOR('',#6526,10.);
#2165=VECTOR('',#6527,10.);
#2166=VECTOR('',#6530,10.);
#2167=VECTOR('',#6531,10.);
#2168=VECTOR('',#6534,10.);
#2169=VECTOR('',#6537,10.);
#2170=VECTOR('',#6540,10.);
#2171=VECTOR('',#6543,10.);
#2172=VECTOR('',#6556,10.);
#2173=VECTOR('',#6557,10.);
#2174=VECTOR('',#6558,10.);
#2175=VECTOR('',#6559,10.);
#2176=VECTOR('',#6562,10.);
#2177=VECTOR('',#6563,10.);
#2178=VECTOR('',#6566,10.);
#2179=VECTOR('',#6569,10.);
#2180=VECTOR('',#6572,10.);
#2181=VECTOR('',#6573,10.);
#2182=VECTOR('',#6576,10.);
#2183=VECTOR('',#6577,10.);
#2184=VECTOR('',#6582,28.);
#2185=VECTOR('',#6603,38.395);
#2186=VECTOR('',#6626,1.5);
#2187=VERTEX_POINT('',#6635);
#2188=VERTEX_POINT('',#6636);
#2189=VERTEX_POINT('',#6638);
#2190=VERTEX_POINT('',#6647);
#2191=VERTEX_POINT('',#6648);
#2192=VERTEX_POINT('',#6651);
#2193=VERTEX_POINT('',#6653);
#2194=VERTEX_POINT('',#6668);
#2195=VERTEX_POINT('',#6670);
#2196=VERTEX_POINT('',#6696);
#2197=VERTEX_POINT('',#6697);
#2198=VERTEX_POINT('',#6702);
#2199=VERTEX_POINT('',#6704);
#2200=VERTEX_POINT('',#6706);
#2201=VERTEX_POINT('',#6711);
#2202=VERTEX_POINT('',#6716);
#2203=VERTEX_POINT('',#6718);
#2204=VERTEX_POINT('',#6720);
#2205=VERTEX_POINT('',#6725);
#2206=VERTEX_POINT('',#6730);
#2207=VERTEX_POINT('',#6735);
#2208=VERTEX_POINT('',#6737);
#2209=VERTEX_POINT('',#6742);
#2210=VERTEX_POINT('',#6747);
#2211=VERTEX_POINT('',#6749);
#2212=VERTEX_POINT('',#6751);
#2213=VERTEX_POINT('',#6756);
#2214=VERTEX_POINT('',#6761);
#2215=VERTEX_POINT('',#6763);
#2216=VERTEX_POINT('',#6778);
#2217=VERTEX_POINT('',#6779);
#2218=VERTEX_POINT('',#6791);
#2219=VERTEX_POINT('',#6802);
#2220=VERTEX_POINT('',#6808);
#2221=VERTEX_POINT('',#6812);
#2222=VERTEX_POINT('',#6821);
#2223=VERTEX_POINT('',#6832);
#2224=VERTEX_POINT('',#6838);
#2225=VERTEX_POINT('',#6842);
#2226=VERTEX_POINT('',#6851);
#2227=VERTEX_POINT('',#6862);
#2228=VERTEX_POINT('',#6873);
#2229=VERTEX_POINT('',#6879);
#2230=VERTEX_POINT('',#6888);
#2231=VERTEX_POINT('',#6899);
#2232=VERTEX_POINT('',#6905);
#2233=VERTEX_POINT('',#6909);
#2234=VERTEX_POINT('',#6918);
#2235=VERTEX_POINT('',#6929);
#2236=VERTEX_POINT('',#6944);
#2237=VERTEX_POINT('',#6945);
#2238=VERTEX_POINT('',#6950);
#2239=VERTEX_POINT('',#6952);
#2240=VERTEX_POINT('',#6967);
#2241=VERTEX_POINT('',#6971);
#2242=VERTEX_POINT('',#6978);
#2243=VERTEX_POINT('',#6980);
#2244=VERTEX_POINT('',#6989);
#2245=VERTEX_POINT('',#6993);
#2246=VERTEX_POINT('',#7007);
#2247=VERTEX_POINT('',#7012);
#2248=VERTEX_POINT('',#7027);
#2249=VERTEX_POINT('',#7031);
#2250=VERTEX_POINT('',#7043);
#2251=VERTEX_POINT('',#7047);
#2252=VERTEX_POINT('',#7059);
#2253=VERTEX_POINT('',#7063);
#2254=VERTEX_POINT('',#7077);
#2255=VERTEX_POINT('',#7082);
#2256=VERTEX_POINT('',#7097);
#2257=VERTEX_POINT('',#7101);
#2258=VERTEX_POINT('',#7113);
#2259=VERTEX_POINT('',#7117);
#2260=VERTEX_POINT('',#7131);
#2261=VERTEX_POINT('',#7136);
#2262=VERTEX_POINT('',#7151);
#2263=VERTEX_POINT('',#7155);
#2264=VERTEX_POINT('',#7162);
#2265=VERTEX_POINT('',#7164);
#2266=VERTEX_POINT('',#7173);
#2267=VERTEX_POINT('',#7177);
#2268=VERTEX_POINT('',#7191);
#2269=VERTEX_POINT('',#7196);
#2270=VERTEX_POINT('',#7216);
#2271=VERTEX_POINT('',#7220);
#2272=VERTEX_POINT('',#7232);
#2273=VERTEX_POINT('',#7236);
#2274=VERTEX_POINT('',#7250);
#2275=VERTEX_POINT('',#7255);
#2276=VERTEX_POINT('',#7270);
#2277=VERTEX_POINT('',#7274);
#2278=VERTEX_POINT('',#7297);
#2279=VERTEX_POINT('',#7298);
#2280=VERTEX_POINT('',#7300);
#2281=VERTEX_POINT('',#7305);
#2282=VERTEX_POINT('',#7310);
#2283=VERTEX_POINT('',#7312);
#2284=VERTEX_POINT('',#7314);
#2285=VERTEX_POINT('',#7319);
#2286=VERTEX_POINT('',#7324);
#2287=VERTEX_POINT('',#7326);
#2288=VERTEX_POINT('',#7328);
#2289=VERTEX_POINT('',#7343);
#2290=VERTEX_POINT('',#7344);
#2291=VERTEX_POINT('',#7351);
#2292=VERTEX_POINT('',#7355);
#2293=VERTEX_POINT('',#7364);
#2294=VERTEX_POINT('',#7375);
#2295=VERTEX_POINT('',#7381);
#2296=VERTEX_POINT('',#7390);
#2297=VERTEX_POINT('',#7401);
#2298=VERTEX_POINT('',#7407);
#2299=VERTEX_POINT('',#7411);
#2300=VERTEX_POINT('',#7424);
#2301=VERTEX_POINT('',#7425);
#2302=VERTEX_POINT('',#7427);
#2303=VERTEX_POINT('',#7429);
#2304=VERTEX_POINT('',#7440);
#2305=VERTEX_POINT('',#7445);
#2306=VERTEX_POINT('',#7455);
#2307=VERTEX_POINT('',#7457);
#2308=VERTEX_POINT('',#7468);
#2309=VERTEX_POINT('',#7473);
#2310=VERTEX_POINT('',#7483);
#2311=VERTEX_POINT('',#7484);
#2312=VERTEX_POINT('',#7486);
#2313=VERTEX_POINT('',#7488);
#2314=VERTEX_POINT('',#7492);
#2315=VERTEX_POINT('',#7494);
#2316=VERTEX_POINT('',#7505);
#2317=VERTEX_POINT('',#7510);
#2318=VERTEX_POINT('',#7520);
#2319=VERTEX_POINT('',#7522);
#2320=VERTEX_POINT('',#7531);
#2321=VERTEX_POINT('',#7535);
#2322=VERTEX_POINT('',#7542);
#2323=VERTEX_POINT('',#7544);
#2324=VERTEX_POINT('',#7561);
#2325=VERTEX_POINT('',#7563);
#2326=VERTEX_POINT('',#7574);
#2327=VERTEX_POINT('',#7579);
#2328=VERTEX_POINT('',#7593);
#2329=VERTEX_POINT('',#7594);
#2330=VERTEX_POINT('',#7607);
#2331=VERTEX_POINT('',#7612);
#2332=VERTEX_POINT('',#7614);
#2333=VERTEX_POINT('',#7619);
#2334=VERTEX_POINT('',#7621);
#2335=VERTEX_POINT('',#7626);
#2336=VERTEX_POINT('',#7631);
#2337=VERTEX_POINT('',#7635);
#2338=VERTEX_POINT('',#7636);
#2339=VERTEX_POINT('',#7646);
#2340=VERTEX_POINT('',#7652);
#2341=VERTEX_POINT('',#7661);
#2342=VERTEX_POINT('',#7672);
#2343=VERTEX_POINT('',#7678);
#2344=VERTEX_POINT('',#7682);
#2345=VERTEX_POINT('',#7691);
#2346=VERTEX_POINT('',#7711);
#2347=VERTEX_POINT('',#7712);
#2348=VERTEX_POINT('',#7716);
#2349=VERTEX_POINT('',#7718);
#2350=VERTEX_POINT('',#7725);
#2351=VERTEX_POINT('',#7727);
#2352=VERTEX_POINT('',#7731);
#2353=VERTEX_POINT('',#7733);
#2354=VERTEX_POINT('',#7737);
#2355=VERTEX_POINT('',#7739);
#2356=VERTEX_POINT('',#7748);
#2357=VERTEX_POINT('',#7752);
#2358=VERTEX_POINT('',#7772);
#2359=VERTEX_POINT('',#7776);
#2360=VERTEX_POINT('',#7783);
#2361=VERTEX_POINT('',#7785);
#2362=VERTEX_POINT('',#7794);
#2363=VERTEX_POINT('',#7798);
#2364=VERTEX_POINT('',#7805);
#2365=VERTEX_POINT('',#7807);
#2366=VERTEX_POINT('',#7816);
#2367=VERTEX_POINT('',#7820);
#2368=VERTEX_POINT('',#7832);
#2369=VERTEX_POINT('',#7836);
#2370=VERTEX_POINT('',#7843);
#2371=VERTEX_POINT('',#7845);
#2372=VERTEX_POINT('',#7849);
#2373=VERTEX_POINT('',#7851);
#2374=VERTEX_POINT('',#7869);
#2375=VERTEX_POINT('',#7870);
#2376=VERTEX_POINT('',#7875);
#2377=VERTEX_POINT('',#7883);
#2378=VERTEX_POINT('',#7888);
#2379=VERTEX_POINT('',#7890);
#2380=VERTEX_POINT('',#7895);
#2381=VERTEX_POINT('',#7903);
#2382=VERTEX_POINT('',#7908);
#2383=VERTEX_POINT('',#7913);
#2384=VERTEX_POINT('',#7921);
#2385=VERTEX_POINT('',#7926);
#2386=VERTEX_POINT('',#7931);
#2387=VERTEX_POINT('',#7939);
#2388=VERTEX_POINT('',#7944);
#2389=VERTEX_POINT('',#7946);
#2390=VERTEX_POINT('',#7951);
#2391=VERTEX_POINT('',#7959);
#2392=VERTEX_POINT('',#7964);
#2393=VERTEX_POINT('',#7969);
#2394=VERTEX_POINT('',#7974);
#2395=VERTEX_POINT('',#7992);
#2396=VERTEX_POINT('',#7993);
#2397=VERTEX_POINT('',#8005);
#2398=VERTEX_POINT('',#8018);
#2399=VERTEX_POINT('',#8030);
#2400=VERTEX_POINT('',#8041);
#2401=VERTEX_POINT('',#8054);
#2402=VERTEX_POINT('',#8066);
#2403=VERTEX_POINT('',#8072);
#2404=VERTEX_POINT('',#8081);
#2405=VERTEX_POINT('',#8094);
#2406=VERTEX_POINT('',#8106);
#2407=VERTEX_POINT('',#8117);
#2408=VERTEX_POINT('',#8130);
#2409=VERTEX_POINT('',#8142);
#2410=VERTEX_POINT('',#8153);
#2411=VERTEX_POINT('',#8164);
#2412=VERTEX_POINT('',#8177);
#2413=VERTEX_POINT('',#8189);
#2414=VERTEX_POINT('',#8195);
#2415=VERTEX_POINT('',#8204);
#2416=VERTEX_POINT('',#8229);
#2417=VERTEX_POINT('',#8230);
#2418=VERTEX_POINT('',#8235);
#2419=VERTEX_POINT('',#8237);
#2420=VERTEX_POINT('',#8254);
#2421=VERTEX_POINT('',#8259);
#2422=VERTEX_POINT('',#8269);
#2423=VERTEX_POINT('',#8271);
#2424=VERTEX_POINT('',#8275);
#2425=VERTEX_POINT('',#8276);
#2426=VERTEX_POINT('',#8278);
#2427=VERTEX_POINT('',#8280);
#2428=VERTEX_POINT('',#8291);
#2429=VERTEX_POINT('',#8296);
#2430=VERTEX_POINT('',#8313);
#2431=VERTEX_POINT('',#8318);
#2432=VERTEX_POINT('',#8335);
#2433=VERTEX_POINT('',#8340);
#2434=VERTEX_POINT('',#8357);
#2435=VERTEX_POINT('',#8362);
#2436=VERTEX_POINT('',#8382);
#2437=VERTEX_POINT('',#8387);
#2438=VERTEX_POINT('',#8404);
#2439=VERTEX_POINT('',#8409);
#2440=VERTEX_POINT('',#8423);
#2441=VERTEX_POINT('',#8424);
#2442=VERTEX_POINT('',#8426);
#2443=VERTEX_POINT('',#8431);
#2444=VERTEX_POINT('',#8433);
#2445=VERTEX_POINT('',#8438);
#2446=VERTEX_POINT('',#8440);
#2447=VERTEX_POINT('',#8448);
#2448=VERTEX_POINT('',#8457);
#2449=VERTEX_POINT('',#8458);
#2450=VERTEX_POINT('',#8460);
#2451=VERTEX_POINT('',#8468);
#2452=VERTEX_POINT('',#8470);
#2453=VERTEX_POINT('',#8483);
#2454=VERTEX_POINT('',#8487);
#2455=VERTEX_POINT('',#8488);
#2456=VERTEX_POINT('',#8500);
#2457=VERTEX_POINT('',#8507);
#2458=VERTEX_POINT('',#8516);
#2459=VERTEX_POINT('',#8517);
#2460=VERTEX_POINT('',#8524);
#2461=VERTEX_POINT('',#8533);
#2462=VERTEX_POINT('',#8539);
#2463=VERTEX_POINT('',#8550);
#2464=VERTEX_POINT('',#8557);
#2465=VERTEX_POINT('',#8570);
#2466=VERTEX_POINT('',#8577);
#2467=VERTEX_POINT('',#8588);
#2468=VERTEX_POINT('',#8597);
#2469=VERTEX_POINT('',#8598);
#2470=VERTEX_POINT('',#8600);
#2471=VERTEX_POINT('',#8602);
#2472=VERTEX_POINT('',#8611);
#2473=VERTEX_POINT('',#8615);
#2474=VERTEX_POINT('',#8627);
#2475=VERTEX_POINT('',#8631);
#2476=VERTEX_POINT('',#8638);
#2477=VERTEX_POINT('',#8640);
#2478=VERTEX_POINT('',#8644);
#2479=VERTEX_POINT('',#8646);
#2480=VERTEX_POINT('',#8655);
#2481=VERTEX_POINT('',#8659);
#2482=VERTEX_POINT('',#8671);
#2483=VERTEX_POINT('',#8675);
#2484=VERTEX_POINT('',#8682);
#2485=VERTEX_POINT('',#8684);
#2486=VERTEX_POINT('',#8693);
#2487=VERTEX_POINT('',#8697);
#2488=VERTEX_POINT('',#8709);
#2489=VERTEX_POINT('',#8713);
#2490=VERTEX_POINT('',#8725);
#2491=VERTEX_POINT('',#8729);
#2492=VERTEX_POINT('',#8736);
#2493=VERTEX_POINT('',#8738);
#2494=VERTEX_POINT('',#8742);
#2495=VERTEX_POINT('',#8744);
#2496=VERTEX_POINT('',#8753);
#2497=VERTEX_POINT('',#8757);
#2498=VERTEX_POINT('',#8769);
#2499=VERTEX_POINT('',#8773);
#2500=VERTEX_POINT('',#8780);
#2501=VERTEX_POINT('',#8782);
#2502=VERTEX_POINT('',#8786);
#2503=VERTEX_POINT('',#8788);
#2504=VERTEX_POINT('',#8797);
#2505=VERTEX_POINT('',#8801);
#2506=VERTEX_POINT('',#8813);
#2507=VERTEX_POINT('',#8817);
#2508=VERTEX_POINT('',#8838);
#2509=VERTEX_POINT('',#8839);
#2510=VERTEX_POINT('',#8844);
#2511=VERTEX_POINT('',#8846);
#2512=VERTEX_POINT('',#8851);
#2513=VERTEX_POINT('',#8856);
#2514=VERTEX_POINT('',#8858);
#2515=VERTEX_POINT('',#8860);
#2516=VERTEX_POINT('',#8865);
#2517=VERTEX_POINT('',#8870);
#2518=VERTEX_POINT('',#8872);
#2519=VERTEX_POINT('',#8874);
#2520=VERTEX_POINT('',#8876);
#2521=VERTEX_POINT('',#8881);
#2522=VERTEX_POINT('',#8893);
#2523=VERTEX_POINT('',#8894);
#2524=VERTEX_POINT('',#8901);
#2525=VERTEX_POINT('',#8905);
#2526=VERTEX_POINT('',#8914);
#2527=VERTEX_POINT('',#8925);
#2528=VERTEX_POINT('',#8931);
#2529=VERTEX_POINT('',#8940);
#2530=VERTEX_POINT('',#8946);
#2531=VERTEX_POINT('',#8955);
#2532=VERTEX_POINT('',#8966);
#2533=VERTEX_POINT('',#8972);
#2534=VERTEX_POINT('',#8976);
#2535=VERTEX_POINT('',#8980);
#2536=VERTEX_POINT('',#8998);
#2537=VERTEX_POINT('',#8999);
#2538=VERTEX_POINT('',#9003);
#2539=VERTEX_POINT('',#9005);
#2540=VERTEX_POINT('',#9012);
#2541=VERTEX_POINT('',#9014);
#2542=VERTEX_POINT('',#9018);
#2543=VERTEX_POINT('',#9020);
#2544=VERTEX_POINT('',#9029);
#2545=VERTEX_POINT('',#9033);
#2546=VERTEX_POINT('',#9045);
#2547=VERTEX_POINT('',#9049);
#2548=VERTEX_POINT('',#9056);
#2549=VERTEX_POINT('',#9058);
#2550=VERTEX_POINT('',#9067);
#2551=VERTEX_POINT('',#9071);
#2552=VERTEX_POINT('',#9083);
#2553=VERTEX_POINT('',#9087);
#2554=VERTEX_POINT('',#9094);
#2555=VERTEX_POINT('',#9096);
#2556=VERTEX_POINT('',#9100);
#2557=VERTEX_POINT('',#9102);
#2558=VERTEX_POINT('',#9120);
#2559=VERTEX_POINT('',#9121);
#2560=VERTEX_POINT('',#9129);
#2561=VERTEX_POINT('',#9137);
#2562=VERTEX_POINT('',#9139);
#2563=VERTEX_POINT('',#9147);
#2564=VERTEX_POINT('',#9156);
#2565=VERTEX_POINT('',#9157);
#2566=VERTEX_POINT('',#9165);
#2567=VERTEX_POINT('',#9173);
#2568=VERTEX_POINT('',#9175);
#2569=VERTEX_POINT('',#9183);
#2570=VERTEX_POINT('',#9193);
#2571=VERTEX_POINT('',#9194);
#2572=VERTEX_POINT('',#9206);
#2573=VERTEX_POINT('',#9220);
#2574=VERTEX_POINT('',#9227);
#2575=VERTEX_POINT('',#9228);
#2576=VERTEX_POINT('',#9240);
#2577=VERTEX_POINT('',#9254);
#2578=VERTEX_POINT('',#9268);
#2579=VERTEX_POINT('',#9282);
#2580=VERTEX_POINT('',#9291);
#2581=VERTEX_POINT('',#9302);
#2582=VERTEX_POINT('',#9326);
#2583=VERTEX_POINT('',#9327);
#2584=VERTEX_POINT('',#9331);
#2585=VERTEX_POINT('',#9333);
#2586=VERTEX_POINT('',#9345);
#2587=VERTEX_POINT('',#9349);
#2588=VERTEX_POINT('',#9356);
#2589=VERTEX_POINT('',#9358);
#2590=VERTEX_POINT('',#9362);
#2591=VERTEX_POINT('',#9364);
#2592=VERTEX_POINT('',#9373);
#2593=VERTEX_POINT('',#9377);
#2594=VERTEX_POINT('',#9389);
#2595=VERTEX_POINT('',#9393);
#2596=VERTEX_POINT('',#9400);
#2597=VERTEX_POINT('',#9402);
#2598=VERTEX_POINT('',#9411);
#2599=VERTEX_POINT('',#9415);
#2600=VERTEX_POINT('',#9426);
#2601=VERTEX_POINT('',#9427);
#2602=VERTEX_POINT('',#9430);
#2603=VERTEX_POINT('',#9431);
#2604=VERTEX_POINT('',#9438);
#2605=VERTEX_POINT('',#9440);
#2606=VERTEX_POINT('',#9484);
#2607=VERTEX_POINT('',#9519);
#2608=VERTEX_POINT('',#9521);
#2609=VERTEX_POINT('',#9559);
#2610=VERTEX_POINT('',#9594);
#2611=VERTEX_POINT('',#9596);
#2612=VERTEX_POINT('',#9634);
#2613=VERTEX_POINT('',#9669);
#2614=VERTEX_POINT('',#9671);
#2615=VERTEX_POINT('',#9709);
#2616=VERTEX_POINT('',#9744);
#2617=VERTEX_POINT('',#9746);
#2618=VERTEX_POINT('',#9786);
#2619=VERTEX_POINT('',#9787);
#2620=VERTEX_POINT('',#9790);
#2621=VERTEX_POINT('',#9795);
#2622=VERTEX_POINT('',#9796);
#2623=VERTEX_POINT('',#9799);
#2624=VERTEX_POINT('',#9804);
#2625=VERTEX_POINT('',#9805);
#2626=VERTEX_POINT('',#9808);
#2627=VERTEX_POINT('',#9813);
#2628=VERTEX_POINT('',#9814);
#2629=VERTEX_POINT('',#9817);
#2630=VERTEX_POINT('',#9822);
#2631=VERTEX_POINT('',#9857);
#2632=VERTEX_POINT('',#9859);
#2633=VERTEX_POINT('',#9897);
#2634=VERTEX_POINT('',#9898);
#2635=VERTEX_POINT('',#9901);
#2636=VERTEX_POINT('',#9906);
#2637=VERTEX_POINT('',#9907);
#2638=VERTEX_POINT('',#9910);
#2639=VERTEX_POINT('',#9914);
#2640=VERTEX_POINT('',#9917);
#2641=VERTEX_POINT('',#9918);
#2642=VERTEX_POINT('',#9921);
#2643=VERTEX_POINT('',#9923);
#2644=VERTEX_POINT('',#9944);
#2645=VERTEX_POINT('',#9965);
#2646=VERTEX_POINT('',#9966);
#2647=VERTEX_POINT('',#9977);
#2648=VERTEX_POINT('',#10007);
#2649=VERTEX_POINT('',#10008);
#2650=VERTEX_POINT('',#10019);
#2651=VERTEX_POINT('',#10049);
#2652=VERTEX_POINT('',#10050);
#2653=VERTEX_POINT('',#10061);
#2654=VERTEX_POINT('',#10092);
#2655=VERTEX_POINT('',#10094);
#2656=VERTEX_POINT('',#10098);
#2657=VERTEX_POINT('',#10099);
#2658=VERTEX_POINT('',#10101);
#2659=VERTEX_POINT('',#10103);
#2660=VERTEX_POINT('',#10114);
#2661=VERTEX_POINT('',#10145);
#2662=VERTEX_POINT('',#10180);
#2663=VERTEX_POINT('',#10215);
#2664=VERTEX_POINT('',#10251);
#2665=VERTEX_POINT('',#10253);
#2666=VERTEX_POINT('',#10259);
#2667=VERTEX_POINT('',#10261);
#2668=VERTEX_POINT('',#10267);
#2669=VERTEX_POINT('',#10269);
#2670=VERTEX_POINT('',#10275);
#2671=VERTEX_POINT('',#10277);
#2672=VERTEX_POINT('',#10283);
#2673=VERTEX_POINT('',#10285);
#2674=VERTEX_POINT('',#10287);
#2675=VERTEX_POINT('',#10291);
#2676=VERTEX_POINT('',#10293);
#2677=VERTEX_POINT('',#10297);
#2678=VERTEX_POINT('',#10298);
#2679=VERTEX_POINT('',#10302);
#2680=VERTEX_POINT('',#10304);
#2681=VERTEX_POINT('',#10306);
#2682=VERTEX_POINT('',#10310);
#2683=VERTEX_POINT('',#10312);
#2684=VERTEX_POINT('',#10315);
#2685=VERTEX_POINT('',#10316);
#2686=VERTEX_POINT('',#10337);
#2687=VERTEX_POINT('',#10339);
#2688=VERTEX_POINT('',#10361);
#2689=VERTEX_POINT('',#10362);
#2690=VERTEX_POINT('',#10383);
#2691=VERTEX_POINT('',#10385);
#2692=VERTEX_POINT('',#10408);
#2693=VERTEX_POINT('',#10409);
#2694=VERTEX_POINT('',#10413);
#2695=VERTEX_POINT('',#10416);
#2696=VERTEX_POINT('',#10419);
#2697=VERTEX_POINT('',#10422);
#2698=VERTEX_POINT('',#10425);
#2699=VERTEX_POINT('',#10428);
#2700=VERTEX_POINT('',#10490);
#2701=VERTEX_POINT('',#10492);
#2702=VERTEX_POINT('',#10510);
#2703=VERTEX_POINT('',#10512);
#2704=VERTEX_POINT('',#10523);
#2705=VERTEX_POINT('',#10532);
#2706=VERTEX_POINT('',#10539);
#2707=VERTEX_POINT('',#10607);
#2708=VERTEX_POINT('',#10609);
#2709=VERTEX_POINT('',#10627);
#2710=VERTEX_POINT('',#10629);
#2711=VERTEX_POINT('',#10657);
#2712=VERTEX_POINT('',#10667);
#2713=VERTEX_POINT('',#10737);
#2714=VERTEX_POINT('',#10739);
#2715=VERTEX_POINT('',#10816);
#2716=VERTEX_POINT('',#10818);
#2717=VERTEX_POINT('',#10836);
#2718=VERTEX_POINT('',#10838);
#2719=VERTEX_POINT('',#10864);
#2720=VERTEX_POINT('',#10881);
#2721=VERTEX_POINT('',#10882);
#2722=VERTEX_POINT('',#10886);
#2723=VERTEX_POINT('',#10888);
#2724=VERTEX_POINT('',#10892);
#2725=VERTEX_POINT('',#10893);
#2726=VERTEX_POINT('',#10898);
#2727=VERTEX_POINT('',#10900);
#2728=VERTEX_POINT('',#10907);
#2729=VERTEX_POINT('',#10908);
#2730=EDGE_CURVE('',#2187,#2188,#1341,.T.);
#2731=EDGE_CURVE('',#2187,#2189,#1033,.T.);
#2732=EDGE_CURVE('',#2188,#2189,#954,.T.);
#2733=EDGE_CURVE('',#2190,#2191,#955,.T.);
#2734=EDGE_CURVE('',#2191,#2190,#956,.T.);
#2735=EDGE_CURVE('',#2191,#2192,#1342,.T.);
#2736=EDGE_CURVE('',#2192,#2193,#1034,.T.);
#2737=EDGE_CURVE('',#2193,#2194,#1343,.T.);
#2738=EDGE_CURVE('',#2195,#2194,#957,.T.);
#2739=EDGE_CURVE('',#2195,#2192,#1035,.T.);
#2740=EDGE_CURVE('',#2196,#2197,#1036,.T.);
#2741=EDGE_CURVE('',#2198,#2196,#1344,.T.);
#2742=EDGE_CURVE('',#2199,#2198,#1345,.T.);
#2743=EDGE_CURVE('',#2200,#2199,#1037,.T.);
#2744=EDGE_CURVE('',#2201,#2200,#1038,.T.);
#2745=EDGE_CURVE('',#2202,#2201,#1346,.T.);
#2746=EDGE_CURVE('',#2203,#2202,#1347,.T.);
#2747=EDGE_CURVE('',#2204,#2203,#1039,.T.);
#2748=EDGE_CURVE('',#2205,#2204,#1040,.T.);
#2749=EDGE_CURVE('',#2206,#2205,#1041,.T.);
#2750=EDGE_CURVE('',#2207,#2206,#1348,.T.);
#2751=EDGE_CURVE('',#2208,#2207,#1042,.T.);
#2752=EDGE_CURVE('',#2209,#2208,#1043,.T.);
#2753=EDGE_CURVE('',#2210,#2209,#1349,.T.);
#2754=EDGE_CURVE('',#2211,#2210,#1350,.T.);
#2755=EDGE_CURVE('',#2212,#2211,#1044,.T.);
#2756=EDGE_CURVE('',#2213,#2212,#1045,.T.);
#2757=EDGE_CURVE('',#2214,#2213,#1351,.T.);
#2758=EDGE_CURVE('',#2215,#2214,#1046,.T.);
#2759=EDGE_CURVE('',#2197,#2215,#1047,.T.);
#2760=EDGE_CURVE('',#2216,#2217,#1048,.T.);
#2761=EDGE_CURVE('',#2206,#2216,#1352,.T.);
#2762=EDGE_CURVE('',#2205,#2217,#1353,.T.);
#2763=EDGE_CURVE('',#2217,#2218,#1049,.T.);
#2764=EDGE_CURVE('',#2204,#2218,#1354,.T.);
#2765=EDGE_CURVE('',#2218,#2219,#1050,.T.);
#2766=EDGE_CURVE('',#2203,#2219,#1355,.T.);
#2767=EDGE_CURVE('',#2219,#2220,#1356,.T.);
#2768=EDGE_CURVE('',#2202,#2220,#1357,.T.);
#2769=EDGE_CURVE('',#2220,#2221,#1358,.T.);
#2770=EDGE_CURVE('',#2201,#2221,#1359,.T.);
#2771=EDGE_CURVE('',#2221,#2222,#1051,.T.);
#2772=EDGE_CURVE('',#2200,#2222,#1360,.T.);
#2773=EDGE_CURVE('',#2222,#2223,#1052,.T.);
#2774=EDGE_CURVE('',#2199,#2223,#1361,.T.);
#2775=EDGE_CURVE('',#2223,#2224,#1362,.T.);
#2776=EDGE_CURVE('',#2198,#2224,#1363,.T.);
#2777=EDGE_CURVE('',#2224,#2225,#1364,.T.);
#2778=EDGE_CURVE('',#2196,#2225,#1365,.T.);
#2779=EDGE_CURVE('',#2225,#2226,#1053,.T.);
#2780=EDGE_CURVE('',#2197,#2226,#1366,.T.);
#2781=EDGE_CURVE('',#2226,#2227,#1054,.T.);
#2782=EDGE_CURVE('',#2215,#2227,#1367,.T.);
#2783=EDGE_CURVE('',#2227,#2228,#1055,.T.);
#2784=EDGE_CURVE('',#2214,#2228,#1368,.T.);
#2785=EDGE_CURVE('',#2228,#2229,#1369,.T.);
#2786=EDGE_CURVE('',#2213,#2229,#1370,.T.);
#2787=EDGE_CURVE('',#2229,#2230,#1056,.T.);
#2788=EDGE_CURVE('',#2212,#2230,#1371,.T.);
#2789=EDGE_CURVE('',#2230,#2231,#1057,.T.);
#2790=EDGE_CURVE('',#2211,#2231,#1372,.T.);
#2791=EDGE_CURVE('',#2231,#2232,#1373,.T.);
#2792=EDGE_CURVE('',#2210,#2232,#1374,.T.);
#2793=EDGE_CURVE('',#2232,#2233,#1375,.T.);
#2794=EDGE_CURVE('',#2209,#2233,#1376,.T.);
#2795=EDGE_CURVE('',#2233,#2234,#1058,.T.);
#2796=EDGE_CURVE('',#2208,#2234,#1377,.T.);
#2797=EDGE_CURVE('',#2234,#2235,#1059,.T.);
#2798=EDGE_CURVE('',#2207,#2235,#1378,.T.);
#2799=EDGE_CURVE('',#2235,#2216,#1379,.T.);
#2800=EDGE_CURVE('',#2236,#2237,#1060,.T.);
#2801=EDGE_CURVE('',#2238,#2236,#1380,.T.);
#2802=EDGE_CURVE('',#2238,#2239,#1061,.T.);
#2803=EDGE_CURVE('',#2239,#2237,#1381,.T.);
#2804=EDGE_CURVE('',#2240,#2236,#1062,.T.);
#2805=EDGE_CURVE('',#2241,#2240,#1382,.T.);
#2806=EDGE_CURVE('',#2241,#2238,#1063,.T.);
#2807=EDGE_CURVE('',#2242,#2240,#1383,.T.);
#2808=EDGE_CURVE('',#2243,#2242,#1384,.T.);
#2809=EDGE_CURVE('',#2243,#2241,#1385,.T.);
#2810=EDGE_CURVE('',#2244,#2242,#1064,.T.);
#2811=EDGE_CURVE('',#2245,#2244,#1386,.T.);
#2812=EDGE_CURVE('',#2245,#2243,#1065,.T.);
#2813=EDGE_CURVE('',#2246,#2244,#1066,.T.);
#2814=EDGE_CURVE('',#2247,#2246,#1387,.T.);
#2815=EDGE_CURVE('',#2247,#2245,#1067,.T.);
#2816=EDGE_CURVE('',#2248,#2246,#1068,.T.);
#2817=EDGE_CURVE('',#2249,#2248,#1388,.T.);
#2818=EDGE_CURVE('',#2249,#2247,#1069,.T.);
#2819=EDGE_CURVE('',#2250,#2248,#1070,.T.);
#2820=EDGE_CURVE('',#2251,#2250,#1389,.T.);
#2821=EDGE_CURVE('',#2251,#2249,#1071,.T.);
#2822=EDGE_CURVE('',#2252,#2250,#1072,.T.);
#2823=EDGE_CURVE('',#2253,#2252,#1390,.T.);
#2824=EDGE_CURVE('',#2253,#2251,#1073,.T.);
#2825=EDGE_CURVE('',#2254,#2252,#1074,.T.);
#2826=EDGE_CURVE('',#2255,#2254,#1391,.T.);
#2827=EDGE_CURVE('',#2255,#2253,#1075,.T.);
#2828=EDGE_CURVE('',#2256,#2254,#1076,.T.);
#2829=EDGE_CURVE('',#2257,#2256,#1392,.T.);
#2830=EDGE_CURVE('',#2257,#2255,#1077,.T.);
#2831=EDGE_CURVE('',#2258,#2256,#1078,.T.);
#2832=EDGE_CURVE('',#2259,#2258,#1393,.T.);
#2833=EDGE_CURVE('',#2259,#2257,#1079,.T.);
#2834=EDGE_CURVE('',#2260,#2258,#1080,.T.);
#2835=EDGE_CURVE('',#2261,#2260,#1394,.T.);
#2836=EDGE_CURVE('',#2261,#2259,#1081,.T.);
#2837=EDGE_CURVE('',#2262,#2260,#1082,.T.);
#2838=EDGE_CURVE('',#2263,#2262,#1395,.T.);
#2839=EDGE_CURVE('',#2263,#2261,#1083,.T.);
#2840=EDGE_CURVE('',#2264,#2262,#1396,.T.);
#2841=EDGE_CURVE('',#2265,#2264,#1397,.T.);
#2842=EDGE_CURVE('',#2265,#2263,#1398,.T.);
#2843=EDGE_CURVE('',#2266,#2264,#1084,.T.);
#2844=EDGE_CURVE('',#2267,#2266,#1399,.T.);
#2845=EDGE_CURVE('',#2267,#2265,#1085,.T.);
#2846=EDGE_CURVE('',#2268,#2266,#1086,.T.);
#2847=EDGE_CURVE('',#2269,#2268,#1400,.T.);
#2848=EDGE_CURVE('',#2269,#2267,#1087,.T.);
#2849=EDGE_CURVE('',#2270,#2268,#1088,.T.);
#2850=EDGE_CURVE('',#2271,#2270,#1401,.T.);
#2851=EDGE_CURVE('',#2271,#2269,#1089,.T.);
#2852=EDGE_CURVE('',#2272,#2270,#1090,.T.);
#2853=EDGE_CURVE('',#2273,#2272,#1402,.T.);
#2854=EDGE_CURVE('',#2273,#2271,#1091,.T.);
#2855=EDGE_CURVE('',#2274,#2272,#1092,.T.);
#2856=EDGE_CURVE('',#2275,#2274,#1403,.T.);
#2857=EDGE_CURVE('',#2275,#2273,#1093,.T.);
#2858=EDGE_CURVE('',#2276,#2274,#1094,.T.);
#2859=EDGE_CURVE('',#2277,#2276,#1404,.T.);
#2860=EDGE_CURVE('',#2277,#2275,#1095,.T.);
#2861=EDGE_CURVE('',#2237,#2276,#1096,.T.);
#2862=EDGE_CURVE('',#2239,#2277,#1097,.T.);
#2863=EDGE_CURVE('',#2278,#2279,#1405,.T.);
#2864=EDGE_CURVE('',#2280,#2278,#1098,.T.);
#2865=EDGE_CURVE('',#2281,#2280,#1099,.T.);
#2866=EDGE_CURVE('',#2282,#2281,#1406,.T.);
#2867=EDGE_CURVE('',#2283,#2282,#1407,.T.);
#2868=EDGE_CURVE('',#2284,#2283,#1100,.T.);
#2869=EDGE_CURVE('',#2285,#2284,#1101,.T.);
#2870=EDGE_CURVE('',#2286,#2285,#1408,.T.);
#2871=EDGE_CURVE('',#2287,#2286,#1409,.T.);
#2872=EDGE_CURVE('',#2288,#2287,#1102,.T.);
#2873=EDGE_CURVE('',#2279,#2288,#1103,.T.);
#2874=EDGE_CURVE('',#2289,#2290,#1104,.T.);
#2875=EDGE_CURVE('',#2284,#2289,#1410,.T.);
#2876=EDGE_CURVE('',#2283,#2290,#1411,.T.);
#2877=EDGE_CURVE('',#2290,#2291,#1412,.T.);
#2878=EDGE_CURVE('',#2282,#2291,#1413,.T.);
#2879=EDGE_CURVE('',#2291,#2292,#1414,.T.);
#2880=EDGE_CURVE('',#2281,#2292,#1415,.T.);
#2881=EDGE_CURVE('',#2292,#2293,#1105,.T.);
#2882=EDGE_CURVE('',#2280,#2293,#1416,.T.);
#2883=EDGE_CURVE('',#2293,#2294,#1106,.T.);
#2884=EDGE_CURVE('',#2278,#2294,#1417,.T.);
#2885=EDGE_CURVE('',#2294,#2295,#1418,.T.);
#2886=EDGE_CURVE('',#2279,#2295,#1419,.T.);
#2887=EDGE_CURVE('',#2295,#2296,#1107,.T.);
#2888=EDGE_CURVE('',#2288,#2296,#1420,.T.);
#2889=EDGE_CURVE('',#2296,#2297,#1108,.T.);
#2890=EDGE_CURVE('',#2287,#2297,#1421,.T.);
#2891=EDGE_CURVE('',#2297,#2298,#1422,.T.);
#2892=EDGE_CURVE('',#2286,#2298,#1423,.T.);
#2893=EDGE_CURVE('',#2298,#2299,#1424,.T.);
#2894=EDGE_CURVE('',#2285,#2299,#1425,.T.);
#2895=EDGE_CURVE('',#2299,#2289,#1109,.T.);
#2896=EDGE_CURVE('',#2300,#2301,#1426,.T.);
#2897=EDGE_CURVE('',#2302,#2300,#1427,.T.);
#2898=EDGE_CURVE('',#2302,#2303,#1428,.T.);
#2899=EDGE_CURVE('',#2303,#2301,#1429,.T.);
#2900=EDGE_CURVE('',#2304,#2300,#1110,.T.);
#2901=EDGE_CURVE('',#2305,#2304,#1430,.T.);
#2902=EDGE_CURVE('',#2305,#2302,#1111,.T.);
#2903=EDGE_CURVE('',#2306,#2304,#1431,.T.);
#2904=EDGE_CURVE('',#2307,#2306,#1432,.T.);
#2905=EDGE_CURVE('',#2307,#2305,#1433,.T.);
#2906=EDGE_CURVE('',#2308,#2306,#1112,.T.);
#2907=EDGE_CURVE('',#2309,#2308,#1434,.T.);
#2908=EDGE_CURVE('',#2309,#2307,#1113,.T.);
#2909=EDGE_CURVE('',#2310,#2311,#1435,.T.);
#2910=EDGE_CURVE('',#2312,#2310,#1436,.T.);
#2911=EDGE_CURVE('',#2312,#2313,#1437,.T.);
#2912=EDGE_CURVE('',#2313,#2311,#1438,.T.);
#2913=EDGE_CURVE('',#2311,#2314,#1439,.T.);
#2914=EDGE_CURVE('',#2313,#2315,#1440,.T.);
#2915=EDGE_CURVE('',#2315,#2314,#1441,.T.);
#2916=EDGE_CURVE('',#2314,#2316,#1114,.T.);
#2917=EDGE_CURVE('',#2315,#2317,#1115,.T.);
#2918=EDGE_CURVE('',#2317,#2316,#1442,.T.);
#2919=EDGE_CURVE('',#2318,#2308,#1443,.T.);
#2920=EDGE_CURVE('',#2319,#2318,#1444,.T.);
#2921=EDGE_CURVE('',#2319,#2309,#1445,.T.);
#2922=EDGE_CURVE('',#2320,#2318,#1116,.T.);
#2923=EDGE_CURVE('',#2321,#2320,#1446,.T.);
#2924=EDGE_CURVE('',#2321,#2319,#1117,.T.);
#2925=EDGE_CURVE('',#2322,#2320,#1447,.T.);
#2926=EDGE_CURVE('',#2323,#2322,#1448,.T.);
#2927=EDGE_CURVE('',#2323,#2321,#1449,.T.);
#2928=EDGE_CURVE('',#2301,#2322,#1118,.T.);
#2929=EDGE_CURVE('',#2303,#2323,#1119,.T.);
#2930=EDGE_CURVE('',#2324,#2310,#1450,.T.);
#2931=EDGE_CURVE('',#2325,#2324,#1451,.T.);
#2932=EDGE_CURVE('',#2325,#2312,#1452,.T.);
#2933=EDGE_CURVE('',#2326,#2324,#1120,.T.);
#2934=EDGE_CURVE('',#2327,#2326,#1453,.T.);
#2935=EDGE_CURVE('',#2327,#2325,#1121,.T.);
#2936=EDGE_CURVE('',#2316,#2326,#1454,.T.);
#2937=EDGE_CURVE('',#2317,#2327,#1455,.T.);
#2938=EDGE_CURVE('',#2328,#2329,#1122,.T.);
#2939=EDGE_CURVE('',#2330,#2328,#1123,.T.);
#2940=EDGE_CURVE('',#2331,#2330,#1456,.T.);
#2941=EDGE_CURVE('',#2332,#2331,#1124,.T.);
#2942=EDGE_CURVE('',#2333,#2332,#1457,.T.);
#2943=EDGE_CURVE('',#2334,#2333,#1125,.T.);
#2944=EDGE_CURVE('',#2335,#2334,#1126,.T.);
#2945=EDGE_CURVE('',#2336,#2335,#1458,.T.);
#2946=EDGE_CURVE('',#2329,#2336,#1459,.T.);
#2947=EDGE_CURVE('',#2337,#2338,#1460,.T.);
#2948=EDGE_CURVE('',#2333,#2337,#1461,.T.);
#2949=EDGE_CURVE('',#2332,#2338,#1462,.T.);
#2950=EDGE_CURVE('',#2338,#2339,#1127,.T.);
#2951=EDGE_CURVE('',#2331,#2339,#1463,.T.);
#2952=EDGE_CURVE('',#2339,#2340,#1464,.T.);
#2953=EDGE_CURVE('',#2330,#2340,#1465,.T.);
#2954=EDGE_CURVE('',#2340,#2341,#1128,.T.);
#2955=EDGE_CURVE('',#2328,#2341,#1466,.T.);
#2956=EDGE_CURVE('',#2341,#2342,#1129,.T.);
#2957=EDGE_CURVE('',#2329,#2342,#1467,.T.);
#2958=EDGE_CURVE('',#2342,#2343,#1468,.T.);
#2959=EDGE_CURVE('',#2336,#2343,#1469,.T.);
#2960=EDGE_CURVE('',#2343,#2344,#1470,.T.);
#2961=EDGE_CURVE('',#2335,#2344,#1471,.T.);
#2962=EDGE_CURVE('',#2344,#2345,#1130,.T.);
#2963=EDGE_CURVE('',#2334,#2345,#1472,.T.);
#2964=EDGE_CURVE('',#2345,#2337,#1131,.T.);
#2965=EDGE_CURVE('',#2346,#2347,#1132,.T.);
#2966=EDGE_CURVE('',#2348,#2346,#1473,.T.);
#2967=EDGE_CURVE('',#2348,#2349,#1133,.T.);
#2968=EDGE_CURVE('',#2349,#2347,#1474,.T.);
#2969=EDGE_CURVE('',#2350,#2346,#1475,.T.);
#2970=EDGE_CURVE('',#2351,#2350,#1476,.T.);
#2971=EDGE_CURVE('',#2351,#2348,#1477,.T.);
#2972=EDGE_CURVE('',#2352,#2350,#1478,.T.);
#2973=EDGE_CURVE('',#2353,#2352,#1479,.T.);
#2974=EDGE_CURVE('',#2353,#2351,#1480,.T.);
#2975=EDGE_CURVE('',#2354,#2352,#1481,.T.);
#2976=EDGE_CURVE('',#2355,#2354,#1482,.T.);
#2977=EDGE_CURVE('',#2355,#2353,#1483,.T.);
#2978=EDGE_CURVE('',#2356,#2354,#1134,.T.);
#2979=EDGE_CURVE('',#2357,#2356,#1484,.T.);
#2980=EDGE_CURVE('',#2357,#2355,#1135,.T.);
#2981=EDGE_CURVE('',#2358,#2356,#1136,.T.);
#2982=EDGE_CURVE('',#2359,#2358,#1485,.T.);
#2983=EDGE_CURVE('',#2359,#2357,#1137,.T.);
#2984=EDGE_CURVE('',#2360,#2358,#1486,.T.);
#2985=EDGE_CURVE('',#2361,#2360,#1487,.T.);
#2986=EDGE_CURVE('',#2361,#2359,#1488,.T.);
#2987=EDGE_CURVE('',#2362,#2360,#1138,.T.);
#2988=EDGE_CURVE('',#2363,#2362,#1489,.T.);
#2989=EDGE_CURVE('',#2363,#2361,#1139,.T.);
#2990=EDGE_CURVE('',#2364,#2362,#1490,.T.);
#2991=EDGE_CURVE('',#2365,#2364,#1491,.T.);
#2992=EDGE_CURVE('',#2365,#2363,#1492,.T.);
#2993=EDGE_CURVE('',#2366,#2364,#1140,.T.);
#2994=EDGE_CURVE('',#2367,#2366,#1493,.T.);
#2995=EDGE_CURVE('',#2367,#2365,#1141,.T.);
#2996=EDGE_CURVE('',#2368,#2366,#1142,.T.);
#2997=EDGE_CURVE('',#2369,#2368,#1494,.T.);
#2998=EDGE_CURVE('',#2369,#2367,#1143,.T.);
#2999=EDGE_CURVE('',#2370,#2368,#1495,.T.);
#3000=EDGE_CURVE('',#2371,#2370,#1496,.T.);
#3001=EDGE_CURVE('',#2371,#2369,#1497,.T.);
#3002=EDGE_CURVE('',#2372,#2370,#1498,.T.);
#3003=EDGE_CURVE('',#2373,#2372,#1499,.T.);
#3004=EDGE_CURVE('',#2373,#2371,#1500,.T.);
#3005=EDGE_CURVE('',#2347,#2372,#1144,.T.);
#3006=EDGE_CURVE('',#2349,#2373,#1145,.T.);
#3007=EDGE_CURVE('',#2374,#2375,#1146,.T.);
#3008=EDGE_CURVE('',#2376,#2374,#1147,.T.);
#3009=EDGE_CURVE('',#2377,#2376,#1148,.T.);
#3010=EDGE_CURVE('',#2378,#2377,#1501,.T.);
#3011=EDGE_CURVE('',#2379,#2378,#1149,.T.);
#3012=EDGE_CURVE('',#2380,#2379,#1150,.T.);
#3013=EDGE_CURVE('',#2381,#2380,#1151,.T.);
#3014=EDGE_CURVE('',#2382,#2381,#1152,.T.);
#3015=EDGE_CURVE('',#2383,#2382,#1153,.T.);
#3016=EDGE_CURVE('',#2384,#2383,#1154,.T.);
#3017=EDGE_CURVE('',#2385,#2384,#1155,.T.);
#3018=EDGE_CURVE('',#2386,#2385,#1156,.T.);
#3019=EDGE_CURVE('',#2387,#2386,#1157,.T.);
#3020=EDGE_CURVE('',#2388,#2387,#1502,.T.);
#3021=EDGE_CURVE('',#2389,#2388,#1158,.T.);
#3022=EDGE_CURVE('',#2390,#2389,#1159,.T.);
#3023=EDGE_CURVE('',#2391,#2390,#1160,.T.);
#3024=EDGE_CURVE('',#2392,#2391,#1161,.T.);
#3025=EDGE_CURVE('',#2393,#2392,#1162,.T.);
#3026=EDGE_CURVE('',#2394,#2393,#1163,.T.);
#3027=EDGE_CURVE('',#2375,#2394,#1164,.T.);
#3028=EDGE_CURVE('',#2395,#2396,#1165,.T.);
#3029=EDGE_CURVE('',#2385,#2395,#1503,.T.);
#3030=EDGE_CURVE('',#2384,#2396,#1504,.T.);
#3031=EDGE_CURVE('',#2396,#2397,#1166,.T.);
#3032=EDGE_CURVE('',#2383,#2397,#1505,.T.);
#3033=EDGE_CURVE('',#2397,#2398,#1167,.T.);
#3034=EDGE_CURVE('',#2382,#2398,#1506,.T.);
#3035=EDGE_CURVE('',#2398,#2399,#1168,.T.);
#3036=EDGE_CURVE('',#2381,#2399,#1507,.T.);
#3037=EDGE_CURVE('',#2399,#2400,#1169,.T.);
#3038=EDGE_CURVE('',#2380,#2400,#1508,.T.);
#3039=EDGE_CURVE('',#2400,#2401,#1170,.T.);
#3040=EDGE_CURVE('',#2379,#2401,#1509,.T.);
#3041=EDGE_CURVE('',#2401,#2402,#1171,.T.);
#3042=EDGE_CURVE('',#2378,#2402,#1510,.T.);
#3043=EDGE_CURVE('',#2402,#2403,#1511,.T.);
#3044=EDGE_CURVE('',#2377,#2403,#1512,.T.);
#3045=EDGE_CURVE('',#2403,#2404,#1172,.T.);
#3046=EDGE_CURVE('',#2376,#2404,#1513,.T.);
#3047=EDGE_CURVE('',#2404,#2405,#1173,.T.);
#3048=EDGE_CURVE('',#2374,#2405,#1514,.T.);
#3049=EDGE_CURVE('',#2405,#2406,#1174,.T.);
#3050=EDGE_CURVE('',#2375,#2406,#1515,.T.);
#3051=EDGE_CURVE('',#2406,#2407,#1175,.T.);
#3052=EDGE_CURVE('',#2394,#2407,#1516,.T.);
#3053=EDGE_CURVE('',#2407,#2408,#1176,.T.);
#3054=EDGE_CURVE('',#2393,#2408,#1517,.T.);
#3055=EDGE_CURVE('',#2408,#2409,#1177,.T.);
#3056=EDGE_CURVE('',#2392,#2409,#1518,.T.);
#3057=EDGE_CURVE('',#2409,#2410,#1178,.T.);
#3058=EDGE_CURVE('',#2391,#2410,#1519,.T.);
#3059=EDGE_CURVE('',#2410,#2411,#1179,.T.);
#3060=EDGE_CURVE('',#2390,#2411,#1520,.T.);
#3061=EDGE_CURVE('',#2411,#2412,#1180,.T.);
#3062=EDGE_CURVE('',#2389,#2412,#1521,.T.);
#3063=EDGE_CURVE('',#2412,#2413,#1181,.T.);
#3064=EDGE_CURVE('',#2388,#2413,#1522,.T.);
#3065=EDGE_CURVE('',#2413,#2414,#1523,.T.);
#3066=EDGE_CURVE('',#2387,#2414,#1524,.T.);
#3067=EDGE_CURVE('',#2414,#2415,#1182,.T.);
#3068=EDGE_CURVE('',#2386,#2415,#1525,.T.);
#3069=EDGE_CURVE('',#2415,#2395,#1183,.T.);
#3070=EDGE_CURVE('',#2416,#2417,#1184,.T.);
#3071=EDGE_CURVE('',#2418,#2416,#1526,.T.);
#3072=EDGE_CURVE('',#2418,#2419,#1185,.T.);
#3073=EDGE_CURVE('',#2419,#2417,#1527,.T.);
#3074=EDGE_CURVE('',#2420,#2416,#1186,.T.);
#3075=EDGE_CURVE('',#2421,#2420,#1528,.T.);
#3076=EDGE_CURVE('',#2421,#2418,#1187,.T.);
#3077=EDGE_CURVE('',#2422,#2420,#1529,.T.);
#3078=EDGE_CURVE('',#2423,#2422,#1530,.T.);
#3079=EDGE_CURVE('',#2423,#2421,#1531,.T.);
#3080=EDGE_CURVE('',#2424,#2425,#1532,.T.);
#3081=EDGE_CURVE('',#2426,#2424,#1533,.T.);
#3082=EDGE_CURVE('',#2426,#2427,#1534,.T.);
#3083=EDGE_CURVE('',#2427,#2425,#1535,.T.);
#3084=EDGE_CURVE('',#2425,#2428,#1188,.T.);
#3085=EDGE_CURVE('',#2427,#2429,#1189,.T.);
#3086=EDGE_CURVE('',#2429,#2428,#1536,.T.);
#3087=EDGE_CURVE('',#2428,#2430,#1190,.T.);
#3088=EDGE_CURVE('',#2429,#2431,#1191,.T.);
#3089=EDGE_CURVE('',#2431,#2430,#1537,.T.);
#3090=EDGE_CURVE('',#2432,#2422,#1192,.T.);
#3091=EDGE_CURVE('',#2433,#2432,#1538,.T.);
#3092=EDGE_CURVE('',#2433,#2423,#1193,.T.);
#3093=EDGE_CURVE('',#2434,#2432,#1194,.T.);
#3094=EDGE_CURVE('',#2435,#2434,#1539,.T.);
#3095=EDGE_CURVE('',#2435,#2433,#1195,.T.);
#3096=EDGE_CURVE('',#2417,#2434,#1540,.T.);
#3097=EDGE_CURVE('',#2419,#2435,#1541,.T.);
#3098=EDGE_CURVE('',#2436,#2424,#1196,.T.);
#3099=EDGE_CURVE('',#2437,#2436,#1542,.T.);
#3100=EDGE_CURVE('',#2437,#2426,#1197,.T.);
#3101=EDGE_CURVE('',#2438,#2436,#1198,.T.);
#3102=EDGE_CURVE('',#2439,#2438,#1543,.T.);
#3103=EDGE_CURVE('',#2439,#2437,#1199,.T.);
#3104=EDGE_CURVE('',#2430,#2438,#1544,.T.);
#3105=EDGE_CURVE('',#2431,#2439,#1545,.T.);
#3106=EDGE_CURVE('',#2440,#2441,#1546,.T.);
#3107=EDGE_CURVE('',#2442,#2440,#1200,.T.);
#3108=EDGE_CURVE('',#2443,#2442,#1547,.T.);
#3109=EDGE_CURVE('',#2444,#2443,#1201,.T.);
#3110=EDGE_CURVE('',#2445,#2444,#1548,.T.);
#3111=EDGE_CURVE('',#2446,#2445,#1202,.T.);
#3112=EDGE_CURVE('',#2447,#2446,#1549,.T.);
#3113=EDGE_CURVE('',#2441,#2447,#1203,.T.);
#3114=EDGE_CURVE('',#2448,#2449,#1550,.T.);
#3115=EDGE_CURVE('',#2450,#2448,#1204,.T.);
#3116=EDGE_CURVE('',#2451,#2450,#1551,.T.);
#3117=EDGE_CURVE('',#2452,#2451,#1205,.T.);
#3118=EDGE_CURVE('',#2453,#2452,#1552,.T.);
#3119=EDGE_CURVE('',#2449,#2453,#1553,.T.);
#3120=EDGE_CURVE('',#2454,#2455,#1554,.T.);
#3121=EDGE_CURVE('',#2451,#2454,#1555,.T.);
#3122=EDGE_CURVE('',#2450,#2455,#1556,.T.);
#3123=EDGE_CURVE('',#2455,#2456,#1206,.T.);
#3124=EDGE_CURVE('',#2448,#2456,#1557,.T.);
#3125=EDGE_CURVE('',#2456,#2457,#1558,.T.);
#3126=EDGE_CURVE('',#2449,#2457,#1559,.T.);
#3127=EDGE_CURVE('',#2458,#2459,#1207,.T.);
#3128=EDGE_CURVE('',#2444,#2458,#1560,.T.);
#3129=EDGE_CURVE('',#2443,#2459,#1561,.T.);
#3130=EDGE_CURVE('',#2459,#2460,#1562,.T.);
#3131=EDGE_CURVE('',#2442,#2460,#1563,.T.);
#3132=EDGE_CURVE('',#2460,#2461,#1208,.T.);
#3133=EDGE_CURVE('',#2440,#2461,#1564,.T.);
#3134=EDGE_CURVE('',#2461,#2462,#1565,.T.);
#3135=EDGE_CURVE('',#2441,#2462,#1566,.T.);
#3136=EDGE_CURVE('',#2463,#2454,#1209,.T.);
#3137=EDGE_CURVE('',#2452,#2463,#1567,.T.);
#3138=EDGE_CURVE('',#2464,#2463,#1568,.T.);
#3139=EDGE_CURVE('',#2453,#2464,#1569,.T.);
#3140=EDGE_CURVE('',#2457,#2464,#1570,.T.);
#3141=EDGE_CURVE('',#2462,#2465,#1210,.T.);
#3142=EDGE_CURVE('',#2447,#2465,#1571,.T.);
#3143=EDGE_CURVE('',#2465,#2466,#1572,.T.);
#3144=EDGE_CURVE('',#2446,#2466,#1573,.T.);
#3145=EDGE_CURVE('',#2466,#2467,#1211,.T.);
#3146=EDGE_CURVE('',#2445,#2467,#1574,.T.);
#3147=EDGE_CURVE('',#2467,#2458,#1575,.T.);
#3148=EDGE_CURVE('',#2468,#2469,#1576,.T.);
#3149=EDGE_CURVE('',#2470,#2468,#1577,.T.);
#3150=EDGE_CURVE('',#2470,#2471,#1578,.T.);
#3151=EDGE_CURVE('',#2471,#2469,#1579,.T.);
#3152=EDGE_CURVE('',#2472,#2468,#1212,.T.);
#3153=EDGE_CURVE('',#2473,#2472,#1580,.T.);
#3154=EDGE_CURVE('',#2473,#2470,#1213,.T.);
#3155=EDGE_CURVE('',#2474,#2472,#1214,.T.);
#3156=EDGE_CURVE('',#2475,#2474,#1581,.T.);
#3157=EDGE_CURVE('',#2475,#2473,#1215,.T.);
#3158=EDGE_CURVE('',#2476,#2474,#1582,.T.);
#3159=EDGE_CURVE('',#2477,#2476,#1583,.T.);
#3160=EDGE_CURVE('',#2477,#2475,#1584,.T.);
#3161=EDGE_CURVE('',#2478,#2476,#1585,.T.);
#3162=EDGE_CURVE('',#2479,#2478,#1586,.T.);
#3163=EDGE_CURVE('',#2479,#2477,#1587,.T.);
#3164=EDGE_CURVE('',#2480,#2478,#1216,.T.);
#3165=EDGE_CURVE('',#2481,#2480,#1588,.T.);
#3166=EDGE_CURVE('',#2481,#2479,#1217,.T.);
#3167=EDGE_CURVE('',#2482,#2480,#1218,.T.);
#3168=EDGE_CURVE('',#2483,#2482,#1589,.T.);
#3169=EDGE_CURVE('',#2483,#2481,#1219,.T.);
#3170=EDGE_CURVE('',#2484,#2482,#1590,.T.);
#3171=EDGE_CURVE('',#2485,#2484,#1591,.T.);
#3172=EDGE_CURVE('',#2485,#2483,#1592,.T.);
#3173=EDGE_CURVE('',#2486,#2484,#1220,.T.);
#3174=EDGE_CURVE('',#2487,#2486,#1593,.T.);
#3175=EDGE_CURVE('',#2487,#2485,#1221,.T.);
#3176=EDGE_CURVE('',#2488,#2486,#1222,.T.);
#3177=EDGE_CURVE('',#2489,#2488,#1594,.T.);
#3178=EDGE_CURVE('',#2489,#2487,#1223,.T.);
#3179=EDGE_CURVE('',#2490,#2488,#1224,.T.);
#3180=EDGE_CURVE('',#2491,#2490,#1595,.T.);
#3181=EDGE_CURVE('',#2491,#2489,#1225,.T.);
#3182=EDGE_CURVE('',#2492,#2490,#1596,.T.);
#3183=EDGE_CURVE('',#2493,#2492,#1597,.T.);
#3184=EDGE_CURVE('',#2493,#2491,#1598,.T.);
#3185=EDGE_CURVE('',#2494,#2492,#1599,.T.);
#3186=EDGE_CURVE('',#2495,#2494,#1600,.T.);
#3187=EDGE_CURVE('',#2495,#2493,#1601,.T.);
#3188=EDGE_CURVE('',#2496,#2494,#1226,.T.);
#3189=EDGE_CURVE('',#2497,#2496,#1602,.T.);
#3190=EDGE_CURVE('',#2497,#2495,#1227,.T.);
#3191=EDGE_CURVE('',#2498,#2496,#1228,.T.);
#3192=EDGE_CURVE('',#2499,#2498,#1603,.T.);
#3193=EDGE_CURVE('',#2499,#2497,#1229,.T.);
#3194=EDGE_CURVE('',#2500,#2498,#1604,.T.);
#3195=EDGE_CURVE('',#2501,#2500,#1605,.T.);
#3196=EDGE_CURVE('',#2501,#2499,#1606,.T.);
#3197=EDGE_CURVE('',#2502,#2500,#1607,.T.);
#3198=EDGE_CURVE('',#2503,#2502,#1608,.T.);
#3199=EDGE_CURVE('',#2503,#2501,#1609,.T.);
#3200=EDGE_CURVE('',#2504,#2502,#1230,.T.);
#3201=EDGE_CURVE('',#2505,#2504,#1610,.T.);
#3202=EDGE_CURVE('',#2505,#2503,#1231,.T.);
#3203=EDGE_CURVE('',#2506,#2504,#1232,.T.);
#3204=EDGE_CURVE('',#2507,#2506,#1611,.T.);
#3205=EDGE_CURVE('',#2507,#2505,#1233,.T.);
#3206=EDGE_CURVE('',#2469,#2506,#1234,.T.);
#3207=EDGE_CURVE('',#2471,#2507,#1235,.T.);
#3208=EDGE_CURVE('',#2508,#2509,#1236,.T.);
#3209=EDGE_CURVE('',#2510,#2508,#1612,.T.);
#3210=EDGE_CURVE('',#2511,#2510,#1237,.T.);
#3211=EDGE_CURVE('',#2512,#2511,#1238,.T.);
#3212=EDGE_CURVE('',#2513,#2512,#1613,.T.);
#3213=EDGE_CURVE('',#2514,#2513,#1614,.T.);
#3214=EDGE_CURVE('',#2515,#2514,#1239,.T.);
#3215=EDGE_CURVE('',#2516,#2515,#1240,.T.);
#3216=EDGE_CURVE('',#2517,#2516,#1615,.T.);
#3217=EDGE_CURVE('',#2518,#2517,#1616,.T.);
#3218=EDGE_CURVE('',#2519,#2518,#1617,.T.);
#3219=EDGE_CURVE('',#2520,#2519,#1241,.T.);
#3220=EDGE_CURVE('',#2521,#2520,#1242,.T.);
#3221=EDGE_CURVE('',#2509,#2521,#1618,.T.);
#3222=EDGE_CURVE('',#2522,#2523,#1243,.T.);
#3223=EDGE_CURVE('',#2515,#2522,#1619,.T.);
#3224=EDGE_CURVE('',#2514,#2523,#1620,.T.);
#3225=EDGE_CURVE('',#2523,#2524,#1621,.T.);
#3226=EDGE_CURVE('',#2513,#2524,#1622,.T.);
#3227=EDGE_CURVE('',#2524,#2525,#1623,.T.);
#3228=EDGE_CURVE('',#2512,#2525,#1624,.T.);
#3229=EDGE_CURVE('',#2525,#2526,#1244,.T.);
#3230=EDGE_CURVE('',#2511,#2526,#1625,.T.);
#3231=EDGE_CURVE('',#2526,#2527,#1245,.T.);
#3232=EDGE_CURVE('',#2510,#2527,#1626,.T.);
#3233=EDGE_CURVE('',#2527,#2528,#1627,.T.);
#3234=EDGE_CURVE('',#2508,#2528,#1628,.T.);
#3235=EDGE_CURVE('',#2528,#2529,#1246,.T.);
#3236=EDGE_CURVE('',#2509,#2529,#1629,.T.);
#3237=EDGE_CURVE('',#2529,#2530,#1630,.T.);
#3238=EDGE_CURVE('',#2521,#2530,#1631,.T.);
#3239=EDGE_CURVE('',#2530,#2531,#1247,.T.);
#3240=EDGE_CURVE('',#2520,#2531,#1632,.T.);
#3241=EDGE_CURVE('',#2531,#2532,#1248,.T.);
#3242=EDGE_CURVE('',#2519,#2532,#1633,.T.);
#3243=EDGE_CURVE('',#2532,#2533,#1634,.T.);
#3244=EDGE_CURVE('',#2518,#2533,#1635,.T.);
#3245=EDGE_CURVE('',#2533,#2534,#1636,.T.);
#3246=EDGE_CURVE('',#2517,#2534,#1637,.T.);
#3247=EDGE_CURVE('',#2534,#2535,#1638,.T.);
#3248=EDGE_CURVE('',#2516,#2535,#1639,.T.);
#3249=EDGE_CURVE('',#2535,#2522,#1249,.T.);
#3250=EDGE_CURVE('',#2536,#2537,#1250,.T.);
#3251=EDGE_CURVE('',#2538,#2536,#1640,.T.);
#3252=EDGE_CURVE('',#2538,#2539,#1251,.T.);
#3253=EDGE_CURVE('',#2539,#2537,#1641,.T.);
#3254=EDGE_CURVE('',#2540,#2536,#1642,.T.);
#3255=EDGE_CURVE('',#2541,#2540,#1643,.T.);
#3256=EDGE_CURVE('',#2541,#2538,#1644,.T.);
#3257=EDGE_CURVE('',#2542,#2540,#1645,.T.);
#3258=EDGE_CURVE('',#2543,#2542,#1646,.T.);
#3259=EDGE_CURVE('',#2543,#2541,#1647,.T.);
#3260=EDGE_CURVE('',#2544,#2542,#1252,.T.);
#3261=EDGE_CURVE('',#2545,#2544,#1648,.T.);
#3262=EDGE_CURVE('',#2545,#2543,#1253,.T.);
#3263=EDGE_CURVE('',#2546,#2544,#1254,.T.);
#3264=EDGE_CURVE('',#2547,#2546,#1649,.T.);
#3265=EDGE_CURVE('',#2547,#2545,#1255,.T.);
#3266=EDGE_CURVE('',#2548,#2546,#1650,.T.);
#3267=EDGE_CURVE('',#2549,#2548,#1651,.T.);
#3268=EDGE_CURVE('',#2549,#2547,#1652,.T.);
#3269=EDGE_CURVE('',#2550,#2548,#1256,.T.);
#3270=EDGE_CURVE('',#2551,#2550,#1653,.T.);
#3271=EDGE_CURVE('',#2551,#2549,#1257,.T.);
#3272=EDGE_CURVE('',#2552,#2550,#1258,.T.);
#3273=EDGE_CURVE('',#2553,#2552,#1654,.T.);
#3274=EDGE_CURVE('',#2553,#2551,#1259,.T.);
#3275=EDGE_CURVE('',#2554,#2552,#1655,.T.);
#3276=EDGE_CURVE('',#2555,#2554,#1656,.T.);
#3277=EDGE_CURVE('',#2555,#2553,#1657,.T.);
#3278=EDGE_CURVE('',#2556,#2554,#1658,.T.);
#3279=EDGE_CURVE('',#2557,#2556,#1659,.T.);
#3280=EDGE_CURVE('',#2557,#2555,#1660,.T.);
#3281=EDGE_CURVE('',#2537,#2556,#1260,.T.);
#3282=EDGE_CURVE('',#2539,#2557,#1261,.T.);
#3283=EDGE_CURVE('',#2558,#2559,#1262,.T.);
#3284=EDGE_CURVE('',#2560,#2558,#1263,.T.);
#3285=EDGE_CURVE('',#2561,#2560,#1661,.T.);
#3286=EDGE_CURVE('',#2562,#2561,#1264,.T.);
#3287=EDGE_CURVE('',#2563,#2562,#1265,.T.);
#3288=EDGE_CURVE('',#2559,#2563,#1662,.T.);
#3289=EDGE_CURVE('',#2564,#2565,#1266,.T.);
#3290=EDGE_CURVE('',#2566,#2564,#1267,.T.);
#3291=EDGE_CURVE('',#2567,#2566,#1663,.T.);
#3292=EDGE_CURVE('',#2568,#2567,#1268,.T.);
#3293=EDGE_CURVE('',#2569,#2568,#1269,.T.);
#3294=EDGE_CURVE('',#2565,#2569,#1664,.T.);
#3295=EDGE_CURVE('',#2570,#2571,#1665,.T.);
#3296=EDGE_CURVE('',#2567,#2570,#1666,.T.);
#3297=EDGE_CURVE('',#2566,#2571,#1667,.T.);
#3298=EDGE_CURVE('',#2571,#2572,#1270,.T.);
#3299=EDGE_CURVE('',#2564,#2572,#1668,.T.);
#3300=EDGE_CURVE('',#2572,#2573,#1271,.T.);
#3301=EDGE_CURVE('',#2565,#2573,#1669,.T.);
#3302=EDGE_CURVE('',#2574,#2575,#1670,.T.);
#3303=EDGE_CURVE('',#2561,#2574,#1671,.T.);
#3304=EDGE_CURVE('',#2560,#2575,#1672,.T.);
#3305=EDGE_CURVE('',#2575,#2576,#1272,.T.);
#3306=EDGE_CURVE('',#2558,#2576,#1673,.T.);
#3307=EDGE_CURVE('',#2576,#2577,#1273,.T.);
#3308=EDGE_CURVE('',#2559,#2577,#1674,.T.);
#3309=EDGE_CURVE('',#2578,#2570,#1274,.T.);
#3310=EDGE_CURVE('',#2568,#2578,#1675,.T.);
#3311=EDGE_CURVE('',#2579,#2578,#1275,.T.);
#3312=EDGE_CURVE('',#2569,#2579,#1676,.T.);
#3313=EDGE_CURVE('',#2573,#2579,#1677,.T.);
#3314=EDGE_CURVE('',#2577,#2580,#1678,.T.);
#3315=EDGE_CURVE('',#2563,#2580,#1679,.T.);
#3316=EDGE_CURVE('',#2580,#2581,#1276,.T.);
#3317=EDGE_CURVE('',#2562,#2581,#1680,.T.);
#3318=EDGE_CURVE('',#2581,#2574,#1277,.T.);
#3319=EDGE_CURVE('',#2582,#2583,#1278,.T.);
#3320=EDGE_CURVE('',#2584,#2582,#1681,.T.);
#3321=EDGE_CURVE('',#2584,#2585,#1279,.T.);
#3322=EDGE_CURVE('',#2585,#2583,#1682,.T.);
#3323=EDGE_CURVE('',#2586,#2582,#1280,.T.);
#3324=EDGE_CURVE('',#2587,#2586,#1683,.T.);
#3325=EDGE_CURVE('',#2587,#2584,#1281,.T.);
#3326=EDGE_CURVE('',#2588,#2586,#1684,.T.);
#3327=EDGE_CURVE('',#2589,#2588,#1685,.T.);
#3328=EDGE_CURVE('',#2589,#2587,#1686,.T.);
#3329=EDGE_CURVE('',#2590,#2588,#1687,.T.);
#3330=EDGE_CURVE('',#2591,#2590,#1688,.T.);
#3331=EDGE_CURVE('',#2591,#2589,#1689,.T.);
#3332=EDGE_CURVE('',#2592,#2590,#1282,.T.);
#3333=EDGE_CURVE('',#2593,#2592,#1690,.T.);
#3334=EDGE_CURVE('',#2593,#2591,#1283,.T.);
#3335=EDGE_CURVE('',#2594,#2592,#1284,.T.);
#3336=EDGE_CURVE('',#2595,#2594,#1691,.T.);
#3337=EDGE_CURVE('',#2595,#2593,#1285,.T.);
#3338=EDGE_CURVE('',#2596,#2594,#1692,.T.);
#3339=EDGE_CURVE('',#2597,#2596,#1693,.T.);
#3340=EDGE_CURVE('',#2597,#2595,#1694,.T.);
#3341=EDGE_CURVE('',#2598,#2596,#1286,.T.);
#3342=EDGE_CURVE('',#2599,#2598,#1695,.T.);
#3343=EDGE_CURVE('',#2599,#2597,#1287,.T.);
#3344=EDGE_CURVE('',#2583,#2598,#1696,.T.);
#3345=EDGE_CURVE('',#2585,#2599,#1697,.T.);
#3346=EDGE_CURVE('',#2600,#2601,#958,.T.);
#3347=EDGE_CURVE('',#2601,#2600,#959,.T.);
#3348=EDGE_CURVE('',#2602,#2603,#960,.T.);
#3349=EDGE_CURVE('',#2603,#2602,#961,.T.);
#3350=EDGE_CURVE('',#2195,#2604,#1698,.T.);
#3351=EDGE_CURVE('',#2605,#2604,#1288,.T.);
#3352=EDGE_CURVE('',#2604,#2605,#1289,.T.);
#3353=EDGE_CURVE('',#2193,#2195,#1290,.T.);
#3354=EDGE_CURVE('',#2606,#2606,#1291,.T.);
#3355=EDGE_CURVE('',#2606,#2607,#1699,.T.);
#3356=EDGE_CURVE('',#2608,#2607,#1292,.T.);
#3357=EDGE_CURVE('',#2607,#2608,#1293,.T.);
#3358=EDGE_CURVE('',#2609,#2609,#1294,.T.);
#3359=EDGE_CURVE('',#2609,#2610,#1700,.T.);
#3360=EDGE_CURVE('',#2611,#2610,#1295,.T.);
#3361=EDGE_CURVE('',#2610,#2611,#1296,.T.);
#3362=EDGE_CURVE('',#2612,#2612,#1297,.T.);
#3363=EDGE_CURVE('',#2612,#2613,#1701,.T.);
#3364=EDGE_CURVE('',#2614,#2613,#1298,.T.);
#3365=EDGE_CURVE('',#2613,#2614,#1299,.T.);
#3366=EDGE_CURVE('',#2615,#2615,#1300,.T.);
#3367=EDGE_CURVE('',#2615,#2616,#1702,.T.);
#3368=EDGE_CURVE('',#2617,#2616,#1301,.T.);
#3369=EDGE_CURVE('',#2616,#2617,#1302,.T.);
#3370=EDGE_CURVE('',#2194,#2195,#962,.T.);
#3371=EDGE_CURVE('',#2618,#2619,#963,.T.);
#3372=EDGE_CURVE('',#2619,#2618,#964,.T.);
#3373=EDGE_CURVE('',#2619,#2620,#1703,.T.);
#3374=EDGE_CURVE('',#2606,#2620,#965,.T.);
#3375=EDGE_CURVE('',#2620,#2606,#966,.T.);
#3376=EDGE_CURVE('',#2621,#2622,#967,.T.);
#3377=EDGE_CURVE('',#2622,#2621,#968,.T.);
#3378=EDGE_CURVE('',#2622,#2623,#1704,.T.);
#3379=EDGE_CURVE('',#2609,#2623,#969,.T.);
#3380=EDGE_CURVE('',#2623,#2609,#970,.T.);
#3381=EDGE_CURVE('',#2624,#2625,#971,.T.);
#3382=EDGE_CURVE('',#2625,#2624,#972,.T.);
#3383=EDGE_CURVE('',#2625,#2626,#1705,.T.);
#3384=EDGE_CURVE('',#2612,#2626,#973,.T.);
#3385=EDGE_CURVE('',#2626,#2612,#974,.T.);
#3386=EDGE_CURVE('',#2627,#2628,#975,.T.);
#3387=EDGE_CURVE('',#2628,#2627,#976,.T.);
#3388=EDGE_CURVE('',#2628,#2629,#1706,.T.);
#3389=EDGE_CURVE('',#2615,#2629,#977,.T.);
#3390=EDGE_CURVE('',#2629,#2615,#978,.T.);
#3391=EDGE_CURVE('',#2630,#2630,#1303,.T.);
#3392=EDGE_CURVE('',#2630,#2631,#1707,.T.);
#3393=EDGE_CURVE('',#2632,#2631,#1304,.T.);
#3394=EDGE_CURVE('',#2631,#2632,#1305,.T.);
#3395=EDGE_CURVE('',#2633,#2634,#979,.T.);
#3396=EDGE_CURVE('',#2634,#2633,#980,.T.);
#3397=EDGE_CURVE('',#2634,#2635,#1708,.T.);
#3398=EDGE_CURVE('',#2630,#2635,#981,.T.);
#3399=EDGE_CURVE('',#2635,#2630,#982,.T.);
#3400=EDGE_CURVE('',#2636,#2637,#983,.T.);
#3401=EDGE_CURVE('',#2637,#2636,#984,.T.);
#3402=EDGE_CURVE('',#2636,#2638,#1709,.T.);
#3403=EDGE_CURVE('',#2638,#2638,#985,.T.);
#3404=EDGE_CURVE('',#2639,#2639,#986,.T.);
#3405=EDGE_CURVE('',#2640,#2641,#987,.T.);
#3406=EDGE_CURVE('',#2641,#2640,#988,.T.);
#3407=EDGE_CURVE('',#2641,#2642,#1710,.T.);
#3408=EDGE_CURVE('',#2642,#2643,#1306,.T.);
#3409=EDGE_CURVE('',#2643,#2637,#1711,.T.);
#3410=EDGE_CURVE('',#2643,#2644,#1307,.T.);
#3411=EDGE_CURVE('',#2644,#2642,#1308,.T.);
#3412=EDGE_CURVE('',#2645,#2646,#1309,.T.);
#3413=EDGE_CURVE('',#2646,#2647,#1310,.T.);
#3414=EDGE_CURVE('',#2647,#2645,#1311,.T.);
#3415=EDGE_CURVE('',#2648,#2649,#1312,.T.);
#3416=EDGE_CURVE('',#2649,#2650,#1313,.T.);
#3417=EDGE_CURVE('',#2650,#2648,#1314,.T.);
#3418=EDGE_CURVE('',#2651,#2652,#1315,.T.);
#3419=EDGE_CURVE('',#2652,#2653,#1316,.T.);
#3420=EDGE_CURVE('',#2653,#2651,#1317,.T.);
#3421=EDGE_CURVE('',#2639,#2654,#1712,.T.);
#3422=EDGE_CURVE('',#2654,#2655,#989,.T.);
#3423=EDGE_CURVE('',#2655,#2654,#990,.T.);
#3424=EDGE_CURVE('',#2656,#2657,#991,.T.);
#3425=EDGE_CURVE('',#2657,#2658,#1713,.T.);
#3426=EDGE_CURVE('',#2658,#2659,#1318,.T.);
#3427=EDGE_CURVE('',#2659,#2660,#1319,.T.);
#3428=EDGE_CURVE('',#2660,#2655,#1714,.T.);
#3429=EDGE_CURVE('',#2660,#2658,#1320,.T.);
#3430=EDGE_CURVE('',#2657,#2656,#992,.T.);
#3431=EDGE_CURVE('',#2661,#2661,#1321,.T.);
#3432=EDGE_CURVE('',#2662,#2662,#1322,.T.);
#3433=EDGE_CURVE('',#2663,#2663,#1323,.T.);
#3434=EDGE_CURVE('',#2644,#2664,#1715,.T.);
#3435=EDGE_CURVE('',#2664,#2665,#993,.T.);
#3436=EDGE_CURVE('',#2665,#2664,#994,.T.);
#3437=EDGE_CURVE('',#2664,#2659,#1716,.T.);
#3438=EDGE_CURVE('',#2652,#2666,#1717,.T.);
#3439=EDGE_CURVE('',#2666,#2667,#995,.T.);
#3440=EDGE_CURVE('',#2667,#2666,#996,.T.);
#3441=EDGE_CURVE('',#2666,#2663,#1718,.T.);
#3442=EDGE_CURVE('',#2649,#2668,#1719,.T.);
#3443=EDGE_CURVE('',#2668,#2669,#997,.T.);
#3444=EDGE_CURVE('',#2669,#2668,#998,.T.);
#3445=EDGE_CURVE('',#2668,#2662,#1720,.T.);
#3446=EDGE_CURVE('',#2646,#2670,#1721,.T.);
#3447=EDGE_CURVE('',#2670,#2671,#999,.T.);
#3448=EDGE_CURVE('',#2671,#2670,#1000,.T.);
#3449=EDGE_CURVE('',#2670,#2661,#1722,.T.);
#3450=EDGE_CURVE('',#2672,#2672,#1001,.T.);
#3451=EDGE_CURVE('',#2672,#2673,#1723,.T.);
#3452=EDGE_CURVE('',#2673,#2674,#1002,.T.);
#3453=EDGE_CURVE('',#2674,#2673,#1003,.T.);
#3454=EDGE_CURVE('',#2674,#2675,#1724,.T.);
#3455=EDGE_CURVE('',#2675,#2676,#1004,.T.);
#3456=EDGE_CURVE('',#2676,#2675,#1005,.T.);
#3457=EDGE_CURVE('',#2677,#2678,#1006,.T.);
#3458=EDGE_CURVE('',#2678,#2677,#1007,.T.);
#3459=EDGE_CURVE('',#2679,#2679,#1008,.T.);
#3460=EDGE_CURVE('',#2679,#2680,#1725,.T.);
#3461=EDGE_CURVE('',#2680,#2681,#1009,.T.);
#3462=EDGE_CURVE('',#2681,#2680,#1010,.T.);
#3463=EDGE_CURVE('',#2681,#2682,#1726,.T.);
#3464=EDGE_CURVE('',#2682,#2683,#1011,.T.);
#3465=EDGE_CURVE('',#2683,#2682,#1012,.T.);
#3466=EDGE_CURVE('',#2684,#2685,#1324,.T.);
#3467=EDGE_CURVE('',#2685,#2686,#1727,.T.);
#3468=EDGE_CURVE('',#2686,#2687,#1325,.T.);
#3469=EDGE_CURVE('',#2687,#2684,#1728,.T.);
#3470=EDGE_CURVE('',#2688,#2689,#1326,.T.);
#3471=EDGE_CURVE('',#2689,#2690,#1729,.T.);
#3472=EDGE_CURVE('',#2690,#2691,#1327,.T.);
#3473=EDGE_CURVE('',#2691,#2688,#1730,.T.);
#3474=EDGE_CURVE('',#2692,#2693,#1013,.T.);
#3475=EDGE_CURVE('',#2693,#2692,#1014,.T.);
#3476=EDGE_CURVE('',#2626,#2694,#1731,.T.);
#3477=EDGE_CURVE('',#2620,#2695,#1732,.T.);
#3478=EDGE_CURVE('',#2635,#2696,#1733,.T.);
#3479=EDGE_CURVE('',#2194,#2697,#1734,.T.);
#3480=EDGE_CURVE('',#2623,#2698,#1735,.T.);
#3481=EDGE_CURVE('',#2629,#2699,#1736,.T.);
#3482=EDGE_CURVE('',#2700,#2688,#1737,.T.);
#3483=EDGE_CURVE('',#2701,#2700,#1328,.T.);
#3484=EDGE_CURVE('',#2689,#2701,#1738,.T.);
#3485=EDGE_CURVE('',#2700,#2702,#1739,.T.);
#3486=EDGE_CURVE('',#2703,#2702,#1329,.T.);
#3487=EDGE_CURVE('',#2704,#2703,#1330,.T.);
#3488=EDGE_CURVE('',#2705,#2704,#1331,.T.);
#3489=EDGE_CURVE('',#2706,#2705,#1332,.T.);
#3490=EDGE_CURVE('',#2701,#2706,#1740,.T.);
#3491=EDGE_CURVE('',#2690,#2707,#1741,.T.);
#3492=EDGE_CURVE('',#2708,#2707,#1333,.T.);
#3493=EDGE_CURVE('',#2708,#2691,#1742,.T.);
#3494=EDGE_CURVE('',#2707,#2709,#1743,.T.);
#3495=EDGE_CURVE('',#2710,#2709,#1334,.T.);
#3496=EDGE_CURVE('',#2708,#2710,#1744,.T.);
#3497=EDGE_CURVE('',#2701,#2707,#1745,.T.);
#3498=EDGE_CURVE('',#2708,#2700,#1746,.T.);
#3499=EDGE_CURVE('',#2709,#2706,#1747,.T.);
#3500=EDGE_CURVE('',#2702,#2710,#1748,.T.);
#3501=EDGE_CURVE('',#2703,#2188,#1015,.T.);
#3502=EDGE_CURVE('',#2189,#2711,#1335,.T.);
#3503=EDGE_CURVE('',#2704,#2711,#1016,.T.);
#3504=EDGE_CURVE('',#2711,#2704,#1017,.T.);
#3505=EDGE_CURVE('',#2711,#2712,#1336,.T.);
#3506=EDGE_CURVE('',#2712,#2705,#1018,.T.);
#3507=EDGE_CURVE('',#2713,#2684,#1749,.T.);
#3508=EDGE_CURVE('',#2714,#2713,#1337,.T.);
#3509=EDGE_CURVE('',#2685,#2714,#1750,.T.);
#3510=EDGE_CURVE('',#2686,#2715,#1751,.T.);
#3511=EDGE_CURVE('',#2716,#2715,#1338,.T.);
#3512=EDGE_CURVE('',#2716,#2687,#1752,.T.);
#3513=EDGE_CURVE('',#2715,#2717,#1753,.T.);
#3514=EDGE_CURVE('',#2718,#2717,#1339,.T.);
#3515=EDGE_CURVE('',#2716,#2718,#1754,.T.);
#3516=EDGE_CURVE('',#2715,#2714,#1755,.T.);
#3517=EDGE_CURVE('',#2713,#2716,#1756,.T.);
#3518=EDGE_CURVE('',#2714,#2187,#1757,.T.);
#3519=EDGE_CURVE('',#2717,#2187,#1758,.T.);
#3520=EDGE_CURVE('',#2719,#2718,#1759,.T.);
#3521=EDGE_CURVE('',#2713,#2719,#1760,.T.);
#3522=EDGE_CURVE('',#2712,#2719,#1340,.T.);
#3523=EDGE_CURVE('',#2678,#2717,#1761,.T.);
#3524=EDGE_CURVE('',#2720,#2721,#1019,.T.);
#3525=EDGE_CURVE('',#2721,#2720,#1020,.T.);
#3526=EDGE_CURVE('',#2721,#2722,#1021,.T.);
#3527=EDGE_CURVE('',#2723,#2722,#1022,.T.);
#3528=EDGE_CURVE('',#2722,#2723,#1023,.T.);
#3529=EDGE_CURVE('',#2724,#2725,#1024,.T.);
#3530=EDGE_CURVE('',#2725,#2724,#1025,.T.);
#3531=EDGE_CURVE('',#2725,#2722,#1762,.T.);
#3532=EDGE_CURVE('',#2725,#2726,#1026,.T.);
#3533=EDGE_CURVE('',#2727,#2726,#1027,.T.);
#3534=EDGE_CURVE('',#2726,#2727,#1028,.T.);
#3535=EDGE_CURVE('',#2693,#2675,#1029,.T.);
#3536=EDGE_CURVE('',#2728,#2729,#1030,.T.);
#3537=EDGE_CURVE('',#2729,#2728,#1031,.T.);
#3538=EDGE_CURVE('',#2729,#2603,#1763,.T.);
#3539=EDGE_CURVE('',#2601,#2657,#1032,.T.);
#3540=ORIENTED_EDGE('',*,*,#2730,.F.);
#3541=ORIENTED_EDGE('',*,*,#2731,.T.);
#3542=ORIENTED_EDGE('',*,*,#2732,.F.);
#3543=ORIENTED_EDGE('',*,*,#2733,.F.);
#3544=ORIENTED_EDGE('',*,*,#2734,.F.);
#3545=ORIENTED_EDGE('',*,*,#2735,.T.);
#3546=ORIENTED_EDGE('',*,*,#2736,.T.);
#3547=ORIENTED_EDGE('',*,*,#2737,.T.);
#3548=ORIENTED_EDGE('',*,*,#2738,.F.);
#3549=ORIENTED_EDGE('',*,*,#2739,.T.);
#3550=ORIENTED_EDGE('',*,*,#2735,.F.);
#3551=ORIENTED_EDGE('',*,*,#2740,.F.);
#3552=ORIENTED_EDGE('',*,*,#2741,.F.);
#3553=ORIENTED_EDGE('',*,*,#2742,.F.);
#3554=ORIENTED_EDGE('',*,*,#2743,.F.);
#3555=ORIENTED_EDGE('',*,*,#2744,.F.);
#3556=ORIENTED_EDGE('',*,*,#2745,.F.);
#3557=ORIENTED_EDGE('',*,*,#2746,.F.);
#3558=ORIENTED_EDGE('',*,*,#2747,.F.);
#3559=ORIENTED_EDGE('',*,*,#2748,.F.);
#3560=ORIENTED_EDGE('',*,*,#2749,.F.);
#3561=ORIENTED_EDGE('',*,*,#2750,.F.);
#3562=ORIENTED_EDGE('',*,*,#2751,.F.);
#3563=ORIENTED_EDGE('',*,*,#2752,.F.);
#3564=ORIENTED_EDGE('',*,*,#2753,.F.);
#3565=ORIENTED_EDGE('',*,*,#2754,.F.);
#3566=ORIENTED_EDGE('',*,*,#2755,.F.);
#3567=ORIENTED_EDGE('',*,*,#2756,.F.);
#3568=ORIENTED_EDGE('',*,*,#2757,.F.);
#3569=ORIENTED_EDGE('',*,*,#2758,.F.);
#3570=ORIENTED_EDGE('',*,*,#2759,.F.);
#3571=ORIENTED_EDGE('',*,*,#2760,.F.);
#3572=ORIENTED_EDGE('',*,*,#2761,.F.);
#3573=ORIENTED_EDGE('',*,*,#2749,.T.);
#3574=ORIENTED_EDGE('',*,*,#2762,.T.);
#3575=ORIENTED_EDGE('',*,*,#2763,.F.);
#3576=ORIENTED_EDGE('',*,*,#2762,.F.);
#3577=ORIENTED_EDGE('',*,*,#2748,.T.);
#3578=ORIENTED_EDGE('',*,*,#2764,.T.);
#3579=ORIENTED_EDGE('',*,*,#2765,.F.);
#3580=ORIENTED_EDGE('',*,*,#2764,.F.);
#3581=ORIENTED_EDGE('',*,*,#2747,.T.);
#3582=ORIENTED_EDGE('',*,*,#2766,.T.);
#3583=ORIENTED_EDGE('',*,*,#2767,.F.);
#3584=ORIENTED_EDGE('',*,*,#2766,.F.);
#3585=ORIENTED_EDGE('',*,*,#2746,.T.);
#3586=ORIENTED_EDGE('',*,*,#2768,.T.);
#3587=ORIENTED_EDGE('',*,*,#2769,.F.);
#3588=ORIENTED_EDGE('',*,*,#2768,.F.);
#3589=ORIENTED_EDGE('',*,*,#2745,.T.);
#3590=ORIENTED_EDGE('',*,*,#2770,.T.);
#3591=ORIENTED_EDGE('',*,*,#2771,.F.);
#3592=ORIENTED_EDGE('',*,*,#2770,.F.);
#3593=ORIENTED_EDGE('',*,*,#2744,.T.);
#3594=ORIENTED_EDGE('',*,*,#2772,.T.);
#3595=ORIENTED_EDGE('',*,*,#2773,.F.);
#3596=ORIENTED_EDGE('',*,*,#2772,.F.);
#3597=ORIENTED_EDGE('',*,*,#2743,.T.);
#3598=ORIENTED_EDGE('',*,*,#2774,.T.);
#3599=ORIENTED_EDGE('',*,*,#2775,.F.);
#3600=ORIENTED_EDGE('',*,*,#2774,.F.);
#3601=ORIENTED_EDGE('',*,*,#2742,.T.);
#3602=ORIENTED_EDGE('',*,*,#2776,.T.);
#3603=ORIENTED_EDGE('',*,*,#2777,.F.);
#3604=ORIENTED_EDGE('',*,*,#2776,.F.);
#3605=ORIENTED_EDGE('',*,*,#2741,.T.);
#3606=ORIENTED_EDGE('',*,*,#2778,.T.);
#3607=ORIENTED_EDGE('',*,*,#2779,.F.);
#3608=ORIENTED_EDGE('',*,*,#2778,.F.);
#3609=ORIENTED_EDGE('',*,*,#2740,.T.);
#3610=ORIENTED_EDGE('',*,*,#2780,.T.);
#3611=ORIENTED_EDGE('',*,*,#2781,.F.);
#3612=ORIENTED_EDGE('',*,*,#2780,.F.);
#3613=ORIENTED_EDGE('',*,*,#2759,.T.);
#3614=ORIENTED_EDGE('',*,*,#2782,.T.);
#3615=ORIENTED_EDGE('',*,*,#2783,.F.);
#3616=ORIENTED_EDGE('',*,*,#2782,.F.);
#3617=ORIENTED_EDGE('',*,*,#2758,.T.);
#3618=ORIENTED_EDGE('',*,*,#2784,.T.);
#3619=ORIENTED_EDGE('',*,*,#2785,.F.);
#3620=ORIENTED_EDGE('',*,*,#2784,.F.);
#3621=ORIENTED_EDGE('',*,*,#2757,.T.);
#3622=ORIENTED_EDGE('',*,*,#2786,.T.);
#3623=ORIENTED_EDGE('',*,*,#2787,.F.);
#3624=ORIENTED_EDGE('',*,*,#2786,.F.);
#3625=ORIENTED_EDGE('',*,*,#2756,.T.);
#3626=ORIENTED_EDGE('',*,*,#2788,.T.);
#3627=ORIENTED_EDGE('',*,*,#2789,.F.);
#3628=ORIENTED_EDGE('',*,*,#2788,.F.);
#3629=ORIENTED_EDGE('',*,*,#2755,.T.);
#3630=ORIENTED_EDGE('',*,*,#2790,.T.);
#3631=ORIENTED_EDGE('',*,*,#2791,.F.);
#3632=ORIENTED_EDGE('',*,*,#2790,.F.);
#3633=ORIENTED_EDGE('',*,*,#2754,.T.);
#3634=ORIENTED_EDGE('',*,*,#2792,.T.);
#3635=ORIENTED_EDGE('',*,*,#2793,.F.);
#3636=ORIENTED_EDGE('',*,*,#2792,.F.);
#3637=ORIENTED_EDGE('',*,*,#2753,.T.);
#3638=ORIENTED_EDGE('',*,*,#2794,.T.);
#3639=ORIENTED_EDGE('',*,*,#2795,.F.);
#3640=ORIENTED_EDGE('',*,*,#2794,.F.);
#3641=ORIENTED_EDGE('',*,*,#2752,.T.);
#3642=ORIENTED_EDGE('',*,*,#2796,.T.);
#3643=ORIENTED_EDGE('',*,*,#2797,.F.);
#3644=ORIENTED_EDGE('',*,*,#2796,.F.);
#3645=ORIENTED_EDGE('',*,*,#2751,.T.);
#3646=ORIENTED_EDGE('',*,*,#2798,.T.);
#3647=ORIENTED_EDGE('',*,*,#2799,.F.);
#3648=ORIENTED_EDGE('',*,*,#2798,.F.);
#3649=ORIENTED_EDGE('',*,*,#2750,.T.);
#3650=ORIENTED_EDGE('',*,*,#2761,.T.);
#3651=ORIENTED_EDGE('',*,*,#2800,.F.);
#3652=ORIENTED_EDGE('',*,*,#2801,.F.);
#3653=ORIENTED_EDGE('',*,*,#2802,.T.);
#3654=ORIENTED_EDGE('',*,*,#2803,.T.);
#3655=ORIENTED_EDGE('',*,*,#2804,.F.);
#3656=ORIENTED_EDGE('',*,*,#2805,.F.);
#3657=ORIENTED_EDGE('',*,*,#2806,.T.);
#3658=ORIENTED_EDGE('',*,*,#2801,.T.);
#3659=ORIENTED_EDGE('',*,*,#2807,.F.);
#3660=ORIENTED_EDGE('',*,*,#2808,.F.);
#3661=ORIENTED_EDGE('',*,*,#2809,.T.);
#3662=ORIENTED_EDGE('',*,*,#2805,.T.);
#3663=ORIENTED_EDGE('',*,*,#2810,.F.);
#3664=ORIENTED_EDGE('',*,*,#2811,.F.);
#3665=ORIENTED_EDGE('',*,*,#2812,.T.);
#3666=ORIENTED_EDGE('',*,*,#2808,.T.);
#3667=ORIENTED_EDGE('',*,*,#2813,.F.);
#3668=ORIENTED_EDGE('',*,*,#2814,.F.);
#3669=ORIENTED_EDGE('',*,*,#2815,.T.);
#3670=ORIENTED_EDGE('',*,*,#2811,.T.);
#3671=ORIENTED_EDGE('',*,*,#2816,.F.);
#3672=ORIENTED_EDGE('',*,*,#2817,.F.);
#3673=ORIENTED_EDGE('',*,*,#2818,.T.);
#3674=ORIENTED_EDGE('',*,*,#2814,.T.);
#3675=ORIENTED_EDGE('',*,*,#2819,.F.);
#3676=ORIENTED_EDGE('',*,*,#2820,.F.);
#3677=ORIENTED_EDGE('',*,*,#2821,.T.);
#3678=ORIENTED_EDGE('',*,*,#2817,.T.);
#3679=ORIENTED_EDGE('',*,*,#2822,.F.);
#3680=ORIENTED_EDGE('',*,*,#2823,.F.);
#3681=ORIENTED_EDGE('',*,*,#2824,.T.);
#3682=ORIENTED_EDGE('',*,*,#2820,.T.);
#3683=ORIENTED_EDGE('',*,*,#2825,.F.);
#3684=ORIENTED_EDGE('',*,*,#2826,.F.);
#3685=ORIENTED_EDGE('',*,*,#2827,.T.);
#3686=ORIENTED_EDGE('',*,*,#2823,.T.);
#3687=ORIENTED_EDGE('',*,*,#2828,.F.);
#3688=ORIENTED_EDGE('',*,*,#2829,.F.);
#3689=ORIENTED_EDGE('',*,*,#2830,.T.);
#3690=ORIENTED_EDGE('',*,*,#2826,.T.);
#3691=ORIENTED_EDGE('',*,*,#2831,.F.);
#3692=ORIENTED_EDGE('',*,*,#2832,.F.);
#3693=ORIENTED_EDGE('',*,*,#2833,.T.);
#3694=ORIENTED_EDGE('',*,*,#2829,.T.);
#3695=ORIENTED_EDGE('',*,*,#2834,.F.);
#3696=ORIENTED_EDGE('',*,*,#2835,.F.);
#3697=ORIENTED_EDGE('',*,*,#2836,.T.);
#3698=ORIENTED_EDGE('',*,*,#2832,.T.);
#3699=ORIENTED_EDGE('',*,*,#2837,.F.);
#3700=ORIENTED_EDGE('',*,*,#2838,.F.);
#3701=ORIENTED_EDGE('',*,*,#2839,.T.);
#3702=ORIENTED_EDGE('',*,*,#2835,.T.);
#3703=ORIENTED_EDGE('',*,*,#2840,.F.);
#3704=ORIENTED_EDGE('',*,*,#2841,.F.);
#3705=ORIENTED_EDGE('',*,*,#2842,.T.);
#3706=ORIENTED_EDGE('',*,*,#2838,.T.);
#3707=ORIENTED_EDGE('',*,*,#2843,.F.);
#3708=ORIENTED_EDGE('',*,*,#2844,.F.);
#3709=ORIENTED_EDGE('',*,*,#2845,.T.);
#3710=ORIENTED_EDGE('',*,*,#2841,.T.);
#3711=ORIENTED_EDGE('',*,*,#2846,.F.);
#3712=ORIENTED_EDGE('',*,*,#2847,.F.);
#3713=ORIENTED_EDGE('',*,*,#2848,.T.);
#3714=ORIENTED_EDGE('',*,*,#2844,.T.);
#3715=ORIENTED_EDGE('',*,*,#2849,.F.);
#3716=ORIENTED_EDGE('',*,*,#2850,.F.);
#3717=ORIENTED_EDGE('',*,*,#2851,.T.);
#3718=ORIENTED_EDGE('',*,*,#2847,.T.);
#3719=ORIENTED_EDGE('',*,*,#2852,.F.);
#3720=ORIENTED_EDGE('',*,*,#2853,.F.);
#3721=ORIENTED_EDGE('',*,*,#2854,.T.);
#3722=ORIENTED_EDGE('',*,*,#2850,.T.);
#3723=ORIENTED_EDGE('',*,*,#2855,.F.);
#3724=ORIENTED_EDGE('',*,*,#2856,.F.);
#3725=ORIENTED_EDGE('',*,*,#2857,.T.);
#3726=ORIENTED_EDGE('',*,*,#2853,.T.);
#3727=ORIENTED_EDGE('',*,*,#2858,.F.);
#3728=ORIENTED_EDGE('',*,*,#2859,.F.);
#3729=ORIENTED_EDGE('',*,*,#2860,.T.);
#3730=ORIENTED_EDGE('',*,*,#2856,.T.);
#3731=ORIENTED_EDGE('',*,*,#2861,.F.);
#3732=ORIENTED_EDGE('',*,*,#2803,.F.);
#3733=ORIENTED_EDGE('',*,*,#2862,.T.);
#3734=ORIENTED_EDGE('',*,*,#2859,.T.);
#3735=ORIENTED_EDGE('',*,*,#2833,.F.);
#3736=ORIENTED_EDGE('',*,*,#2836,.F.);
#3737=ORIENTED_EDGE('',*,*,#2839,.F.);
#3738=ORIENTED_EDGE('',*,*,#2842,.F.);
#3739=ORIENTED_EDGE('',*,*,#2845,.F.);
#3740=ORIENTED_EDGE('',*,*,#2848,.F.);
#3741=ORIENTED_EDGE('',*,*,#2851,.F.);
#3742=ORIENTED_EDGE('',*,*,#2854,.F.);
#3743=ORIENTED_EDGE('',*,*,#2857,.F.);
#3744=ORIENTED_EDGE('',*,*,#2860,.F.);
#3745=ORIENTED_EDGE('',*,*,#2862,.F.);
#3746=ORIENTED_EDGE('',*,*,#2802,.F.);
#3747=ORIENTED_EDGE('',*,*,#2806,.F.);
#3748=ORIENTED_EDGE('',*,*,#2809,.F.);
#3749=ORIENTED_EDGE('',*,*,#2812,.F.);
#3750=ORIENTED_EDGE('',*,*,#2815,.F.);
#3751=ORIENTED_EDGE('',*,*,#2818,.F.);
#3752=ORIENTED_EDGE('',*,*,#2821,.F.);
#3753=ORIENTED_EDGE('',*,*,#2824,.F.);
#3754=ORIENTED_EDGE('',*,*,#2827,.F.);
#3755=ORIENTED_EDGE('',*,*,#2830,.F.);
#3756=ORIENTED_EDGE('',*,*,#2863,.F.);
#3757=ORIENTED_EDGE('',*,*,#2864,.F.);
#3758=ORIENTED_EDGE('',*,*,#2865,.F.);
#3759=ORIENTED_EDGE('',*,*,#2866,.F.);
#3760=ORIENTED_EDGE('',*,*,#2867,.F.);
#3761=ORIENTED_EDGE('',*,*,#2868,.F.);
#3762=ORIENTED_EDGE('',*,*,#2869,.F.);
#3763=ORIENTED_EDGE('',*,*,#2870,.F.);
#3764=ORIENTED_EDGE('',*,*,#2871,.F.);
#3765=ORIENTED_EDGE('',*,*,#2872,.F.);
#3766=ORIENTED_EDGE('',*,*,#2873,.F.);
#3767=ORIENTED_EDGE('',*,*,#2874,.F.);
#3768=ORIENTED_EDGE('',*,*,#2875,.F.);
#3769=ORIENTED_EDGE('',*,*,#2868,.T.);
#3770=ORIENTED_EDGE('',*,*,#2876,.T.);
#3771=ORIENTED_EDGE('',*,*,#2877,.F.);
#3772=ORIENTED_EDGE('',*,*,#2876,.F.);
#3773=ORIENTED_EDGE('',*,*,#2867,.T.);
#3774=ORIENTED_EDGE('',*,*,#2878,.T.);
#3775=ORIENTED_EDGE('',*,*,#2879,.F.);
#3776=ORIENTED_EDGE('',*,*,#2878,.F.);
#3777=ORIENTED_EDGE('',*,*,#2866,.T.);
#3778=ORIENTED_EDGE('',*,*,#2880,.T.);
#3779=ORIENTED_EDGE('',*,*,#2881,.F.);
#3780=ORIENTED_EDGE('',*,*,#2880,.F.);
#3781=ORIENTED_EDGE('',*,*,#2865,.T.);
#3782=ORIENTED_EDGE('',*,*,#2882,.T.);
#3783=ORIENTED_EDGE('',*,*,#2883,.F.);
#3784=ORIENTED_EDGE('',*,*,#2882,.F.);
#3785=ORIENTED_EDGE('',*,*,#2864,.T.);
#3786=ORIENTED_EDGE('',*,*,#2884,.T.);
#3787=ORIENTED_EDGE('',*,*,#2885,.F.);
#3788=ORIENTED_EDGE('',*,*,#2884,.F.);
#3789=ORIENTED_EDGE('',*,*,#2863,.T.);
#3790=ORIENTED_EDGE('',*,*,#2886,.T.);
#3791=ORIENTED_EDGE('',*,*,#2887,.F.);
#3792=ORIENTED_EDGE('',*,*,#2886,.F.);
#3793=ORIENTED_EDGE('',*,*,#2873,.T.);
#3794=ORIENTED_EDGE('',*,*,#2888,.T.);
#3795=ORIENTED_EDGE('',*,*,#2889,.F.);
#3796=ORIENTED_EDGE('',*,*,#2888,.F.);
#3797=ORIENTED_EDGE('',*,*,#2872,.T.);
#3798=ORIENTED_EDGE('',*,*,#2890,.T.);
#3799=ORIENTED_EDGE('',*,*,#2891,.F.);
#3800=ORIENTED_EDGE('',*,*,#2890,.F.);
#3801=ORIENTED_EDGE('',*,*,#2871,.T.);
#3802=ORIENTED_EDGE('',*,*,#2892,.T.);
#3803=ORIENTED_EDGE('',*,*,#2893,.F.);
#3804=ORIENTED_EDGE('',*,*,#2892,.F.);
#3805=ORIENTED_EDGE('',*,*,#2870,.T.);
#3806=ORIENTED_EDGE('',*,*,#2894,.T.);
#3807=ORIENTED_EDGE('',*,*,#2895,.F.);
#3808=ORIENTED_EDGE('',*,*,#2894,.F.);
#3809=ORIENTED_EDGE('',*,*,#2869,.T.);
#3810=ORIENTED_EDGE('',*,*,#2875,.T.);
#3811=ORIENTED_EDGE('',*,*,#2896,.F.);
#3812=ORIENTED_EDGE('',*,*,#2897,.F.);
#3813=ORIENTED_EDGE('',*,*,#2898,.T.);
#3814=ORIENTED_EDGE('',*,*,#2899,.T.);
#3815=ORIENTED_EDGE('',*,*,#2900,.F.);
#3816=ORIENTED_EDGE('',*,*,#2901,.F.);
#3817=ORIENTED_EDGE('',*,*,#2902,.T.);
#3818=ORIENTED_EDGE('',*,*,#2897,.T.);
#3819=ORIENTED_EDGE('',*,*,#2903,.F.);
#3820=ORIENTED_EDGE('',*,*,#2904,.F.);
#3821=ORIENTED_EDGE('',*,*,#2905,.T.);
#3822=ORIENTED_EDGE('',*,*,#2901,.T.);
#3823=ORIENTED_EDGE('',*,*,#2906,.F.);
#3824=ORIENTED_EDGE('',*,*,#2907,.F.);
#3825=ORIENTED_EDGE('',*,*,#2908,.T.);
#3826=ORIENTED_EDGE('',*,*,#2904,.T.);
#3827=ORIENTED_EDGE('',*,*,#2909,.F.);
#3828=ORIENTED_EDGE('',*,*,#2910,.F.);
#3829=ORIENTED_EDGE('',*,*,#2911,.T.);
#3830=ORIENTED_EDGE('',*,*,#2912,.T.);
#3831=ORIENTED_EDGE('',*,*,#2913,.F.);
#3832=ORIENTED_EDGE('',*,*,#2912,.F.);
#3833=ORIENTED_EDGE('',*,*,#2914,.T.);
#3834=ORIENTED_EDGE('',*,*,#2915,.T.);
#3835=ORIENTED_EDGE('',*,*,#2916,.F.);
#3836=ORIENTED_EDGE('',*,*,#2915,.F.);
#3837=ORIENTED_EDGE('',*,*,#2917,.T.);
#3838=ORIENTED_EDGE('',*,*,#2918,.T.);
#3839=ORIENTED_EDGE('',*,*,#2919,.F.);
#3840=ORIENTED_EDGE('',*,*,#2920,.F.);
#3841=ORIENTED_EDGE('',*,*,#2921,.T.);
#3842=ORIENTED_EDGE('',*,*,#2907,.T.);
#3843=ORIENTED_EDGE('',*,*,#2922,.F.);
#3844=ORIENTED_EDGE('',*,*,#2923,.F.);
#3845=ORIENTED_EDGE('',*,*,#2924,.T.);
#3846=ORIENTED_EDGE('',*,*,#2920,.T.);
#3847=ORIENTED_EDGE('',*,*,#2925,.F.);
#3848=ORIENTED_EDGE('',*,*,#2926,.F.);
#3849=ORIENTED_EDGE('',*,*,#2927,.T.);
#3850=ORIENTED_EDGE('',*,*,#2923,.T.);
#3851=ORIENTED_EDGE('',*,*,#2928,.F.);
#3852=ORIENTED_EDGE('',*,*,#2899,.F.);
#3853=ORIENTED_EDGE('',*,*,#2929,.T.);
#3854=ORIENTED_EDGE('',*,*,#2926,.T.);
#3855=ORIENTED_EDGE('',*,*,#2930,.F.);
#3856=ORIENTED_EDGE('',*,*,#2931,.F.);
#3857=ORIENTED_EDGE('',*,*,#2932,.T.);
#3858=ORIENTED_EDGE('',*,*,#2910,.T.);
#3859=ORIENTED_EDGE('',*,*,#2933,.F.);
#3860=ORIENTED_EDGE('',*,*,#2934,.F.);
#3861=ORIENTED_EDGE('',*,*,#2935,.T.);
#3862=ORIENTED_EDGE('',*,*,#2931,.T.);
#3863=ORIENTED_EDGE('',*,*,#2936,.F.);
#3864=ORIENTED_EDGE('',*,*,#2918,.F.);
#3865=ORIENTED_EDGE('',*,*,#2937,.T.);
#3866=ORIENTED_EDGE('',*,*,#2934,.T.);
#3867=ORIENTED_EDGE('',*,*,#2921,.F.);
#3868=ORIENTED_EDGE('',*,*,#2924,.F.);
#3869=ORIENTED_EDGE('',*,*,#2927,.F.);
#3870=ORIENTED_EDGE('',*,*,#2929,.F.);
#3871=ORIENTED_EDGE('',*,*,#2898,.F.);
#3872=ORIENTED_EDGE('',*,*,#2902,.F.);
#3873=ORIENTED_EDGE('',*,*,#2905,.F.);
#3874=ORIENTED_EDGE('',*,*,#2908,.F.);
#3875=ORIENTED_EDGE('',*,*,#2932,.F.);
#3876=ORIENTED_EDGE('',*,*,#2935,.F.);
#3877=ORIENTED_EDGE('',*,*,#2937,.F.);
#3878=ORIENTED_EDGE('',*,*,#2917,.F.);
#3879=ORIENTED_EDGE('',*,*,#2914,.F.);
#3880=ORIENTED_EDGE('',*,*,#2911,.F.);
#3881=ORIENTED_EDGE('',*,*,#2938,.F.);
#3882=ORIENTED_EDGE('',*,*,#2939,.F.);
#3883=ORIENTED_EDGE('',*,*,#2940,.F.);
#3884=ORIENTED_EDGE('',*,*,#2941,.F.);
#3885=ORIENTED_EDGE('',*,*,#2942,.F.);
#3886=ORIENTED_EDGE('',*,*,#2943,.F.);
#3887=ORIENTED_EDGE('',*,*,#2944,.F.);
#3888=ORIENTED_EDGE('',*,*,#2945,.F.);
#3889=ORIENTED_EDGE('',*,*,#2946,.F.);
#3890=ORIENTED_EDGE('',*,*,#2947,.F.);
#3891=ORIENTED_EDGE('',*,*,#2948,.F.);
#3892=ORIENTED_EDGE('',*,*,#2942,.T.);
#3893=ORIENTED_EDGE('',*,*,#2949,.T.);
#3894=ORIENTED_EDGE('',*,*,#2950,.F.);
#3895=ORIENTED_EDGE('',*,*,#2949,.F.);
#3896=ORIENTED_EDGE('',*,*,#2941,.T.);
#3897=ORIENTED_EDGE('',*,*,#2951,.T.);
#3898=ORIENTED_EDGE('',*,*,#2952,.F.);
#3899=ORIENTED_EDGE('',*,*,#2951,.F.);
#3900=ORIENTED_EDGE('',*,*,#2940,.T.);
#3901=ORIENTED_EDGE('',*,*,#2953,.T.);
#3902=ORIENTED_EDGE('',*,*,#2954,.F.);
#3903=ORIENTED_EDGE('',*,*,#2953,.F.);
#3904=ORIENTED_EDGE('',*,*,#2939,.T.);
#3905=ORIENTED_EDGE('',*,*,#2955,.T.);
#3906=ORIENTED_EDGE('',*,*,#2956,.F.);
#3907=ORIENTED_EDGE('',*,*,#2955,.F.);
#3908=ORIENTED_EDGE('',*,*,#2938,.T.);
#3909=ORIENTED_EDGE('',*,*,#2957,.T.);
#3910=ORIENTED_EDGE('',*,*,#2958,.F.);
#3911=ORIENTED_EDGE('',*,*,#2957,.F.);
#3912=ORIENTED_EDGE('',*,*,#2946,.T.);
#3913=ORIENTED_EDGE('',*,*,#2959,.T.);
#3914=ORIENTED_EDGE('',*,*,#2960,.F.);
#3915=ORIENTED_EDGE('',*,*,#2959,.F.);
#3916=ORIENTED_EDGE('',*,*,#2945,.T.);
#3917=ORIENTED_EDGE('',*,*,#2961,.T.);
#3918=ORIENTED_EDGE('',*,*,#2962,.F.);
#3919=ORIENTED_EDGE('',*,*,#2961,.F.);
#3920=ORIENTED_EDGE('',*,*,#2944,.T.);
#3921=ORIENTED_EDGE('',*,*,#2963,.T.);
#3922=ORIENTED_EDGE('',*,*,#2964,.F.);
#3923=ORIENTED_EDGE('',*,*,#2963,.F.);
#3924=ORIENTED_EDGE('',*,*,#2943,.T.);
#3925=ORIENTED_EDGE('',*,*,#2948,.T.);
#3926=ORIENTED_EDGE('',*,*,#2965,.F.);
#3927=ORIENTED_EDGE('',*,*,#2966,.F.);
#3928=ORIENTED_EDGE('',*,*,#2967,.T.);
#3929=ORIENTED_EDGE('',*,*,#2968,.T.);
#3930=ORIENTED_EDGE('',*,*,#2969,.F.);
#3931=ORIENTED_EDGE('',*,*,#2970,.F.);
#3932=ORIENTED_EDGE('',*,*,#2971,.T.);
#3933=ORIENTED_EDGE('',*,*,#2966,.T.);
#3934=ORIENTED_EDGE('',*,*,#2972,.F.);
#3935=ORIENTED_EDGE('',*,*,#2973,.F.);
#3936=ORIENTED_EDGE('',*,*,#2974,.T.);
#3937=ORIENTED_EDGE('',*,*,#2970,.T.);
#3938=ORIENTED_EDGE('',*,*,#2975,.F.);
#3939=ORIENTED_EDGE('',*,*,#2976,.F.);
#3940=ORIENTED_EDGE('',*,*,#2977,.T.);
#3941=ORIENTED_EDGE('',*,*,#2973,.T.);
#3942=ORIENTED_EDGE('',*,*,#2978,.F.);
#3943=ORIENTED_EDGE('',*,*,#2979,.F.);
#3944=ORIENTED_EDGE('',*,*,#2980,.T.);
#3945=ORIENTED_EDGE('',*,*,#2976,.T.);
#3946=ORIENTED_EDGE('',*,*,#2981,.F.);
#3947=ORIENTED_EDGE('',*,*,#2982,.F.);
#3948=ORIENTED_EDGE('',*,*,#2983,.T.);
#3949=ORIENTED_EDGE('',*,*,#2979,.T.);
#3950=ORIENTED_EDGE('',*,*,#2984,.F.);
#3951=ORIENTED_EDGE('',*,*,#2985,.F.);
#3952=ORIENTED_EDGE('',*,*,#2986,.T.);
#3953=ORIENTED_EDGE('',*,*,#2982,.T.);
#3954=ORIENTED_EDGE('',*,*,#2987,.F.);
#3955=ORIENTED_EDGE('',*,*,#2988,.F.);
#3956=ORIENTED_EDGE('',*,*,#2989,.T.);
#3957=ORIENTED_EDGE('',*,*,#2985,.T.);
#3958=ORIENTED_EDGE('',*,*,#2990,.F.);
#3959=ORIENTED_EDGE('',*,*,#2991,.F.);
#3960=ORIENTED_EDGE('',*,*,#2992,.T.);
#3961=ORIENTED_EDGE('',*,*,#2988,.T.);
#3962=ORIENTED_EDGE('',*,*,#2993,.F.);
#3963=ORIENTED_EDGE('',*,*,#2994,.F.);
#3964=ORIENTED_EDGE('',*,*,#2995,.T.);
#3965=ORIENTED_EDGE('',*,*,#2991,.T.);
#3966=ORIENTED_EDGE('',*,*,#2996,.F.);
#3967=ORIENTED_EDGE('',*,*,#2997,.F.);
#3968=ORIENTED_EDGE('',*,*,#2998,.T.);
#3969=ORIENTED_EDGE('',*,*,#2994,.T.);
#3970=ORIENTED_EDGE('',*,*,#2999,.F.);
#3971=ORIENTED_EDGE('',*,*,#3000,.F.);
#3972=ORIENTED_EDGE('',*,*,#3001,.T.);
#3973=ORIENTED_EDGE('',*,*,#2997,.T.);
#3974=ORIENTED_EDGE('',*,*,#3002,.F.);
#3975=ORIENTED_EDGE('',*,*,#3003,.F.);
#3976=ORIENTED_EDGE('',*,*,#3004,.T.);
#3977=ORIENTED_EDGE('',*,*,#3000,.T.);
#3978=ORIENTED_EDGE('',*,*,#3005,.F.);
#3979=ORIENTED_EDGE('',*,*,#2968,.F.);
#3980=ORIENTED_EDGE('',*,*,#3006,.T.);
#3981=ORIENTED_EDGE('',*,*,#3003,.T.);
#3982=ORIENTED_EDGE('',*,*,#2989,.F.);
#3983=ORIENTED_EDGE('',*,*,#2992,.F.);
#3984=ORIENTED_EDGE('',*,*,#2995,.F.);
#3985=ORIENTED_EDGE('',*,*,#2998,.F.);
#3986=ORIENTED_EDGE('',*,*,#3001,.F.);
#3987=ORIENTED_EDGE('',*,*,#3004,.F.);
#3988=ORIENTED_EDGE('',*,*,#3006,.F.);
#3989=ORIENTED_EDGE('',*,*,#2967,.F.);
#3990=ORIENTED_EDGE('',*,*,#2971,.F.);
#3991=ORIENTED_EDGE('',*,*,#2974,.F.);
#3992=ORIENTED_EDGE('',*,*,#2977,.F.);
#3993=ORIENTED_EDGE('',*,*,#2980,.F.);
#3994=ORIENTED_EDGE('',*,*,#2983,.F.);
#3995=ORIENTED_EDGE('',*,*,#2986,.F.);
#3996=ORIENTED_EDGE('',*,*,#3007,.F.);
#3997=ORIENTED_EDGE('',*,*,#3008,.F.);
#3998=ORIENTED_EDGE('',*,*,#3009,.F.);
#3999=ORIENTED_EDGE('',*,*,#3010,.F.);
#4000=ORIENTED_EDGE('',*,*,#3011,.F.);
#4001=ORIENTED_EDGE('',*,*,#3012,.F.);
#4002=ORIENTED_EDGE('',*,*,#3013,.F.);
#4003=ORIENTED_EDGE('',*,*,#3014,.F.);
#4004=ORIENTED_EDGE('',*,*,#3015,.F.);
#4005=ORIENTED_EDGE('',*,*,#3016,.F.);
#4006=ORIENTED_EDGE('',*,*,#3017,.F.);
#4007=ORIENTED_EDGE('',*,*,#3018,.F.);
#4008=ORIENTED_EDGE('',*,*,#3019,.F.);
#4009=ORIENTED_EDGE('',*,*,#3020,.F.);
#4010=ORIENTED_EDGE('',*,*,#3021,.F.);
#4011=ORIENTED_EDGE('',*,*,#3022,.F.);
#4012=ORIENTED_EDGE('',*,*,#3023,.F.);
#4013=ORIENTED_EDGE('',*,*,#3024,.F.);
#4014=ORIENTED_EDGE('',*,*,#3025,.F.);
#4015=ORIENTED_EDGE('',*,*,#3026,.F.);
#4016=ORIENTED_EDGE('',*,*,#3027,.F.);
#4017=ORIENTED_EDGE('',*,*,#3028,.F.);
#4018=ORIENTED_EDGE('',*,*,#3029,.F.);
#4019=ORIENTED_EDGE('',*,*,#3017,.T.);
#4020=ORIENTED_EDGE('',*,*,#3030,.T.);
#4021=ORIENTED_EDGE('',*,*,#3031,.F.);
#4022=ORIENTED_EDGE('',*,*,#3030,.F.);
#4023=ORIENTED_EDGE('',*,*,#3016,.T.);
#4024=ORIENTED_EDGE('',*,*,#3032,.T.);
#4025=ORIENTED_EDGE('',*,*,#3033,.F.);
#4026=ORIENTED_EDGE('',*,*,#3032,.F.);
#4027=ORIENTED_EDGE('',*,*,#3015,.T.);
#4028=ORIENTED_EDGE('',*,*,#3034,.T.);
#4029=ORIENTED_EDGE('',*,*,#3035,.F.);
#4030=ORIENTED_EDGE('',*,*,#3034,.F.);
#4031=ORIENTED_EDGE('',*,*,#3014,.T.);
#4032=ORIENTED_EDGE('',*,*,#3036,.T.);
#4033=ORIENTED_EDGE('',*,*,#3037,.F.);
#4034=ORIENTED_EDGE('',*,*,#3036,.F.);
#4035=ORIENTED_EDGE('',*,*,#3013,.T.);
#4036=ORIENTED_EDGE('',*,*,#3038,.T.);
#4037=ORIENTED_EDGE('',*,*,#3039,.F.);
#4038=ORIENTED_EDGE('',*,*,#3038,.F.);
#4039=ORIENTED_EDGE('',*,*,#3012,.T.);
#4040=ORIENTED_EDGE('',*,*,#3040,.T.);
#4041=ORIENTED_EDGE('',*,*,#3041,.F.);
#4042=ORIENTED_EDGE('',*,*,#3040,.F.);
#4043=ORIENTED_EDGE('',*,*,#3011,.T.);
#4044=ORIENTED_EDGE('',*,*,#3042,.T.);
#4045=ORIENTED_EDGE('',*,*,#3043,.F.);
#4046=ORIENTED_EDGE('',*,*,#3042,.F.);
#4047=ORIENTED_EDGE('',*,*,#3010,.T.);
#4048=ORIENTED_EDGE('',*,*,#3044,.T.);
#4049=ORIENTED_EDGE('',*,*,#3045,.F.);
#4050=ORIENTED_EDGE('',*,*,#3044,.F.);
#4051=ORIENTED_EDGE('',*,*,#3009,.T.);
#4052=ORIENTED_EDGE('',*,*,#3046,.T.);
#4053=ORIENTED_EDGE('',*,*,#3047,.F.);
#4054=ORIENTED_EDGE('',*,*,#3046,.F.);
#4055=ORIENTED_EDGE('',*,*,#3008,.T.);
#4056=ORIENTED_EDGE('',*,*,#3048,.T.);
#4057=ORIENTED_EDGE('',*,*,#3049,.F.);
#4058=ORIENTED_EDGE('',*,*,#3048,.F.);
#4059=ORIENTED_EDGE('',*,*,#3007,.T.);
#4060=ORIENTED_EDGE('',*,*,#3050,.T.);
#4061=ORIENTED_EDGE('',*,*,#3051,.F.);
#4062=ORIENTED_EDGE('',*,*,#3050,.F.);
#4063=ORIENTED_EDGE('',*,*,#3027,.T.);
#4064=ORIENTED_EDGE('',*,*,#3052,.T.);
#4065=ORIENTED_EDGE('',*,*,#3053,.F.);
#4066=ORIENTED_EDGE('',*,*,#3052,.F.);
#4067=ORIENTED_EDGE('',*,*,#3026,.T.);
#4068=ORIENTED_EDGE('',*,*,#3054,.T.);
#4069=ORIENTED_EDGE('',*,*,#3055,.F.);
#4070=ORIENTED_EDGE('',*,*,#3054,.F.);
#4071=ORIENTED_EDGE('',*,*,#3025,.T.);
#4072=ORIENTED_EDGE('',*,*,#3056,.T.);
#4073=ORIENTED_EDGE('',*,*,#3057,.F.);
#4074=ORIENTED_EDGE('',*,*,#3056,.F.);
#4075=ORIENTED_EDGE('',*,*,#3024,.T.);
#4076=ORIENTED_EDGE('',*,*,#3058,.T.);
#4077=ORIENTED_EDGE('',*,*,#3059,.F.);
#4078=ORIENTED_EDGE('',*,*,#3058,.F.);
#4079=ORIENTED_EDGE('',*,*,#3023,.T.);
#4080=ORIENTED_EDGE('',*,*,#3060,.T.);
#4081=ORIENTED_EDGE('',*,*,#3061,.F.);
#4082=ORIENTED_EDGE('',*,*,#3060,.F.);
#4083=ORIENTED_EDGE('',*,*,#3022,.T.);
#4084=ORIENTED_EDGE('',*,*,#3062,.T.);
#4085=ORIENTED_EDGE('',*,*,#3063,.F.);
#4086=ORIENTED_EDGE('',*,*,#3062,.F.);
#4087=ORIENTED_EDGE('',*,*,#3021,.T.);
#4088=ORIENTED_EDGE('',*,*,#3064,.T.);
#4089=ORIENTED_EDGE('',*,*,#3065,.F.);
#4090=ORIENTED_EDGE('',*,*,#3064,.F.);
#4091=ORIENTED_EDGE('',*,*,#3020,.T.);
#4092=ORIENTED_EDGE('',*,*,#3066,.T.);
#4093=ORIENTED_EDGE('',*,*,#3067,.F.);
#4094=ORIENTED_EDGE('',*,*,#3066,.F.);
#4095=ORIENTED_EDGE('',*,*,#3019,.T.);
#4096=ORIENTED_EDGE('',*,*,#3068,.T.);
#4097=ORIENTED_EDGE('',*,*,#3069,.F.);
#4098=ORIENTED_EDGE('',*,*,#3068,.F.);
#4099=ORIENTED_EDGE('',*,*,#3018,.T.);
#4100=ORIENTED_EDGE('',*,*,#3029,.T.);
#4101=ORIENTED_EDGE('',*,*,#3070,.F.);
#4102=ORIENTED_EDGE('',*,*,#3071,.F.);
#4103=ORIENTED_EDGE('',*,*,#3072,.T.);
#4104=ORIENTED_EDGE('',*,*,#3073,.T.);
#4105=ORIENTED_EDGE('',*,*,#3074,.F.);
#4106=ORIENTED_EDGE('',*,*,#3075,.F.);
#4107=ORIENTED_EDGE('',*,*,#3076,.T.);
#4108=ORIENTED_EDGE('',*,*,#3071,.T.);
#4109=ORIENTED_EDGE('',*,*,#3077,.F.);
#4110=ORIENTED_EDGE('',*,*,#3078,.F.);
#4111=ORIENTED_EDGE('',*,*,#3079,.T.);
#4112=ORIENTED_EDGE('',*,*,#3075,.T.);
#4113=ORIENTED_EDGE('',*,*,#3080,.F.);
#4114=ORIENTED_EDGE('',*,*,#3081,.F.);
#4115=ORIENTED_EDGE('',*,*,#3082,.T.);
#4116=ORIENTED_EDGE('',*,*,#3083,.T.);
#4117=ORIENTED_EDGE('',*,*,#3084,.F.);
#4118=ORIENTED_EDGE('',*,*,#3083,.F.);
#4119=ORIENTED_EDGE('',*,*,#3085,.T.);
#4120=ORIENTED_EDGE('',*,*,#3086,.T.);
#4121=ORIENTED_EDGE('',*,*,#3087,.F.);
#4122=ORIENTED_EDGE('',*,*,#3086,.F.);
#4123=ORIENTED_EDGE('',*,*,#3088,.T.);
#4124=ORIENTED_EDGE('',*,*,#3089,.T.);
#4125=ORIENTED_EDGE('',*,*,#3090,.F.);
#4126=ORIENTED_EDGE('',*,*,#3091,.F.);
#4127=ORIENTED_EDGE('',*,*,#3092,.T.);
#4128=ORIENTED_EDGE('',*,*,#3078,.T.);
#4129=ORIENTED_EDGE('',*,*,#3093,.F.);
#4130=ORIENTED_EDGE('',*,*,#3094,.F.);
#4131=ORIENTED_EDGE('',*,*,#3095,.T.);
#4132=ORIENTED_EDGE('',*,*,#3091,.T.);
#4133=ORIENTED_EDGE('',*,*,#3096,.F.);
#4134=ORIENTED_EDGE('',*,*,#3073,.F.);
#4135=ORIENTED_EDGE('',*,*,#3097,.T.);
#4136=ORIENTED_EDGE('',*,*,#3094,.T.);
#4137=ORIENTED_EDGE('',*,*,#3098,.F.);
#4138=ORIENTED_EDGE('',*,*,#3099,.F.);
#4139=ORIENTED_EDGE('',*,*,#3100,.T.);
#4140=ORIENTED_EDGE('',*,*,#3081,.T.);
#4141=ORIENTED_EDGE('',*,*,#3101,.F.);
#4142=ORIENTED_EDGE('',*,*,#3102,.F.);
#4143=ORIENTED_EDGE('',*,*,#3103,.T.);
#4144=ORIENTED_EDGE('',*,*,#3099,.T.);
#4145=ORIENTED_EDGE('',*,*,#3104,.F.);
#4146=ORIENTED_EDGE('',*,*,#3089,.F.);
#4147=ORIENTED_EDGE('',*,*,#3105,.T.);
#4148=ORIENTED_EDGE('',*,*,#3102,.T.);
#4149=ORIENTED_EDGE('',*,*,#3092,.F.);
#4150=ORIENTED_EDGE('',*,*,#3095,.F.);
#4151=ORIENTED_EDGE('',*,*,#3097,.F.);
#4152=ORIENTED_EDGE('',*,*,#3072,.F.);
#4153=ORIENTED_EDGE('',*,*,#3076,.F.);
#4154=ORIENTED_EDGE('',*,*,#3079,.F.);
#4155=ORIENTED_EDGE('',*,*,#3100,.F.);
#4156=ORIENTED_EDGE('',*,*,#3103,.F.);
#4157=ORIENTED_EDGE('',*,*,#3105,.F.);
#4158=ORIENTED_EDGE('',*,*,#3088,.F.);
#4159=ORIENTED_EDGE('',*,*,#3085,.F.);
#4160=ORIENTED_EDGE('',*,*,#3082,.F.);
#4161=ORIENTED_EDGE('',*,*,#3106,.F.);
#4162=ORIENTED_EDGE('',*,*,#3107,.F.);
#4163=ORIENTED_EDGE('',*,*,#3108,.F.);
#4164=ORIENTED_EDGE('',*,*,#3109,.F.);
#4165=ORIENTED_EDGE('',*,*,#3110,.F.);
#4166=ORIENTED_EDGE('',*,*,#3111,.F.);
#4167=ORIENTED_EDGE('',*,*,#3112,.F.);
#4168=ORIENTED_EDGE('',*,*,#3113,.F.);
#4169=ORIENTED_EDGE('',*,*,#3114,.F.);
#4170=ORIENTED_EDGE('',*,*,#3115,.F.);
#4171=ORIENTED_EDGE('',*,*,#3116,.F.);
#4172=ORIENTED_EDGE('',*,*,#3117,.F.);
#4173=ORIENTED_EDGE('',*,*,#3118,.F.);
#4174=ORIENTED_EDGE('',*,*,#3119,.F.);
#4175=ORIENTED_EDGE('',*,*,#3120,.F.);
#4176=ORIENTED_EDGE('',*,*,#3121,.F.);
#4177=ORIENTED_EDGE('',*,*,#3116,.T.);
#4178=ORIENTED_EDGE('',*,*,#3122,.T.);
#4179=ORIENTED_EDGE('',*,*,#3123,.F.);
#4180=ORIENTED_EDGE('',*,*,#3122,.F.);
#4181=ORIENTED_EDGE('',*,*,#3115,.T.);
#4182=ORIENTED_EDGE('',*,*,#3124,.T.);
#4183=ORIENTED_EDGE('',*,*,#3125,.F.);
#4184=ORIENTED_EDGE('',*,*,#3124,.F.);
#4185=ORIENTED_EDGE('',*,*,#3114,.T.);
#4186=ORIENTED_EDGE('',*,*,#3126,.T.);
#4187=ORIENTED_EDGE('',*,*,#3127,.F.);
#4188=ORIENTED_EDGE('',*,*,#3128,.F.);
#4189=ORIENTED_EDGE('',*,*,#3109,.T.);
#4190=ORIENTED_EDGE('',*,*,#3129,.T.);
#4191=ORIENTED_EDGE('',*,*,#3130,.F.);
#4192=ORIENTED_EDGE('',*,*,#3129,.F.);
#4193=ORIENTED_EDGE('',*,*,#3108,.T.);
#4194=ORIENTED_EDGE('',*,*,#3131,.T.);
#4195=ORIENTED_EDGE('',*,*,#3132,.F.);
#4196=ORIENTED_EDGE('',*,*,#3131,.F.);
#4197=ORIENTED_EDGE('',*,*,#3107,.T.);
#4198=ORIENTED_EDGE('',*,*,#3133,.T.);
#4199=ORIENTED_EDGE('',*,*,#3134,.F.);
#4200=ORIENTED_EDGE('',*,*,#3133,.F.);
#4201=ORIENTED_EDGE('',*,*,#3106,.T.);
#4202=ORIENTED_EDGE('',*,*,#3135,.T.);
#4203=ORIENTED_EDGE('',*,*,#3136,.F.);
#4204=ORIENTED_EDGE('',*,*,#3137,.F.);
#4205=ORIENTED_EDGE('',*,*,#3117,.T.);
#4206=ORIENTED_EDGE('',*,*,#3121,.T.);
#4207=ORIENTED_EDGE('',*,*,#3138,.F.);
#4208=ORIENTED_EDGE('',*,*,#3139,.F.);
#4209=ORIENTED_EDGE('',*,*,#3118,.T.);
#4210=ORIENTED_EDGE('',*,*,#3137,.T.);
#4211=ORIENTED_EDGE('',*,*,#3140,.F.);
#4212=ORIENTED_EDGE('',*,*,#3126,.F.);
#4213=ORIENTED_EDGE('',*,*,#3119,.T.);
#4214=ORIENTED_EDGE('',*,*,#3139,.T.);
#4215=ORIENTED_EDGE('',*,*,#3141,.F.);
#4216=ORIENTED_EDGE('',*,*,#3135,.F.);
#4217=ORIENTED_EDGE('',*,*,#3113,.T.);
#4218=ORIENTED_EDGE('',*,*,#3142,.T.);
#4219=ORIENTED_EDGE('',*,*,#3143,.F.);
#4220=ORIENTED_EDGE('',*,*,#3142,.F.);
#4221=ORIENTED_EDGE('',*,*,#3112,.T.);
#4222=ORIENTED_EDGE('',*,*,#3144,.T.);
#4223=ORIENTED_EDGE('',*,*,#3145,.F.);
#4224=ORIENTED_EDGE('',*,*,#3144,.F.);
#4225=ORIENTED_EDGE('',*,*,#3111,.T.);
#4226=ORIENTED_EDGE('',*,*,#3146,.T.);
#4227=ORIENTED_EDGE('',*,*,#3147,.F.);
#4228=ORIENTED_EDGE('',*,*,#3146,.F.);
#4229=ORIENTED_EDGE('',*,*,#3110,.T.);
#4230=ORIENTED_EDGE('',*,*,#3128,.T.);
#4231=ORIENTED_EDGE('',*,*,#3148,.F.);
#4232=ORIENTED_EDGE('',*,*,#3149,.F.);
#4233=ORIENTED_EDGE('',*,*,#3150,.T.);
#4234=ORIENTED_EDGE('',*,*,#3151,.T.);
#4235=ORIENTED_EDGE('',*,*,#3152,.F.);
#4236=ORIENTED_EDGE('',*,*,#3153,.F.);
#4237=ORIENTED_EDGE('',*,*,#3154,.T.);
#4238=ORIENTED_EDGE('',*,*,#3149,.T.);
#4239=ORIENTED_EDGE('',*,*,#3155,.F.);
#4240=ORIENTED_EDGE('',*,*,#3156,.F.);
#4241=ORIENTED_EDGE('',*,*,#3157,.T.);
#4242=ORIENTED_EDGE('',*,*,#3153,.T.);
#4243=ORIENTED_EDGE('',*,*,#3158,.F.);
#4244=ORIENTED_EDGE('',*,*,#3159,.F.);
#4245=ORIENTED_EDGE('',*,*,#3160,.T.);
#4246=ORIENTED_EDGE('',*,*,#3156,.T.);
#4247=ORIENTED_EDGE('',*,*,#3161,.F.);
#4248=ORIENTED_EDGE('',*,*,#3162,.F.);
#4249=ORIENTED_EDGE('',*,*,#3163,.T.);
#4250=ORIENTED_EDGE('',*,*,#3159,.T.);
#4251=ORIENTED_EDGE('',*,*,#3164,.F.);
#4252=ORIENTED_EDGE('',*,*,#3165,.F.);
#4253=ORIENTED_EDGE('',*,*,#3166,.T.);
#4254=ORIENTED_EDGE('',*,*,#3162,.T.);
#4255=ORIENTED_EDGE('',*,*,#3167,.F.);
#4256=ORIENTED_EDGE('',*,*,#3168,.F.);
#4257=ORIENTED_EDGE('',*,*,#3169,.T.);
#4258=ORIENTED_EDGE('',*,*,#3165,.T.);
#4259=ORIENTED_EDGE('',*,*,#3170,.F.);
#4260=ORIENTED_EDGE('',*,*,#3171,.F.);
#4261=ORIENTED_EDGE('',*,*,#3172,.T.);
#4262=ORIENTED_EDGE('',*,*,#3168,.T.);
#4263=ORIENTED_EDGE('',*,*,#3173,.F.);
#4264=ORIENTED_EDGE('',*,*,#3174,.F.);
#4265=ORIENTED_EDGE('',*,*,#3175,.T.);
#4266=ORIENTED_EDGE('',*,*,#3171,.T.);
#4267=ORIENTED_EDGE('',*,*,#3176,.F.);
#4268=ORIENTED_EDGE('',*,*,#3177,.F.);
#4269=ORIENTED_EDGE('',*,*,#3178,.T.);
#4270=ORIENTED_EDGE('',*,*,#3174,.T.);
#4271=ORIENTED_EDGE('',*,*,#3179,.F.);
#4272=ORIENTED_EDGE('',*,*,#3180,.F.);
#4273=ORIENTED_EDGE('',*,*,#3181,.T.);
#4274=ORIENTED_EDGE('',*,*,#3177,.T.);
#4275=ORIENTED_EDGE('',*,*,#3182,.F.);
#4276=ORIENTED_EDGE('',*,*,#3183,.F.);
#4277=ORIENTED_EDGE('',*,*,#3184,.T.);
#4278=ORIENTED_EDGE('',*,*,#3180,.T.);
#4279=ORIENTED_EDGE('',*,*,#3185,.F.);
#4280=ORIENTED_EDGE('',*,*,#3186,.F.);
#4281=ORIENTED_EDGE('',*,*,#3187,.T.);
#4282=ORIENTED_EDGE('',*,*,#3183,.T.);
#4283=ORIENTED_EDGE('',*,*,#3188,.F.);
#4284=ORIENTED_EDGE('',*,*,#3189,.F.);
#4285=ORIENTED_EDGE('',*,*,#3190,.T.);
#4286=ORIENTED_EDGE('',*,*,#3186,.T.);
#4287=ORIENTED_EDGE('',*,*,#3191,.F.);
#4288=ORIENTED_EDGE('',*,*,#3192,.F.);
#4289=ORIENTED_EDGE('',*,*,#3193,.T.);
#4290=ORIENTED_EDGE('',*,*,#3189,.T.);
#4291=ORIENTED_EDGE('',*,*,#3194,.F.);
#4292=ORIENTED_EDGE('',*,*,#3195,.F.);
#4293=ORIENTED_EDGE('',*,*,#3196,.T.);
#4294=ORIENTED_EDGE('',*,*,#3192,.T.);
#4295=ORIENTED_EDGE('',*,*,#3197,.F.);
#4296=ORIENTED_EDGE('',*,*,#3198,.F.);
#4297=ORIENTED_EDGE('',*,*,#3199,.T.);
#4298=ORIENTED_EDGE('',*,*,#3195,.T.);
#4299=ORIENTED_EDGE('',*,*,#3200,.F.);
#4300=ORIENTED_EDGE('',*,*,#3201,.F.);
#4301=ORIENTED_EDGE('',*,*,#3202,.T.);
#4302=ORIENTED_EDGE('',*,*,#3198,.T.);
#4303=ORIENTED_EDGE('',*,*,#3203,.F.);
#4304=ORIENTED_EDGE('',*,*,#3204,.F.);
#4305=ORIENTED_EDGE('',*,*,#3205,.T.);
#4306=ORIENTED_EDGE('',*,*,#3201,.T.);
#4307=ORIENTED_EDGE('',*,*,#3206,.F.);
#4308=ORIENTED_EDGE('',*,*,#3151,.F.);
#4309=ORIENTED_EDGE('',*,*,#3207,.T.);
#4310=ORIENTED_EDGE('',*,*,#3204,.T.);
#4311=ORIENTED_EDGE('',*,*,#3181,.F.);
#4312=ORIENTED_EDGE('',*,*,#3184,.F.);
#4313=ORIENTED_EDGE('',*,*,#3187,.F.);
#4314=ORIENTED_EDGE('',*,*,#3190,.F.);
#4315=ORIENTED_EDGE('',*,*,#3193,.F.);
#4316=ORIENTED_EDGE('',*,*,#3196,.F.);
#4317=ORIENTED_EDGE('',*,*,#3199,.F.);
#4318=ORIENTED_EDGE('',*,*,#3202,.F.);
#4319=ORIENTED_EDGE('',*,*,#3205,.F.);
#4320=ORIENTED_EDGE('',*,*,#3207,.F.);
#4321=ORIENTED_EDGE('',*,*,#3150,.F.);
#4322=ORIENTED_EDGE('',*,*,#3154,.F.);
#4323=ORIENTED_EDGE('',*,*,#3157,.F.);
#4324=ORIENTED_EDGE('',*,*,#3160,.F.);
#4325=ORIENTED_EDGE('',*,*,#3163,.F.);
#4326=ORIENTED_EDGE('',*,*,#3166,.F.);
#4327=ORIENTED_EDGE('',*,*,#3169,.F.);
#4328=ORIENTED_EDGE('',*,*,#3172,.F.);
#4329=ORIENTED_EDGE('',*,*,#3175,.F.);
#4330=ORIENTED_EDGE('',*,*,#3178,.F.);
#4331=ORIENTED_EDGE('',*,*,#3208,.F.);
#4332=ORIENTED_EDGE('',*,*,#3209,.F.);
#4333=ORIENTED_EDGE('',*,*,#3210,.F.);
#4334=ORIENTED_EDGE('',*,*,#3211,.F.);
#4335=ORIENTED_EDGE('',*,*,#3212,.F.);
#4336=ORIENTED_EDGE('',*,*,#3213,.F.);
#4337=ORIENTED_EDGE('',*,*,#3214,.F.);
#4338=ORIENTED_EDGE('',*,*,#3215,.F.);
#4339=ORIENTED_EDGE('',*,*,#3216,.F.);
#4340=ORIENTED_EDGE('',*,*,#3217,.F.);
#4341=ORIENTED_EDGE('',*,*,#3218,.F.);
#4342=ORIENTED_EDGE('',*,*,#3219,.F.);
#4343=ORIENTED_EDGE('',*,*,#3220,.F.);
#4344=ORIENTED_EDGE('',*,*,#3221,.F.);
#4345=ORIENTED_EDGE('',*,*,#3222,.F.);
#4346=ORIENTED_EDGE('',*,*,#3223,.F.);
#4347=ORIENTED_EDGE('',*,*,#3214,.T.);
#4348=ORIENTED_EDGE('',*,*,#3224,.T.);
#4349=ORIENTED_EDGE('',*,*,#3225,.F.);
#4350=ORIENTED_EDGE('',*,*,#3224,.F.);
#4351=ORIENTED_EDGE('',*,*,#3213,.T.);
#4352=ORIENTED_EDGE('',*,*,#3226,.T.);
#4353=ORIENTED_EDGE('',*,*,#3227,.F.);
#4354=ORIENTED_EDGE('',*,*,#3226,.F.);
#4355=ORIENTED_EDGE('',*,*,#3212,.T.);
#4356=ORIENTED_EDGE('',*,*,#3228,.T.);
#4357=ORIENTED_EDGE('',*,*,#3229,.F.);
#4358=ORIENTED_EDGE('',*,*,#3228,.F.);
#4359=ORIENTED_EDGE('',*,*,#3211,.T.);
#4360=ORIENTED_EDGE('',*,*,#3230,.T.);
#4361=ORIENTED_EDGE('',*,*,#3231,.F.);
#4362=ORIENTED_EDGE('',*,*,#3230,.F.);
#4363=ORIENTED_EDGE('',*,*,#3210,.T.);
#4364=ORIENTED_EDGE('',*,*,#3232,.T.);
#4365=ORIENTED_EDGE('',*,*,#3233,.F.);
#4366=ORIENTED_EDGE('',*,*,#3232,.F.);
#4367=ORIENTED_EDGE('',*,*,#3209,.T.);
#4368=ORIENTED_EDGE('',*,*,#3234,.T.);
#4369=ORIENTED_EDGE('',*,*,#3235,.F.);
#4370=ORIENTED_EDGE('',*,*,#3234,.F.);
#4371=ORIENTED_EDGE('',*,*,#3208,.T.);
#4372=ORIENTED_EDGE('',*,*,#3236,.T.);
#4373=ORIENTED_EDGE('',*,*,#3237,.F.);
#4374=ORIENTED_EDGE('',*,*,#3236,.F.);
#4375=ORIENTED_EDGE('',*,*,#3221,.T.);
#4376=ORIENTED_EDGE('',*,*,#3238,.T.);
#4377=ORIENTED_EDGE('',*,*,#3239,.F.);
#4378=ORIENTED_EDGE('',*,*,#3238,.F.);
#4379=ORIENTED_EDGE('',*,*,#3220,.T.);
#4380=ORIENTED_EDGE('',*,*,#3240,.T.);
#4381=ORIENTED_EDGE('',*,*,#3241,.F.);
#4382=ORIENTED_EDGE('',*,*,#3240,.F.);
#4383=ORIENTED_EDGE('',*,*,#3219,.T.);
#4384=ORIENTED_EDGE('',*,*,#3242,.T.);
#4385=ORIENTED_EDGE('',*,*,#3243,.F.);
#4386=ORIENTED_EDGE('',*,*,#3242,.F.);
#4387=ORIENTED_EDGE('',*,*,#3218,.T.);
#4388=ORIENTED_EDGE('',*,*,#3244,.T.);
#4389=ORIENTED_EDGE('',*,*,#3245,.F.);
#4390=ORIENTED_EDGE('',*,*,#3244,.F.);
#4391=ORIENTED_EDGE('',*,*,#3217,.T.);
#4392=ORIENTED_EDGE('',*,*,#3246,.T.);
#4393=ORIENTED_EDGE('',*,*,#3247,.F.);
#4394=ORIENTED_EDGE('',*,*,#3246,.F.);
#4395=ORIENTED_EDGE('',*,*,#3216,.T.);
#4396=ORIENTED_EDGE('',*,*,#3248,.T.);
#4397=ORIENTED_EDGE('',*,*,#3249,.F.);
#4398=ORIENTED_EDGE('',*,*,#3248,.F.);
#4399=ORIENTED_EDGE('',*,*,#3215,.T.);
#4400=ORIENTED_EDGE('',*,*,#3223,.T.);
#4401=ORIENTED_EDGE('',*,*,#3250,.F.);
#4402=ORIENTED_EDGE('',*,*,#3251,.F.);
#4403=ORIENTED_EDGE('',*,*,#3252,.T.);
#4404=ORIENTED_EDGE('',*,*,#3253,.T.);
#4405=ORIENTED_EDGE('',*,*,#3254,.F.);
#4406=ORIENTED_EDGE('',*,*,#3255,.F.);
#4407=ORIENTED_EDGE('',*,*,#3256,.T.);
#4408=ORIENTED_EDGE('',*,*,#3251,.T.);
#4409=ORIENTED_EDGE('',*,*,#3257,.F.);
#4410=ORIENTED_EDGE('',*,*,#3258,.F.);
#4411=ORIENTED_EDGE('',*,*,#3259,.T.);
#4412=ORIENTED_EDGE('',*,*,#3255,.T.);
#4413=ORIENTED_EDGE('',*,*,#3260,.F.);
#4414=ORIENTED_EDGE('',*,*,#3261,.F.);
#4415=ORIENTED_EDGE('',*,*,#3262,.T.);
#4416=ORIENTED_EDGE('',*,*,#3258,.T.);
#4417=ORIENTED_EDGE('',*,*,#3263,.F.);
#4418=ORIENTED_EDGE('',*,*,#3264,.F.);
#4419=ORIENTED_EDGE('',*,*,#3265,.T.);
#4420=ORIENTED_EDGE('',*,*,#3261,.T.);
#4421=ORIENTED_EDGE('',*,*,#3266,.F.);
#4422=ORIENTED_EDGE('',*,*,#3267,.F.);
#4423=ORIENTED_EDGE('',*,*,#3268,.T.);
#4424=ORIENTED_EDGE('',*,*,#3264,.T.);
#4425=ORIENTED_EDGE('',*,*,#3269,.F.);
#4426=ORIENTED_EDGE('',*,*,#3270,.F.);
#4427=ORIENTED_EDGE('',*,*,#3271,.T.);
#4428=ORIENTED_EDGE('',*,*,#3267,.T.);
#4429=ORIENTED_EDGE('',*,*,#3272,.F.);
#4430=ORIENTED_EDGE('',*,*,#3273,.F.);
#4431=ORIENTED_EDGE('',*,*,#3274,.T.);
#4432=ORIENTED_EDGE('',*,*,#3270,.T.);
#4433=ORIENTED_EDGE('',*,*,#3275,.F.);
#4434=ORIENTED_EDGE('',*,*,#3276,.F.);
#4435=ORIENTED_EDGE('',*,*,#3277,.T.);
#4436=ORIENTED_EDGE('',*,*,#3273,.T.);
#4437=ORIENTED_EDGE('',*,*,#3278,.F.);
#4438=ORIENTED_EDGE('',*,*,#3279,.F.);
#4439=ORIENTED_EDGE('',*,*,#3280,.T.);
#4440=ORIENTED_EDGE('',*,*,#3276,.T.);
#4441=ORIENTED_EDGE('',*,*,#3281,.F.);
#4442=ORIENTED_EDGE('',*,*,#3253,.F.);
#4443=ORIENTED_EDGE('',*,*,#3282,.T.);
#4444=ORIENTED_EDGE('',*,*,#3279,.T.);
#4445=ORIENTED_EDGE('',*,*,#3268,.F.);
#4446=ORIENTED_EDGE('',*,*,#3271,.F.);
#4447=ORIENTED_EDGE('',*,*,#3274,.F.);
#4448=ORIENTED_EDGE('',*,*,#3277,.F.);
#4449=ORIENTED_EDGE('',*,*,#3280,.F.);
#4450=ORIENTED_EDGE('',*,*,#3282,.F.);
#4451=ORIENTED_EDGE('',*,*,#3252,.F.);
#4452=ORIENTED_EDGE('',*,*,#3256,.F.);
#4453=ORIENTED_EDGE('',*,*,#3259,.F.);
#4454=ORIENTED_EDGE('',*,*,#3262,.F.);
#4455=ORIENTED_EDGE('',*,*,#3265,.F.);
#4456=ORIENTED_EDGE('',*,*,#3283,.F.);
#4457=ORIENTED_EDGE('',*,*,#3284,.F.);
#4458=ORIENTED_EDGE('',*,*,#3285,.F.);
#4459=ORIENTED_EDGE('',*,*,#3286,.F.);
#4460=ORIENTED_EDGE('',*,*,#3287,.F.);
#4461=ORIENTED_EDGE('',*,*,#3288,.F.);
#4462=ORIENTED_EDGE('',*,*,#3289,.F.);
#4463=ORIENTED_EDGE('',*,*,#3290,.F.);
#4464=ORIENTED_EDGE('',*,*,#3291,.F.);
#4465=ORIENTED_EDGE('',*,*,#3292,.F.);
#4466=ORIENTED_EDGE('',*,*,#3293,.F.);
#4467=ORIENTED_EDGE('',*,*,#3294,.F.);
#4468=ORIENTED_EDGE('',*,*,#3295,.F.);
#4469=ORIENTED_EDGE('',*,*,#3296,.F.);
#4470=ORIENTED_EDGE('',*,*,#3291,.T.);
#4471=ORIENTED_EDGE('',*,*,#3297,.T.);
#4472=ORIENTED_EDGE('',*,*,#3298,.F.);
#4473=ORIENTED_EDGE('',*,*,#3297,.F.);
#4474=ORIENTED_EDGE('',*,*,#3290,.T.);
#4475=ORIENTED_EDGE('',*,*,#3299,.T.);
#4476=ORIENTED_EDGE('',*,*,#3300,.F.);
#4477=ORIENTED_EDGE('',*,*,#3299,.F.);
#4478=ORIENTED_EDGE('',*,*,#3289,.T.);
#4479=ORIENTED_EDGE('',*,*,#3301,.T.);
#4480=ORIENTED_EDGE('',*,*,#3302,.F.);
#4481=ORIENTED_EDGE('',*,*,#3303,.F.);
#4482=ORIENTED_EDGE('',*,*,#3285,.T.);
#4483=ORIENTED_EDGE('',*,*,#3304,.T.);
#4484=ORIENTED_EDGE('',*,*,#3305,.F.);
#4485=ORIENTED_EDGE('',*,*,#3304,.F.);
#4486=ORIENTED_EDGE('',*,*,#3284,.T.);
#4487=ORIENTED_EDGE('',*,*,#3306,.T.);
#4488=ORIENTED_EDGE('',*,*,#3307,.F.);
#4489=ORIENTED_EDGE('',*,*,#3306,.F.);
#4490=ORIENTED_EDGE('',*,*,#3283,.T.);
#4491=ORIENTED_EDGE('',*,*,#3308,.T.);
#4492=ORIENTED_EDGE('',*,*,#3309,.F.);
#4493=ORIENTED_EDGE('',*,*,#3310,.F.);
#4494=ORIENTED_EDGE('',*,*,#3292,.T.);
#4495=ORIENTED_EDGE('',*,*,#3296,.T.);
#4496=ORIENTED_EDGE('',*,*,#3311,.F.);
#4497=ORIENTED_EDGE('',*,*,#3312,.F.);
#4498=ORIENTED_EDGE('',*,*,#3293,.T.);
#4499=ORIENTED_EDGE('',*,*,#3310,.T.);
#4500=ORIENTED_EDGE('',*,*,#3313,.F.);
#4501=ORIENTED_EDGE('',*,*,#3301,.F.);
#4502=ORIENTED_EDGE('',*,*,#3294,.T.);
#4503=ORIENTED_EDGE('',*,*,#3312,.T.);
#4504=ORIENTED_EDGE('',*,*,#3314,.F.);
#4505=ORIENTED_EDGE('',*,*,#3308,.F.);
#4506=ORIENTED_EDGE('',*,*,#3288,.T.);
#4507=ORIENTED_EDGE('',*,*,#3315,.T.);
#4508=ORIENTED_EDGE('',*,*,#3316,.F.);
#4509=ORIENTED_EDGE('',*,*,#3315,.F.);
#4510=ORIENTED_EDGE('',*,*,#3287,.T.);
#4511=ORIENTED_EDGE('',*,*,#3317,.T.);
#4512=ORIENTED_EDGE('',*,*,#3318,.F.);
#4513=ORIENTED_EDGE('',*,*,#3317,.F.);
#4514=ORIENTED_EDGE('',*,*,#3286,.T.);
#4515=ORIENTED_EDGE('',*,*,#3303,.T.);
#4516=ORIENTED_EDGE('',*,*,#3319,.F.);
#4517=ORIENTED_EDGE('',*,*,#3320,.F.);
#4518=ORIENTED_EDGE('',*,*,#3321,.T.);
#4519=ORIENTED_EDGE('',*,*,#3322,.T.);
#4520=ORIENTED_EDGE('',*,*,#3323,.F.);
#4521=ORIENTED_EDGE('',*,*,#3324,.F.);
#4522=ORIENTED_EDGE('',*,*,#3325,.T.);
#4523=ORIENTED_EDGE('',*,*,#3320,.T.);
#4524=ORIENTED_EDGE('',*,*,#3326,.F.);
#4525=ORIENTED_EDGE('',*,*,#3327,.F.);
#4526=ORIENTED_EDGE('',*,*,#3328,.T.);
#4527=ORIENTED_EDGE('',*,*,#3324,.T.);
#4528=ORIENTED_EDGE('',*,*,#3329,.F.);
#4529=ORIENTED_EDGE('',*,*,#3330,.F.);
#4530=ORIENTED_EDGE('',*,*,#3331,.T.);
#4531=ORIENTED_EDGE('',*,*,#3327,.T.);
#4532=ORIENTED_EDGE('',*,*,#3332,.F.);
#4533=ORIENTED_EDGE('',*,*,#3333,.F.);
#4534=ORIENTED_EDGE('',*,*,#3334,.T.);
#4535=ORIENTED_EDGE('',*,*,#3330,.T.);
#4536=ORIENTED_EDGE('',*,*,#3335,.F.);
#4537=ORIENTED_EDGE('',*,*,#3336,.F.);
#4538=ORIENTED_EDGE('',*,*,#3337,.T.);
#4539=ORIENTED_EDGE('',*,*,#3333,.T.);
#4540=ORIENTED_EDGE('',*,*,#3338,.F.);
#4541=ORIENTED_EDGE('',*,*,#3339,.F.);
#4542=ORIENTED_EDGE('',*,*,#3340,.T.);
#4543=ORIENTED_EDGE('',*,*,#3336,.T.);
#4544=ORIENTED_EDGE('',*,*,#3341,.F.);
#4545=ORIENTED_EDGE('',*,*,#3342,.F.);
#4546=ORIENTED_EDGE('',*,*,#3343,.T.);
#4547=ORIENTED_EDGE('',*,*,#3339,.T.);
#4548=ORIENTED_EDGE('',*,*,#3344,.F.);
#4549=ORIENTED_EDGE('',*,*,#3322,.F.);
#4550=ORIENTED_EDGE('',*,*,#3345,.T.);
#4551=ORIENTED_EDGE('',*,*,#3342,.T.);
#4552=ORIENTED_EDGE('',*,*,#3334,.F.);
#4553=ORIENTED_EDGE('',*,*,#3337,.F.);
#4554=ORIENTED_EDGE('',*,*,#3340,.F.);
#4555=ORIENTED_EDGE('',*,*,#3343,.F.);
#4556=ORIENTED_EDGE('',*,*,#3345,.F.);
#4557=ORIENTED_EDGE('',*,*,#3321,.F.);
#4558=ORIENTED_EDGE('',*,*,#3325,.F.);
#4559=ORIENTED_EDGE('',*,*,#3328,.F.);
#4560=ORIENTED_EDGE('',*,*,#3331,.F.);
#4561=ORIENTED_EDGE('',*,*,#3346,.F.);
#4562=ORIENTED_EDGE('',*,*,#3347,.F.);
#4563=ORIENTED_EDGE('',*,*,#2760,.T.);
#4564=ORIENTED_EDGE('',*,*,#2763,.T.);
#4565=ORIENTED_EDGE('',*,*,#2765,.T.);
#4566=ORIENTED_EDGE('',*,*,#2767,.T.);
#4567=ORIENTED_EDGE('',*,*,#2769,.T.);
#4568=ORIENTED_EDGE('',*,*,#2771,.T.);
#4569=ORIENTED_EDGE('',*,*,#2773,.T.);
#4570=ORIENTED_EDGE('',*,*,#2775,.T.);
#4571=ORIENTED_EDGE('',*,*,#2777,.T.);
#4572=ORIENTED_EDGE('',*,*,#2779,.T.);
#4573=ORIENTED_EDGE('',*,*,#2781,.T.);
#4574=ORIENTED_EDGE('',*,*,#2783,.T.);
#4575=ORIENTED_EDGE('',*,*,#2785,.T.);
#4576=ORIENTED_EDGE('',*,*,#2787,.T.);
#4577=ORIENTED_EDGE('',*,*,#2789,.T.);
#4578=ORIENTED_EDGE('',*,*,#2791,.T.);
#4579=ORIENTED_EDGE('',*,*,#2793,.T.);
#4580=ORIENTED_EDGE('',*,*,#2795,.T.);
#4581=ORIENTED_EDGE('',*,*,#2797,.T.);
#4582=ORIENTED_EDGE('',*,*,#2799,.T.);
#4583=ORIENTED_EDGE('',*,*,#2800,.T.);
#4584=ORIENTED_EDGE('',*,*,#2861,.T.);
#4585=ORIENTED_EDGE('',*,*,#2858,.T.);
#4586=ORIENTED_EDGE('',*,*,#2855,.T.);
#4587=ORIENTED_EDGE('',*,*,#2852,.T.);
#4588=ORIENTED_EDGE('',*,*,#2849,.T.);
#4589=ORIENTED_EDGE('',*,*,#2846,.T.);
#4590=ORIENTED_EDGE('',*,*,#2843,.T.);
#4591=ORIENTED_EDGE('',*,*,#2840,.T.);
#4592=ORIENTED_EDGE('',*,*,#2837,.T.);
#4593=ORIENTED_EDGE('',*,*,#2834,.T.);
#4594=ORIENTED_EDGE('',*,*,#2831,.T.);
#4595=ORIENTED_EDGE('',*,*,#2828,.T.);
#4596=ORIENTED_EDGE('',*,*,#2825,.T.);
#4597=ORIENTED_EDGE('',*,*,#2822,.T.);
#4598=ORIENTED_EDGE('',*,*,#2819,.T.);
#4599=ORIENTED_EDGE('',*,*,#2816,.T.);
#4600=ORIENTED_EDGE('',*,*,#2813,.T.);
#4601=ORIENTED_EDGE('',*,*,#2810,.T.);
#4602=ORIENTED_EDGE('',*,*,#2807,.T.);
#4603=ORIENTED_EDGE('',*,*,#2804,.T.);
#4604=ORIENTED_EDGE('',*,*,#2874,.T.);
#4605=ORIENTED_EDGE('',*,*,#2877,.T.);
#4606=ORIENTED_EDGE('',*,*,#2879,.T.);
#4607=ORIENTED_EDGE('',*,*,#2881,.T.);
#4608=ORIENTED_EDGE('',*,*,#2883,.T.);
#4609=ORIENTED_EDGE('',*,*,#2885,.T.);
#4610=ORIENTED_EDGE('',*,*,#2887,.T.);
#4611=ORIENTED_EDGE('',*,*,#2889,.T.);
#4612=ORIENTED_EDGE('',*,*,#2891,.T.);
#4613=ORIENTED_EDGE('',*,*,#2893,.T.);
#4614=ORIENTED_EDGE('',*,*,#2895,.T.);
#4615=ORIENTED_EDGE('',*,*,#2896,.T.);
#4616=ORIENTED_EDGE('',*,*,#2928,.T.);
#4617=ORIENTED_EDGE('',*,*,#2925,.T.);
#4618=ORIENTED_EDGE('',*,*,#2922,.T.);
#4619=ORIENTED_EDGE('',*,*,#2919,.T.);
#4620=ORIENTED_EDGE('',*,*,#2906,.T.);
#4621=ORIENTED_EDGE('',*,*,#2903,.T.);
#4622=ORIENTED_EDGE('',*,*,#2900,.T.);
#4623=ORIENTED_EDGE('',*,*,#2947,.T.);
#4624=ORIENTED_EDGE('',*,*,#2950,.T.);
#4625=ORIENTED_EDGE('',*,*,#2952,.T.);
#4626=ORIENTED_EDGE('',*,*,#2954,.T.);
#4627=ORIENTED_EDGE('',*,*,#2956,.T.);
#4628=ORIENTED_EDGE('',*,*,#2958,.T.);
#4629=ORIENTED_EDGE('',*,*,#2960,.T.);
#4630=ORIENTED_EDGE('',*,*,#2962,.T.);
#4631=ORIENTED_EDGE('',*,*,#2964,.T.);
#4632=ORIENTED_EDGE('',*,*,#2965,.T.);
#4633=ORIENTED_EDGE('',*,*,#3005,.T.);
#4634=ORIENTED_EDGE('',*,*,#3002,.T.);
#4635=ORIENTED_EDGE('',*,*,#2999,.T.);
#4636=ORIENTED_EDGE('',*,*,#2996,.T.);
#4637=ORIENTED_EDGE('',*,*,#2993,.T.);
#4638=ORIENTED_EDGE('',*,*,#2990,.T.);
#4639=ORIENTED_EDGE('',*,*,#2987,.T.);
#4640=ORIENTED_EDGE('',*,*,#2984,.T.);
#4641=ORIENTED_EDGE('',*,*,#2981,.T.);
#4642=ORIENTED_EDGE('',*,*,#2978,.T.);
#4643=ORIENTED_EDGE('',*,*,#2975,.T.);
#4644=ORIENTED_EDGE('',*,*,#2972,.T.);
#4645=ORIENTED_EDGE('',*,*,#2969,.T.);
#4646=ORIENTED_EDGE('',*,*,#3028,.T.);
#4647=ORIENTED_EDGE('',*,*,#3031,.T.);
#4648=ORIENTED_EDGE('',*,*,#3033,.T.);
#4649=ORIENTED_EDGE('',*,*,#3035,.T.);
#4650=ORIENTED_EDGE('',*,*,#3037,.T.);
#4651=ORIENTED_EDGE('',*,*,#3039,.T.);
#4652=ORIENTED_EDGE('',*,*,#3041,.T.);
#4653=ORIENTED_EDGE('',*,*,#3043,.T.);
#4654=ORIENTED_EDGE('',*,*,#3045,.T.);
#4655=ORIENTED_EDGE('',*,*,#3047,.T.);
#4656=ORIENTED_EDGE('',*,*,#3049,.T.);
#4657=ORIENTED_EDGE('',*,*,#3051,.T.);
#4658=ORIENTED_EDGE('',*,*,#3053,.T.);
#4659=ORIENTED_EDGE('',*,*,#3055,.T.);
#4660=ORIENTED_EDGE('',*,*,#3057,.T.);
#4661=ORIENTED_EDGE('',*,*,#3059,.T.);
#4662=ORIENTED_EDGE('',*,*,#3061,.T.);
#4663=ORIENTED_EDGE('',*,*,#3063,.T.);
#4664=ORIENTED_EDGE('',*,*,#3065,.T.);
#4665=ORIENTED_EDGE('',*,*,#3067,.T.);
#4666=ORIENTED_EDGE('',*,*,#3069,.T.);
#4667=ORIENTED_EDGE('',*,*,#3070,.T.);
#4668=ORIENTED_EDGE('',*,*,#3096,.T.);
#4669=ORIENTED_EDGE('',*,*,#3093,.T.);
#4670=ORIENTED_EDGE('',*,*,#3090,.T.);
#4671=ORIENTED_EDGE('',*,*,#3077,.T.);
#4672=ORIENTED_EDGE('',*,*,#3074,.T.);
#4673=ORIENTED_EDGE('',*,*,#3127,.T.);
#4674=ORIENTED_EDGE('',*,*,#3130,.T.);
#4675=ORIENTED_EDGE('',*,*,#3132,.T.);
#4676=ORIENTED_EDGE('',*,*,#3134,.T.);
#4677=ORIENTED_EDGE('',*,*,#3141,.T.);
#4678=ORIENTED_EDGE('',*,*,#3143,.T.);
#4679=ORIENTED_EDGE('',*,*,#3145,.T.);
#4680=ORIENTED_EDGE('',*,*,#3147,.T.);
#4681=ORIENTED_EDGE('',*,*,#3148,.T.);
#4682=ORIENTED_EDGE('',*,*,#3206,.T.);
#4683=ORIENTED_EDGE('',*,*,#3203,.T.);
#4684=ORIENTED_EDGE('',*,*,#3200,.T.);
#4685=ORIENTED_EDGE('',*,*,#3197,.T.);
#4686=ORIENTED_EDGE('',*,*,#3194,.T.);
#4687=ORIENTED_EDGE('',*,*,#3191,.T.);
#4688=ORIENTED_EDGE('',*,*,#3188,.T.);
#4689=ORIENTED_EDGE('',*,*,#3185,.T.);
#4690=ORIENTED_EDGE('',*,*,#3182,.T.);
#4691=ORIENTED_EDGE('',*,*,#3179,.T.);
#4692=ORIENTED_EDGE('',*,*,#3176,.T.);
#4693=ORIENTED_EDGE('',*,*,#3173,.T.);
#4694=ORIENTED_EDGE('',*,*,#3170,.T.);
#4695=ORIENTED_EDGE('',*,*,#3167,.T.);
#4696=ORIENTED_EDGE('',*,*,#3164,.T.);
#4697=ORIENTED_EDGE('',*,*,#3161,.T.);
#4698=ORIENTED_EDGE('',*,*,#3158,.T.);
#4699=ORIENTED_EDGE('',*,*,#3155,.T.);
#4700=ORIENTED_EDGE('',*,*,#3152,.T.);
#4701=ORIENTED_EDGE('',*,*,#3222,.T.);
#4702=ORIENTED_EDGE('',*,*,#3225,.T.);
#4703=ORIENTED_EDGE('',*,*,#3227,.T.);
#4704=ORIENTED_EDGE('',*,*,#3229,.T.);
#4705=ORIENTED_EDGE('',*,*,#3231,.T.);
#4706=ORIENTED_EDGE('',*,*,#3233,.T.);
#4707=ORIENTED_EDGE('',*,*,#3235,.T.);
#4708=ORIENTED_EDGE('',*,*,#3237,.T.);
#4709=ORIENTED_EDGE('',*,*,#3239,.T.);
#4710=ORIENTED_EDGE('',*,*,#3241,.T.);
#4711=ORIENTED_EDGE('',*,*,#3243,.T.);
#4712=ORIENTED_EDGE('',*,*,#3245,.T.);
#4713=ORIENTED_EDGE('',*,*,#3247,.T.);
#4714=ORIENTED_EDGE('',*,*,#3249,.T.);
#4715=ORIENTED_EDGE('',*,*,#3250,.T.);
#4716=ORIENTED_EDGE('',*,*,#3281,.T.);
#4717=ORIENTED_EDGE('',*,*,#3278,.T.);
#4718=ORIENTED_EDGE('',*,*,#3275,.T.);
#4719=ORIENTED_EDGE('',*,*,#3272,.T.);
#4720=ORIENTED_EDGE('',*,*,#3269,.T.);
#4721=ORIENTED_EDGE('',*,*,#3266,.T.);
#4722=ORIENTED_EDGE('',*,*,#3263,.T.);
#4723=ORIENTED_EDGE('',*,*,#3260,.T.);
#4724=ORIENTED_EDGE('',*,*,#3257,.T.);
#4725=ORIENTED_EDGE('',*,*,#3254,.T.);
#4726=ORIENTED_EDGE('',*,*,#3302,.T.);
#4727=ORIENTED_EDGE('',*,*,#3305,.T.);
#4728=ORIENTED_EDGE('',*,*,#3307,.T.);
#4729=ORIENTED_EDGE('',*,*,#3314,.T.);
#4730=ORIENTED_EDGE('',*,*,#3316,.T.);
#4731=ORIENTED_EDGE('',*,*,#3318,.T.);
#4732=ORIENTED_EDGE('',*,*,#3319,.T.);
#4733=ORIENTED_EDGE('',*,*,#3344,.T.);
#4734=ORIENTED_EDGE('',*,*,#3341,.T.);
#4735=ORIENTED_EDGE('',*,*,#3338,.T.);
#4736=ORIENTED_EDGE('',*,*,#3335,.T.);
#4737=ORIENTED_EDGE('',*,*,#3332,.T.);
#4738=ORIENTED_EDGE('',*,*,#3329,.T.);
#4739=ORIENTED_EDGE('',*,*,#3326,.T.);
#4740=ORIENTED_EDGE('',*,*,#3323,.T.);
#4741=ORIENTED_EDGE('',*,*,#3348,.T.);
#4742=ORIENTED_EDGE('',*,*,#3349,.T.);
#4743=ORIENTED_EDGE('',*,*,#3295,.T.);
#4744=ORIENTED_EDGE('',*,*,#3298,.T.);
#4745=ORIENTED_EDGE('',*,*,#3300,.T.);
#4746=ORIENTED_EDGE('',*,*,#3313,.T.);
#4747=ORIENTED_EDGE('',*,*,#3311,.T.);
#4748=ORIENTED_EDGE('',*,*,#3309,.T.);
#4749=ORIENTED_EDGE('',*,*,#3080,.T.);
#4750=ORIENTED_EDGE('',*,*,#3084,.T.);
#4751=ORIENTED_EDGE('',*,*,#3087,.T.);
#4752=ORIENTED_EDGE('',*,*,#3104,.T.);
#4753=ORIENTED_EDGE('',*,*,#3101,.T.);
#4754=ORIENTED_EDGE('',*,*,#3098,.T.);
#4755=ORIENTED_EDGE('',*,*,#2909,.T.);
#4756=ORIENTED_EDGE('',*,*,#2913,.T.);
#4757=ORIENTED_EDGE('',*,*,#2916,.T.);
#4758=ORIENTED_EDGE('',*,*,#2936,.T.);
#4759=ORIENTED_EDGE('',*,*,#2933,.T.);
#4760=ORIENTED_EDGE('',*,*,#2930,.T.);
#4761=ORIENTED_EDGE('',*,*,#2739,.F.);
#4762=ORIENTED_EDGE('',*,*,#3350,.T.);
#4763=ORIENTED_EDGE('',*,*,#3351,.F.);
#4764=ORIENTED_EDGE('',*,*,#3352,.F.);
#4765=ORIENTED_EDGE('',*,*,#3350,.F.);
#4766=ORIENTED_EDGE('',*,*,#3353,.F.);
#4767=ORIENTED_EDGE('',*,*,#2736,.F.);
#4768=ORIENTED_EDGE('',*,*,#3354,.F.);
#4769=ORIENTED_EDGE('',*,*,#3355,.T.);
#4770=ORIENTED_EDGE('',*,*,#3356,.F.);
#4771=ORIENTED_EDGE('',*,*,#3357,.F.);
#4772=ORIENTED_EDGE('',*,*,#3355,.F.);
#4773=ORIENTED_EDGE('',*,*,#3358,.F.);
#4774=ORIENTED_EDGE('',*,*,#3359,.T.);
#4775=ORIENTED_EDGE('',*,*,#3360,.F.);
#4776=ORIENTED_EDGE('',*,*,#3361,.F.);
#4777=ORIENTED_EDGE('',*,*,#3359,.F.);
#4778=ORIENTED_EDGE('',*,*,#3362,.F.);
#4779=ORIENTED_EDGE('',*,*,#3363,.T.);
#4780=ORIENTED_EDGE('',*,*,#3364,.F.);
#4781=ORIENTED_EDGE('',*,*,#3365,.F.);
#4782=ORIENTED_EDGE('',*,*,#3363,.F.);
#4783=ORIENTED_EDGE('',*,*,#3366,.F.);
#4784=ORIENTED_EDGE('',*,*,#3367,.T.);
#4785=ORIENTED_EDGE('',*,*,#3368,.F.);
#4786=ORIENTED_EDGE('',*,*,#3369,.F.);
#4787=ORIENTED_EDGE('',*,*,#3367,.F.);
#4788=ORIENTED_EDGE('',*,*,#2737,.F.);
#4789=ORIENTED_EDGE('',*,*,#3353,.T.);
#4790=ORIENTED_EDGE('',*,*,#3370,.F.);
#4791=ORIENTED_EDGE('',*,*,#3371,.F.);
#4792=ORIENTED_EDGE('',*,*,#3372,.F.);
#4793=ORIENTED_EDGE('',*,*,#3373,.T.);
#4794=ORIENTED_EDGE('',*,*,#3374,.F.);
#4795=ORIENTED_EDGE('',*,*,#3354,.T.);
#4796=ORIENTED_EDGE('',*,*,#3375,.F.);
#4797=ORIENTED_EDGE('',*,*,#3373,.F.);
#4798=ORIENTED_EDGE('',*,*,#3376,.F.);
#4799=ORIENTED_EDGE('',*,*,#3377,.F.);
#4800=ORIENTED_EDGE('',*,*,#3378,.T.);
#4801=ORIENTED_EDGE('',*,*,#3379,.F.);
#4802=ORIENTED_EDGE('',*,*,#3358,.T.);
#4803=ORIENTED_EDGE('',*,*,#3380,.F.);
#4804=ORIENTED_EDGE('',*,*,#3378,.F.);
#4805=ORIENTED_EDGE('',*,*,#3381,.F.);
#4806=ORIENTED_EDGE('',*,*,#3382,.F.);
#4807=ORIENTED_EDGE('',*,*,#3383,.T.);
#4808=ORIENTED_EDGE('',*,*,#3384,.F.);
#4809=ORIENTED_EDGE('',*,*,#3362,.T.);
#4810=ORIENTED_EDGE('',*,*,#3385,.F.);
#4811=ORIENTED_EDGE('',*,*,#3383,.F.);
#4812=ORIENTED_EDGE('',*,*,#3386,.F.);
#4813=ORIENTED_EDGE('',*,*,#3387,.F.);
#4814=ORIENTED_EDGE('',*,*,#3388,.T.);
#4815=ORIENTED_EDGE('',*,*,#3389,.F.);
#4816=ORIENTED_EDGE('',*,*,#3366,.T.);
#4817=ORIENTED_EDGE('',*,*,#3390,.F.);
#4818=ORIENTED_EDGE('',*,*,#3388,.F.);
#4819=ORIENTED_EDGE('',*,*,#3391,.F.);
#4820=ORIENTED_EDGE('',*,*,#3392,.T.);
#4821=ORIENTED_EDGE('',*,*,#3393,.F.);
#4822=ORIENTED_EDGE('',*,*,#3394,.F.);
#4823=ORIENTED_EDGE('',*,*,#3392,.F.);
#4824=ORIENTED_EDGE('',*,*,#3395,.F.);
#4825=ORIENTED_EDGE('',*,*,#3396,.F.);
#4826=ORIENTED_EDGE('',*,*,#3397,.T.);
#4827=ORIENTED_EDGE('',*,*,#3398,.F.);
#4828=ORIENTED_EDGE('',*,*,#3391,.T.);
#4829=ORIENTED_EDGE('',*,*,#3399,.F.);
#4830=ORIENTED_EDGE('',*,*,#3397,.F.);
#4831=ORIENTED_EDGE('',*,*,#3400,.T.);
#4832=ORIENTED_EDGE('',*,*,#3401,.T.);
#4833=ORIENTED_EDGE('',*,*,#3402,.T.);
#4834=ORIENTED_EDGE('',*,*,#3403,.T.);
#4835=ORIENTED_EDGE('',*,*,#3402,.F.);
#4836=ORIENTED_EDGE('',*,*,#3403,.F.);
#4837=ORIENTED_EDGE('',*,*,#3404,.F.);
#4838=ORIENTED_EDGE('',*,*,#3405,.F.);
#4839=ORIENTED_EDGE('',*,*,#3406,.F.);
#4840=ORIENTED_EDGE('',*,*,#3407,.T.);
#4841=ORIENTED_EDGE('',*,*,#3408,.T.);
#4842=ORIENTED_EDGE('',*,*,#3409,.T.);
#4843=ORIENTED_EDGE('',*,*,#3400,.F.);
#4844=ORIENTED_EDGE('',*,*,#3401,.F.);
#4845=ORIENTED_EDGE('',*,*,#3409,.F.);
#4846=ORIENTED_EDGE('',*,*,#3410,.T.);
#4847=ORIENTED_EDGE('',*,*,#3411,.T.);
#4848=ORIENTED_EDGE('',*,*,#3407,.F.);
#4849=ORIENTED_EDGE('',*,*,#3412,.T.);
#4850=ORIENTED_EDGE('',*,*,#3413,.T.);
#4851=ORIENTED_EDGE('',*,*,#3414,.T.);
#4852=ORIENTED_EDGE('',*,*,#3415,.T.);
#4853=ORIENTED_EDGE('',*,*,#3416,.T.);
#4854=ORIENTED_EDGE('',*,*,#3417,.T.);
#4855=ORIENTED_EDGE('',*,*,#3418,.T.);
#4856=ORIENTED_EDGE('',*,*,#3419,.T.);
#4857=ORIENTED_EDGE('',*,*,#3420,.T.);
#4858=ORIENTED_EDGE('',*,*,#3404,.T.);
#4859=ORIENTED_EDGE('',*,*,#3421,.T.);
#4860=ORIENTED_EDGE('',*,*,#3422,.T.);
#4861=ORIENTED_EDGE('',*,*,#3423,.T.);
#4862=ORIENTED_EDGE('',*,*,#3421,.F.);
#4863=ORIENTED_EDGE('',*,*,#3424,.T.);
#4864=ORIENTED_EDGE('',*,*,#3425,.T.);
#4865=ORIENTED_EDGE('',*,*,#3426,.T.);
#4866=ORIENTED_EDGE('',*,*,#3427,.T.);
#4867=ORIENTED_EDGE('',*,*,#3428,.T.);
#4868=ORIENTED_EDGE('',*,*,#3422,.F.);
#4869=ORIENTED_EDGE('',*,*,#3423,.F.);
#4870=ORIENTED_EDGE('',*,*,#3428,.F.);
#4871=ORIENTED_EDGE('',*,*,#3429,.T.);
#4872=ORIENTED_EDGE('',*,*,#3425,.F.);
#4873=ORIENTED_EDGE('',*,*,#3430,.T.);
#4874=ORIENTED_EDGE('',*,*,#3431,.T.);
#4875=ORIENTED_EDGE('',*,*,#3432,.T.);
#4876=ORIENTED_EDGE('',*,*,#3433,.T.);
#4877=ORIENTED_EDGE('',*,*,#3410,.F.);
#4878=ORIENTED_EDGE('',*,*,#3408,.F.);
#4879=ORIENTED_EDGE('',*,*,#3411,.F.);
#4880=ORIENTED_EDGE('',*,*,#3434,.T.);
#4881=ORIENTED_EDGE('',*,*,#3435,.T.);
#4882=ORIENTED_EDGE('',*,*,#3436,.T.);
#4883=ORIENTED_EDGE('',*,*,#3434,.F.);
#4884=ORIENTED_EDGE('',*,*,#3436,.F.);
#4885=ORIENTED_EDGE('',*,*,#3435,.F.);
#4886=ORIENTED_EDGE('',*,*,#3437,.T.);
#4887=ORIENTED_EDGE('',*,*,#3426,.F.);
#4888=ORIENTED_EDGE('',*,*,#3429,.F.);
#4889=ORIENTED_EDGE('',*,*,#3427,.F.);
#4890=ORIENTED_EDGE('',*,*,#3437,.F.);
#4891=ORIENTED_EDGE('',*,*,#3418,.F.);
#4892=ORIENTED_EDGE('',*,*,#3420,.F.);
#4893=ORIENTED_EDGE('',*,*,#3419,.F.);
#4894=ORIENTED_EDGE('',*,*,#3438,.T.);
#4895=ORIENTED_EDGE('',*,*,#3439,.T.);
#4896=ORIENTED_EDGE('',*,*,#3440,.T.);
#4897=ORIENTED_EDGE('',*,*,#3438,.F.);
#4898=ORIENTED_EDGE('',*,*,#3440,.F.);
#4899=ORIENTED_EDGE('',*,*,#3439,.F.);
#4900=ORIENTED_EDGE('',*,*,#3441,.T.);
#4901=ORIENTED_EDGE('',*,*,#3433,.F.);
#4902=ORIENTED_EDGE('',*,*,#3441,.F.);
#4903=ORIENTED_EDGE('',*,*,#3415,.F.);
#4904=ORIENTED_EDGE('',*,*,#3417,.F.);
#4905=ORIENTED_EDGE('',*,*,#3416,.F.);
#4906=ORIENTED_EDGE('',*,*,#3442,.T.);
#4907=ORIENTED_EDGE('',*,*,#3443,.T.);
#4908=ORIENTED_EDGE('',*,*,#3444,.T.);
#4909=ORIENTED_EDGE('',*,*,#3442,.F.);
#4910=ORIENTED_EDGE('',*,*,#3444,.F.);
#4911=ORIENTED_EDGE('',*,*,#3443,.F.);
#4912=ORIENTED_EDGE('',*,*,#3445,.T.);
#4913=ORIENTED_EDGE('',*,*,#3432,.F.);
#4914=ORIENTED_EDGE('',*,*,#3445,.F.);
#4915=ORIENTED_EDGE('',*,*,#3412,.F.);
#4916=ORIENTED_EDGE('',*,*,#3414,.F.);
#4917=ORIENTED_EDGE('',*,*,#3413,.F.);
#4918=ORIENTED_EDGE('',*,*,#3446,.T.);
#4919=ORIENTED_EDGE('',*,*,#3447,.T.);
#4920=ORIENTED_EDGE('',*,*,#3448,.T.);
#4921=ORIENTED_EDGE('',*,*,#3446,.F.);
#4922=ORIENTED_EDGE('',*,*,#3448,.F.);
#4923=ORIENTED_EDGE('',*,*,#3447,.F.);
#4924=ORIENTED_EDGE('',*,*,#3449,.T.);
#4925=ORIENTED_EDGE('',*,*,#3431,.F.);
#4926=ORIENTED_EDGE('',*,*,#3449,.F.);
#4927=ORIENTED_EDGE('',*,*,#3450,.T.);
#4928=ORIENTED_EDGE('',*,*,#3451,.T.);
#4929=ORIENTED_EDGE('',*,*,#3452,.T.);
#4930=ORIENTED_EDGE('',*,*,#3453,.T.);
#4931=ORIENTED_EDGE('',*,*,#3451,.F.);
#4932=ORIENTED_EDGE('',*,*,#3452,.F.);
#4933=ORIENTED_EDGE('',*,*,#3453,.F.);
#4934=ORIENTED_EDGE('',*,*,#3454,.T.);
#4935=ORIENTED_EDGE('',*,*,#3455,.T.);
#4936=ORIENTED_EDGE('',*,*,#3456,.T.);
#4937=ORIENTED_EDGE('',*,*,#3454,.F.);
#4938=ORIENTED_EDGE('',*,*,#3450,.F.);
#4939=ORIENTED_EDGE('',*,*,#3457,.F.);
#4940=ORIENTED_EDGE('',*,*,#3458,.F.);
#4941=ORIENTED_EDGE('',*,*,#3459,.T.);
#4942=ORIENTED_EDGE('',*,*,#3460,.T.);
#4943=ORIENTED_EDGE('',*,*,#3461,.T.);
#4944=ORIENTED_EDGE('',*,*,#3462,.T.);
#4945=ORIENTED_EDGE('',*,*,#3460,.F.);
#4946=ORIENTED_EDGE('',*,*,#3461,.F.);
#4947=ORIENTED_EDGE('',*,*,#3462,.F.);
#4948=ORIENTED_EDGE('',*,*,#3463,.T.);
#4949=ORIENTED_EDGE('',*,*,#3464,.T.);
#4950=ORIENTED_EDGE('',*,*,#3465,.T.);
#4951=ORIENTED_EDGE('',*,*,#3463,.F.);
#4952=ORIENTED_EDGE('',*,*,#3351,.T.);
#4953=ORIENTED_EDGE('',*,*,#3352,.T.);
#4954=ORIENTED_EDGE('',*,*,#3356,.T.);
#4955=ORIENTED_EDGE('',*,*,#3357,.T.);
#4956=ORIENTED_EDGE('',*,*,#3360,.T.);
#4957=ORIENTED_EDGE('',*,*,#3361,.T.);
#4958=ORIENTED_EDGE('',*,*,#3364,.T.);
#4959=ORIENTED_EDGE('',*,*,#3365,.T.);
#4960=ORIENTED_EDGE('',*,*,#3368,.T.);
#4961=ORIENTED_EDGE('',*,*,#3369,.T.);
#4962=ORIENTED_EDGE('',*,*,#3393,.T.);
#4963=ORIENTED_EDGE('',*,*,#3394,.T.);
#4964=ORIENTED_EDGE('',*,*,#3466,.T.);
#4965=ORIENTED_EDGE('',*,*,#3467,.T.);
#4966=ORIENTED_EDGE('',*,*,#3468,.T.);
#4967=ORIENTED_EDGE('',*,*,#3469,.T.);
#4968=ORIENTED_EDGE('',*,*,#3470,.T.);
#4969=ORIENTED_EDGE('',*,*,#3471,.T.);
#4970=ORIENTED_EDGE('',*,*,#3472,.T.);
#4971=ORIENTED_EDGE('',*,*,#3473,.T.);
#4972=ORIENTED_EDGE('',*,*,#3459,.F.);
#4973=ORIENTED_EDGE('',*,*,#3474,.F.);
#4974=ORIENTED_EDGE('',*,*,#3475,.F.);
#4975=ORIENTED_EDGE('',*,*,#3386,.T.);
#4976=ORIENTED_EDGE('',*,*,#3387,.T.);
#4977=ORIENTED_EDGE('',*,*,#3376,.T.);
#4978=ORIENTED_EDGE('',*,*,#3377,.T.);
#4979=ORIENTED_EDGE('',*,*,#2733,.T.);
#4980=ORIENTED_EDGE('',*,*,#2734,.T.);
#4981=ORIENTED_EDGE('',*,*,#3395,.T.);
#4982=ORIENTED_EDGE('',*,*,#3396,.T.);
#4983=ORIENTED_EDGE('',*,*,#3371,.T.);
#4984=ORIENTED_EDGE('',*,*,#3372,.T.);
#4985=ORIENTED_EDGE('',*,*,#3381,.T.);
#4986=ORIENTED_EDGE('',*,*,#3382,.T.);
#4987=ORIENTED_EDGE('',*,*,#3384,.T.);
#4988=ORIENTED_EDGE('',*,*,#3476,.T.);
#4989=ORIENTED_EDGE('',*,*,#3476,.F.);
#4990=ORIENTED_EDGE('',*,*,#3385,.T.);
#4991=ORIENTED_EDGE('',*,*,#3374,.T.);
#4992=ORIENTED_EDGE('',*,*,#3477,.T.);
#4993=ORIENTED_EDGE('',*,*,#3477,.F.);
#4994=ORIENTED_EDGE('',*,*,#3375,.T.);
#4995=ORIENTED_EDGE('',*,*,#3398,.T.);
#4996=ORIENTED_EDGE('',*,*,#3478,.T.);
#4997=ORIENTED_EDGE('',*,*,#3478,.F.);
#4998=ORIENTED_EDGE('',*,*,#3399,.T.);
#4999=ORIENTED_EDGE('',*,*,#2738,.T.);
#5000=ORIENTED_EDGE('',*,*,#3479,.T.);
#5001=ORIENTED_EDGE('',*,*,#3479,.F.);
#5002=ORIENTED_EDGE('',*,*,#3370,.T.);
#5003=ORIENTED_EDGE('',*,*,#3379,.T.);
#5004=ORIENTED_EDGE('',*,*,#3480,.T.);
#5005=ORIENTED_EDGE('',*,*,#3480,.F.);
#5006=ORIENTED_EDGE('',*,*,#3380,.T.);
#5007=ORIENTED_EDGE('',*,*,#3389,.T.);
#5008=ORIENTED_EDGE('',*,*,#3481,.T.);
#5009=ORIENTED_EDGE('',*,*,#3481,.F.);
#5010=ORIENTED_EDGE('',*,*,#3390,.T.);
#5011=ORIENTED_EDGE('',*,*,#3470,.F.);
#5012=ORIENTED_EDGE('',*,*,#3482,.F.);
#5013=ORIENTED_EDGE('',*,*,#3483,.F.);
#5014=ORIENTED_EDGE('',*,*,#3484,.F.);
#5015=ORIENTED_EDGE('',*,*,#3483,.T.);
#5016=ORIENTED_EDGE('',*,*,#3485,.T.);
#5017=ORIENTED_EDGE('',*,*,#3486,.F.);
#5018=ORIENTED_EDGE('',*,*,#3487,.F.);
#5019=ORIENTED_EDGE('',*,*,#3488,.F.);
#5020=ORIENTED_EDGE('',*,*,#3489,.F.);
#5021=ORIENTED_EDGE('',*,*,#3490,.F.);
#5022=ORIENTED_EDGE('',*,*,#3472,.F.);
#5023=ORIENTED_EDGE('',*,*,#3491,.T.);
#5024=ORIENTED_EDGE('',*,*,#3492,.F.);
#5025=ORIENTED_EDGE('',*,*,#3493,.T.);
#5026=ORIENTED_EDGE('',*,*,#3492,.T.);
#5027=ORIENTED_EDGE('',*,*,#3494,.T.);
#5028=ORIENTED_EDGE('',*,*,#3495,.F.);
#5029=ORIENTED_EDGE('',*,*,#3496,.F.);
#5030=ORIENTED_EDGE('',*,*,#3471,.F.);
#5031=ORIENTED_EDGE('',*,*,#3484,.T.);
#5032=ORIENTED_EDGE('',*,*,#3497,.T.);
#5033=ORIENTED_EDGE('',*,*,#3491,.F.);
#5034=ORIENTED_EDGE('',*,*,#3473,.F.);
#5035=ORIENTED_EDGE('',*,*,#3493,.F.);
#5036=ORIENTED_EDGE('',*,*,#3498,.T.);
#5037=ORIENTED_EDGE('',*,*,#3482,.T.);
#5038=ORIENTED_EDGE('',*,*,#3497,.F.);
#5039=ORIENTED_EDGE('',*,*,#3490,.T.);
#5040=ORIENTED_EDGE('',*,*,#3499,.F.);
#5041=ORIENTED_EDGE('',*,*,#3494,.F.);
#5042=ORIENTED_EDGE('',*,*,#3500,.F.);
#5043=ORIENTED_EDGE('',*,*,#3485,.F.);
#5044=ORIENTED_EDGE('',*,*,#3498,.F.);
#5045=ORIENTED_EDGE('',*,*,#3496,.T.);
#5046=ORIENTED_EDGE('',*,*,#3487,.T.);
#5047=ORIENTED_EDGE('',*,*,#3501,.T.);
#5048=ORIENTED_EDGE('',*,*,#2732,.T.);
#5049=ORIENTED_EDGE('',*,*,#3502,.T.);
#5050=ORIENTED_EDGE('',*,*,#3503,.F.);
#5051=ORIENTED_EDGE('',*,*,#3488,.T.);
#5052=ORIENTED_EDGE('',*,*,#3504,.F.);
#5053=ORIENTED_EDGE('',*,*,#3505,.T.);
#5054=ORIENTED_EDGE('',*,*,#3506,.T.);
#5055=ORIENTED_EDGE('',*,*,#3466,.F.);
#5056=ORIENTED_EDGE('',*,*,#3507,.F.);
#5057=ORIENTED_EDGE('',*,*,#3508,.F.);
#5058=ORIENTED_EDGE('',*,*,#3509,.F.);
#5059=ORIENTED_EDGE('',*,*,#3468,.F.);
#5060=ORIENTED_EDGE('',*,*,#3510,.T.);
#5061=ORIENTED_EDGE('',*,*,#3511,.F.);
#5062=ORIENTED_EDGE('',*,*,#3512,.T.);
#5063=ORIENTED_EDGE('',*,*,#3511,.T.);
#5064=ORIENTED_EDGE('',*,*,#3513,.T.);
#5065=ORIENTED_EDGE('',*,*,#3514,.F.);
#5066=ORIENTED_EDGE('',*,*,#3515,.F.);
#5067=ORIENTED_EDGE('',*,*,#3467,.F.);
#5068=ORIENTED_EDGE('',*,*,#3509,.T.);
#5069=ORIENTED_EDGE('',*,*,#3516,.F.);
#5070=ORIENTED_EDGE('',*,*,#3510,.F.);
#5071=ORIENTED_EDGE('',*,*,#3469,.F.);
#5072=ORIENTED_EDGE('',*,*,#3512,.F.);
#5073=ORIENTED_EDGE('',*,*,#3517,.F.);
#5074=ORIENTED_EDGE('',*,*,#3507,.T.);
#5075=ORIENTED_EDGE('',*,*,#3516,.T.);
#5076=ORIENTED_EDGE('',*,*,#3518,.T.);
#5077=ORIENTED_EDGE('',*,*,#3519,.F.);
#5078=ORIENTED_EDGE('',*,*,#3513,.F.);
#5079=ORIENTED_EDGE('',*,*,#3517,.T.);
#5080=ORIENTED_EDGE('',*,*,#3515,.T.);
#5081=ORIENTED_EDGE('',*,*,#3520,.F.);
#5082=ORIENTED_EDGE('',*,*,#3521,.F.);
#5083=ORIENTED_EDGE('',*,*,#3508,.T.);
#5084=ORIENTED_EDGE('',*,*,#3521,.T.);
#5085=ORIENTED_EDGE('',*,*,#3522,.F.);
#5086=ORIENTED_EDGE('',*,*,#3505,.F.);
#5087=ORIENTED_EDGE('',*,*,#3502,.F.);
#5088=ORIENTED_EDGE('',*,*,#2731,.F.);
#5089=ORIENTED_EDGE('',*,*,#3518,.F.);
#5090=ORIENTED_EDGE('',*,*,#2730,.T.);
#5091=ORIENTED_EDGE('',*,*,#3501,.F.);
#5092=ORIENTED_EDGE('',*,*,#3486,.T.);
#5093=ORIENTED_EDGE('',*,*,#3500,.T.);
#5094=ORIENTED_EDGE('',*,*,#3495,.T.);
#5095=ORIENTED_EDGE('',*,*,#3499,.T.);
#5096=ORIENTED_EDGE('',*,*,#3489,.T.);
#5097=ORIENTED_EDGE('',*,*,#3506,.F.);
#5098=ORIENTED_EDGE('',*,*,#3522,.T.);
#5099=ORIENTED_EDGE('',*,*,#3520,.T.);
#5100=ORIENTED_EDGE('',*,*,#3514,.T.);
#5101=ORIENTED_EDGE('',*,*,#3523,.F.);
#5102=ORIENTED_EDGE('',*,*,#3458,.T.);
#5103=ORIENTED_EDGE('',*,*,#3457,.T.);
#5104=ORIENTED_EDGE('',*,*,#3523,.T.);
#5105=ORIENTED_EDGE('',*,*,#3519,.T.);
#5106=ORIENTED_EDGE('',*,*,#3405,.T.);
#5107=ORIENTED_EDGE('',*,*,#3406,.T.);
#5108=ORIENTED_EDGE('',*,*,#3524,.F.);
#5109=ORIENTED_EDGE('',*,*,#3525,.F.);
#5110=ORIENTED_EDGE('',*,*,#3524,.T.);
#5111=ORIENTED_EDGE('',*,*,#3526,.T.);
#5112=ORIENTED_EDGE('',*,*,#3527,.F.);
#5113=ORIENTED_EDGE('',*,*,#3528,.F.);
#5114=ORIENTED_EDGE('',*,*,#3526,.F.);
#5115=ORIENTED_EDGE('',*,*,#3525,.T.);
#5116=ORIENTED_EDGE('',*,*,#3529,.F.);
#5117=ORIENTED_EDGE('',*,*,#3530,.F.);
#5118=ORIENTED_EDGE('',*,*,#3531,.T.);
#5119=ORIENTED_EDGE('',*,*,#3528,.T.);
#5120=ORIENTED_EDGE('',*,*,#3527,.T.);
#5121=ORIENTED_EDGE('',*,*,#3531,.F.);
#5122=ORIENTED_EDGE('',*,*,#3529,.T.);
#5123=ORIENTED_EDGE('',*,*,#3532,.T.);
#5124=ORIENTED_EDGE('',*,*,#3533,.F.);
#5125=ORIENTED_EDGE('',*,*,#3534,.F.);
#5126=ORIENTED_EDGE('',*,*,#3532,.F.);
#5127=ORIENTED_EDGE('',*,*,#3530,.T.);
#5128=ORIENTED_EDGE('',*,*,#3465,.F.);
#5129=ORIENTED_EDGE('',*,*,#3464,.F.);
#5130=ORIENTED_EDGE('',*,*,#3533,.T.);
#5131=ORIENTED_EDGE('',*,*,#3534,.T.);
#5132=ORIENTED_EDGE('',*,*,#3474,.T.);
#5133=ORIENTED_EDGE('',*,*,#3535,.T.);
#5134=ORIENTED_EDGE('',*,*,#3456,.F.);
#5135=ORIENTED_EDGE('',*,*,#3455,.F.);
#5136=ORIENTED_EDGE('',*,*,#3535,.F.);
#5137=ORIENTED_EDGE('',*,*,#3475,.T.);
#5138=ORIENTED_EDGE('',*,*,#3504,.T.);
#5139=ORIENTED_EDGE('',*,*,#3503,.T.);
#5140=ORIENTED_EDGE('',*,*,#3536,.F.);
#5141=ORIENTED_EDGE('',*,*,#3537,.F.);
#5142=ORIENTED_EDGE('',*,*,#3536,.T.);
#5143=ORIENTED_EDGE('',*,*,#3538,.T.);
#5144=ORIENTED_EDGE('',*,*,#3348,.F.);
#5145=ORIENTED_EDGE('',*,*,#3349,.F.);
#5146=ORIENTED_EDGE('',*,*,#3538,.F.);
#5147=ORIENTED_EDGE('',*,*,#3537,.T.);
#5148=ORIENTED_EDGE('',*,*,#3120,.T.);
#5149=ORIENTED_EDGE('',*,*,#3123,.T.);
#5150=ORIENTED_EDGE('',*,*,#3125,.T.);
#5151=ORIENTED_EDGE('',*,*,#3140,.T.);
#5152=ORIENTED_EDGE('',*,*,#3138,.T.);
#5153=ORIENTED_EDGE('',*,*,#3136,.T.);
#5154=ORIENTED_EDGE('',*,*,#3346,.T.);
#5155=ORIENTED_EDGE('',*,*,#3539,.T.);
#5156=ORIENTED_EDGE('',*,*,#3424,.F.);
#5157=ORIENTED_EDGE('',*,*,#3430,.F.);
#5158=ORIENTED_EDGE('',*,*,#3539,.F.);
#5159=ORIENTED_EDGE('',*,*,#3347,.T.);
#5160=CYLINDRICAL_SURFACE('',#5497,28.);
#5161=CYLINDRICAL_SURFACE('',#5499,1.621);
#5162=CYLINDRICAL_SURFACE('',#5601,1.);
#5163=CYLINDRICAL_SURFACE('',#5602,1.);
#5164=CYLINDRICAL_SURFACE('',#5603,1.);
#5165=CYLINDRICAL_SURFACE('',#5604,1.);
#5166=CYLINDRICAL_SURFACE('',#5605,1.);
#5167=CYLINDRICAL_SURFACE('',#5606,1.621);
#5168=CYLINDRICAL_SURFACE('',#5608,1.621);
#5169=CYLINDRICAL_SURFACE('',#5613,1.621);
#5170=CYLINDRICAL_SURFACE('',#5618,1.621);
#5171=CYLINDRICAL_SURFACE('',#5623,1.621);
#5172=CYLINDRICAL_SURFACE('',#5628,1.);
#5173=CYLINDRICAL_SURFACE('',#5629,1.621);
#5174=CYLINDRICAL_SURFACE('',#5640,41.225);
#5175=CYLINDRICAL_SURFACE('',#5646,32.5);
#5176=CYLINDRICAL_SURFACE('',#5652,5.);
#5177=CYLINDRICAL_SURFACE('',#5656,5.);
#5178=CYLINDRICAL_SURFACE('',#5660,5.);
#5179=CYLINDRICAL_SURFACE('',#5664,5.);
#5180=CYLINDRICAL_SURFACE('',#5669,30.25);
#5181=CYLINDRICAL_SURFACE('',#5679,41.225);
#5182=CYLINDRICAL_SURFACE('',#5691,3.);
#5183=CYLINDRICAL_SURFACE('',#5692,3.);
#5184=CYLINDRICAL_SURFACE('',#5703,3.);
#5185=CYLINDRICAL_SURFACE('',#5708,3.);
#5186=CYLINDRICAL_SURFACE('',#5709,28.);
#5187=CYLINDRICAL_SURFACE('',#5717,38.395);
#5188=CYLINDRICAL_SURFACE('',#5730,1.5);
#5189=ADVANCED_FACE('',(#333),#5160,.F.);
#5190=ADVANCED_FACE('',(#334),#5161,.F.);
#5191=ADVANCED_FACE('',(#335),#209,.T.);
#5192=ADVANCED_FACE('',(#336),#79,.F.);
#5193=ADVANCED_FACE('',(#337),#80,.F.);
#5194=ADVANCED_FACE('',(#338),#81,.F.);
#5195=ADVANCED_FACE('',(#339),#210,.F.);
#5196=ADVANCED_FACE('',(#340),#211,.F.);
#5197=ADVANCED_FACE('',(#341),#82,.F.);
#5198=ADVANCED_FACE('',(#342),#83,.F.);
#5199=ADVANCED_FACE('',(#343),#212,.F.);
#5200=ADVANCED_FACE('',(#344),#213,.F.);
#5201=ADVANCED_FACE('',(#345),#84,.F.);
#5202=ADVANCED_FACE('',(#346),#85,.F.);
#5203=ADVANCED_FACE('',(#347),#86,.F.);
#5204=ADVANCED_FACE('',(#348),#214,.F.);
#5205=ADVANCED_FACE('',(#349),#87,.F.);
#5206=ADVANCED_FACE('',(#350),#88,.F.);
#5207=ADVANCED_FACE('',(#351),#215,.F.);
#5208=ADVANCED_FACE('',(#352),#216,.F.);
#5209=ADVANCED_FACE('',(#353),#89,.F.);
#5210=ADVANCED_FACE('',(#354),#90,.F.);
#5211=ADVANCED_FACE('',(#355),#217,.F.);
#5212=ADVANCED_FACE('',(#356),#91,.F.);
#5213=ADVANCED_FACE('',(#357),#92,.F.);
#5214=ADVANCED_FACE('',(#358),#218,.F.);
#5215=ADVANCED_FACE('',(#359),#93,.F.);
#5216=ADVANCED_FACE('',(#360),#94,.F.);
#5217=ADVANCED_FACE('',(#361),#95,.F.);
#5218=ADVANCED_FACE('',(#362),#96,.F.);
#5219=ADVANCED_FACE('',(#363),#97,.F.);
#5220=ADVANCED_FACE('',(#364),#98,.F.);
#5221=ADVANCED_FACE('',(#365),#99,.F.);
#5222=ADVANCED_FACE('',(#366),#100,.F.);
#5223=ADVANCED_FACE('',(#367),#101,.F.);
#5224=ADVANCED_FACE('',(#368),#102,.F.);
#5225=ADVANCED_FACE('',(#369),#219,.F.);
#5226=ADVANCED_FACE('',(#370),#103,.F.);
#5227=ADVANCED_FACE('',(#371),#104,.F.);
#5228=ADVANCED_FACE('',(#372),#105,.F.);
#5229=ADVANCED_FACE('',(#373),#106,.F.);
#5230=ADVANCED_FACE('',(#374),#107,.F.);
#5231=ADVANCED_FACE('',(#375),#108,.F.);
#5232=ADVANCED_FACE('',(#376),#109,.F.);
#5233=ADVANCED_FACE('',(#377),#220,.T.);
#5234=ADVANCED_FACE('',(#378),#221,.T.);
#5235=ADVANCED_FACE('',(#379),#110,.F.);
#5236=ADVANCED_FACE('',(#380),#222,.F.);
#5237=ADVANCED_FACE('',(#381),#223,.F.);
#5238=ADVANCED_FACE('',(#382),#111,.F.);
#5239=ADVANCED_FACE('',(#383),#112,.F.);
#5240=ADVANCED_FACE('',(#384),#224,.F.);
#5241=ADVANCED_FACE('',(#385),#113,.F.);
#5242=ADVANCED_FACE('',(#386),#114,.F.);
#5243=ADVANCED_FACE('',(#387),#225,.F.);
#5244=ADVANCED_FACE('',(#388),#226,.F.);
#5245=ADVANCED_FACE('',(#389),#115,.F.);
#5246=ADVANCED_FACE('',(#390),#227,.F.);
#5247=ADVANCED_FACE('',(#391),#116,.F.);
#5248=ADVANCED_FACE('',(#392),#228,.F.);
#5249=ADVANCED_FACE('',(#393),#117,.F.);
#5250=ADVANCED_FACE('',(#394),#229,.T.);
#5251=ADVANCED_FACE('',(#395),#230,.T.);
#5252=ADVANCED_FACE('',(#396),#118,.T.);
#5253=ADVANCED_FACE('',(#397),#231,.F.);
#5254=ADVANCED_FACE('',(#398),#119,.F.);
#5255=ADVANCED_FACE('',(#399),#232,.F.);
#5256=ADVANCED_FACE('',(#400),#120,.F.);
#5257=ADVANCED_FACE('',(#401),#233,.T.);
#5258=ADVANCED_FACE('',(#402),#121,.T.);
#5259=ADVANCED_FACE('',(#403),#234,.T.);
#5260=ADVANCED_FACE('',(#404,#34),#235,.T.);
#5261=ADVANCED_FACE('',(#405),#236,.T.);
#5262=ADVANCED_FACE('',(#406),#237,.F.);
#5263=ADVANCED_FACE('',(#407),#122,.F.);
#5264=ADVANCED_FACE('',(#408),#238,.F.);
#5265=ADVANCED_FACE('',(#409),#123,.F.);
#5266=ADVANCED_FACE('',(#410),#124,.F.);
#5267=ADVANCED_FACE('',(#411),#239,.F.);
#5268=ADVANCED_FACE('',(#412),#240,.F.);
#5269=ADVANCED_FACE('',(#413),#125,.F.);
#5270=ADVANCED_FACE('',(#414),#126,.F.);
#5271=ADVANCED_FACE('',(#415),#127,.F.);
#5272=ADVANCED_FACE('',(#416),#241,.F.);
#5273=ADVANCED_FACE('',(#417),#242,.F.);
#5274=ADVANCED_FACE('',(#418),#243,.F.);
#5275=ADVANCED_FACE('',(#419),#128,.F.);
#5276=ADVANCED_FACE('',(#420),#129,.F.);
#5277=ADVANCED_FACE('',(#421),#244,.F.);
#5278=ADVANCED_FACE('',(#422),#130,.F.);
#5279=ADVANCED_FACE('',(#423),#245,.F.);
#5280=ADVANCED_FACE('',(#424),#131,.F.);
#5281=ADVANCED_FACE('',(#425),#132,.F.);
#5282=ADVANCED_FACE('',(#426),#246,.F.);
#5283=ADVANCED_FACE('',(#427),#247,.F.);
#5284=ADVANCED_FACE('',(#428),#133,.F.);
#5285=ADVANCED_FACE('',(#429),#248,.T.);
#5286=ADVANCED_FACE('',(#430),#249,.T.);
#5287=ADVANCED_FACE('',(#431),#134,.F.);
#5288=ADVANCED_FACE('',(#432),#135,.F.);
#5289=ADVANCED_FACE('',(#433),#136,.F.);
#5290=ADVANCED_FACE('',(#434),#137,.F.);
#5291=ADVANCED_FACE('',(#435),#138,.F.);
#5292=ADVANCED_FACE('',(#436),#139,.F.);
#5293=ADVANCED_FACE('',(#437),#140,.F.);
#5294=ADVANCED_FACE('',(#438),#250,.F.);
#5295=ADVANCED_FACE('',(#439),#141,.F.);
#5296=ADVANCED_FACE('',(#440),#142,.F.);
#5297=ADVANCED_FACE('',(#441),#143,.F.);
#5298=ADVANCED_FACE('',(#442),#144,.F.);
#5299=ADVANCED_FACE('',(#443),#145,.F.);
#5300=ADVANCED_FACE('',(#444),#146,.F.);
#5301=ADVANCED_FACE('',(#445),#147,.F.);
#5302=ADVANCED_FACE('',(#446),#148,.F.);
#5303=ADVANCED_FACE('',(#447),#149,.F.);
#5304=ADVANCED_FACE('',(#448),#150,.F.);
#5305=ADVANCED_FACE('',(#449),#251,.F.);
#5306=ADVANCED_FACE('',(#450),#151,.F.);
#5307=ADVANCED_FACE('',(#451),#152,.F.);
#5308=ADVANCED_FACE('',(#452),#153,.F.);
#5309=ADVANCED_FACE('',(#453),#154,.F.);
#5310=ADVANCED_FACE('',(#454),#252,.F.);
#5311=ADVANCED_FACE('',(#455),#253,.T.);
#5312=ADVANCED_FACE('',(#456),#155,.T.);
#5313=ADVANCED_FACE('',(#457),#156,.T.);
#5314=ADVANCED_FACE('',(#458),#157,.F.);
#5315=ADVANCED_FACE('',(#459),#158,.F.);
#5316=ADVANCED_FACE('',(#460),#254,.F.);
#5317=ADVANCED_FACE('',(#461),#159,.T.);
#5318=ADVANCED_FACE('',(#462),#160,.T.);
#5319=ADVANCED_FACE('',(#463),#255,.T.);
#5320=ADVANCED_FACE('',(#464,#35),#256,.T.);
#5321=ADVANCED_FACE('',(#465,#36),#257,.T.);
#5322=ADVANCED_FACE('',(#466),#258,.T.);
#5323=ADVANCED_FACE('',(#467),#161,.T.);
#5324=ADVANCED_FACE('',(#468),#259,.T.);
#5325=ADVANCED_FACE('',(#469),#162,.F.);
#5326=ADVANCED_FACE('',(#470),#260,.F.);
#5327=ADVANCED_FACE('',(#471),#163,.F.);
#5328=ADVANCED_FACE('',(#472),#261,.F.);
#5329=ADVANCED_FACE('',(#473),#164,.T.);
#5330=ADVANCED_FACE('',(#474),#262,.T.);
#5331=ADVANCED_FACE('',(#475),#263,.T.);
#5332=ADVANCED_FACE('',(#476),#165,.F.);
#5333=ADVANCED_FACE('',(#477),#264,.F.);
#5334=ADVANCED_FACE('',(#478),#166,.F.);
#5335=ADVANCED_FACE('',(#479),#265,.F.);
#5336=ADVANCED_FACE('',(#480),#266,.F.);
#5337=ADVANCED_FACE('',(#481),#167,.F.);
#5338=ADVANCED_FACE('',(#482),#168,.F.);
#5339=ADVANCED_FACE('',(#483),#267,.F.);
#5340=ADVANCED_FACE('',(#484),#268,.F.);
#5341=ADVANCED_FACE('',(#485),#169,.F.);
#5342=ADVANCED_FACE('',(#486),#170,.F.);
#5343=ADVANCED_FACE('',(#487),#269,.F.);
#5344=ADVANCED_FACE('',(#488),#171,.F.);
#5345=ADVANCED_FACE('',(#489),#172,.F.);
#5346=ADVANCED_FACE('',(#490),#173,.F.);
#5347=ADVANCED_FACE('',(#491),#270,.F.);
#5348=ADVANCED_FACE('',(#492),#271,.F.);
#5349=ADVANCED_FACE('',(#493),#174,.F.);
#5350=ADVANCED_FACE('',(#494),#175,.F.);
#5351=ADVANCED_FACE('',(#495),#272,.F.);
#5352=ADVANCED_FACE('',(#496),#273,.F.);
#5353=ADVANCED_FACE('',(#497),#176,.F.);
#5354=ADVANCED_FACE('',(#498),#177,.F.);
#5355=ADVANCED_FACE('',(#499),#178,.F.);
#5356=ADVANCED_FACE('',(#500),#274,.T.);
#5357=ADVANCED_FACE('',(#501),#275,.T.);
#5358=ADVANCED_FACE('',(#502),#179,.F.);
#5359=ADVANCED_FACE('',(#503),#276,.F.);
#5360=ADVANCED_FACE('',(#504),#277,.F.);
#5361=ADVANCED_FACE('',(#505),#180,.F.);
#5362=ADVANCED_FACE('',(#506),#181,.F.);
#5363=ADVANCED_FACE('',(#507),#278,.F.);
#5364=ADVANCED_FACE('',(#508),#182,.F.);
#5365=ADVANCED_FACE('',(#509),#279,.F.);
#5366=ADVANCED_FACE('',(#510),#183,.F.);
#5367=ADVANCED_FACE('',(#511),#184,.F.);
#5368=ADVANCED_FACE('',(#512),#280,.F.);
#5369=ADVANCED_FACE('',(#513),#281,.F.);
#5370=ADVANCED_FACE('',(#514),#282,.F.);
#5371=ADVANCED_FACE('',(#515),#185,.F.);
#5372=ADVANCED_FACE('',(#516),#186,.F.);
#5373=ADVANCED_FACE('',(#517),#283,.F.);
#5374=ADVANCED_FACE('',(#518),#284,.F.);
#5375=ADVANCED_FACE('',(#519),#187,.F.);
#5376=ADVANCED_FACE('',(#520),#188,.F.);
#5377=ADVANCED_FACE('',(#521),#285,.F.);
#5378=ADVANCED_FACE('',(#522),#189,.F.);
#5379=ADVANCED_FACE('',(#523),#190,.F.);
#5380=ADVANCED_FACE('',(#524),#286,.F.);
#5381=ADVANCED_FACE('',(#525),#287,.F.);
#5382=ADVANCED_FACE('',(#526),#191,.F.);
#5383=ADVANCED_FACE('',(#527),#288,.T.);
#5384=ADVANCED_FACE('',(#528,#37),#289,.T.);
#5385=ADVANCED_FACE('',(#529),#290,.T.);
#5386=ADVANCED_FACE('',(#530),#192,.T.);
#5387=ADVANCED_FACE('',(#531),#193,.T.);
#5388=ADVANCED_FACE('',(#532),#291,.F.);
#5389=ADVANCED_FACE('',(#533),#194,.F.);
#5390=ADVANCED_FACE('',(#534),#195,.F.);
#5391=ADVANCED_FACE('',(#535),#196,.T.);
#5392=ADVANCED_FACE('',(#536),#197,.T.);
#5393=ADVANCED_FACE('',(#537),#292,.T.);
#5394=ADVANCED_FACE('',(#538),#293,.F.);
#5395=ADVANCED_FACE('',(#539),#198,.F.);
#5396=ADVANCED_FACE('',(#540),#199,.F.);
#5397=ADVANCED_FACE('',(#541),#200,.F.);
#5398=ADVANCED_FACE('',(#542),#201,.F.);
#5399=ADVANCED_FACE('',(#543),#294,.F.);
#5400=ADVANCED_FACE('',(#544),#295,.F.);
#5401=ADVANCED_FACE('',(#545),#202,.F.);
#5402=ADVANCED_FACE('',(#546),#203,.F.);
#5403=ADVANCED_FACE('',(#547),#296,.F.);
#5404=ADVANCED_FACE('',(#548),#204,.F.);
#5405=ADVANCED_FACE('',(#549),#297,.F.);
#5406=ADVANCED_FACE('',(#550),#298,.T.);
#5407=ADVANCED_FACE('',(#551,#38,#39,#40,#41,#42,#43,#44,#45,#46,#47,#48,
#49,#50,#51,#52),#299,.T.);
#5408=ADVANCED_FACE('',(#552),#300,.T.);
#5409=ADVANCED_FACE('',(#553),#301,.T.);
#5410=ADVANCED_FACE('',(#554),#302,.T.);
#5411=ADVANCED_FACE('',(#555),#5162,.F.);
#5412=ADVANCED_FACE('',(#556),#5163,.F.);
#5413=ADVANCED_FACE('',(#557),#5164,.F.);
#5414=ADVANCED_FACE('',(#558),#5165,.F.);
#5415=ADVANCED_FACE('',(#559),#5166,.F.);
#5416=ADVANCED_FACE('',(#560),#5167,.F.);
#5417=ADVANCED_FACE('',(#561),#5168,.F.);
#5418=ADVANCED_FACE('',(#562),#5169,.F.);
#5419=ADVANCED_FACE('',(#563),#5170,.F.);
#5420=ADVANCED_FACE('',(#564),#5171,.F.);
#5421=ADVANCED_FACE('',(#565),#5172,.F.);
#5422=ADVANCED_FACE('',(#566),#5173,.F.);
#5423=ADVANCED_FACE('',(#567),#20,.T.);
#5424=ADVANCED_FACE('',(#568,#53),#303,.T.);
#5425=ADVANCED_FACE('',(#569,#54,#55,#56),#5174,.T.);
#5426=ADVANCED_FACE('',(#570),#21,.F.);
#5427=ADVANCED_FACE('',(#571,#57,#58,#59),#5175,.F.);
#5428=ADVANCED_FACE('',(#572),#22,.F.);
#5429=ADVANCED_FACE('',(#573),#5176,.F.);
#5430=ADVANCED_FACE('',(#574),#23,.F.);
#5431=ADVANCED_FACE('',(#575),#5177,.F.);
#5432=ADVANCED_FACE('',(#576),#24,.F.);
#5433=ADVANCED_FACE('',(#577),#5178,.F.);
#5434=ADVANCED_FACE('',(#578),#25,.F.);
#5435=ADVANCED_FACE('',(#579),#5179,.F.);
#5436=ADVANCED_FACE('',(#580),#26,.T.);
#5437=ADVANCED_FACE('',(#581),#5180,.T.);
#5438=ADVANCED_FACE('',(#582,#60),#304,.T.);
#5439=ADVANCED_FACE('',(#583),#27,.T.);
#5440=ADVANCED_FACE('',(#584,#61,#62,#63,#64,#65,#66,#67,#68),#5181,.T.);
#5441=ADVANCED_FACE('',(#585,#69,#70,#71,#72,#73,#74,#75),#305,.T.);
#5442=ADVANCED_FACE('',(#586),#28,.F.);
#5443=ADVANCED_FACE('',(#587),#29,.F.);
#5444=ADVANCED_FACE('',(#588),#30,.F.);
#5445=ADVANCED_FACE('',(#589),#31,.F.);
#5446=ADVANCED_FACE('',(#590),#32,.F.);
#5447=ADVANCED_FACE('',(#591),#33,.F.);
#5448=ADVANCED_FACE('',(#592),#205,.F.);
#5449=ADVANCED_FACE('',(#593),#5182,.F.);
#5450=ADVANCED_FACE('',(#594),#206,.T.);
#5451=ADVANCED_FACE('',(#595),#5183,.F.);
#5452=ADVANCED_FACE('',(#596),#306,.F.);
#5453=ADVANCED_FACE('',(#597),#307,.F.);
#5454=ADVANCED_FACE('',(#598),#308,.F.);
#5455=ADVANCED_FACE('',(#599),#309,.F.);
#5456=ADVANCED_FACE('',(#600),#14,.F.);
#5457=ADVANCED_FACE('',(#601),#15,.F.);
#5458=ADVANCED_FACE('',(#602),#207,.F.);
#5459=ADVANCED_FACE('',(#603),#208,.T.);
#5460=ADVANCED_FACE('',(#604),#5184,.F.);
#5461=ADVANCED_FACE('',(#605),#310,.F.);
#5462=ADVANCED_FACE('',(#606),#311,.F.);
#5463=ADVANCED_FACE('',(#607),#312,.F.);
#5464=ADVANCED_FACE('',(#608),#313,.F.);
#5465=ADVANCED_FACE('',(#609),#5185,.F.);
#5466=ADVANCED_FACE('',(#610),#5186,.F.);
#5467=ADVANCED_FACE('',(#611,#76),#314,.T.);
#5468=ADVANCED_FACE('',(#612),#16,.F.);
#5469=ADVANCED_FACE('',(#613),#5187,.T.);
#5470=ADVANCED_FACE('',(#614),#17,.F.);
#5471=ADVANCED_FACE('',(#615,#77),#315,.T.);
#5472=ADVANCED_FACE('',(#616),#18,.F.);
#5473=ADVANCED_FACE('',(#617,#78),#316,.T.);
#5474=ADVANCED_FACE('',(#618),#5188,.F.);
#5475=ADVANCED_FACE('',(#619),#317,.T.);
#5476=ADVANCED_FACE('',(#620),#19,.F.);
#5477=CLOSED_SHELL('',(#5189,#5190,#5191,#5192,#5193,#5194,#5195,#5196,
#5197,#5198,#5199,#5200,#5201,#5202,#5203,#5204,#5205,#5206,#5207,#5208,
#5209,#5210,#5211,#5212,#5213,#5214,#5215,#5216,#5217,#5218,#5219,#5220,
#5221,#5222,#5223,#5224,#5225,#5226,#5227,#5228,#5229,#5230,#5231,#5232,
#5233,#5234,#5235,#5236,#5237,#5238,#5239,#5240,#5241,#5242,#5243,#5244,
#5245,#5246,#5247,#5248,#5249,#5250,#5251,#5252,#5253,#5254,#5255,#5256,
#5257,#5258,#5259,#5260,#5261,#5262,#5263,#5264,#5265,#5266,#5267,#5268,
#5269,#5270,#5271,#5272,#5273,#5274,#5275,#5276,#5277,#5278,#5279,#5280,
#5281,#5282,#5283,#5284,#5285,#5286,#5287,#5288,#5289,#5290,#5291,#5292,
#5293,#5294,#5295,#5296,#5297,#5298,#5299,#5300,#5301,#5302,#5303,#5304,
#5305,#5306,#5307,#5308,#5309,#5310,#5311,#5312,#5313,#5314,#5315,#5316,
#5317,#5318,#5319,#5320,#5321,#5322,#5323,#5324,#5325,#5326,#5327,#5328,
#5329,#5330,#5331,#5332,#5333,#5334,#5335,#5336,#5337,#5338,#5339,#5340,
#5341,#5342,#5343,#5344,#5345,#5346,#5347,#5348,#5349,#5350,#5351,#5352,
#5353,#5354,#5355,#5356,#5357,#5358,#5359,#5360,#5361,#5362,#5363,#5364,
#5365,#5366,#5367,#5368,#5369,#5370,#5371,#5372,#5373,#5374,#5375,#5376,
#5377,#5378,#5379,#5380,#5381,#5382,#5383,#5384,#5385,#5386,#5387,#5388,
#5389,#5390,#5391,#5392,#5393,#5394,#5395,#5396,#5397,#5398,#5399,#5400,
#5401,#5402,#5403,#5404,#5405,#5406,#5407,#5408,#5409,#5410,#5411,#5412,
#5413,#5414,#5415,#5416,#5417,#5418,#5419,#5420,#5421,#5422,#5423,#5424,
#5425,#5426,#5427,#5428,#5429,#5430,#5431,#5432,#5433,#5434,#5435,#5436,
#5437,#5438,#5439,#5440,#5441,#5442,#5443,#5444,#5445,#5446,#5447,#5448,
#5449,#5450,#5451,#5452,#5453,#5454,#5455,#5456,#5457,#5458,#5459,#5460,
#5461,#5462,#5463,#5464,#5465,#5466,#5467,#5468,#5469,#5470,#5471,#5472,
#5473,#5474,#5475,#5476));
#5478=DERIVED_UNIT_ELEMENT(#5480,1.);
#5479=DERIVED_UNIT_ELEMENT(#10921,3.);
#5480=(
MASS_UNIT()
NAMED_UNIT(*)
SI_UNIT($,.GRAM.)
);
#5481=DERIVED_UNIT((#5478,#5479));
#5482=MEASURE_REPRESENTATION_ITEM('density measure',
POSITIVE_RATIO_MEASURE(8.),#5481);
#5483=PROPERTY_DEFINITION_REPRESENTATION(#5488,#5485);
#5484=PROPERTY_DEFINITION_REPRESENTATION(#5489,#5486);
#5485=REPRESENTATION('material name',(#5487),#10918);
#5486=REPRESENTATION('density',(#5482),#10918);
#5487=DESCRIPTIVE_REPRESENTATION_ITEM('SS 316','SS 316');
#5488=PROPERTY_DEFINITION('material property','material name',#10928);
#5489=PROPERTY_DEFINITION('material property','density of part',#10928);
#5490=DATE_TIME_ROLE('creation_date');
#5491=APPLIED_DATE_AND_TIME_ASSIGNMENT(#5492,#5490,(#10928));
#5492=DATE_AND_TIME(#5493,#5494);
#5493=CALENDAR_DATE(2020,24,3);
#5494=LOCAL_TIME(22,31,20.,#5495);
#5495=COORDINATED_UNIVERSAL_TIME_OFFSET(0,0,.BEHIND.);
#5496=AXIS2_PLACEMENT_3D('placement',#6633,#5734,#5735);
#5497=AXIS2_PLACEMENT_3D('',#6634,#5736,#5737);
#5498=AXIS2_PLACEMENT_3D('',#6645,#5739,#5740);
#5499=AXIS2_PLACEMENT_3D('',#6646,#5741,#5742);
#5500=AXIS2_PLACEMENT_3D('',#6649,#5743,#5744);
#5501=AXIS2_PLACEMENT_3D('',#6650,#5745,#5746);
#5502=AXIS2_PLACEMENT_3D('',#6671,#5749,#5750);
#5503=AXIS2_PLACEMENT_3D('',#6695,#5751,#5752);
#5504=AXIS2_PLACEMENT_3D('',#6807,#5765,#5766);
#5505=AXIS2_PLACEMENT_3D('',#6811,#5769,#5770);
#5506=AXIS2_PLACEMENT_3D('',#6837,#5775,#5776);
#5507=AXIS2_PLACEMENT_3D('',#6841,#5779,#5780);
#5508=AXIS2_PLACEMENT_3D('',#6878,#5786,#5787);
#5509=AXIS2_PLACEMENT_3D('',#6904,#5792,#5793);
#5510=AXIS2_PLACEMENT_3D('',#6908,#5796,#5797);
#5511=AXIS2_PLACEMENT_3D('',#6934,#5802,#5803);
#5512=AXIS2_PLACEMENT_3D('',#6977,#5808,#5809);
#5513=AXIS2_PLACEMENT_3D('',#7161,#5823,#5824);
#5514=AXIS2_PLACEMENT_3D('',#7295,#5834,#5835);
#5515=AXIS2_PLACEMENT_3D('',#7296,#5836,#5837);
#5516=AXIS2_PLACEMENT_3D('',#7350,#5845,#5846);
#5517=AXIS2_PLACEMENT_3D('',#7354,#5849,#5850);
#5518=AXIS2_PLACEMENT_3D('',#7380,#5855,#5856);
#5519=AXIS2_PLACEMENT_3D('',#7406,#5861,#5862);
#5520=AXIS2_PLACEMENT_3D('',#7410,#5865,#5866);
#5521=AXIS2_PLACEMENT_3D('',#7423,#5869,#5870);
#5522=AXIS2_PLACEMENT_3D('',#7454,#5876,#5877);
#5523=AXIS2_PLACEMENT_3D('',#7482,#5882,#5883);
#5524=AXIS2_PLACEMENT_3D('',#7491,#5888,#5889);
#5525=AXIS2_PLACEMENT_3D('',#7519,#5894,#5895);
#5526=AXIS2_PLACEMENT_3D('',#7541,#5900,#5901);
#5527=AXIS2_PLACEMENT_3D('',#7560,#5905,#5906);
#5528=AXIS2_PLACEMENT_3D('',#7588,#5911,#5912);
#5529=AXIS2_PLACEMENT_3D('',#7591,#5915,#5916);
#5530=AXIS2_PLACEMENT_3D('',#7592,#5917,#5918);
#5531=AXIS2_PLACEMENT_3D('',#7634,#5923,#5924);
#5532=AXIS2_PLACEMENT_3D('',#7651,#5929,#5930);
#5533=AXIS2_PLACEMENT_3D('',#7677,#5935,#5936);
#5534=AXIS2_PLACEMENT_3D('',#7681,#5939,#5940);
#5535=AXIS2_PLACEMENT_3D('',#7724,#5946,#5947);
#5536=AXIS2_PLACEMENT_3D('',#7730,#5951,#5952);
#5537=AXIS2_PLACEMENT_3D('',#7736,#5956,#5957);
#5538=AXIS2_PLACEMENT_3D('',#7782,#5963,#5964);
#5539=AXIS2_PLACEMENT_3D('',#7804,#5969,#5970);
#5540=AXIS2_PLACEMENT_3D('',#7842,#5976,#5977);
#5541=AXIS2_PLACEMENT_3D('',#7848,#5981,#5982);
#5542=AXIS2_PLACEMENT_3D('',#7867,#5986,#5987);
#5543=AXIS2_PLACEMENT_3D('',#7868,#5988,#5989);
#5544=AXIS2_PLACEMENT_3D('',#8071,#6000,#6001);
#5545=AXIS2_PLACEMENT_3D('',#8194,#6014,#6015);
#5546=AXIS2_PLACEMENT_3D('',#8268,#6022,#6023);
#5547=AXIS2_PLACEMENT_3D('',#8274,#6027,#6028);
#5548=AXIS2_PLACEMENT_3D('',#8371,#6037,#6038);
#5549=AXIS2_PLACEMENT_3D('',#8418,#6043,#6044);
#5550=AXIS2_PLACEMENT_3D('',#8421,#6047,#6048);
#5551=AXIS2_PLACEMENT_3D('',#8422,#6049,#6050);
#5552=AXIS2_PLACEMENT_3D('',#8486,#6059,#6060);
#5553=AXIS2_PLACEMENT_3D('',#8506,#6065,#6066);
#5554=AXIS2_PLACEMENT_3D('',#8523,#6071,#6072);
#5555=AXIS2_PLACEMENT_3D('',#8538,#6076,#6077);
#5556=AXIS2_PLACEMENT_3D('',#8556,#6081,#6082);
#5557=AXIS2_PLACEMENT_3D('',#8560,#6085,#6086);
#5558=AXIS2_PLACEMENT_3D('',#8576,#6089,#6090);
#5559=AXIS2_PLACEMENT_3D('',#8594,#6094,#6095);
#5560=AXIS2_PLACEMENT_3D('',#8596,#6097,#6098);
#5561=AXIS2_PLACEMENT_3D('',#8637,#6105,#6106);
#5562=AXIS2_PLACEMENT_3D('',#8643,#6110,#6111);
#5563=AXIS2_PLACEMENT_3D('',#8681,#6117,#6118);
#5564=AXIS2_PLACEMENT_3D('',#8735,#6125,#6126);
#5565=AXIS2_PLACEMENT_3D('',#8741,#6130,#6131);
#5566=AXIS2_PLACEMENT_3D('',#8779,#6137,#6138);
#5567=AXIS2_PLACEMENT_3D('',#8785,#6142,#6143);
#5568=AXIS2_PLACEMENT_3D('',#8836,#6149,#6150);
#5569=AXIS2_PLACEMENT_3D('',#8837,#6151,#6152);
#5570=AXIS2_PLACEMENT_3D('',#8900,#6162,#6163);
#5571=AXIS2_PLACEMENT_3D('',#8904,#6166,#6167);
#5572=AXIS2_PLACEMENT_3D('',#8930,#6172,#6173);
#5573=AXIS2_PLACEMENT_3D('',#8945,#6177,#6178);
#5574=AXIS2_PLACEMENT_3D('',#8971,#6183,#6184);
#5575=AXIS2_PLACEMENT_3D('',#8975,#6187,#6188);
#5576=AXIS2_PLACEMENT_3D('',#8979,#6191,#6192);
#5577=AXIS2_PLACEMENT_3D('',#9011,#6197,#6198);
#5578=AXIS2_PLACEMENT_3D('',#9017,#6202,#6203);
#5579=AXIS2_PLACEMENT_3D('',#9055,#6209,#6210);
#5580=AXIS2_PLACEMENT_3D('',#9093,#6216,#6217);
#5581=AXIS2_PLACEMENT_3D('',#9099,#6221,#6222);
#5582=AXIS2_PLACEMENT_3D('',#9118,#6226,#6227);
#5583=AXIS2_PLACEMENT_3D('',#9119,#6228,#6229);
#5584=AXIS2_PLACEMENT_3D('',#9192,#6234,#6235);
#5585=AXIS2_PLACEMENT_3D('',#9226,#6241,#6242);
#5586=AXIS2_PLACEMENT_3D('',#9288,#6250,#6251);
#5587=AXIS2_PLACEMENT_3D('',#9290,#6253,#6254);
#5588=AXIS2_PLACEMENT_3D('',#9355,#6261,#6262);
#5589=AXIS2_PLACEMENT_3D('',#9361,#6266,#6267);
#5590=AXIS2_PLACEMENT_3D('',#9399,#6273,#6274);
#5591=AXIS2_PLACEMENT_3D('',#9421,#6279,#6280);
#5592=AXIS2_PLACEMENT_3D('',#9424,#6283,#6284);
#5593=AXIS2_PLACEMENT_3D('',#9425,#6285,#6286);
#5594=AXIS2_PLACEMENT_3D('',#9428,#6287,#6288);
#5595=AXIS2_PLACEMENT_3D('',#9429,#6289,#6290);
#5596=AXIS2_PLACEMENT_3D('',#9432,#6291,#6292);
#5597=AXIS2_PLACEMENT_3D('',#9433,#6293,#6294);
#5598=AXIS2_PLACEMENT_3D('',#9434,#6295,#6296);
#5599=AXIS2_PLACEMENT_3D('',#9435,#6297,#6298);
#5600=AXIS2_PLACEMENT_3D('',#9436,#6299,#6300);
#5601=AXIS2_PLACEMENT_3D('',#9437,#6301,#6302);
#5602=AXIS2_PLACEMENT_3D('',#9483,#6304,#6305);
#5603=AXIS2_PLACEMENT_3D('',#9558,#6307,#6308);
#5604=AXIS2_PLACEMENT_3D('',#9633,#6310,#6311);
#5605=AXIS2_PLACEMENT_3D('',#9708,#6313,#6314);
#5606=AXIS2_PLACEMENT_3D('',#9783,#6316,#6317);
#5607=AXIS2_PLACEMENT_3D('',#9784,#6318,#6319);
#5608=AXIS2_PLACEMENT_3D('',#9785,#6320,#6321);
#5609=AXIS2_PLACEMENT_3D('',#9788,#6322,#6323);
#5610=AXIS2_PLACEMENT_3D('',#9789,#6324,#6325);
#5611=AXIS2_PLACEMENT_3D('',#9792,#6327,#6328);
#5612=AXIS2_PLACEMENT_3D('',#9793,#6329,#6330);
#5613=AXIS2_PLACEMENT_3D('',#9794,#6331,#6332);
#5614=AXIS2_PLACEMENT_3D('',#9797,#6333,#6334);
#5615=AXIS2_PLACEMENT_3D('',#9798,#6335,#6336);
#5616=AXIS2_PLACEMENT_3D('',#9801,#6338,#6339);
#5617=AXIS2_PLACEMENT_3D('',#9802,#6340,#6341);
#5618=AXIS2_PLACEMENT_3D('',#9803,#6342,#6343);
#5619=AXIS2_PLACEMENT_3D('',#9806,#6344,#6345);
#5620=AXIS2_PLACEMENT_3D('',#9807,#6346,#6347);
#5621=AXIS2_PLACEMENT_3D('',#9810,#6349,#6350);
#5622=AXIS2_PLACEMENT_3D('',#9811,#6351,#6352);
#5623=AXIS2_PLACEMENT_3D('',#9812,#6353,#6354);
#5624=AXIS2_PLACEMENT_3D('',#9815,#6355,#6356);
#5625=AXIS2_PLACEMENT_3D('',#9816,#6357,#6358);
#5626=AXIS2_PLACEMENT_3D('',#9819,#6360,#6361);
#5627=AXIS2_PLACEMENT_3D('',#9820,#6362,#6363);
#5628=AXIS2_PLACEMENT_3D('',#9821,#6364,#6365);
#5629=AXIS2_PLACEMENT_3D('',#9896,#6367,#6368);
#5630=AXIS2_PLACEMENT_3D('',#9899,#6369,#6370);
#5631=AXIS2_PLACEMENT_3D('',#9900,#6371,#6372);
#5632=AXIS2_PLACEMENT_3D('',#9903,#6374,#6375);
#5633=AXIS2_PLACEMENT_3D('',#9904,#6376,#6377);
#5634=AXIS2_PLACEMENT_3D('',#9905,#6378,#6379);
#5635=AXIS2_PLACEMENT_3D('',#9908,#6380,#6381);
#5636=AXIS2_PLACEMENT_3D('',#9909,#6382,#6383);
#5637=AXIS2_PLACEMENT_3D('',#9912,#6385,#6386);
#5638=AXIS2_PLACEMENT_3D('',#9913,#6387,#6388);
#5639=AXIS2_PLACEMENT_3D('',#9915,#6389,#6390);
#5640=AXIS2_PLACEMENT_3D('',#9916,#6391,#6392);
#5641=AXIS2_PLACEMENT_3D('',#9919,#6393,#6394);
#5642=AXIS2_PLACEMENT_3D('',#9920,#6395,#6396);
#5643=AXIS2_PLACEMENT_3D('',#10091,#6399,#6400);
#5644=AXIS2_PLACEMENT_3D('',#10095,#6402,#6403);
#5645=AXIS2_PLACEMENT_3D('',#10096,#6404,#6405);
#5646=AXIS2_PLACEMENT_3D('',#10097,#6406,#6407);
#5647=AXIS2_PLACEMENT_3D('',#10100,#6408,#6409);
#5648=AXIS2_PLACEMENT_3D('',#10144,#6412,#6413);
#5649=AXIS2_PLACEMENT_3D('',#10250,#6414,#6415);
#5650=AXIS2_PLACEMENT_3D('',#10254,#6417,#6418);
#5651=AXIS2_PLACEMENT_3D('',#10255,#6419,#6420);
#5652=AXIS2_PLACEMENT_3D('',#10256,#6421,#6422);
#5653=AXIS2_PLACEMENT_3D('',#10258,#6424,#6425);
#5654=AXIS2_PLACEMENT_3D('',#10262,#6427,#6428);
#5655=AXIS2_PLACEMENT_3D('',#10263,#6429,#6430);
#5656=AXIS2_PLACEMENT_3D('',#10264,#6431,#6432);
#5657=AXIS2_PLACEMENT_3D('',#10266,#6434,#6435);
#5658=AXIS2_PLACEMENT_3D('',#10270,#6437,#6438);
#5659=AXIS2_PLACEMENT_3D('',#10271,#6439,#6440);
#5660=AXIS2_PLACEMENT_3D('',#10272,#6441,#6442);
#5661=AXIS2_PLACEMENT_3D('',#10274,#6444,#6445);
#5662=AXIS2_PLACEMENT_3D('',#10278,#6447,#6448);
#5663=AXIS2_PLACEMENT_3D('',#10279,#6449,#6450);
#5664=AXIS2_PLACEMENT_3D('',#10280,#6451,#6452);
#5665=AXIS2_PLACEMENT_3D('',#10282,#6454,#6455);
#5666=AXIS2_PLACEMENT_3D('',#10284,#6456,#6457);
#5667=AXIS2_PLACEMENT_3D('',#10288,#6459,#6460);
#5668=AXIS2_PLACEMENT_3D('',#10289,#6461,#6462);
#5669=AXIS2_PLACEMENT_3D('',#10290,#6463,#6464);
#5670=AXIS2_PLACEMENT_3D('',#10294,#6466,#6467);
#5671=AXIS2_PLACEMENT_3D('',#10295,#6468,#6469);
#5672=AXIS2_PLACEMENT_3D('',#10296,#6470,#6471);
#5673=AXIS2_PLACEMENT_3D('',#10299,#6472,#6473);
#5674=AXIS2_PLACEMENT_3D('',#10300,#6474,#6475);
#5675=AXIS2_PLACEMENT_3D('',#10301,#6476,#6477);
#5676=AXIS2_PLACEMENT_3D('',#10303,#6478,#6479);
#5677=AXIS2_PLACEMENT_3D('',#10307,#6481,#6482);
#5678=AXIS2_PLACEMENT_3D('',#10308,#6483,#6484);
#5679=AXIS2_PLACEMENT_3D('',#10309,#6485,#6486);
#5680=AXIS2_PLACEMENT_3D('',#10313,#6488,#6489);
#5681=AXIS2_PLACEMENT_3D('',#10314,#6490,#6491);
#5682=AXIS2_PLACEMENT_3D('',#10407,#6496,#6497);
#5683=AXIS2_PLACEMENT_3D('',#10410,#6498,#6499);
#5684=AXIS2_PLACEMENT_3D('',#10411,#6500,#6501);
#5685=AXIS2_PLACEMENT_3D('',#10412,#6502,#6503);
#5686=AXIS2_PLACEMENT_3D('',#10415,#6505,#6506);
#5687=AXIS2_PLACEMENT_3D('',#10418,#6508,#6509);
#5688=AXIS2_PLACEMENT_3D('',#10421,#6511,#6512);
#5689=AXIS2_PLACEMENT_3D('',#10424,#6514,#6515);
#5690=AXIS2_PLACEMENT_3D('',#10427,#6517,#6518);
#5691=AXIS2_PLACEMENT_3D('',#10509,#6522,#6523);
#5692=AXIS2_PLACEMENT_3D('',#10626,#6528,#6529);
#5693=AXIS2_PLACEMENT_3D('',#10647,#6532,#6533);
#5694=AXIS2_PLACEMENT_3D('',#10649,#6535,#6536);
#5695=AXIS2_PLACEMENT_3D('',#10651,#6538,#6539);
#5696=AXIS2_PLACEMENT_3D('',#10653,#6541,#6542);
#5697=AXIS2_PLACEMENT_3D('',#10655,#6544,#6545);
#5698=AXIS2_PLACEMENT_3D('',#10656,#6546,#6547);
#5699=AXIS2_PLACEMENT_3D('',#10664,#6548,#6549);
#5700=AXIS2_PLACEMENT_3D('',#10665,#6550,#6551);
#5701=AXIS2_PLACEMENT_3D('',#10666,#6552,#6553);
#5702=AXIS2_PLACEMENT_3D('',#10676,#6554,#6555);
#5703=AXIS2_PLACEMENT_3D('',#10835,#6560,#6561);
#5704=AXIS2_PLACEMENT_3D('',#10856,#6564,#6565);
#5705=AXIS2_PLACEMENT_3D('',#10858,#6567,#6568);
#5706=AXIS2_PLACEMENT_3D('',#10860,#6570,#6571);
#5707=AXIS2_PLACEMENT_3D('',#10863,#6574,#6575);
#5708=AXIS2_PLACEMENT_3D('',#10867,#6578,#6579);
#5709=AXIS2_PLACEMENT_3D('',#10878,#6580,#6581);
#5710=AXIS2_PLACEMENT_3D('',#10880,#6583,#6584);
#5711=AXIS2_PLACEMENT_3D('',#10883,#6585,#6586);
#5712=AXIS2_PLACEMENT_3D('',#10884,#6587,#6588);
#5713=AXIS2_PLACEMENT_3D('',#10885,#6589,#6590);
#5714=AXIS2_PLACEMENT_3D('',#10887,#6591,#6592);
#5715=AXIS2_PLACEMENT_3D('',#10889,#6593,#6594);
#5716=AXIS2_PLACEMENT_3D('',#10890,#6595,#6596);
#5717=AXIS2_PLACEMENT_3D('',#10891,#6597,#6598);
#5718=AXIS2_PLACEMENT_3D('',#10894,#6599,#6600);
#5719=AXIS2_PLACEMENT_3D('',#10895,#6601,#6602);
#5720=AXIS2_PLACEMENT_3D('',#10897,#6604,#6605);
#5721=AXIS2_PLACEMENT_3D('',#10899,#6606,#6607);
#5722=AXIS2_PLACEMENT_3D('',#10901,#6608,#6609);
#5723=AXIS2_PLACEMENT_3D('',#10902,#6610,#6611);
#5724=AXIS2_PLACEMENT_3D('',#10903,#6612,#6613);
#5725=AXIS2_PLACEMENT_3D('',#10904,#6614,#6615);
#5726=AXIS2_PLACEMENT_3D('',#10905,#6616,#6617);
#5727=AXIS2_PLACEMENT_3D('',#10906,#6618,#6619);
#5728=AXIS2_PLACEMENT_3D('',#10909,#6620,#6621);
#5729=AXIS2_PLACEMENT_3D('',#10910,#6622,#6623);
#5730=AXIS2_PLACEMENT_3D('',#10911,#6624,#6625);
#5731=AXIS2_PLACEMENT_3D('',#10913,#6627,#6628);
#5732=AXIS2_PLACEMENT_3D('',#10914,#6629,#6630);
#5733=AXIS2_PLACEMENT_3D('',#10915,#6631,#6632);
#5734=DIRECTION('axis',(0.,0.,1.));
#5735=DIRECTION('refdir',(1.,0.,0.));
#5736=DIRECTION('center_axis',(0.,0.,-1.));
#5737=DIRECTION('ref_axis',(-1.,0.,0.));
#5738=DIRECTION('',(0.,0.,1.));
#5739=DIRECTION('center_axis',(0.,0.,-1.));
#5740=DIRECTION('ref_axis',(1.,0.,0.));
#5741=DIRECTION('center_axis',(0.,0.,-1.));
#5742=DIRECTION('ref_axis',(-1.,0.,0.));
#5743=DIRECTION('center_axis',(0.,0.,1.));
#5744=DIRECTION('ref_axis',(-1.,0.,0.));
#5745=DIRECTION('center_axis',(0.,0.,1.));
#5746=DIRECTION('ref_axis',(-1.,0.,0.));
#5747=DIRECTION('',(0.,0.,1.));
#5748=DIRECTION('',(0.,0.,1.));
#5749=DIRECTION('center_axis',(0.,0.,-1.));
#5750=DIRECTION('ref_axis',(-1.,0.,0.));
#5751=DIRECTION('center_axis',(0.,0.,1.));
#5752=DIRECTION('ref_axis',(1.,0.,0.));
#5753=DIRECTION('',(0.976275329930385,-0.216532861638406,0.));
#5754=DIRECTION('',(-0.948892097909321,-0.315600675736361,0.));
#5755=DIRECTION('',(0.948474635966649,-0.316853065202046,0.));
#5756=DIRECTION('',(-0.976333907300705,-0.216268586380309,0.));
#5757=DIRECTION('',(0.976067916921722,0.217465908951472,0.));
#5758=DIRECTION('',(-0.948879165149802,0.31563955700231,0.));
#5759=DIRECTION('',(0.948879165149802,0.31563955700231,0.));
#5760=DIRECTION('',(-0.97616330195562,0.217037342213504,0.));
#5761=DIRECTION('',(0.,0.,1.));
#5762=DIRECTION('',(0.,0.,1.));
#5763=DIRECTION('',(0.,0.,1.));
#5764=DIRECTION('',(0.,0.,1.));
#5765=DIRECTION('center_axis',(0.216268586380309,-0.976333907300706,0.));
#5766=DIRECTION('ref_axis',(0.,0.,-1.));
#5767=DIRECTION('',(-0.976333907300705,-0.216268586380309,0.));
#5768=DIRECTION('',(0.,0.,1.));
#5769=DIRECTION('center_axis',(0.316853065202046,0.948474635966649,0.));
#5770=DIRECTION('ref_axis',(0.,0.,1.));
#5771=DIRECTION('',(0.948474635966649,-0.316853065202046,0.));
#5772=DIRECTION('',(0.,0.,1.));
#5773=DIRECTION('',(0.,0.,1.));
#5774=DIRECTION('',(0.,0.,1.));
#5775=DIRECTION('center_axis',(0.315600675736361,-0.948892097909321,0.));
#5776=DIRECTION('ref_axis',(0.,0.,-1.));
#5777=DIRECTION('',(-0.948892097909321,-0.315600675736361,0.));
#5778=DIRECTION('',(0.,0.,1.));
#5779=DIRECTION('center_axis',(0.216532861638406,0.976275329930385,0.));
#5780=DIRECTION('ref_axis',(0.,0.,1.));
#5781=DIRECTION('',(0.976275329930385,-0.216532861638406,0.));
#5782=DIRECTION('',(0.,0.,1.));
#5783=DIRECTION('',(0.,0.,1.));
#5784=DIRECTION('',(0.,0.,1.));
#5785=DIRECTION('',(0.,0.,1.));
#5786=DIRECTION('center_axis',(-0.217037342213504,-0.97616330195562,0.));
#5787=DIRECTION('ref_axis',(0.,0.,-1.));
#5788=DIRECTION('',(-0.97616330195562,0.217037342213504,0.));
#5789=DIRECTION('',(0.,0.,1.));
#5790=DIRECTION('',(0.,0.,1.));
#5791=DIRECTION('',(0.,0.,1.));
#5792=DIRECTION('center_axis',(-0.31563955700231,0.948879165149802,0.));
#5793=DIRECTION('ref_axis',(0.,0.,1.));
#5794=DIRECTION('',(0.948879165149802,0.31563955700231,0.));
#5795=DIRECTION('',(0.,0.,1.));
#5796=DIRECTION('center_axis',(-0.31563955700231,-0.948879165149802,0.));
#5797=DIRECTION('ref_axis',(0.,0.,-1.));
#5798=DIRECTION('',(-0.948879165149802,0.31563955700231,0.));
#5799=DIRECTION('',(0.,0.,1.));
#5800=DIRECTION('',(0.,0.,1.));
#5801=DIRECTION('',(0.,0.,1.));
#5802=DIRECTION('center_axis',(-0.217465908951472,0.976067916921722,0.));
#5803=DIRECTION('ref_axis',(0.,0.,1.));
#5804=DIRECTION('',(0.976067916921722,0.217465908951472,0.));
#5805=DIRECTION('',(0.,0.,1.));
#5806=DIRECTION('',(0.,0.,1.));
#5807=DIRECTION('',(0.,0.,1.));
#5808=DIRECTION('center_axis',(-0.889664059754256,0.45661565980765,0.));
#5809=DIRECTION('ref_axis',(0.,0.,1.));
#5810=DIRECTION('',(0.45661565980765,0.889664059754256,0.));
#5811=DIRECTION('',(0.,0.,1.));
#5812=DIRECTION('',(0.45661565980765,0.889664059754256,0.));
#5813=DIRECTION('',(0.,0.,1.));
#5814=DIRECTION('',(0.,0.,1.));
#5815=DIRECTION('',(0.,0.,1.));
#5816=DIRECTION('',(0.,0.,1.));
#5817=DIRECTION('',(0.,0.,1.));
#5818=DIRECTION('',(0.,0.,1.));
#5819=DIRECTION('',(0.,0.,1.));
#5820=DIRECTION('',(0.,0.,1.));
#5821=DIRECTION('',(0.,0.,1.));
#5822=DIRECTION('',(0.,0.,1.));
#5823=DIRECTION('center_axis',(0.889664059754256,-0.45661565980765,0.));
#5824=DIRECTION('ref_axis',(0.,0.,-1.));
#5825=DIRECTION('',(-0.45661565980765,-0.889664059754256,0.));
#5826=DIRECTION('',(0.,0.,1.));
#5827=DIRECTION('',(-0.45661565980765,-0.889664059754256,0.));
#5828=DIRECTION('',(0.,0.,1.));
#5829=DIRECTION('',(0.,0.,1.));
#5830=DIRECTION('',(0.,0.,1.));
#5831=DIRECTION('',(0.,0.,1.));
#5832=DIRECTION('',(0.,0.,1.));
#5833=DIRECTION('',(0.,0.,1.));
#5834=DIRECTION('center_axis',(0.,0.,1.));
#5835=DIRECTION('ref_axis',(1.,0.,0.));
#5836=DIRECTION('center_axis',(0.,0.,1.));
#5837=DIRECTION('ref_axis',(1.,0.,0.));
#5838=DIRECTION('',(0.,-1.,0.));
#5839=DIRECTION('',(0.,1.,0.));
#5840=DIRECTION('',(1.,0.,0.));
#5841=DIRECTION('',(-1.,0.,0.));
#5842=DIRECTION('',(0.,1.,0.));
#5843=DIRECTION('',(0.,0.,1.));
#5844=DIRECTION('',(0.,0.,1.));
#5845=DIRECTION('center_axis',(0.,1.,0.));
#5846=DIRECTION('ref_axis',(0.,0.,1.));
#5847=DIRECTION('',(1.,0.,0.));
#5848=DIRECTION('',(0.,0.,1.));
#5849=DIRECTION('center_axis',(-1.,0.,0.));
#5850=DIRECTION('ref_axis',(0.,0.,1.));
#5851=DIRECTION('',(0.,1.,0.));
#5852=DIRECTION('',(0.,0.,1.));
#5853=DIRECTION('',(0.,0.,1.));
#5854=DIRECTION('',(0.,0.,1.));
#5855=DIRECTION('center_axis',(1.,0.,0.));
#5856=DIRECTION('ref_axis',(0.,0.,-1.));
#5857=DIRECTION('',(0.,-1.,0.));
#5858=DIRECTION('',(0.,0.,1.));
#5859=DIRECTION('',(0.,0.,1.));
#5860=DIRECTION('',(0.,0.,1.));
#5861=DIRECTION('center_axis',(-1.,0.,0.));
#5862=DIRECTION('ref_axis',(0.,0.,1.));
#5863=DIRECTION('',(0.,1.,0.));
#5864=DIRECTION('',(0.,0.,1.));
#5865=DIRECTION('center_axis',(0.,-1.,0.));
#5866=DIRECTION('ref_axis',(0.,0.,-1.));
#5867=DIRECTION('',(-1.,0.,0.));
#5868=DIRECTION('',(0.,0.,1.));
#5869=DIRECTION('center_axis',(-1.,0.,0.));
#5870=DIRECTION('ref_axis',(0.,0.,1.));
#5871=DIRECTION('',(0.,1.,0.));
#5872=DIRECTION('',(0.,0.,1.));
#5873=DIRECTION('',(0.,1.,0.));
#5874=DIRECTION('',(0.,0.,1.));
#5875=DIRECTION('',(0.,0.,1.));
#5876=DIRECTION('center_axis',(0.,-1.,0.));
#5877=DIRECTION('ref_axis',(0.,0.,-1.));
#5878=DIRECTION('',(-1.,0.,0.));
#5879=DIRECTION('',(0.,0.,1.));
#5880=DIRECTION('',(-1.,0.,0.));
#5881=DIRECTION('',(0.,0.,1.));
#5882=DIRECTION('center_axis',(0.,1.,0.));
#5883=DIRECTION('ref_axis',(0.,0.,1.));
#5884=DIRECTION('',(-1.,0.,0.));
#5885=DIRECTION('',(0.,0.,1.));
#5886=DIRECTION('',(-1.,0.,0.));
#5887=DIRECTION('',(0.,0.,1.));
#5888=DIRECTION('center_axis',(-1.,0.,0.));
#5889=DIRECTION('ref_axis',(0.,0.,1.));
#5890=DIRECTION('',(0.,-1.,0.));
#5891=DIRECTION('',(0.,-1.,0.));
#5892=DIRECTION('',(0.,0.,1.));
#5893=DIRECTION('',(0.,0.,1.));
#5894=DIRECTION('center_axis',(1.,0.,0.));
#5895=DIRECTION('ref_axis',(0.,0.,-1.));
#5896=DIRECTION('',(0.,-1.,0.));
#5897=DIRECTION('',(0.,0.,1.));
#5898=DIRECTION('',(0.,-1.,0.));
#5899=DIRECTION('',(0.,0.,1.));
#5900=DIRECTION('center_axis',(0.,1.,0.));
#5901=DIRECTION('ref_axis',(0.,0.,1.));
#5902=DIRECTION('',(1.,0.,0.));
#5903=DIRECTION('',(0.,0.,1.));
#5904=DIRECTION('',(1.,0.,0.));
#5905=DIRECTION('center_axis',(1.,0.,0.));
#5906=DIRECTION('ref_axis',(0.,0.,-1.));
#5907=DIRECTION('',(0.,1.,0.));
#5908=DIRECTION('',(0.,0.,1.));
#5909=DIRECTION('',(0.,1.,0.));
#5910=DIRECTION('',(0.,0.,1.));
#5911=DIRECTION('center_axis',(0.,-1.,0.));
#5912=DIRECTION('ref_axis',(0.,0.,-1.));
#5913=DIRECTION('',(1.,0.,0.));
#5914=DIRECTION('',(1.,0.,0.));
#5915=DIRECTION('center_axis',(0.,0.,1.));
#5916=DIRECTION('ref_axis',(1.,0.,0.));
#5917=DIRECTION('center_axis',(0.,0.,1.));
#5918=DIRECTION('ref_axis',(1.,0.,0.));
#5919=DIRECTION('',(1.,0.,0.));
#5920=DIRECTION('',(0.,1.,0.));
#5921=DIRECTION('',(0.,-1.,0.));
#5922=DIRECTION('',(-1.,0.,0.));
#5923=DIRECTION('center_axis',(-1.,0.,0.));
#5924=DIRECTION('ref_axis',(0.,0.,1.));
#5925=DIRECTION('',(0.,1.,0.));
#5926=DIRECTION('',(0.,0.,1.));
#5927=DIRECTION('',(0.,0.,1.));
#5928=DIRECTION('',(0.,0.,1.));
#5929=DIRECTION('center_axis',(0.,1.,0.));
#5930=DIRECTION('ref_axis',(0.,0.,1.));
#5931=DIRECTION('',(1.,0.,0.));
#5932=DIRECTION('',(0.,0.,1.));
#5933=DIRECTION('',(0.,0.,1.));
#5934=DIRECTION('',(0.,0.,1.));
#5935=DIRECTION('center_axis',(0.,-1.,0.));
#5936=DIRECTION('ref_axis',(0.,0.,-1.));
#5937=DIRECTION('',(-1.,0.,0.));
#5938=DIRECTION('',(0.,0.,1.));
#5939=DIRECTION('center_axis',(1.,0.,0.));
#5940=DIRECTION('ref_axis',(0.,0.,-1.));
#5941=DIRECTION('',(0.,-1.,0.));
#5942=DIRECTION('',(0.,0.,1.));
#5943=DIRECTION('',(0.,0.,1.));
#5944=DIRECTION('',(0.,0.,1.));
#5945=DIRECTION('',(0.,0.,1.));
#5946=DIRECTION('center_axis',(1.,0.,0.));
#5947=DIRECTION('ref_axis',(0.,0.,-1.));
#5948=DIRECTION('',(0.,-1.,0.));
#5949=DIRECTION('',(0.,0.,1.));
#5950=DIRECTION('',(0.,-1.,0.));
#5951=DIRECTION('center_axis',(0.,-1.,0.));
#5952=DIRECTION('ref_axis',(0.,0.,-1.));
#5953=DIRECTION('',(-1.,0.,0.));
#5954=DIRECTION('',(0.,0.,1.));
#5955=DIRECTION('',(-1.,0.,0.));
#5956=DIRECTION('center_axis',(-1.,2.53967197993829E-15,0.));
#5957=DIRECTION('ref_axis',(0.,0.,1.));
#5958=DIRECTION('',(2.53967197993829E-15,1.,0.));
#5959=DIRECTION('',(0.,0.,1.));
#5960=DIRECTION('',(2.53967197993829E-15,1.,0.));
#5961=DIRECTION('',(0.,0.,1.));
#5962=DIRECTION('',(0.,0.,1.));
#5963=DIRECTION('center_axis',(1.,-2.22147641864672E-15,0.));
#5964=DIRECTION('ref_axis',(0.,0.,-1.));
#5965=DIRECTION('',(-2.22147641864672E-15,-1.,0.));
#5966=DIRECTION('',(0.,0.,1.));
#5967=DIRECTION('',(-2.22147641864672E-15,-1.,0.));
#5968=DIRECTION('',(0.,0.,1.));
#5969=DIRECTION('center_axis',(0.,1.,0.));
#5970=DIRECTION('ref_axis',(0.,0.,1.));
#5971=DIRECTION('',(1.,0.,0.));
#5972=DIRECTION('',(0.,0.,1.));
#5973=DIRECTION('',(1.,0.,0.));
#5974=DIRECTION('',(0.,0.,1.));
#5975=DIRECTION('',(0.,0.,1.));
#5976=DIRECTION('center_axis',(0.,-1.,0.));
#5977=DIRECTION('ref_axis',(0.,0.,-1.));
#5978=DIRECTION('',(-1.,0.,0.));
#5979=DIRECTION('',(0.,0.,1.));
#5980=DIRECTION('',(-1.,0.,0.));
#5981=DIRECTION('center_axis',(-1.,0.,0.));
#5982=DIRECTION('ref_axis',(0.,0.,1.));
#5983=DIRECTION('',(0.,1.,0.));
#5984=DIRECTION('',(0.,0.,1.));
#5985=DIRECTION('',(0.,1.,0.));
#5986=DIRECTION('center_axis',(0.,0.,1.));
#5987=DIRECTION('ref_axis',(1.,0.,0.));
#5988=DIRECTION('center_axis',(0.,0.,1.));
#5989=DIRECTION('ref_axis',(1.,0.,0.));
#5990=DIRECTION('',(-0.45661565980765,-0.889664059754256,0.));
#5991=DIRECTION('',(0.45661565980765,0.889664059754256,0.));
#5992=DIRECTION('',(0.,0.,1.));
#5993=DIRECTION('',(0.,0.,1.));
#5994=DIRECTION('',(0.,0.,1.));
#5995=DIRECTION('',(0.,0.,1.));
#5996=DIRECTION('',(0.,0.,1.));
#5997=DIRECTION('',(0.,0.,1.));
#5998=DIRECTION('',(0.,0.,1.));
#5999=DIRECTION('',(0.,0.,1.));
#6000=DIRECTION('center_axis',(0.889664059754256,-0.45661565980765,0.));
#6001=DIRECTION('ref_axis',(0.,0.,-1.));
#6002=DIRECTION('',(-0.45661565980765,-0.889664059754256,0.));
#6003=DIRECTION('',(0.,0.,1.));
#6004=DIRECTION('',(0.,0.,1.));
#6005=DIRECTION('',(0.,0.,1.));
#6006=DIRECTION('',(0.,0.,1.));
#6007=DIRECTION('',(0.,0.,1.));
#6008=DIRECTION('',(0.,0.,1.));
#6009=DIRECTION('',(0.,0.,1.));
#6010=DIRECTION('',(0.,0.,1.));
#6011=DIRECTION('',(0.,0.,1.));
#6012=DIRECTION('',(0.,0.,1.));
#6013=DIRECTION('',(0.,0.,1.));
#6014=DIRECTION('center_axis',(-0.889664059754256,0.45661565980765,0.));
#6015=DIRECTION('ref_axis',(0.,0.,1.));
#6016=DIRECTION('',(0.45661565980765,0.889664059754256,0.));
#6017=DIRECTION('',(0.,0.,1.));
#6018=DIRECTION('',(0.,0.,1.));
#6019=DIRECTION('',(0.,0.,1.));
#6020=DIRECTION('',(0.,0.,1.));
#6021=DIRECTION('',(0.,0.,1.));
#6022=DIRECTION('center_axis',(0.,1.,0.));
#6023=DIRECTION('ref_axis',(0.,0.,1.));
#6024=DIRECTION('',(1.,0.,0.));
#6025=DIRECTION('',(0.,0.,1.));
#6026=DIRECTION('',(1.,0.,0.));
#6027=DIRECTION('center_axis',(0.,-1.,0.));
#6028=DIRECTION('ref_axis',(0.,0.,-1.));
#6029=DIRECTION('',(1.,0.,0.));
#6030=DIRECTION('',(0.,0.,1.));
#6031=DIRECTION('',(1.,0.,0.));
#6032=DIRECTION('',(0.,0.,1.));
#6033=DIRECTION('',(0.,0.,1.));
#6034=DIRECTION('',(0.,0.,1.));
#6035=DIRECTION('',(0.,0.,1.));
#6036=DIRECTION('',(0.,0.,1.));
#6037=DIRECTION('center_axis',(0.,-1.,0.));
#6038=DIRECTION('ref_axis',(0.,0.,-1.));
#6039=DIRECTION('',(-1.,0.,0.));
#6040=DIRECTION('',(-1.,0.,0.));
#6041=DIRECTION('',(0.,0.,1.));
#6042=DIRECTION('',(0.,0.,1.));
#6043=DIRECTION('center_axis',(0.,1.,0.));
#6044=DIRECTION('ref_axis',(0.,0.,1.));
#6045=DIRECTION('',(-1.,0.,0.));
#6046=DIRECTION('',(-1.,0.,0.));
#6047=DIRECTION('center_axis',(0.,0.,1.));
#6048=DIRECTION('ref_axis',(1.,0.,0.));
#6049=DIRECTION('center_axis',(0.,0.,1.));
#6050=DIRECTION('ref_axis',(1.,0.,0.));
#6051=DIRECTION('',(0.,-1.,0.));
#6052=DIRECTION('',(1.,-2.46767097019777E-16,0.));
#6053=DIRECTION('',(0.,1.,0.));
#6054=DIRECTION('',(-1.,4.44089209850063E-16,0.));
#6055=DIRECTION('',(0.,1.,0.));
#6056=DIRECTION('',(1.,-4.44914654478036E-16,0.));
#6057=DIRECTION('',(0.,-1.,0.));
#6058=DIRECTION('',(-1.,2.7768455233084E-16,0.));
#6059=DIRECTION('center_axis',(-4.44914654478036E-16,-1.,0.));
#6060=DIRECTION('ref_axis',(0.,0.,-1.));
#6061=DIRECTION('',(1.,-4.44914654478036E-16,0.));
#6062=DIRECTION('',(0.,0.,1.));
#6063=DIRECTION('',(0.,0.,1.));
#6064=DIRECTION('',(0.,0.,1.));
#6065=DIRECTION('center_axis',(1.,0.,0.));
#6066=DIRECTION('ref_axis',(0.,0.,-1.));
#6067=DIRECTION('',(0.,1.,0.));
#6068=DIRECTION('',(0.,0.,1.));
#6069=DIRECTION('',(0.,0.,1.));
#6070=DIRECTION('',(0.,0.,1.));
#6071=DIRECTION('center_axis',(2.46767097019777E-16,1.,0.));
#6072=DIRECTION('ref_axis',(0.,0.,1.));
#6073=DIRECTION('',(1.,-2.46767097019777E-16,0.));
#6074=DIRECTION('',(0.,0.,1.));
#6075=DIRECTION('',(0.,0.,1.));
#6076=DIRECTION('center_axis',(1.,0.,0.));
#6077=DIRECTION('ref_axis',(0.,0.,-1.));
#6078=DIRECTION('',(0.,-1.,0.));
#6079=DIRECTION('',(0.,0.,1.));
#6080=DIRECTION('',(0.,0.,1.));
#6081=DIRECTION('center_axis',(-1.,0.,0.));
#6082=DIRECTION('ref_axis',(0.,0.,1.));
#6083=DIRECTION('',(0.,-1.,0.));
#6084=DIRECTION('',(0.,0.,1.));
#6085=DIRECTION('center_axis',(2.7768455233084E-16,1.,0.));
#6086=DIRECTION('ref_axis',(0.,0.,1.));
#6087=DIRECTION('',(-1.,2.7768455233084E-16,0.));
#6088=DIRECTION('',(0.,0.,1.));
#6089=DIRECTION('center_axis',(-4.44089209850063E-16,-1.,0.));
#6090=DIRECTION('ref_axis',(0.,0.,-1.));
#6091=DIRECTION('',(-1.,4.44089209850063E-16,0.));
#6092=DIRECTION('',(0.,0.,1.));
#6093=DIRECTION('',(0.,0.,1.));
#6094=DIRECTION('center_axis',(-1.,0.,0.));
#6095=DIRECTION('ref_axis',(0.,0.,1.));
#6096=DIRECTION('',(0.,1.,0.));
#6097=DIRECTION('center_axis',(-0.217465908951472,0.976067916921722,0.));
#6098=DIRECTION('ref_axis',(0.,0.,1.));
#6099=DIRECTION('',(0.976067916921722,0.217465908951472,0.));
#6100=DIRECTION('',(0.,0.,1.));
#6101=DIRECTION('',(0.976067916921722,0.217465908951472,0.));
#6102=DIRECTION('',(0.,0.,1.));
#6103=DIRECTION('',(0.,0.,1.));
#6104=DIRECTION('',(0.,0.,1.));
#6105=DIRECTION('center_axis',(-0.315639557002308,-0.948879165149803,0.));
#6106=DIRECTION('ref_axis',(0.,0.,-1.));
#6107=DIRECTION('',(-0.948879165149803,0.315639557002308,0.));
#6108=DIRECTION('',(0.,0.,1.));
#6109=DIRECTION('',(-0.948879165149803,0.315639557002308,0.));
#6110=DIRECTION('center_axis',(-0.315639557002311,0.948879165149802,0.));
#6111=DIRECTION('ref_axis',(0.,0.,1.));
#6112=DIRECTION('',(0.948879165149802,0.315639557002311,0.));
#6113=DIRECTION('',(0.,0.,1.));
#6114=DIRECTION('',(0.948879165149802,0.315639557002311,0.));
#6115=DIRECTION('',(0.,0.,1.));
#6116=DIRECTION('',(0.,0.,1.));
#6117=DIRECTION('center_axis',(-0.217037342213506,-0.976163301955619,0.));
#6118=DIRECTION('ref_axis',(0.,0.,-1.));
#6119=DIRECTION('',(-0.976163301955619,0.217037342213506,0.));
#6120=DIRECTION('',(0.,0.,1.));
#6121=DIRECTION('',(-0.976163301955619,0.217037342213506,0.));
#6122=DIRECTION('',(0.,0.,1.));
#6123=DIRECTION('',(0.,0.,1.));
#6124=DIRECTION('',(0.,0.,1.));
#6125=DIRECTION('center_axis',(0.21653286163841,0.976275329930385,0.));
#6126=DIRECTION('ref_axis',(0.,0.,1.));
#6127=DIRECTION('',(0.976275329930385,-0.21653286163841,0.));
#6128=DIRECTION('',(0.,0.,1.));
#6129=DIRECTION('',(0.976275329930385,-0.21653286163841,0.));
#6130=DIRECTION('center_axis',(0.315600675736359,-0.948892097909322,0.));
#6131=DIRECTION('ref_axis',(0.,0.,-1.));
#6132=DIRECTION('',(-0.948892097909322,-0.315600675736359,0.));
#6133=DIRECTION('',(0.,0.,1.));
#6134=DIRECTION('',(-0.948892097909322,-0.315600675736359,0.));
#6135=DIRECTION('',(0.,0.,1.));
#6136=DIRECTION('',(0.,0.,1.));
#6137=DIRECTION('center_axis',(0.316853065202046,0.948474635966649,0.));
#6138=DIRECTION('ref_axis',(0.,0.,1.));
#6139=DIRECTION('',(0.948474635966649,-0.316853065202046,0.));
#6140=DIRECTION('',(0.,0.,1.));
#6141=DIRECTION('',(0.948474635966649,-0.316853065202046,0.));
#6142=DIRECTION('center_axis',(0.216268586380308,-0.976333907300706,0.));
#6143=DIRECTION('ref_axis',(0.,0.,-1.));
#6144=DIRECTION('',(-0.976333907300706,-0.216268586380308,0.));
#6145=DIRECTION('',(0.,0.,1.));
#6146=DIRECTION('',(-0.976333907300706,-0.216268586380308,0.));
#6147=DIRECTION('',(0.,0.,1.));
#6148=DIRECTION('',(0.,0.,1.));
#6149=DIRECTION('center_axis',(0.,0.,1.));
#6150=DIRECTION('ref_axis',(1.,0.,0.));
#6151=DIRECTION('center_axis',(0.,0.,1.));
#6152=DIRECTION('ref_axis',(1.,0.,0.));
#6153=DIRECTION('',(1.,-1.85075322764833E-16,0.));
#6154=DIRECTION('',(-1.,2.46767097019777E-16,0.));
#6155=DIRECTION('',(0.,1.,0.));
#6156=DIRECTION('',(0.,-1.,0.));
#6157=DIRECTION('',(-1.,1.85266318969956E-16,0.));
#6158=DIRECTION('',(0.,1.,0.));
#6159=DIRECTION('',(0.,-1.,0.));
#6160=DIRECTION('',(0.,0.,1.));
#6161=DIRECTION('',(0.,0.,1.));
#6162=DIRECTION('center_axis',(-1.,0.,0.));
#6163=DIRECTION('ref_axis',(0.,0.,1.));
#6164=DIRECTION('',(0.,1.,0.));
#6165=DIRECTION('',(0.,0.,1.));
#6166=DIRECTION('center_axis',(-2.46767097019777E-16,-1.,0.));
#6167=DIRECTION('ref_axis',(0.,0.,-1.));
#6168=DIRECTION('',(-1.,2.46767097019777E-16,0.));
#6169=DIRECTION('',(0.,0.,1.));
#6170=DIRECTION('',(0.,0.,1.));
#6171=DIRECTION('',(0.,0.,1.));
#6172=DIRECTION('center_axis',(1.85075322764833E-16,1.,0.));
#6173=DIRECTION('ref_axis',(0.,0.,1.));
#6174=DIRECTION('',(1.,-1.85075322764833E-16,0.));
#6175=DIRECTION('',(0.,0.,1.));
#6176=DIRECTION('',(0.,0.,1.));
#6177=DIRECTION('center_axis',(1.,0.,0.));
#6178=DIRECTION('ref_axis',(0.,0.,-1.));
#6179=DIRECTION('',(0.,-1.,0.));
#6180=DIRECTION('',(0.,0.,1.));
#6181=DIRECTION('',(0.,0.,1.));
#6182=DIRECTION('',(0.,0.,1.));
#6183=DIRECTION('center_axis',(-1.,0.,0.));
#6184=DIRECTION('ref_axis',(0.,0.,1.));
#6185=DIRECTION('',(0.,1.,0.));
#6186=DIRECTION('',(0.,0.,1.));
#6187=DIRECTION('center_axis',(-1.85266318969956E-16,-1.,0.));
#6188=DIRECTION('ref_axis',(0.,0.,-1.));
#6189=DIRECTION('',(-1.,1.85266318969956E-16,0.));
#6190=DIRECTION('',(0.,0.,1.));
#6191=DIRECTION('center_axis',(1.,0.,0.));
#6192=DIRECTION('ref_axis',(0.,0.,-1.));
#6193=DIRECTION('',(0.,-1.,0.));
#6194=DIRECTION('',(0.,0.,1.));
#6195=DIRECTION('',(0.,0.,1.));
#6196=DIRECTION('',(0.,0.,1.));
#6197=DIRECTION('center_axis',(0.,-1.,0.));
#6198=DIRECTION('ref_axis',(0.,0.,-1.));
#6199=DIRECTION('',(-1.,0.,0.));
#6200=DIRECTION('',(0.,0.,1.));
#6201=DIRECTION('',(-1.,0.,0.));
#6202=DIRECTION('center_axis',(-1.,0.,0.));
#6203=DIRECTION('ref_axis',(0.,0.,1.));
#6204=DIRECTION('',(0.,1.,0.));
#6205=DIRECTION('',(0.,0.,1.));
#6206=DIRECTION('',(0.,1.,0.));
#6207=DIRECTION('',(0.,0.,1.));
#6208=DIRECTION('',(0.,0.,1.));
#6209=DIRECTION('center_axis',(1.,0.,0.));
#6210=DIRECTION('ref_axis',(0.,0.,-1.));
#6211=DIRECTION('',(0.,-1.,0.));
#6212=DIRECTION('',(0.,0.,1.));
#6213=DIRECTION('',(0.,-1.,0.));
#6214=DIRECTION('',(0.,0.,1.));
#6215=DIRECTION('',(0.,0.,1.));
#6216=DIRECTION('center_axis',(-1.,0.,0.));
#6217=DIRECTION('ref_axis',(0.,0.,1.));
#6218=DIRECTION('',(0.,1.,0.));
#6219=DIRECTION('',(0.,0.,1.));
#6220=DIRECTION('',(0.,1.,0.));
#6221=DIRECTION('center_axis',(0.,1.,0.));
#6222=DIRECTION('ref_axis',(0.,0.,1.));
#6223=DIRECTION('',(1.,0.,0.));
#6224=DIRECTION('',(0.,0.,1.));
#6225=DIRECTION('',(1.,0.,0.));
#6226=DIRECTION('center_axis',(0.,0.,1.));
#6227=DIRECTION('ref_axis',(1.,0.,0.));
#6228=DIRECTION('center_axis',(0.,0.,1.));
#6229=DIRECTION('ref_axis',(1.,0.,0.));
#6230=DIRECTION('',(-1.,5.54083528030518E-16,0.));
#6231=DIRECTION('',(1.,-5.54083528030518E-16,0.));
#6232=DIRECTION('',(-1.,5.5536910466168E-16,0.));
#6233=DIRECTION('',(1.,-5.5536910466168E-16,0.));
#6234=DIRECTION('center_axis',(5.5536910466168E-16,1.,0.));
#6235=DIRECTION('ref_axis',(0.,0.,1.));
#6236=DIRECTION('',(-1.,5.5536910466168E-16,0.));
#6237=DIRECTION('',(0.,0.,1.));
#6238=DIRECTION('',(0.,0.,1.));
#6239=DIRECTION('',(0.,0.,1.));
#6240=DIRECTION('',(0.,0.,1.));
#6241=DIRECTION('center_axis',(-5.54083528030518E-16,-1.,0.));
#6242=DIRECTION('ref_axis',(0.,0.,-1.));
#6243=DIRECTION('',(-1.,5.54083528030518E-16,0.));
#6244=DIRECTION('',(0.,0.,1.));
#6245=DIRECTION('',(0.,0.,1.));
#6246=DIRECTION('',(0.,0.,1.));
#6247=DIRECTION('',(0.,0.,1.));
#6248=DIRECTION('',(0.,0.,1.));
#6249=DIRECTION('',(0.,0.,1.));
#6250=DIRECTION('center_axis',(-5.5536910466168E-16,-1.,0.));
#6251=DIRECTION('ref_axis',(0.,0.,-1.));
#6252=DIRECTION('',(1.,-5.5536910466168E-16,0.));
#6253=DIRECTION('center_axis',(5.54083528030518E-16,1.,0.));
#6254=DIRECTION('ref_axis',(0.,0.,1.));
#6255=DIRECTION('',(1.,-5.54083528030518E-16,0.));
#6256=DIRECTION('',(0.,0.,1.));
#6257=DIRECTION('',(0.,0.,1.));
#6258=DIRECTION('',(0.,0.,1.));
#6259=DIRECTION('',(0.,0.,1.));
#6260=DIRECTION('',(0.,0.,1.));
#6261=DIRECTION('center_axis',(1.,0.,0.));
#6262=DIRECTION('ref_axis',(0.,0.,-1.));
#6263=DIRECTION('',(0.,-1.,0.));
#6264=DIRECTION('',(0.,0.,1.));
#6265=DIRECTION('',(0.,-1.,0.));
#6266=DIRECTION('center_axis',(-2.61314502302603E-16,-1.,0.));
#6267=DIRECTION('ref_axis',(0.,0.,-1.));
#6268=DIRECTION('',(-1.,2.61314502302603E-16,0.));
#6269=DIRECTION('',(0.,0.,1.));
#6270=DIRECTION('',(-1.,2.61314502302603E-16,0.));
#6271=DIRECTION('',(0.,0.,1.));
#6272=DIRECTION('',(0.,0.,1.));
#6273=DIRECTION('center_axis',(1.23383548509889E-16,1.,0.));
#6274=DIRECTION('ref_axis',(0.,0.,1.));
#6275=DIRECTION('',(1.,-1.23383548509889E-16,0.));
#6276=DIRECTION('',(0.,0.,1.));
#6277=DIRECTION('',(1.,-1.23383548509889E-16,0.));
#6278=DIRECTION('',(0.,0.,1.));
#6279=DIRECTION('center_axis',(-1.,0.,0.));
#6280=DIRECTION('ref_axis',(0.,0.,1.));
#6281=DIRECTION('',(0.,1.,0.));
#6282=DIRECTION('',(0.,1.,0.));
#6283=DIRECTION('center_axis',(0.,0.,1.));
#6284=DIRECTION('ref_axis',(1.,0.,0.));
#6285=DIRECTION('center_axis',(0.,0.,1.));
#6286=DIRECTION('ref_axis',(1.,0.,0.));
#6287=DIRECTION('center_axis',(0.,0.,-1.));
#6288=DIRECTION('ref_axis',(1.,0.,0.));
#6289=DIRECTION('center_axis',(0.,0.,-1.));
#6290=DIRECTION('ref_axis',(1.,0.,0.));
#6291=DIRECTION('center_axis',(0.,0.,-1.));
#6292=DIRECTION('ref_axis',(1.,0.,0.));
#6293=DIRECTION('center_axis',(0.,0.,-1.));
#6294=DIRECTION('ref_axis',(1.,0.,0.));
#6295=DIRECTION('center_axis',(0.,0.,1.));
#6296=DIRECTION('ref_axis',(1.,0.,0.));
#6297=DIRECTION('center_axis',(0.,0.,1.));
#6298=DIRECTION('ref_axis',(1.,0.,0.));
#6299=DIRECTION('center_axis',(0.,0.,1.));
#6300=DIRECTION('ref_axis',(1.,0.,0.));
#6301=DIRECTION('center_axis',(0.965925826289069,-0.25881904510252,0.));
#6302=DIRECTION('ref_axis',(0.,0.,-1.));
#6303=DIRECTION('',(0.965925826289069,-0.25881904510252,0.));
#6304=DIRECTION('center_axis',(0.707106781186547,0.707106781186548,0.));
#6305=DIRECTION('ref_axis',(0.,0.,-1.));
#6306=DIRECTION('',(0.707106781186547,0.707106781186548,0.));
#6307=DIRECTION('center_axis',(-0.258819045102521,0.965925826289068,0.));
#6308=DIRECTION('ref_axis',(0.,0.,-1.));
#6309=DIRECTION('',(-0.258819045102521,0.965925826289068,0.));
#6310=DIRECTION('center_axis',(-0.965925826289068,0.25881904510252,0.));
#6311=DIRECTION('ref_axis',(0.,0.,-1.));
#6312=DIRECTION('',(-0.965925826289068,0.25881904510252,0.));
#6313=DIRECTION('center_axis',(-0.707106781186547,-0.707106781186548,0.));
#6314=DIRECTION('ref_axis',(0.,0.,-1.));
#6315=DIRECTION('',(-0.707106781186547,-0.707106781186548,0.));
#6316=DIRECTION('center_axis',(0.,0.,-1.));
#6317=DIRECTION('ref_axis',(-1.,0.,0.));
#6318=DIRECTION('center_axis',(0.,0.,-1.));
#6319=DIRECTION('ref_axis',(-1.,0.,0.));
#6320=DIRECTION('center_axis',(0.,0.,-1.));
#6321=DIRECTION('ref_axis',(-1.,0.,0.));
#6322=DIRECTION('center_axis',(0.,0.,1.));
#6323=DIRECTION('ref_axis',(-1.,0.,0.));
#6324=DIRECTION('center_axis',(0.,0.,1.));
#6325=DIRECTION('ref_axis',(-1.,0.,0.));
#6326=DIRECTION('',(0.,0.,1.));
#6327=DIRECTION('center_axis',(0.,0.,-1.));
#6328=DIRECTION('ref_axis',(-1.,0.,0.));
#6329=DIRECTION('center_axis',(0.,0.,-1.));
#6330=DIRECTION('ref_axis',(-1.,0.,0.));
#6331=DIRECTION('center_axis',(0.,0.,-1.));
#6332=DIRECTION('ref_axis',(-1.,0.,0.));
#6333=DIRECTION('center_axis',(0.,0.,1.));
#6334=DIRECTION('ref_axis',(-1.,0.,0.));
#6335=DIRECTION('center_axis',(0.,0.,1.));
#6336=DIRECTION('ref_axis',(-1.,0.,0.));
#6337=DIRECTION('',(0.,0.,1.));
#6338=DIRECTION('center_axis',(0.,0.,-1.));
#6339=DIRECTION('ref_axis',(-1.,0.,0.));
#6340=DIRECTION('center_axis',(0.,0.,-1.));
#6341=DIRECTION('ref_axis',(-1.,0.,0.));
#6342=DIRECTION('center_axis',(0.,0.,-1.));
#6343=DIRECTION('ref_axis',(-1.,0.,0.));
#6344=DIRECTION('center_axis',(0.,0.,1.));
#6345=DIRECTION('ref_axis',(-1.,0.,0.));
#6346=DIRECTION('center_axis',(0.,0.,1.));
#6347=DIRECTION('ref_axis',(-1.,0.,0.));
#6348=DIRECTION('',(0.,0.,1.));
#6349=DIRECTION('center_axis',(0.,0.,-1.));
#6350=DIRECTION('ref_axis',(-1.,0.,0.));
#6351=DIRECTION('center_axis',(0.,0.,-1.));
#6352=DIRECTION('ref_axis',(-1.,0.,0.));
#6353=DIRECTION('center_axis',(0.,0.,-1.));
#6354=DIRECTION('ref_axis',(-1.,0.,0.));
#6355=DIRECTION('center_axis',(0.,0.,1.));
#6356=DIRECTION('ref_axis',(-1.,0.,0.));
#6357=DIRECTION('center_axis',(0.,0.,1.));
#6358=DIRECTION('ref_axis',(-1.,0.,0.));
#6359=DIRECTION('',(0.,0.,1.));
#6360=DIRECTION('center_axis',(0.,0.,-1.));
#6361=DIRECTION('ref_axis',(-1.,0.,0.));
#6362=DIRECTION('center_axis',(0.,0.,-1.));
#6363=DIRECTION('ref_axis',(-1.,0.,0.));
#6364=DIRECTION('center_axis',(0.258819045102521,-0.965925826289068,0.));
#6365=DIRECTION('ref_axis',(0.,0.,-1.));
#6366=DIRECTION('',(0.258819045102521,-0.965925826289068,0.));
#6367=DIRECTION('center_axis',(0.,0.,-1.));
#6368=DIRECTION('ref_axis',(-1.,0.,0.));
#6369=DIRECTION('center_axis',(0.,0.,1.));
#6370=DIRECTION('ref_axis',(-1.,0.,0.));
#6371=DIRECTION('center_axis',(0.,0.,1.));
#6372=DIRECTION('ref_axis',(-1.,0.,0.));
#6373=DIRECTION('',(0.,0.,1.));
#6374=DIRECTION('center_axis',(0.,0.,-1.));
#6375=DIRECTION('ref_axis',(-1.,0.,0.));
#6376=DIRECTION('center_axis',(0.,0.,-1.));
#6377=DIRECTION('ref_axis',(-1.,0.,0.));
#6378=DIRECTION('center_axis',(0.,0.,-1.));
#6379=DIRECTION('ref_axis',(1.,0.,0.));
#6380=DIRECTION('center_axis',(0.,0.,1.));
#6381=DIRECTION('ref_axis',(1.,0.,0.));
#6382=DIRECTION('center_axis',(0.,0.,1.));
#6383=DIRECTION('ref_axis',(1.,0.,0.));
#6384=DIRECTION('',(0.707106781186547,-8.65956056235493E-17,0.707106781186547));
#6385=DIRECTION('center_axis',(0.,0.,-1.));
#6386=DIRECTION('ref_axis',(1.,0.,0.));
#6387=DIRECTION('center_axis',(0.,0.,1.));
#6388=DIRECTION('ref_axis',(1.,0.,0.));
#6389=DIRECTION('center_axis',(0.,0.,1.));
#6390=DIRECTION('ref_axis',(1.,0.,0.));
#6391=DIRECTION('center_axis',(0.,0.,-1.));
#6392=DIRECTION('ref_axis',(-1.,0.,0.));
#6393=DIRECTION('center_axis',(0.,0.,-1.));
#6394=DIRECTION('ref_axis',(1.,0.,0.));
#6395=DIRECTION('center_axis',(0.,0.,-1.));
#6396=DIRECTION('ref_axis',(1.,0.,0.));
#6397=DIRECTION('',(0.,0.,1.));
#6398=DIRECTION('',(0.,0.,1.));
#6399=DIRECTION('center_axis',(0.,0.,1.));
#6400=DIRECTION('ref_axis',(1.,0.,0.));
#6401=DIRECTION('',(0.707106781186547,8.65956056235493E-17,-0.707106781186547));
#6402=DIRECTION('center_axis',(0.,0.,-1.));
#6403=DIRECTION('ref_axis',(1.,0.,0.));
#6404=DIRECTION('center_axis',(0.,0.,-1.));
#6405=DIRECTION('ref_axis',(1.,0.,0.));
#6406=DIRECTION('center_axis',(0.,0.,-1.));
#6407=DIRECTION('ref_axis',(-1.,0.,0.));
#6408=DIRECTION('center_axis',(0.,0.,-1.));
#6409=DIRECTION('ref_axis',(1.,0.,0.));
#6410=DIRECTION('',(0.,0.,1.));
#6411=DIRECTION('',(0.,0.,1.));
#6412=DIRECTION('center_axis',(0.,0.,-1.));
#6413=DIRECTION('ref_axis',(1.,0.,0.));
#6414=DIRECTION('center_axis',(1.,1.83697019872103E-16,0.));
#6415=DIRECTION('ref_axis',(1.83697019872103E-16,-1.,0.));
#6416=DIRECTION('',(-0.707106781186547,-0.707106781186548,8.65956056235493E-17));
#6417=DIRECTION('center_axis',(-1.,-1.83697019872103E-16,0.));
#6418=DIRECTION('ref_axis',(1.83697019872103E-16,-1.,0.));
#6419=DIRECTION('center_axis',(-1.,-1.83697019872103E-16,0.));
#6420=DIRECTION('ref_axis',(1.83697019872103E-16,-1.,0.));
#6421=DIRECTION('center_axis',(-1.,-1.83697019872103E-16,0.));
#6422=DIRECTION('ref_axis',(1.83697019872103E-16,-1.,0.));
#6423=DIRECTION('',(-1.,-1.83697019872103E-16,0.));
#6424=DIRECTION('center_axis',(-1.22464679914735E-16,1.,0.));
#6425=DIRECTION('ref_axis',(1.,1.22464679914735E-16,0.));
#6426=DIRECTION('',(0.707106781186548,-0.707106781186547,8.65956056235493E-17));
#6427=DIRECTION('center_axis',(1.22464679914735E-16,-1.,0.));
#6428=DIRECTION('ref_axis',(1.,1.22464679914735E-16,0.));
#6429=DIRECTION('center_axis',(1.22464679914735E-16,-1.,0.));
#6430=DIRECTION('ref_axis',(1.,1.22464679914735E-16,0.));
#6431=DIRECTION('center_axis',(1.22464679914735E-16,-1.,0.));
#6432=DIRECTION('ref_axis',(1.,1.22464679914735E-16,0.));
#6433=DIRECTION('',(1.22464679914735E-16,-1.,0.));
#6434=DIRECTION('center_axis',(-1.,-6.12323399573677E-17,0.));
#6435=DIRECTION('ref_axis',(-6.12323399573677E-17,1.,0.));
#6436=DIRECTION('',(0.707106781186548,0.707106781186547,8.65956056235493E-17));
#6437=DIRECTION('center_axis',(1.,6.12323399573677E-17,0.));
#6438=DIRECTION('ref_axis',(-6.12323399573677E-17,1.,0.));
#6439=DIRECTION('center_axis',(1.,6.12323399573677E-17,0.));
#6440=DIRECTION('ref_axis',(-6.12323399573677E-17,1.,0.));
#6441=DIRECTION('center_axis',(1.,6.12323399573677E-17,0.));
#6442=DIRECTION('ref_axis',(-6.12323399573677E-17,1.,0.));
#6443=DIRECTION('',(1.,6.12323399573677E-17,0.));
#6444=DIRECTION('center_axis',(0.,-1.,0.));
#6445=DIRECTION('ref_axis',(-1.,0.,0.));
#6446=DIRECTION('',(-0.707106781186547,0.707106781186548,8.65956056235493E-17));
#6447=DIRECTION('center_axis',(0.,1.,0.));
#6448=DIRECTION('ref_axis',(-1.,0.,0.));
#6449=DIRECTION('center_axis',(0.,1.,0.));
#6450=DIRECTION('ref_axis',(-1.,0.,0.));
#6451=DIRECTION('center_axis',(0.,1.,0.));
#6452=DIRECTION('ref_axis',(-1.,0.,0.));
#6453=DIRECTION('',(0.,1.,0.));
#6454=DIRECTION('center_axis',(0.,0.,1.));
#6455=DIRECTION('ref_axis',(1.,0.,0.));
#6456=DIRECTION('center_axis',(0.,0.,1.));
#6457=DIRECTION('ref_axis',(1.,0.,0.));
#6458=DIRECTION('',(-0.342020143325669,4.18853873767699E-17,0.939692620785908));
#6459=DIRECTION('center_axis',(0.,0.,-1.));
#6460=DIRECTION('ref_axis',(1.,0.,0.));
#6461=DIRECTION('center_axis',(0.,0.,-1.));
#6462=DIRECTION('ref_axis',(1.,0.,0.));
#6463=DIRECTION('center_axis',(0.,0.,-1.));
#6464=DIRECTION('ref_axis',(-1.,0.,0.));
#6465=DIRECTION('',(0.,0.,1.));
#6466=DIRECTION('center_axis',(0.,0.,-1.));
#6467=DIRECTION('ref_axis',(1.,0.,0.));
#6468=DIRECTION('center_axis',(0.,0.,-1.));
#6469=DIRECTION('ref_axis',(1.,0.,0.));
#6470=DIRECTION('center_axis',(0.,0.,-1.));
#6471=DIRECTION('ref_axis',(-1.,0.,0.));
#6472=DIRECTION('center_axis',(0.,0.,-1.));
#6473=DIRECTION('ref_axis',(1.,0.,0.));
#6474=DIRECTION('center_axis',(0.,0.,-1.));
#6475=DIRECTION('ref_axis',(1.,0.,0.));
#6476=DIRECTION('center_axis',(0.,0.,1.));
#6477=DIRECTION('ref_axis',(1.,0.,0.));
#6478=DIRECTION('center_axis',(0.,0.,1.));
#6479=DIRECTION('ref_axis',(1.,0.,0.));
#6480=DIRECTION('',(-0.342020143325669,4.18853873767699E-17,0.939692620785908));
#6481=DIRECTION('center_axis',(0.,0.,-1.));
#6482=DIRECTION('ref_axis',(1.,0.,0.));
#6483=DIRECTION('center_axis',(0.,0.,-1.));
#6484=DIRECTION('ref_axis',(1.,0.,0.));
#6485=DIRECTION('center_axis',(0.,0.,-1.));
#6486=DIRECTION('ref_axis',(-1.,0.,0.));
#6487=DIRECTION('',(0.,0.,1.));
#6488=DIRECTION('center_axis',(0.,0.,-1.));
#6489=DIRECTION('ref_axis',(1.,0.,0.));
#6490=DIRECTION('center_axis',(0.,0.,-1.));
#6491=DIRECTION('ref_axis',(1.,0.,0.));
#6492=DIRECTION('',(0.,0.,-1.));
#6493=DIRECTION('',(0.,0.,1.));
#6494=DIRECTION('',(0.,0.,-1.));
#6495=DIRECTION('',(0.,0.,1.));
#6496=DIRECTION('center_axis',(0.,0.,-1.));
#6497=DIRECTION('ref_axis',(-1.,0.,0.));
#6498=DIRECTION('center_axis',(0.,0.,-1.));
#6499=DIRECTION('ref_axis',(1.,0.,0.));
#6500=DIRECTION('center_axis',(0.,0.,-1.));
#6501=DIRECTION('ref_axis',(1.,0.,0.));
#6502=DIRECTION('center_axis',(0.,0.,-1.));
#6503=DIRECTION('ref_axis',(-1.,0.,0.));
#6504=DIRECTION('',(-0.857167300702112,1.04972719113862E-16,0.515038074910054));
#6505=DIRECTION('center_axis',(0.,0.,-1.));
#6506=DIRECTION('ref_axis',(-1.,0.,0.));
#6507=DIRECTION('',(-0.857167300702112,1.04972719113862E-16,0.515038074910054));
#6508=DIRECTION('center_axis',(0.,0.,-1.));
#6509=DIRECTION('ref_axis',(-1.,0.,0.));
#6510=DIRECTION('',(-0.857167300702112,1.04972719113862E-16,0.515038074910054));
#6511=DIRECTION('center_axis',(0.,0.,-1.));
#6512=DIRECTION('ref_axis',(-1.,0.,0.));
#6513=DIRECTION('',(-0.857167300702112,1.04972719113862E-16,0.515038074910054));
#6514=DIRECTION('center_axis',(0.,0.,-1.));
#6515=DIRECTION('ref_axis',(-1.,0.,0.));
#6516=DIRECTION('',(-0.857167300702112,1.04972719113862E-16,0.515038074910054));
#6517=DIRECTION('center_axis',(0.,0.,-1.));
#6518=DIRECTION('ref_axis',(-1.,0.,0.));
#6519=DIRECTION('',(-0.857167300702112,1.04972719113862E-16,0.515038074910054));
#6520=DIRECTION('',(0.499999999999999,0.866025403784439,0.));
#6521=DIRECTION('',(0.500000000000001,-0.866025403784438,0.));
#6522=DIRECTION('center_axis',(1.22464679914735E-16,-1.,0.));
#6523=DIRECTION('ref_axis',(-1.,-1.22464679914735E-16,0.));
#6524=DIRECTION('',(1.22464679914735E-16,-1.,0.));
#6525=DIRECTION('',(1.22464679914735E-16,-1.,0.));
#6526=DIRECTION('',(0.500000000000001,-0.866025403784438,0.));
#6527=DIRECTION('',(0.499999999999999,0.866025403784439,0.));
#6528=DIRECTION('center_axis',(1.22464679914735E-16,-1.,0.));
#6529=DIRECTION('ref_axis',(1.,1.22464679914735E-16,0.));
#6530=DIRECTION('',(1.22464679914735E-16,-1.,0.));
#6531=DIRECTION('',(1.22464679914735E-16,-1.,0.));
#6532=DIRECTION('center_axis',(-0.866025403784438,-0.500000000000001,-4.80740671595891E-16));
#6533=DIRECTION('ref_axis',(0.500000000000001,-0.866025403784438,0.));
#6534=DIRECTION('',(5.55111512312578E-16,6.79815536723446E-32,-1.));
#6535=DIRECTION('center_axis',(0.866025403784439,-0.499999999999999,4.80740671595891E-16));
#6536=DIRECTION('ref_axis',(0.499999999999999,0.866025403784439,0.));
#6537=DIRECTION('',(-5.55111512312578E-16,-6.79815536723446E-32,1.));
#6538=DIRECTION('center_axis',(-1.,-1.22464679914735E-16,-5.55111512312578E-16));
#6539=DIRECTION('ref_axis',(5.55111512312578E-16,6.79815536723446E-32,-1.));
#6540=DIRECTION('',(0.,0.,1.));
#6541=DIRECTION('center_axis',(1.,1.22464679914735E-16,5.55111512312578E-16));
#6542=DIRECTION('ref_axis',(-5.55111512312578E-16,-6.79815536723446E-32,
1.));
#6543=DIRECTION('',(0.,0.,-1.));
#6544=DIRECTION('center_axis',(0.,0.,-1.));
#6545=DIRECTION('ref_axis',(0.423711707421557,0.905797101449275,0.));
#6546=DIRECTION('center_axis',(0.,0.,-1.));
#6547=DIRECTION('ref_axis',(1.,0.,0.));
#6548=DIRECTION('center_axis',(0.,0.,-1.));
#6549=DIRECTION('ref_axis',(1.,0.,0.));
#6550=DIRECTION('center_axis',(0.,0.,-1.));
#6551=DIRECTION('ref_axis',(-1.,0.,0.));
#6552=DIRECTION('center_axis',(0.,0.,-1.));
#6553=DIRECTION('ref_axis',(1.,0.,0.));
#6554=DIRECTION('center_axis',(0.,0.,-1.));
#6555=DIRECTION('ref_axis',(1.,0.,0.));
#6556=DIRECTION('',(-0.5,-0.866025403784439,0.));
#6557=DIRECTION('',(-0.500000000000001,0.866025403784438,0.));
#6558=DIRECTION('',(-0.500000000000001,0.866025403784438,0.));
#6559=DIRECTION('',(-0.5,-0.866025403784439,0.));
#6560=DIRECTION('center_axis',(0.,1.,0.));
#6561=DIRECTION('ref_axis',(-1.,0.,0.));
#6562=DIRECTION('',(0.,1.,0.));
#6563=DIRECTION('',(0.,1.,0.));
#6564=DIRECTION('center_axis',(0.866025403784438,0.500000000000001,-4.80740671595891E-16));
#6565=DIRECTION('ref_axis',(-0.500000000000001,0.866025403784438,0.));
#6566=DIRECTION('',(5.55111512312578E-16,0.,1.));
#6567=DIRECTION('center_axis',(-0.866025403784439,0.5,4.80740671595891E-16));
#6568=DIRECTION('ref_axis',(-0.5,-0.866025403784439,0.));
#6569=DIRECTION('',(-5.55111512312578E-16,0.,-1.));
#6570=DIRECTION('center_axis',(1.,0.,-5.55111512312578E-16));
#6571=DIRECTION('ref_axis',(-5.55111512312578E-16,0.,-1.));
#6572=DIRECTION('',(0.,1.,0.));
#6573=DIRECTION('',(0.,0.,1.));
#6574=DIRECTION('center_axis',(-1.,0.,5.55111512312578E-16));
#6575=DIRECTION('ref_axis',(5.55111512312578E-16,0.,1.));
#6576=DIRECTION('',(0.,0.,-1.));
#6577=DIRECTION('',(0.,1.,0.));
#6578=DIRECTION('center_axis',(0.,1.,0.));
#6579=DIRECTION('ref_axis',(1.,0.,0.));
#6580=DIRECTION('center_axis',(0.,0.,-1.));
#6581=DIRECTION('ref_axis',(-1.,0.,0.));
#6582=DIRECTION('',(0.,0.,1.));
#6583=DIRECTION('center_axis',(0.,0.,-1.));
#6584=DIRECTION('ref_axis',(-1.,0.,0.));
#6585=DIRECTION('center_axis',(0.,0.,-1.));
#6586=DIRECTION('ref_axis',(1.,0.,0.));
#6587=DIRECTION('center_axis',(0.,0.,-1.));
#6588=DIRECTION('ref_axis',(1.,0.,0.));
#6589=DIRECTION('center_axis',(0.,0.,-1.));
#6590=DIRECTION('ref_axis',(-1.,0.,0.));
#6591=DIRECTION('center_axis',(-1.22464679914735E-16,-1.,0.));
#6592=DIRECTION('ref_axis',(1.,-1.22464679914735E-16,0.));
#6593=DIRECTION('center_axis',(0.,0.,-1.));
#6594=DIRECTION('ref_axis',(1.,0.,0.));
#6595=DIRECTION('center_axis',(0.,0.,-1.));
#6596=DIRECTION('ref_axis',(1.,0.,0.));
#6597=DIRECTION('center_axis',(0.,0.,-1.));
#6598=DIRECTION('ref_axis',(-1.,0.,0.));
#6599=DIRECTION('center_axis',(0.,0.,-1.));
#6600=DIRECTION('ref_axis',(1.,0.,0.));
#6601=DIRECTION('center_axis',(0.,0.,-1.));
#6602=DIRECTION('ref_axis',(1.,0.,0.));
#6603=DIRECTION('',(0.,0.,1.));
#6604=DIRECTION('center_axis',(0.,0.,-1.));
#6605=DIRECTION('ref_axis',(-1.,0.,0.));
#6606=DIRECTION('center_axis',(-1.22464679914735E-16,-1.,0.));
#6607=DIRECTION('ref_axis',(1.,-1.22464679914735E-16,0.));
#6608=DIRECTION('center_axis',(0.,0.,-1.));
#6609=DIRECTION('ref_axis',(1.,0.,0.));
#6610=DIRECTION('center_axis',(0.,0.,-1.));
#6611=DIRECTION('ref_axis',(1.,0.,0.));
#6612=DIRECTION('center_axis',(0.,0.,1.));
#6613=DIRECTION('ref_axis',(1.,0.,0.));
#6614=DIRECTION('center_axis',(0.,0.,-1.));
#6615=DIRECTION('ref_axis',(-1.,0.,0.));
#6616=DIRECTION('center_axis',(-1.22464679914735E-16,-1.,0.));
#6617=DIRECTION('ref_axis',(1.,-1.22464679914735E-16,0.));
#6618=DIRECTION('center_axis',(0.,0.,-1.));
#6619=DIRECTION('ref_axis',(-1.,0.,0.));
#6620=DIRECTION('center_axis',(0.,0.,-1.));
#6621=DIRECTION('ref_axis',(1.,0.,0.));
#6622=DIRECTION('center_axis',(0.,0.,-1.));
#6623=DIRECTION('ref_axis',(1.,0.,0.));
#6624=DIRECTION('center_axis',(0.,0.,-1.));
#6625=DIRECTION('ref_axis',(-1.,0.,0.));
#6626=DIRECTION('',(0.,0.,1.));
#6627=DIRECTION('center_axis',(0.,0.,1.));
#6628=DIRECTION('ref_axis',(1.,0.,0.));
#6629=DIRECTION('center_axis',(0.,0.,-1.));
#6630=DIRECTION('ref_axis',(-1.,0.,0.));
#6631=DIRECTION('center_axis',(-1.22464679914735E-16,-1.,0.));
#6632=DIRECTION('ref_axis',(1.,-1.22464679914735E-16,0.));
#6633=CARTESIAN_POINT('',(0.,0.,0.));
#6634=CARTESIAN_POINT('Origin',(0.,0.,8.55));
#6635=CARTESIAN_POINT('',(28.,0.,20.));
#6636=CARTESIAN_POINT('',(28.,-3.42901103761259E-15,22.6));
#6637=CARTESIAN_POINT('',(28.,-3.42901103761259E-15,8.55));
#6638=CARTESIAN_POINT('',(26.4966629547097,-9.05134532898381,22.6));
#6639=CARTESIAN_POINT('Ctrl Pts',(28.,0.,20.));
#6640=CARTESIAN_POINT('Ctrl Pts',(28.,-2.03140188537607,20.6649323504723));
#6641=CARTESIAN_POINT('Ctrl Pts',(27.7661234156078,-4.24281687176765,21.3954671344499));
#6642=CARTESIAN_POINT('Ctrl Pts',(27.0465940648785,-7.30209022322551,22.2164097413107));
#6643=CARTESIAN_POINT('Ctrl Pts',(26.7920240682258,-8.18671321184371,22.4299784473609));
#6644=CARTESIAN_POINT('Ctrl Pts',(26.4966629547097,-9.05134532898382,22.6));
#6645=CARTESIAN_POINT('Origin',(0.,0.,22.6));
#6646=CARTESIAN_POINT('Origin',(35.7392555726955,-9.57630466879328,5.));
#6647=CARTESIAN_POINT('',(34.1182555726955,-9.57630466879328,1.38777878078145E-16));
#6648=CARTESIAN_POINT('',(37.3602555726955,-9.57630466879328,0.));
#6649=CARTESIAN_POINT('Origin',(35.7392555726955,-9.57630466879328,0.));
#6650=CARTESIAN_POINT('Origin',(35.7392555726955,-9.57630466879328,0.));
#6651=CARTESIAN_POINT('',(37.3602555726955,-9.57630466880191,8.0922657718105));
#6652=CARTESIAN_POINT('',(37.3602555726955,-9.57630466879328,5.));
#6653=CARTESIAN_POINT('',(37.3602555726955,-9.57630466880191,9.9077342281895));
#6654=CARTESIAN_POINT('Ctrl Pts',(37.3602555726955,-9.57630466881054,8.0922657718105));
#6655=CARTESIAN_POINT('Ctrl Pts',(37.3602555726967,-9.46237504690994,8.14312865418259));
#6656=CARTESIAN_POINT('Ctrl Pts',(37.3477498944966,-9.35701044707386,8.213917354363));
#6657=CARTESIAN_POINT('Ctrl Pts',(37.3129550303911,-9.17568799132651,8.38005582375327));
#6658=CARTESIAN_POINT('Ctrl Pts',(37.2868332117331,-9.08993603762697,8.48998874573536));
#6659=CARTESIAN_POINT('Ctrl Pts',(37.2447655570982,-8.97215967619728,8.7345667411434));
#6660=CARTESIAN_POINT('Ctrl Pts',(37.2303934592999,-8.94057768090227,8.86969257459499));
#6661=CARTESIAN_POINT('Ctrl Pts',(37.2303934592999,-8.94057768090227,9.13030742540501));
#6662=CARTESIAN_POINT('Ctrl Pts',(37.2447655570982,-8.97215967619728,9.2654332588566));
#6663=CARTESIAN_POINT('Ctrl Pts',(37.2868332117331,-9.08993603762697,9.51001125426464));
#6664=CARTESIAN_POINT('Ctrl Pts',(37.3129550303911,-9.17568799132651,9.61994417624673));
#6665=CARTESIAN_POINT('Ctrl Pts',(37.3477498944966,-9.35701044707385,9.786082645637));
#6666=CARTESIAN_POINT('Ctrl Pts',(37.3602555726967,-9.46237504690994,9.85687134581742));
#6667=CARTESIAN_POINT('Ctrl Pts',(37.3602555726955,-9.57630466881054,9.9077342281895));
#6668=CARTESIAN_POINT('',(37.3602555726955,-9.57630466879328,10.));
#6669=CARTESIAN_POINT('',(37.3602555726955,-9.57630466879328,5.));
#6670=CARTESIAN_POINT('',(37.3050213371101,-9.99585034090445,10.));
#6671=CARTESIAN_POINT('Origin',(35.7392555726955,-9.57630466879328,10.));
#6672=CARTESIAN_POINT('Ctrl Pts',(37.3050213371101,-9.99585034090444,10.));
#6673=CARTESIAN_POINT('Ctrl Pts',(37.2715449767552,-10.1207858186017,10.));
#6674=CARTESIAN_POINT('Ctrl Pts',(37.2202033152461,-10.2474375418035,9.97341093913773));
#6675=CARTESIAN_POINT('Ctrl Pts',(37.0982372951487,-10.4689379655807,9.87013744174444));
#6676=CARTESIAN_POINT('Ctrl Pts',(37.0280885774924,-10.5641279222051,9.79362409769189));
#6677=CARTESIAN_POINT('Ctrl Pts',(36.9018109422483,-10.710098617507,9.61994417624673));
#6678=CARTESIAN_POINT('Ctrl Pts',(36.8363128068477,-10.7713010785059,9.51001125426463));
#6679=CARTESIAN_POINT('Ctrl Pts',(36.7409929685414,-10.8522645721519,9.26543325885659));
#6680=CARTESIAN_POINT('Ctrl Pts',(36.7127553690949,-10.8724293334804,9.13030742540501));
#6681=CARTESIAN_POINT('Ctrl Pts',(36.7127553690949,-10.8724293334804,9.));
#6682=CARTESIAN_POINT('Ctrl Pts',(36.7127553690949,-10.8724293334804,8.86969257459499));
#6683=CARTESIAN_POINT('Ctrl Pts',(36.7409929685414,-10.8522645721519,8.73456674114341));
#6684=CARTESIAN_POINT('Ctrl Pts',(36.8363128068477,-10.7713010785059,8.48998874573537));
#6685=CARTESIAN_POINT('Ctrl Pts',(36.9018109422483,-10.710098617507,8.38005582375327));
#6686=CARTESIAN_POINT('Ctrl Pts',(37.0280885774924,-10.5641279222051,8.20637590230811));
#6687=CARTESIAN_POINT('Ctrl Pts',(37.0982372951487,-10.4689379655807,8.12986255825557));
#6688=CARTESIAN_POINT('Ctrl Pts',(37.2202033152461,-10.2474375418035,8.02658906086227));
#6689=CARTESIAN_POINT('Ctrl Pts',(37.2715449767552,-10.1207858186017,8.));
#6690=CARTESIAN_POINT('Ctrl Pts',(37.3384976974651,-9.87091486320721,8.));
#6691=CARTESIAN_POINT('Ctrl Pts',(37.3573603759266,-9.73556042272681,8.02658906086227));
#6692=CARTESIAN_POINT('Ctrl Pts',(37.3601459912773,-9.598138167288,8.08272682831789));
#6693=CARTESIAN_POINT('Ctrl Pts',(37.3602555726954,-9.58718387585909,8.08740884505888));
#6694=CARTESIAN_POINT('Ctrl Pts',(37.3602555726955,-9.57630466881054,8.0922657718105));
#6695=CARTESIAN_POINT('Origin',(-32.1,0.,37.8));
#6696=CARTESIAN_POINT('',(-12.6948051948052,-14.7495364236035,37.8));
#6697=CARTESIAN_POINT('',(-12.5,-14.995362026572,37.8));
#6698=CARTESIAN_POINT('Ctrl Pts',(-12.6948051948052,-14.7495364236035,37.8));
#6699=CARTESIAN_POINT('Ctrl Pts',(-12.5649350649351,-14.7804578830964,37.8));
#6700=CARTESIAN_POINT('Ctrl Pts',(-12.5,-14.8623997507526,37.8));
#6701=CARTESIAN_POINT('Ctrl Pts',(-12.5,-14.995362026572,37.8));
#6702=CARTESIAN_POINT('',(-16.3126159554731,-13.9471245497631,37.8));
#6703=CARTESIAN_POINT('',(-25.3103815586614,-11.9514662813636,37.8));
#6704=CARTESIAN_POINT('',(-14.2068645640074,-13.2467534922492,37.8));
#6705=CARTESIAN_POINT('',(-20.2788110874578,-15.2662775562162,37.8));
#6706=CARTESIAN_POINT('',(-14.0027829313544,-12.9962896703568,37.8));
#6707=CARTESIAN_POINT('Ctrl Pts',(-14.0027829313544,-12.9962896703568,37.8));
#6708=CARTESIAN_POINT('Ctrl Pts',(-14.0027829313544,-13.1168833623791,37.8));
#6709=CARTESIAN_POINT('Ctrl Pts',(-14.0708101422387,-13.2003713030099,37.8));
#6710=CARTESIAN_POINT('Ctrl Pts',(-14.2068645640074,-13.2467534922492,37.8));
#6711=CARTESIAN_POINT('',(-14.2068645640074,-12.7504640673883,37.8));
#6712=CARTESIAN_POINT('Ctrl Pts',(-14.2068645640074,-12.7504640673883,37.8));
#6713=CARTESIAN_POINT('Ctrl Pts',(-14.0708101422387,-12.7937541106784,37.8));
#6714=CARTESIAN_POINT('Ctrl Pts',(-14.0027829313544,-12.8756959783345,37.8));
#6715=CARTESIAN_POINT('Ctrl Pts',(-14.0027829313544,-12.9962896703568,37.8));
#6716=CARTESIAN_POINT('',(-16.317254174397,-12.0454547909505,37.8));
#6717=CARTESIAN_POINT('',(-25.2263586503379,-9.0692264825043,37.8));
#6718=CARTESIAN_POINT('',(-12.6948051948052,-11.24304291711,37.8));
#6719=CARTESIAN_POINT('',(-20.7566054815044,-13.028819421078,37.8));
#6720=CARTESIAN_POINT('',(-12.5,-10.9972173141416,37.8));
#6721=CARTESIAN_POINT('Ctrl Pts',(-12.5,-10.9972173141416,37.8));
#6722=CARTESIAN_POINT('Ctrl Pts',(-12.5,-11.130179589961,37.8));
#6723=CARTESIAN_POINT('Ctrl Pts',(-12.5649350649351,-11.2121214576172,37.8));
#6724=CARTESIAN_POINT('Ctrl Pts',(-12.6948051948052,-11.24304291711,37.8));
#6725=CARTESIAN_POINT('',(-12.7504638218924,-10.7467534922492,37.8));
#6726=CARTESIAN_POINT('Ctrl Pts',(-12.7504638218924,-10.7467534922492,37.8));
#6727=CARTESIAN_POINT('Ctrl Pts',(-12.5834879406308,-10.7467534922492,37.8));
#6728=CARTESIAN_POINT('Ctrl Pts',(-12.5,-10.83024143288,37.8));
#6729=CARTESIAN_POINT('Ctrl Pts',(-12.5,-10.9972173141416,37.8));
#6730=CARTESIAN_POINT('',(-12.8061224489796,-10.7513917111731,37.8));
#6731=CARTESIAN_POINT('Ctrl Pts',(-12.8061224489796,-10.7513917111731,37.8));
#6732=CARTESIAN_POINT('Ctrl Pts',(-12.7844774273346,-10.7482995652238,37.8));
#6733=CARTESIAN_POINT('Ctrl Pts',(-12.7659245516388,-10.7467534922492,37.8));
#6734=CARTESIAN_POINT('Ctrl Pts',(-12.7504638218924,-10.7467534922492,37.8));
#6735=CARTESIAN_POINT('',(-17.2820037105751,-11.7486087798188,37.8));
#6736=CARTESIAN_POINT('',(-23.0937311585401,-13.0434496101944,37.8));
#6737=CARTESIAN_POINT('',(-17.5,-11.9944343827872,37.8));
#6738=CARTESIAN_POINT('Ctrl Pts',(-17.5,-11.9944343827872,37.8));
#6739=CARTESIAN_POINT('Ctrl Pts',(-17.5,-11.8645642529171,37.8));
#6740=CARTESIAN_POINT('Ctrl Pts',(-17.4273345701917,-11.7826223852609,37.8));
#6741=CARTESIAN_POINT('Ctrl Pts',(-17.2820037105751,-11.7486087798188,37.8));
#6742=CARTESIAN_POINT('',(-17.2820037105751,-12.2495364236035,37.8));
#6743=CARTESIAN_POINT('Ctrl Pts',(-17.2820037105751,-12.2495364236035,37.8));
#6744=CARTESIAN_POINT('Ctrl Pts',(-17.4273345701917,-12.2000620884149,37.8));
#6745=CARTESIAN_POINT('Ctrl Pts',(-17.5,-12.1150280748095,37.8));
#6746=CARTESIAN_POINT('Ctrl Pts',(-17.5,-11.9944343827872,37.8));
#6747=CARTESIAN_POINT('',(-15.0371057513915,-12.9962896703568,37.8));
#6748=CARTESIAN_POINT('',(-24.664798113466,-9.79368952512126,37.8));
#6749=CARTESIAN_POINT('',(-17.2820037105751,-13.74304291711,37.8));
#6750=CARTESIAN_POINT('',(-21.8948089595069,-15.2774678036349,37.8));
#6751=CARTESIAN_POINT('',(-17.5,-13.9935067390024,37.8));
#6752=CARTESIAN_POINT('Ctrl Pts',(-17.5,-13.9935067390024,37.8));
#6753=CARTESIAN_POINT('Ctrl Pts',(-17.5,-13.8760051929295,37.8));
#6754=CARTESIAN_POINT('Ctrl Pts',(-17.4273345701917,-13.7925172522987,37.8));
#6755=CARTESIAN_POINT('Ctrl Pts',(-17.2820037105751,-13.74304291711,37.8));
#6756=CARTESIAN_POINT('',(-17.291280148423,-14.2393323419709,37.8));
#6757=CARTESIAN_POINT('Ctrl Pts',(-17.291280148423,-14.2393323419709,37.8));
#6758=CARTESIAN_POINT('Ctrl Pts',(-17.430426716141,-14.2115030284273,37.8));
#6759=CARTESIAN_POINT('Ctrl Pts',(-17.5,-14.1295611607711,37.8));
#6760=CARTESIAN_POINT('Ctrl Pts',(-17.5,-13.9935067390024,37.8));
#6761=CARTESIAN_POINT('',(-12.8061224489796,-15.2365494106165,37.8));
#6762=CARTESIAN_POINT('',(-23.6126774713885,-12.8338510343829,37.8));
#6763=CARTESIAN_POINT('',(-12.7504638218924,-15.2458258484644,37.8));
#6764=CARTESIAN_POINT('Ctrl Pts',(-12.7504638218924,-15.2458258484644,37.8));
#6765=CARTESIAN_POINT('Ctrl Pts',(-12.7659245516388,-15.2458258484644,37.8));
#6766=CARTESIAN_POINT('Ctrl Pts',(-12.7844774273346,-15.2427337025151,37.8));
#6767=CARTESIAN_POINT('Ctrl Pts',(-12.8061224489796,-15.2365494106165,37.8));
#6768=CARTESIAN_POINT('Ctrl Pts',(-12.5,-14.995362026572,37.8));
#6769=CARTESIAN_POINT('Ctrl Pts',(-12.5,-15.1623379078336,37.8));
#6770=CARTESIAN_POINT('Ctrl Pts',(-12.5834879406308,-15.2458258484644,37.8));
#6771=CARTESIAN_POINT('Ctrl Pts',(-12.7504638218924,-15.2458258484644,37.8));
#6772=CARTESIAN_POINT('Ctrl Pts',(-12.7504638218924,-10.7467534922492,-96.7369151290948));
#6773=CARTESIAN_POINT('Ctrl Pts',(-12.7504638218924,-10.7467534922492,172.736915129095));
#6774=CARTESIAN_POINT('Ctrl Pts',(-12.7736549165121,-10.7467534922492,-96.7369151290948));
#6775=CARTESIAN_POINT('Ctrl Pts',(-12.7736549165121,-10.7467534922492,172.736915129095));
#6776=CARTESIAN_POINT('Ctrl Pts',(-12.8061224489796,-10.7513917111731,-96.7369151290948));
#6777=CARTESIAN_POINT('Ctrl Pts',(-12.8061224489796,-10.7513917111731,172.736915129095));
#6778=CARTESIAN_POINT('',(-12.8061224489796,-10.7513917111731,38.));
#6779=CARTESIAN_POINT('',(-12.7504638218924,-10.7467534922492,38.));
#6780=CARTESIAN_POINT('Ctrl Pts',(-12.8061224489796,-10.7513917111731,38.));
#6781=CARTESIAN_POINT('Ctrl Pts',(-12.7736549165121,-10.7467534922492,38.));
#6782=CARTESIAN_POINT('Ctrl Pts',(-12.7504638218924,-10.7467534922492,38.));
#6783=CARTESIAN_POINT('',(-12.8061224489796,-10.7513917111731,-96.7369151290948));
#6784=CARTESIAN_POINT('',(-12.7504638218924,-10.7467534922492,-96.7369151290948));
#6785=CARTESIAN_POINT('Ctrl Pts',(-12.5,-10.9972173141416,-96.7369151290948));
#6786=CARTESIAN_POINT('Ctrl Pts',(-12.5,-10.9972173141416,172.736915129095));
#6787=CARTESIAN_POINT('Ctrl Pts',(-12.5,-10.7467534922492,-96.7369151290948));
#6788=CARTESIAN_POINT('Ctrl Pts',(-12.5,-10.7467534922492,172.736915129095));
#6789=CARTESIAN_POINT('Ctrl Pts',(-12.7504638218924,-10.7467534922492,-96.7369151290948));
#6790=CARTESIAN_POINT('Ctrl Pts',(-12.7504638218924,-10.7467534922492,172.736915129095));
#6791=CARTESIAN_POINT('',(-12.5,-10.9972173141416,38.));
#6792=CARTESIAN_POINT('Ctrl Pts',(-12.7504638218924,-10.7467534922492,38.));
#6793=CARTESIAN_POINT('Ctrl Pts',(-12.5,-10.7467534922492,38.));
#6794=CARTESIAN_POINT('Ctrl Pts',(-12.5,-10.9972173141416,38.));
#6795=CARTESIAN_POINT('',(-12.5,-10.9972173141416,-96.7369151290948));
#6796=CARTESIAN_POINT('Ctrl Pts',(-12.6948051948052,-11.24304291711,-96.7369151290948));
#6797=CARTESIAN_POINT('Ctrl Pts',(-12.6948051948052,-11.24304291711,172.736915129095));
#6798=CARTESIAN_POINT('Ctrl Pts',(-12.5,-11.1966607278707,-96.7369151290948));
#6799=CARTESIAN_POINT('Ctrl Pts',(-12.5,-11.1966607278707,172.736915129095));
#6800=CARTESIAN_POINT('Ctrl Pts',(-12.5,-10.9972173141416,-96.7369151290948));
#6801=CARTESIAN_POINT('Ctrl Pts',(-12.5,-10.9972173141416,172.736915129095));
#6802=CARTESIAN_POINT('',(-12.6948051948052,-11.24304291711,38.));
#6803=CARTESIAN_POINT('Ctrl Pts',(-12.5,-10.9972173141416,38.));
#6804=CARTESIAN_POINT('Ctrl Pts',(-12.5,-11.1966607278707,38.));
#6805=CARTESIAN_POINT('Ctrl Pts',(-12.6948051948052,-11.24304291711,38.));
#6806=CARTESIAN_POINT('',(-12.6948051948052,-11.24304291711,-96.7369151290948));
#6807=CARTESIAN_POINT('Origin',(-12.6948051948052,-11.24304291711,-96.7369151290948));
#6808=CARTESIAN_POINT('',(-16.317254174397,-12.0454547909505,38.));
#6809=CARTESIAN_POINT('',(-20.7566054815044,-13.028819421078,38.));
#6810=CARTESIAN_POINT('',(-16.317254174397,-12.0454547909505,-96.7369151290948));
#6811=CARTESIAN_POINT('Origin',(-16.317254174397,-12.0454547909505,-96.7369151290948));
#6812=CARTESIAN_POINT('',(-14.2068645640074,-12.7504640673883,38.));
#6813=CARTESIAN_POINT('',(-25.2263586503379,-9.0692264825043,38.));
#6814=CARTESIAN_POINT('',(-14.2068645640074,-12.7504640673883,-96.7369151290948));
#6815=CARTESIAN_POINT('Ctrl Pts',(-14.0027829313544,-12.9962896703568,-96.7369151290948));
#6816=CARTESIAN_POINT('Ctrl Pts',(-14.0027829313544,-12.9962896703568,172.736915129095));
#6817=CARTESIAN_POINT('Ctrl Pts',(-14.0027829313544,-12.8153991323234,-96.7369151290948));
#6818=CARTESIAN_POINT('Ctrl Pts',(-14.0027829313544,-12.8153991323234,172.736915129095));
#6819=CARTESIAN_POINT('Ctrl Pts',(-14.2068645640074,-12.7504640673883,-96.7369151290948));
#6820=CARTESIAN_POINT('Ctrl Pts',(-14.2068645640074,-12.7504640673883,172.736915129095));
#6821=CARTESIAN_POINT('',(-14.0027829313544,-12.9962896703568,38.));
#6822=CARTESIAN_POINT('Ctrl Pts',(-14.2068645640074,-12.7504640673883,38.));
#6823=CARTESIAN_POINT('Ctrl Pts',(-14.0027829313544,-12.8153991323234,38.));
#6824=CARTESIAN_POINT('Ctrl Pts',(-14.0027829313544,-12.9962896703568,38.));
#6825=CARTESIAN_POINT('',(-14.0027829313544,-12.9962896703568,-96.7369151290948));
#6826=CARTESIAN_POINT('Ctrl Pts',(-14.2068645640074,-13.2467534922492,-96.7369151290948));
#6827=CARTESIAN_POINT('Ctrl Pts',(-14.2068645640074,-13.2467534922492,172.736915129095));
#6828=CARTESIAN_POINT('Ctrl Pts',(-14.0027829313544,-13.1771802083902,-96.7369151290948));
#6829=CARTESIAN_POINT('Ctrl Pts',(-14.0027829313544,-13.1771802083902,172.736915129095));
#6830=CARTESIAN_POINT('Ctrl Pts',(-14.0027829313544,-12.9962896703568,-96.7369151290948));
#6831=CARTESIAN_POINT('Ctrl Pts',(-14.0027829313544,-12.9962896703568,172.736915129095));
#6832=CARTESIAN_POINT('',(-14.2068645640074,-13.2467534922492,38.));
#6833=CARTESIAN_POINT('Ctrl Pts',(-14.0027829313544,-12.9962896703568,38.));
#6834=CARTESIAN_POINT('Ctrl Pts',(-14.0027829313544,-13.1771802083902,38.));
#6835=CARTESIAN_POINT('Ctrl Pts',(-14.2068645640074,-13.2467534922492,38.));
#6836=CARTESIAN_POINT('',(-14.2068645640074,-13.2467534922492,-96.7369151290948));
#6837=CARTESIAN_POINT('Origin',(-14.2068645640074,-13.2467534922492,-96.7369151290948));
#6838=CARTESIAN_POINT('',(-16.3126159554731,-13.9471245497631,38.));
#6839=CARTESIAN_POINT('',(-20.2788110874578,-15.2662775562162,38.));
#6840=CARTESIAN_POINT('',(-16.3126159554731,-13.9471245497631,-96.7369151290948));
#6841=CARTESIAN_POINT('Origin',(-16.3126159554731,-13.9471245497631,-96.7369151290948));
#6842=CARTESIAN_POINT('',(-12.6948051948052,-14.7495364236035,38.));
#6843=CARTESIAN_POINT('',(-25.3103815586614,-11.9514662813636,38.));
#6844=CARTESIAN_POINT('',(-12.6948051948052,-14.7495364236035,-96.7369151290948));
#6845=CARTESIAN_POINT('Ctrl Pts',(-12.5,-14.995362026572,-96.7369151290948));
#6846=CARTESIAN_POINT('Ctrl Pts',(-12.5,-14.995362026572,172.736915129095));
#6847=CARTESIAN_POINT('Ctrl Pts',(-12.5,-14.7959186128429,-96.7369151290948));
#6848=CARTESIAN_POINT('Ctrl Pts',(-12.5,-14.7959186128429,172.736915129095));
#6849=CARTESIAN_POINT('Ctrl Pts',(-12.6948051948052,-14.7495364236035,-96.7369151290948));
#6850=CARTESIAN_POINT('Ctrl Pts',(-12.6948051948052,-14.7495364236035,172.736915129095));
#6851=CARTESIAN_POINT('',(-12.5,-14.995362026572,38.));
#6852=CARTESIAN_POINT('Ctrl Pts',(-12.6948051948052,-14.7495364236035,38.));
#6853=CARTESIAN_POINT('Ctrl Pts',(-12.5,-14.7959186128429,38.));
#6854=CARTESIAN_POINT('Ctrl Pts',(-12.5,-14.995362026572,38.));
#6855=CARTESIAN_POINT('',(-12.5,-14.995362026572,-96.7369151290948));
#6856=CARTESIAN_POINT('Ctrl Pts',(-12.7504638218924,-15.2458258484644,-96.7369151290948));
#6857=CARTESIAN_POINT('Ctrl Pts',(-12.7504638218924,-15.2458258484644,172.736915129095));
#6858=CARTESIAN_POINT('Ctrl Pts',(-12.5,-15.2458258484644,-96.7369151290948));
#6859=CARTESIAN_POINT('Ctrl Pts',(-12.5,-15.2458258484644,172.736915129095));
#6860=CARTESIAN_POINT('Ctrl Pts',(-12.5,-14.995362026572,-96.7369151290948));
#6861=CARTESIAN_POINT('Ctrl Pts',(-12.5,-14.995362026572,172.736915129095));
#6862=CARTESIAN_POINT('',(-12.7504638218924,-15.2458258484644,38.));
#6863=CARTESIAN_POINT('Ctrl Pts',(-12.5,-14.995362026572,38.));
#6864=CARTESIAN_POINT('Ctrl Pts',(-12.5,-15.2458258484644,38.));
#6865=CARTESIAN_POINT('Ctrl Pts',(-12.7504638218924,-15.2458258484644,38.));
#6866=CARTESIAN_POINT('',(-12.7504638218924,-15.2458258484644,-96.7369151290948));
#6867=CARTESIAN_POINT('Ctrl Pts',(-12.8061224489796,-15.2365494106165,-96.7369151290948));
#6868=CARTESIAN_POINT('Ctrl Pts',(-12.8061224489796,-15.2365494106165,172.736915129095));
#6869=CARTESIAN_POINT('Ctrl Pts',(-12.7736549165121,-15.2458258484644,-96.7369151290948));
#6870=CARTESIAN_POINT('Ctrl Pts',(-12.7736549165121,-15.2458258484644,172.736915129095));
#6871=CARTESIAN_POINT('Ctrl Pts',(-12.7504638218924,-15.2458258484644,-96.7369151290948));
#6872=CARTESIAN_POINT('Ctrl Pts',(-12.7504638218924,-15.2458258484644,172.736915129095));
#6873=CARTESIAN_POINT('',(-12.8061224489796,-15.2365494106165,38.));
#6874=CARTESIAN_POINT('Ctrl Pts',(-12.7504638218924,-15.2458258484644,38.));
#6875=CARTESIAN_POINT('Ctrl Pts',(-12.7736549165121,-15.2458258484644,38.));
#6876=CARTESIAN_POINT('Ctrl Pts',(-12.8061224489796,-15.2365494106165,38.));
#6877=CARTESIAN_POINT('',(-12.8061224489796,-15.2365494106165,-96.7369151290948));
#6878=CARTESIAN_POINT('Origin',(-12.8061224489796,-15.2365494106165,-96.7369151290948));
#6879=CARTESIAN_POINT('',(-17.291280148423,-14.2393323419709,38.));
#6880=CARTESIAN_POINT('',(-23.6126774713885,-12.8338510343829,38.));
#6881=CARTESIAN_POINT('',(-17.291280148423,-14.2393323419709,-96.7369151290948));
#6882=CARTESIAN_POINT('Ctrl Pts',(-17.5,-13.9935067390024,-96.7369151290948));
#6883=CARTESIAN_POINT('Ctrl Pts',(-17.5,-13.9935067390024,172.736915129095));
#6884=CARTESIAN_POINT('Ctrl Pts',(-17.5,-14.1975883716555,-96.7369151290948));
#6885=CARTESIAN_POINT('Ctrl Pts',(-17.5,-14.1975883716555,172.736915129095));
#6886=CARTESIAN_POINT('Ctrl Pts',(-17.291280148423,-14.2393323419709,-96.7369151290948));
#6887=CARTESIAN_POINT('Ctrl Pts',(-17.291280148423,-14.2393323419709,172.736915129095));
#6888=CARTESIAN_POINT('',(-17.5,-13.9935067390024,38.));
#6889=CARTESIAN_POINT('Ctrl Pts',(-17.291280148423,-14.2393323419709,38.));
#6890=CARTESIAN_POINT('Ctrl Pts',(-17.5,-14.1975883716555,38.));
#6891=CARTESIAN_POINT('Ctrl Pts',(-17.5,-13.9935067390024,38.));
#6892=CARTESIAN_POINT('',(-17.5,-13.9935067390024,-96.7369151290948));
#6893=CARTESIAN_POINT('Ctrl Pts',(-17.2820037105751,-13.74304291711,-96.7369151290948));
#6894=CARTESIAN_POINT('Ctrl Pts',(-17.2820037105751,-13.74304291711,172.736915129095));
#6895=CARTESIAN_POINT('Ctrl Pts',(-17.5,-13.817254419893,-96.7369151290948));
#6896=CARTESIAN_POINT('Ctrl Pts',(-17.5,-13.817254419893,172.736915129095));
#6897=CARTESIAN_POINT('Ctrl Pts',(-17.5,-13.9935067390024,-96.7369151290948));
#6898=CARTESIAN_POINT('Ctrl Pts',(-17.5,-13.9935067390024,172.736915129095));
#6899=CARTESIAN_POINT('',(-17.2820037105751,-13.74304291711,38.));
#6900=CARTESIAN_POINT('Ctrl Pts',(-17.5,-13.9935067390024,38.));
#6901=CARTESIAN_POINT('Ctrl Pts',(-17.5,-13.817254419893,38.));
#6902=CARTESIAN_POINT('Ctrl Pts',(-17.2820037105751,-13.74304291711,38.));
#6903=CARTESIAN_POINT('',(-17.2820037105751,-13.74304291711,-96.7369151290948));
#6904=CARTESIAN_POINT('Origin',(-17.2820037105751,-13.74304291711,-96.7369151290948));
#6905=CARTESIAN_POINT('',(-15.0371057513915,-12.9962896703568,38.));
#6906=CARTESIAN_POINT('',(-21.8948089595069,-15.2774678036349,38.));
#6907=CARTESIAN_POINT('',(-15.0371057513915,-12.9962896703568,-96.7369151290948));
#6908=CARTESIAN_POINT('Origin',(-15.0371057513915,-12.9962896703568,-96.7369151290948));
#6909=CARTESIAN_POINT('',(-17.2820037105751,-12.2495364236035,38.));
#6910=CARTESIAN_POINT('',(-24.664798113466,-9.79368952512126,38.));
#6911=CARTESIAN_POINT('',(-17.2820037105751,-12.2495364236035,-96.7369151290948));
#6912=CARTESIAN_POINT('Ctrl Pts',(-17.5,-11.9944343827872,-96.7369151290948));
#6913=CARTESIAN_POINT('Ctrl Pts',(-17.5,-11.9944343827872,172.736915129095));
#6914=CARTESIAN_POINT('Ctrl Pts',(-17.5,-12.1753249208206,-96.7369151290948));
#6915=CARTESIAN_POINT('Ctrl Pts',(-17.5,-12.1753249208206,172.736915129095));
#6916=CARTESIAN_POINT('Ctrl Pts',(-17.2820037105751,-12.2495364236035,-96.7369151290948));
#6917=CARTESIAN_POINT('Ctrl Pts',(-17.2820037105751,-12.2495364236035,172.736915129095));
#6918=CARTESIAN_POINT('',(-17.5,-11.9944343827872,38.));
#6919=CARTESIAN_POINT('Ctrl Pts',(-17.2820037105751,-12.2495364236035,38.));
#6920=CARTESIAN_POINT('Ctrl Pts',(-17.5,-12.1753249208206,38.));
#6921=CARTESIAN_POINT('Ctrl Pts',(-17.5,-11.9944343827872,38.));
#6922=CARTESIAN_POINT('',(-17.5,-11.9944343827872,-96.7369151290948));
#6923=CARTESIAN_POINT('Ctrl Pts',(-17.2820037105751,-11.7486087798188,-96.7369151290948));
#6924=CARTESIAN_POINT('Ctrl Pts',(-17.2820037105751,-11.7486087798188,172.736915129095));
#6925=CARTESIAN_POINT('Ctrl Pts',(-17.5,-11.799629187982,-96.7369151290948));
#6926=CARTESIAN_POINT('Ctrl Pts',(-17.5,-11.799629187982,172.736915129095));
#6927=CARTESIAN_POINT('Ctrl Pts',(-17.5,-11.9944343827872,-96.7369151290948));
#6928=CARTESIAN_POINT('Ctrl Pts',(-17.5,-11.9944343827872,172.736915129095));
#6929=CARTESIAN_POINT('',(-17.2820037105751,-11.7486087798188,38.));
#6930=CARTESIAN_POINT('Ctrl Pts',(-17.5,-11.9944343827872,38.));
#6931=CARTESIAN_POINT('Ctrl Pts',(-17.5,-11.799629187982,38.));
#6932=CARTESIAN_POINT('Ctrl Pts',(-17.2820037105751,-11.7486087798188,38.));
#6933=CARTESIAN_POINT('',(-17.2820037105751,-11.7486087798188,-96.7369151290948));
#6934=CARTESIAN_POINT('Origin',(-17.2820037105751,-11.7486087798188,-96.7369151290948));
#6935=CARTESIAN_POINT('',(-23.0937311585401,-13.0434496101944,38.));
#6936=CARTESIAN_POINT('Ctrl Pts',(17.5,13.9935062480106,-96.7369151290948));
#6937=CARTESIAN_POINT('Ctrl Pts',(17.5,13.9935062480106,172.736915129095));
#6938=CARTESIAN_POINT('Ctrl Pts',(17.5,14.5083485485671,-96.7369151290948));
#6939=CARTESIAN_POINT('Ctrl Pts',(17.5,14.5083485485671,172.736915129095));
#6940=CARTESIAN_POINT('Ctrl Pts',(16.7671614100186,15.2411871385486,-96.7369151290948));
#6941=CARTESIAN_POINT('Ctrl Pts',(16.7671614100186,15.2411871385486,172.736915129095));
#6942=CARTESIAN_POINT('Ctrl Pts',(16.252319109462,15.2411871385486,-96.7369151290948));
#6943=CARTESIAN_POINT('Ctrl Pts',(16.252319109462,15.2411871385486,172.736915129095));
#6944=CARTESIAN_POINT('',(16.252319109462,15.2411871385486,38.));
#6945=CARTESIAN_POINT('',(17.5,13.9935062480106,38.));
#6946=CARTESIAN_POINT('Ctrl Pts',(16.252319109462,15.2411871385486,38.));
#6947=CARTESIAN_POINT('Ctrl Pts',(16.7671614100186,15.2411871385486,38.));
#6948=CARTESIAN_POINT('Ctrl Pts',(17.5,14.5083485485671,38.));
#6949=CARTESIAN_POINT('Ctrl Pts',(17.5,13.9935062480106,38.));
#6950=CARTESIAN_POINT('',(16.252319109462,15.2411871385486,37.8));
#6951=CARTESIAN_POINT('',(16.252319109462,15.2411871385486,-96.7369151290948));
#6952=CARTESIAN_POINT('',(17.5,13.9935062480106,37.8));
#6953=CARTESIAN_POINT('Ctrl Pts',(16.252319109462,15.2411871385486,37.8));
#6954=CARTESIAN_POINT('Ctrl Pts',(16.595547309833,15.2411871385486,37.8));
#6955=CARTESIAN_POINT('Ctrl Pts',(16.8893011750155,15.1190473735517,37.8));
#6956=CARTESIAN_POINT('Ctrl Pts',(17.1335807050093,14.8747678435579,37.8));
#6957=CARTESIAN_POINT('Ctrl Pts',(17.3778602350031,14.630488313564,37.8));
#6958=CARTESIAN_POINT('Ctrl Pts',(17.5,14.3367344483816,37.8));
#6959=CARTESIAN_POINT('Ctrl Pts',(17.5,13.9935062480106,37.8));
#6960=CARTESIAN_POINT('',(17.5,13.9935062480106,-96.7369151290948));
#6961=CARTESIAN_POINT('Ctrl Pts',(16.252319109462,15.2411871385486,-96.7369151290948));
#6962=CARTESIAN_POINT('Ctrl Pts',(16.252319109462,15.2411871385486,172.736915129095));
#6963=CARTESIAN_POINT('Ctrl Pts',(15.487012987013,15.2411871385486,-96.7369151290948));
#6964=CARTESIAN_POINT('Ctrl Pts',(15.487012987013,15.2411871385486,172.736915129095));
#6965=CARTESIAN_POINT('Ctrl Pts',(15.139146567718,14.5640071756543,-96.7369151290948));
#6966=CARTESIAN_POINT('Ctrl Pts',(15.139146567718,14.5640071756543,172.736915129095));
#6967=CARTESIAN_POINT('',(15.139146567718,14.5640071756543,38.));
#6968=CARTESIAN_POINT('Ctrl Pts',(15.139146567718,14.5640071756543,38.));
#6969=CARTESIAN_POINT('Ctrl Pts',(15.487012987013,15.2411871385486,38.));
#6970=CARTESIAN_POINT('Ctrl Pts',(16.252319109462,15.2411871385486,38.));
#6971=CARTESIAN_POINT('',(15.139146567718,14.5640071756543,37.8));
#6972=CARTESIAN_POINT('',(15.139146567718,14.5640071756543,-96.7369151290948));
#6973=CARTESIAN_POINT('Ctrl Pts',(15.139146567718,14.5640071756543,37.8));
#6974=CARTESIAN_POINT('Ctrl Pts',(15.3710575139147,15.0154604842505,37.8));
#6975=CARTESIAN_POINT('Ctrl Pts',(15.7421150278293,15.2411871385486,37.8));
#6976=CARTESIAN_POINT('Ctrl Pts',(16.252319109462,15.2411871385486,37.8));
#6977=CARTESIAN_POINT('Origin',(14.4202226345083,13.1632650606265,-96.7369151290948));
#6978=CARTESIAN_POINT('',(14.4202226345083,13.1632650606265,38.));
#6979=CARTESIAN_POINT('',(6.89685270904689,-1.49517182640158,38.));
#6980=CARTESIAN_POINT('',(14.4202226345083,13.1632650606265,37.8));
#6981=CARTESIAN_POINT('',(14.4202226345083,13.1632650606265,-96.7369151290948));
#6982=CARTESIAN_POINT('',(6.89685270904689,-1.49517182640158,37.8));
#6983=CARTESIAN_POINT('Ctrl Pts',(14.4202226345083,13.1632650606265,-96.7369151290948));
#6984=CARTESIAN_POINT('Ctrl Pts',(14.4202226345083,13.1632650606265,172.736915129095));
#6985=CARTESIAN_POINT('Ctrl Pts',(14.2068645640074,12.7458253574725,-96.7369151290948));
#6986=CARTESIAN_POINT('Ctrl Pts',(14.2068645640074,12.7458253574725,172.736915129095));
#6987=CARTESIAN_POINT('Ctrl Pts',(13.752319109462,12.7458253574725,-96.7369151290948));
#6988=CARTESIAN_POINT('Ctrl Pts',(13.752319109462,12.7458253574725,172.736915129095));
#6989=CARTESIAN_POINT('',(13.752319109462,12.7458253574725,38.));
#6990=CARTESIAN_POINT('Ctrl Pts',(13.752319109462,12.7458253574725,38.));
#6991=CARTESIAN_POINT('Ctrl Pts',(14.2068645640074,12.7458253574725,38.));
#6992=CARTESIAN_POINT('Ctrl Pts',(14.4202226345083,13.1632650606265,38.));
#6993=CARTESIAN_POINT('',(13.752319109462,12.7458253574725,37.8));
#6994=CARTESIAN_POINT('',(13.752319109462,12.7458253574725,-96.7369151290948));
#6995=CARTESIAN_POINT('Ctrl Pts',(13.752319109462,12.7458253574725,37.8));
#6996=CARTESIAN_POINT('Ctrl Pts',(14.0553494124923,12.7458253574725,37.8));
#6997=CARTESIAN_POINT('Ctrl Pts',(14.2779839208411,12.8849719251905,37.8));
#6998=CARTESIAN_POINT('Ctrl Pts',(14.4202226345083,13.1632650606265,37.8));
#6999=CARTESIAN_POINT('Ctrl Pts',(13.752319109462,12.7458253574725,-96.7369151290948));
#7000=CARTESIAN_POINT('Ctrl Pts',(13.752319109462,12.7458253574725,172.736915129095));
#7001=CARTESIAN_POINT('Ctrl Pts',(13.4415584415584,12.7458253574725,-96.7369151290948));
#7002=CARTESIAN_POINT('Ctrl Pts',(13.4415584415584,12.7458253574725,172.736915129095));
#7003=CARTESIAN_POINT('Ctrl Pts',(13.0009276437848,13.1864561552462,-96.7369151290948));
#7004=CARTESIAN_POINT('Ctrl Pts',(13.0009276437848,13.1864561552462,172.736915129095));
#7005=CARTESIAN_POINT('Ctrl Pts',(13.0009276437848,13.4925786042258,-96.7369151290948));
#7006=CARTESIAN_POINT('Ctrl Pts',(13.0009276437848,13.4925786042258,172.736915129095));
#7007=CARTESIAN_POINT('',(13.0009276437848,13.4925786042258,38.));
#7008=CARTESIAN_POINT('Ctrl Pts',(13.0009276437848,13.4925786042258,38.));
#7009=CARTESIAN_POINT('Ctrl Pts',(13.0009276437848,13.1864561552462,38.));
#7010=CARTESIAN_POINT('Ctrl Pts',(13.4415584415584,12.7458253574725,38.));
#7011=CARTESIAN_POINT('Ctrl Pts',(13.752319109462,12.7458253574725,38.));
#7012=CARTESIAN_POINT('',(13.0009276437848,13.4925786042258,37.8));
#7013=CARTESIAN_POINT('',(13.0009276437848,13.4925786042258,-96.7369151290948));
#7014=CARTESIAN_POINT('Ctrl Pts',(13.0009276437848,13.4925786042258,37.8));
#7015=CARTESIAN_POINT('Ctrl Pts',(13.0009276437848,13.2884969715727,37.8));
#7016=CARTESIAN_POINT('Ctrl Pts',(13.0743661100804,13.1130176889506,37.8));
#7017=CARTESIAN_POINT('Ctrl Pts',(13.2212430426716,12.9661407563593,37.8));
#7018=CARTESIAN_POINT('Ctrl Pts',(13.3681199752628,12.8192638237681,37.8));
#7019=CARTESIAN_POINT('Ctrl Pts',(13.5451453308596,12.7458253574725,37.8));
#7020=CARTESIAN_POINT('Ctrl Pts',(13.752319109462,12.7458253574725,37.8));
#7021=CARTESIAN_POINT('Ctrl Pts',(13.0009276437848,13.4925786042258,-96.7369151290948));
#7022=CARTESIAN_POINT('Ctrl Pts',(13.0009276437848,13.4925786042258,172.736915129095));
#7023=CARTESIAN_POINT('Ctrl Pts',(13.0009276437848,13.8543596802926,-96.7369151290948));
#7024=CARTESIAN_POINT('Ctrl Pts',(13.0009276437848,13.8543596802926,172.736915129095));
#7025=CARTESIAN_POINT('Ctrl Pts',(13.1076066790353,14.1604821292722,-96.7369151290948));
#7026=CARTESIAN_POINT('Ctrl Pts',(13.1076066790353,14.1604821292722,172.736915129095));
#7027=CARTESIAN_POINT('',(13.1076066790353,14.1604821292722,38.));
#7028=CARTESIAN_POINT('Ctrl Pts',(13.1076066790353,14.1604821292722,38.));
#7029=CARTESIAN_POINT('Ctrl Pts',(13.0009276437848,13.8543596802926,38.));
#7030=CARTESIAN_POINT('Ctrl Pts',(13.0009276437848,13.4925786042258,38.));
#7031=CARTESIAN_POINT('',(13.1076066790353,14.1604821292722,37.8));
#7032=CARTESIAN_POINT('',(13.1076066790353,14.1604821292722,-96.7369151290948));
#7033=CARTESIAN_POINT('Ctrl Pts',(13.1076066790353,14.1604821292722,37.8));
#7034=CARTESIAN_POINT('Ctrl Pts',(13.0364873222016,13.9564004966191,37.8));
#7035=CARTESIAN_POINT('Ctrl Pts',(13.0009276437848,13.7337659882703,37.8));
#7036=CARTESIAN_POINT('Ctrl Pts',(13.0009276437848,13.4925786042258,37.8));
#7037=CARTESIAN_POINT('Ctrl Pts',(13.1076066790353,14.1604821292722,-96.7369151290948));
#7038=CARTESIAN_POINT('Ctrl Pts',(13.1076066790353,14.1604821292722,172.736915129095));
#7039=CARTESIAN_POINT('Ctrl Pts',(13.3209647495362,14.6289422405894,-96.7369151290948));
#7040=CARTESIAN_POINT('Ctrl Pts',(13.3209647495362,14.6289422405894,172.736915129095));
#7041=CARTESIAN_POINT('Ctrl Pts',(13.4554730983302,14.8469385300143,-96.7369151290948));
#7042=CARTESIAN_POINT('Ctrl Pts',(13.4554730983302,14.8469385300143,172.736915129095));
#7043=CARTESIAN_POINT('',(13.4554730983302,14.8469385300143,38.));
#7044=CARTESIAN_POINT('Ctrl Pts',(13.4554730983302,14.8469385300143,38.));
#7045=CARTESIAN_POINT('Ctrl Pts',(13.3209647495362,14.6289422405894,38.));
#7046=CARTESIAN_POINT('Ctrl Pts',(13.1076066790353,14.1604821292722,38.));
#7047=CARTESIAN_POINT('',(13.4554730983302,14.8469385300143,37.8));
#7048=CARTESIAN_POINT('',(13.4554730983302,14.8469385300143,-96.7369151290948));
#7049=CARTESIAN_POINT('Ctrl Pts',(13.4554730983302,14.8469385300143,37.8));
#7050=CARTESIAN_POINT('Ctrl Pts',(13.3658008658009,14.7016076703977,37.8));
#7051=CARTESIAN_POINT('Ctrl Pts',(13.2498453927025,14.4727888701503,37.8));
#7052=CARTESIAN_POINT('Ctrl Pts',(13.1076066790353,14.1604821292722,37.8));
#7053=CARTESIAN_POINT('Ctrl Pts',(13.4554730983302,14.8469385300143,-96.7369151290948));
#7054=CARTESIAN_POINT('Ctrl Pts',(13.4554730983302,14.8469385300143,172.736915129095));
#7055=CARTESIAN_POINT('Ctrl Pts',(13.5018552875696,14.9304264706451,-96.7369151290948));
#7056=CARTESIAN_POINT('Ctrl Pts',(13.5018552875696,14.9304264706451,172.736915129095));
#7057=CARTESIAN_POINT('Ctrl Pts',(13.5018552875696,14.9907233166562,-96.7369151290948));
#7058=CARTESIAN_POINT('Ctrl Pts',(13.5018552875696,14.9907233166562,172.736915129095));
#7059=CARTESIAN_POINT('',(13.5018552875696,14.9907233166562,38.));
#7060=CARTESIAN_POINT('Ctrl Pts',(13.5018552875696,14.9907233166562,38.));
#7061=CARTESIAN_POINT('Ctrl Pts',(13.5018552875696,14.9304264706451,38.));
#7062=CARTESIAN_POINT('Ctrl Pts',(13.4554730983302,14.8469385300143,38.));
#7063=CARTESIAN_POINT('',(13.5018552875696,14.9907233166562,37.8));
#7064=CARTESIAN_POINT('',(13.5018552875696,14.9907233166562,-96.7369151290948));
#7065=CARTESIAN_POINT('Ctrl Pts',(13.5018552875696,14.9907233166562,37.8));
#7066=CARTESIAN_POINT('Ctrl Pts',(13.5018552875696,14.9505254193154,37.8));
#7067=CARTESIAN_POINT('Ctrl Pts',(13.4863945578231,14.9025971571015,37.8));
#7068=CARTESIAN_POINT('Ctrl Pts',(13.4554730983302,14.8469385300143,37.8));
#7069=CARTESIAN_POINT('Ctrl Pts',(13.5018552875696,14.9907233166562,-96.7369151290948));
#7070=CARTESIAN_POINT('Ctrl Pts',(13.5018552875696,14.9907233166562,172.736915129095));
#7071=CARTESIAN_POINT('Ctrl Pts',(13.5018552875696,15.0927641329827,-96.7369151290948));
#7072=CARTESIAN_POINT('Ctrl Pts',(13.5018552875696,15.0927641329827,172.736915129095));
#7073=CARTESIAN_POINT('Ctrl Pts',(13.3534322820037,15.2411871385486,-96.7369151290948));
#7074=CARTESIAN_POINT('Ctrl Pts',(13.3534322820037,15.2411871385486,172.736915129095));
#7075=CARTESIAN_POINT('Ctrl Pts',(13.2513914656772,15.2411871385486,-96.7369151290948));
#7076=CARTESIAN_POINT('Ctrl Pts',(13.2513914656772,15.2411871385486,172.736915129095));
#7077=CARTESIAN_POINT('',(13.2513914656772,15.2411871385486,38.));
#7078=CARTESIAN_POINT('Ctrl Pts',(13.2513914656772,15.2411871385486,38.));
#7079=CARTESIAN_POINT('Ctrl Pts',(13.3534322820037,15.2411871385486,38.));
#7080=CARTESIAN_POINT('Ctrl Pts',(13.5018552875696,15.0927641329827,38.));
#7081=CARTESIAN_POINT('Ctrl Pts',(13.5018552875696,14.9907233166562,38.));
#7082=CARTESIAN_POINT('',(13.2513914656772,15.2411871385486,37.8));
#7083=CARTESIAN_POINT('',(13.2513914656772,15.2411871385486,-96.7369151290948));
#7084=CARTESIAN_POINT('Ctrl Pts',(13.2513914656772,15.2411871385486,37.8));
#7085=CARTESIAN_POINT('Ctrl Pts',(13.3194186765615,15.2411871385486,37.8));
#7086=CARTESIAN_POINT('Ctrl Pts',(13.378169449598,15.2164499709543,37.8));
#7087=CARTESIAN_POINT('Ctrl Pts',(13.4276437847866,15.1669756357657,37.8));
#7088=CARTESIAN_POINT('Ctrl Pts',(13.4771181199753,15.117501300577,37.8));
#7089=CARTESIAN_POINT('Ctrl Pts',(13.5018552875696,15.0587505275405,37.8));
#7090=CARTESIAN_POINT('Ctrl Pts',(13.5018552875696,14.9907233166562,37.8));
#7091=CARTESIAN_POINT('Ctrl Pts',(13.2513914656772,15.2411871385486,-96.7369151290948));
#7092=CARTESIAN_POINT('Ctrl Pts',(13.2513914656772,15.2411871385486,172.736915129095));
#7093=CARTESIAN_POINT('Ctrl Pts',(13.1307977736549,15.2411871385486,-96.7369151290948));
#7094=CARTESIAN_POINT('Ctrl Pts',(13.1307977736549,15.2411871385486,172.736915129095));
#7095=CARTESIAN_POINT('Ctrl Pts',(13.0473098330241,15.1298698843742,-96.7369151290948));
#7096=CARTESIAN_POINT('Ctrl Pts',(13.0473098330241,15.1298698843742,172.736915129095));
#7097=CARTESIAN_POINT('',(13.0473098330241,15.1298698843742,38.));
#7098=CARTESIAN_POINT('Ctrl Pts',(13.0473098330241,15.1298698843742,38.));
#7099=CARTESIAN_POINT('Ctrl Pts',(13.1307977736549,15.2411871385486,38.));
#7100=CARTESIAN_POINT('Ctrl Pts',(13.2513914656772,15.2411871385486,38.));
#7101=CARTESIAN_POINT('',(13.0473098330241,15.1298698843742,37.8));
#7102=CARTESIAN_POINT('',(13.0473098330241,15.1298698843742,-96.7369151290948));
#7103=CARTESIAN_POINT('Ctrl Pts',(13.0473098330241,15.1298698843742,37.8));
#7104=CARTESIAN_POINT('Ctrl Pts',(13.1029684601113,15.2040813871571,37.8));
#7105=CARTESIAN_POINT('Ctrl Pts',(13.1709956709957,15.2411871385486,37.8));
#7106=CARTESIAN_POINT('Ctrl Pts',(13.2513914656772,15.2411871385486,37.8));
#7107=CARTESIAN_POINT('Ctrl Pts',(13.0473098330241,15.1298698843742,-96.7369151290948));
#7108=CARTESIAN_POINT('Ctrl Pts',(13.0473098330241,15.1298698843742,172.736915129095));
#7109=CARTESIAN_POINT('Ctrl Pts',(12.5,14.4155841700885,-96.7369151290948));
#7110=CARTESIAN_POINT('Ctrl Pts',(12.5,14.4155841700885,172.736915129095));
#7111=CARTESIAN_POINT('Ctrl Pts',(12.5,13.4925786042258,-96.7369151290948));
#7112=CARTESIAN_POINT('Ctrl Pts',(12.5,13.4925786042258,172.736915129095));
#7113=CARTESIAN_POINT('',(12.5,13.4925786042258,38.));
#7114=CARTESIAN_POINT('Ctrl Pts',(12.5,13.4925786042258,38.));
#7115=CARTESIAN_POINT('Ctrl Pts',(12.5,14.4155841700885,38.));
#7116=CARTESIAN_POINT('Ctrl Pts',(13.0473098330241,15.1298698843742,38.));
#7117=CARTESIAN_POINT('',(12.5,13.4925786042258,37.8));
#7118=CARTESIAN_POINT('',(12.5,13.4925786042258,-96.7369151290948));
#7119=CARTESIAN_POINT('Ctrl Pts',(12.5,13.4925786042258,37.8));
#7120=CARTESIAN_POINT('Ctrl Pts',(12.5,14.1079156481342,37.8));
#7121=CARTESIAN_POINT('Ctrl Pts',(12.682436611008,14.6536794081837,37.8));
#7122=CARTESIAN_POINT('Ctrl Pts',(13.0473098330241,15.1298698843742,37.8));
#7123=CARTESIAN_POINT('Ctrl Pts',(12.5,13.4925786042258,-96.7369151290948));
#7124=CARTESIAN_POINT('Ctrl Pts',(12.5,13.4925786042258,172.736915129095));
#7125=CARTESIAN_POINT('Ctrl Pts',(12.5,12.9777363036692,-96.7369151290948));
#7126=CARTESIAN_POINT('Ctrl Pts',(12.5,12.9777363036692,172.736915129095));
#7127=CARTESIAN_POINT('Ctrl Pts',(13.2328385899814,12.2448977136877,-96.7369151290948));
#7128=CARTESIAN_POINT('Ctrl Pts',(13.2328385899814,12.2448977136877,172.736915129095));
#7129=CARTESIAN_POINT('Ctrl Pts',(13.747680890538,12.2448977136877,-96.7369151290948));
#7130=CARTESIAN_POINT('Ctrl Pts',(13.747680890538,12.2448977136877,172.736915129095));
#7131=CARTESIAN_POINT('',(13.747680890538,12.2448977136877,38.));
#7132=CARTESIAN_POINT('Ctrl Pts',(13.747680890538,12.2448977136877,38.));
#7133=CARTESIAN_POINT('Ctrl Pts',(13.2328385899814,12.2448977136877,38.));
#7134=CARTESIAN_POINT('Ctrl Pts',(12.5,12.9777363036692,38.));
#7135=CARTESIAN_POINT('Ctrl Pts',(12.5,13.4925786042258,38.));
#7136=CARTESIAN_POINT('',(13.747680890538,12.2448977136877,37.8));
#7137=CARTESIAN_POINT('',(13.747680890538,12.2448977136877,-96.7369151290948));
#7138=CARTESIAN_POINT('Ctrl Pts',(13.747680890538,12.2448977136877,37.8));
#7139=CARTESIAN_POINT('Ctrl Pts',(13.404452690167,12.2448977136877,37.8));
#7140=CARTESIAN_POINT('Ctrl Pts',(13.1106988249845,12.3670374786846,37.8));
#7141=CARTESIAN_POINT('Ctrl Pts',(12.8664192949907,12.6113170086785,37.8));
#7142=CARTESIAN_POINT('Ctrl Pts',(12.6221397649969,12.8555965386723,37.8));
#7143=CARTESIAN_POINT('Ctrl Pts',(12.5,13.1493504038547,37.8));
#7144=CARTESIAN_POINT('Ctrl Pts',(12.5,13.4925786042258,37.8));
#7145=CARTESIAN_POINT('Ctrl Pts',(13.747680890538,12.2448977136877,-96.7369151290948));
#7146=CARTESIAN_POINT('Ctrl Pts',(13.747680890538,12.2448977136877,172.736915129095));
#7147=CARTESIAN_POINT('Ctrl Pts',(14.512987012987,12.2448977136877,-96.7369151290948));
#7148=CARTESIAN_POINT('Ctrl Pts',(14.512987012987,12.2448977136877,172.736915129095));
#7149=CARTESIAN_POINT('Ctrl Pts',(14.8654916512059,12.9313541144299,-96.7369151290948));
#7150=CARTESIAN_POINT('Ctrl Pts',(14.8654916512059,12.9313541144299,172.736915129095));
#7151=CARTESIAN_POINT('',(14.8654916512059,12.9313541144299,38.));
#7152=CARTESIAN_POINT('Ctrl Pts',(14.8654916512059,12.9313541144299,38.));
#7153=CARTESIAN_POINT('Ctrl Pts',(14.512987012987,12.2448977136877,38.));
#7154=CARTESIAN_POINT('Ctrl Pts',(13.747680890538,12.2448977136877,38.));
#7155=CARTESIAN_POINT('',(14.8654916512059,12.9313541144299,37.8));
#7156=CARTESIAN_POINT('',(14.8654916512059,12.9313541144299,-96.7369151290948));
#7157=CARTESIAN_POINT('Ctrl Pts',(14.8654916512059,12.9313541144299,37.8));
#7158=CARTESIAN_POINT('Ctrl Pts',(14.63048855906,12.4737165139351,37.8));
#7159=CARTESIAN_POINT('Ctrl Pts',(14.2578849721707,12.2448977136877,37.8));
#7160=CARTESIAN_POINT('Ctrl Pts',(13.747680890538,12.2448977136877,37.8));
#7161=CARTESIAN_POINT('Origin',(15.5844155844156,14.3320962294577,-96.7369151290948));
#7162=CARTESIAN_POINT('',(15.5844155844156,14.3320962294577,38.));
#7163=CARTESIAN_POINT('',(7.70226999208854,-1.02537453752786,38.));
#7164=CARTESIAN_POINT('',(15.5844155844156,14.3320962294577,37.8));
#7165=CARTESIAN_POINT('',(15.5844155844156,14.3320962294577,-96.7369151290948));
#7166=CARTESIAN_POINT('',(7.70226999208854,-1.02537453752786,37.8));
#7167=CARTESIAN_POINT('Ctrl Pts',(15.5844155844156,14.3320962294577,-96.7369151290948));
#7168=CARTESIAN_POINT('Ctrl Pts',(15.5844155844156,14.3320962294577,172.736915129095));
#7169=CARTESIAN_POINT('Ctrl Pts',(15.7931354359926,14.7402594947638,-96.7369151290948));
#7170=CARTESIAN_POINT('Ctrl Pts',(15.7931354359926,14.7402594947638,172.736915129095));
#7171=CARTESIAN_POINT('Ctrl Pts',(16.247680890538,14.7402594947638,-96.7369151290948));
#7172=CARTESIAN_POINT('Ctrl Pts',(16.247680890538,14.7402594947638,172.736915129095));
#7173=CARTESIAN_POINT('',(16.247680890538,14.7402594947638,38.));
#7174=CARTESIAN_POINT('Ctrl Pts',(16.247680890538,14.7402594947638,38.));
#7175=CARTESIAN_POINT('Ctrl Pts',(15.7931354359926,14.7402594947638,38.));
#7176=CARTESIAN_POINT('Ctrl Pts',(15.5844155844156,14.3320962294577,38.));
#7177=CARTESIAN_POINT('',(16.247680890538,14.7402594947638,37.8));
#7178=CARTESIAN_POINT('',(16.247680890538,14.7402594947638,-96.7369151290948));
#7179=CARTESIAN_POINT('Ctrl Pts',(16.247680890538,14.7402594947638,37.8));
#7180=CARTESIAN_POINT('Ctrl Pts',(15.9446505875077,14.7402594947638,37.8));
#7181=CARTESIAN_POINT('Ctrl Pts',(15.7235621521336,14.6042050729951,37.8));
#7182=CARTESIAN_POINT('Ctrl Pts',(15.5844155844156,14.3320962294577,37.8));
#7183=CARTESIAN_POINT('Ctrl Pts',(16.247680890538,14.7402594947638,-96.7369151290948));
#7184=CARTESIAN_POINT('Ctrl Pts',(16.247680890538,14.7402594947638,172.736915129095));
#7185=CARTESIAN_POINT('Ctrl Pts',(16.5584415584416,14.7402594947638,-96.7369151290948));
#7186=CARTESIAN_POINT('Ctrl Pts',(16.5584415584416,14.7402594947638,172.736915129095));
#7187=CARTESIAN_POINT('Ctrl Pts',(16.9990723562152,14.3042669159141,-96.7369151290948));
#7188=CARTESIAN_POINT('Ctrl Pts',(16.9990723562152,14.3042669159141,172.736915129095));
#7189=CARTESIAN_POINT('Ctrl Pts',(16.9990723562152,13.9935062480106,-96.7369151290948));
#7190=CARTESIAN_POINT('Ctrl Pts',(16.9990723562152,13.9935062480106,172.736915129095));
#7191=CARTESIAN_POINT('',(16.9990723562152,13.9935062480106,38.));
#7192=CARTESIAN_POINT('Ctrl Pts',(16.9990723562152,13.9935062480106,38.));
#7193=CARTESIAN_POINT('Ctrl Pts',(16.9990723562152,14.3042669159141,38.));
#7194=CARTESIAN_POINT('Ctrl Pts',(16.5584415584416,14.7402594947638,38.));
#7195=CARTESIAN_POINT('Ctrl Pts',(16.247680890538,14.7402594947638,38.));
#7196=CARTESIAN_POINT('',(16.9990723562152,13.9935062480106,37.8));
#7197=CARTESIAN_POINT('',(16.9990723562152,13.9935062480106,-96.7369151290948));
#7198=CARTESIAN_POINT('Ctrl Pts',(16.9990723562152,13.9935062480106,37.8));
#7199=CARTESIAN_POINT('Ctrl Pts',(16.9990723562152,14.0455144184456,37.8));
#7200=CARTESIAN_POINT('Ctrl Pts',(16.99444431544,14.097249488065,37.8));
#7201=CARTESIAN_POINT('Ctrl Pts',(16.9745416451817,14.1972596272354,37.8));
#7202=CARTESIAN_POINT('Ctrl Pts',(16.9598626689042,14.244740181693,37.8));
#7203=CARTESIAN_POINT('Ctrl Pts',(16.9018870765214,14.378197335267,37.8));
#7204=CARTESIAN_POINT('Ctrl Pts',(16.845858060806,14.4579339937153,37.8));
#7205=CARTESIAN_POINT('Ctrl Pts',(16.701895025415,14.596233602175,37.8));
#7206=CARTESIAN_POINT('Ctrl Pts',(16.6254066052171,14.6485183171224,37.8));
#7207=CARTESIAN_POINT('Ctrl Pts',(16.4459486979313,14.7231453244077,37.8));
#7208=CARTESIAN_POINT('Ctrl Pts',(16.3482231843383,14.7402594947638,37.8));
#7209=CARTESIAN_POINT('Ctrl Pts',(16.247680890538,14.7402594947638,37.8));
#7210=CARTESIAN_POINT('Ctrl Pts',(16.9990723562152,13.9935062480106,-96.7369151290948));
#7211=CARTESIAN_POINT('Ctrl Pts',(16.9990723562152,13.9935062480106,172.736915129095));
#7212=CARTESIAN_POINT('Ctrl Pts',(16.9990723562152,13.4276435392907,-96.7369151290948));
#7213=CARTESIAN_POINT('Ctrl Pts',(16.9990723562152,13.4276435392907,172.736915129095));
#7214=CARTESIAN_POINT('Ctrl Pts',(16.7764378478664,12.852504392723,-96.7369151290948));
#7215=CARTESIAN_POINT('Ctrl Pts',(16.7764378478664,12.852504392723,172.736915129095));
#7216=CARTESIAN_POINT('',(16.7764378478664,12.852504392723,38.));
#7217=CARTESIAN_POINT('Ctrl Pts',(16.7764378478664,12.852504392723,38.));
#7218=CARTESIAN_POINT('Ctrl Pts',(16.9990723562152,13.4276435392907,38.));
#7219=CARTESIAN_POINT('Ctrl Pts',(16.9990723562152,13.9935062480106,38.));
#7220=CARTESIAN_POINT('',(16.7764378478664,12.852504392723,37.8));
#7221=CARTESIAN_POINT('',(16.7764378478664,12.852504392723,-96.7369151290948));
#7222=CARTESIAN_POINT('Ctrl Pts',(16.7764378478664,12.852504392723,37.8));
#7223=CARTESIAN_POINT('Ctrl Pts',(16.9248608534323,13.2359304904348,37.8));
#7224=CARTESIAN_POINT('Ctrl Pts',(16.9990723562152,13.6162644421973,37.8));
#7225=CARTESIAN_POINT('Ctrl Pts',(16.9990723562152,13.9935062480106,37.8));
#7226=CARTESIAN_POINT('Ctrl Pts',(16.7764378478664,12.852504392723,-96.7369151290948));
#7227=CARTESIAN_POINT('Ctrl Pts',(16.7764378478664,12.852504392723,172.736915129095));
#7228=CARTESIAN_POINT('Ctrl Pts',(16.7486085343228,12.782931108864,-96.7369151290948));
#7229=CARTESIAN_POINT('Ctrl Pts',(16.7486085343228,12.782931108864,172.736915129095));
#7230=CARTESIAN_POINT('Ctrl Pts',(16.7486085343228,12.7458253574725,-96.7369151290948));
#7231=CARTESIAN_POINT('Ctrl Pts',(16.7486085343228,12.7458253574725,172.736915129095));
#7232=CARTESIAN_POINT('',(16.7486085343228,12.7458253574725,38.));
#7233=CARTESIAN_POINT('Ctrl Pts',(16.7486085343228,12.7458253574725,38.));
#7234=CARTESIAN_POINT('Ctrl Pts',(16.7486085343228,12.782931108864,38.));
#7235=CARTESIAN_POINT('Ctrl Pts',(16.7764378478664,12.852504392723,38.));
#7236=CARTESIAN_POINT('',(16.7486085343228,12.7458253574725,37.8));
#7237=CARTESIAN_POINT('',(16.7486085343228,12.7458253574725,-96.7369151290948));
#7238=CARTESIAN_POINT('Ctrl Pts',(16.7486085343228,12.7458253574725,37.8));
#7239=CARTESIAN_POINT('Ctrl Pts',(16.7486085343228,12.7705625250668,37.8));
#7240=CARTESIAN_POINT('Ctrl Pts',(16.7578849721707,12.8061222034837,37.8));
#7241=CARTESIAN_POINT('Ctrl Pts',(16.7764378478664,12.852504392723,37.8));
#7242=CARTESIAN_POINT('Ctrl Pts',(16.7486085343228,12.7458253574725,-96.7369151290948));
#7243=CARTESIAN_POINT('Ctrl Pts',(16.7486085343228,12.7458253574725,172.736915129095));
#7244=CARTESIAN_POINT('Ctrl Pts',(16.7486085343228,12.643784541146,-96.7369151290948));
#7245=CARTESIAN_POINT('Ctrl Pts',(16.7486085343228,12.643784541146,172.736915129095));
#7246=CARTESIAN_POINT('Ctrl Pts',(16.8970315398887,12.4953615355801,-96.7369151290948));
#7247=CARTESIAN_POINT('Ctrl Pts',(16.8970315398887,12.4953615355801,172.736915129095));
#7248=CARTESIAN_POINT('Ctrl Pts',(16.9990723562152,12.4953615355801,-96.7369151290948));
#7249=CARTESIAN_POINT('Ctrl Pts',(16.9990723562152,12.4953615355801,172.736915129095));
#7250=CARTESIAN_POINT('',(16.9990723562152,12.4953615355801,38.));
#7251=CARTESIAN_POINT('Ctrl Pts',(16.9990723562152,12.4953615355801,38.));
#7252=CARTESIAN_POINT('Ctrl Pts',(16.8970315398887,12.4953615355801,38.));
#7253=CARTESIAN_POINT('Ctrl Pts',(16.7486085343228,12.643784541146,38.));
#7254=CARTESIAN_POINT('Ctrl Pts',(16.7486085343228,12.7458253574725,38.));
#7255=CARTESIAN_POINT('',(16.9990723562152,12.4953615355801,37.8));
#7256=CARTESIAN_POINT('',(16.9990723562152,12.4953615355801,-96.7369151290948));
#7257=CARTESIAN_POINT('Ctrl Pts',(16.9990723562152,12.4953615355801,37.8));
#7258=CARTESIAN_POINT('Ctrl Pts',(16.9310451453309,12.4953615355801,37.8));
#7259=CARTESIAN_POINT('Ctrl Pts',(16.8722943722944,12.5200987031744,37.8));
#7260=CARTESIAN_POINT('Ctrl Pts',(16.8228200371058,12.5695730383631,37.8));
#7261=CARTESIAN_POINT('Ctrl Pts',(16.7733457019171,12.6190473735517,37.8));
#7262=CARTESIAN_POINT('Ctrl Pts',(16.7486085343228,12.6777981465882,37.8));
#7263=CARTESIAN_POINT('Ctrl Pts',(16.7486085343228,12.7458253574725,37.8));
#7264=CARTESIAN_POINT('Ctrl Pts',(16.9990723562152,12.4953615355801,-96.7369151290948));
#7265=CARTESIAN_POINT('Ctrl Pts',(16.9990723562152,12.4953615355801,172.736915129095));
#7266=CARTESIAN_POINT('Ctrl Pts',(17.1382189239332,12.4953615355801,-96.7369151290948));
#7267=CARTESIAN_POINT('Ctrl Pts',(17.1382189239332,12.4953615355801,172.736915129095));
#7268=CARTESIAN_POINT('Ctrl Pts',(17.2263450834879,12.643784541146,-96.7369151290948));
#7269=CARTESIAN_POINT('Ctrl Pts',(17.2263450834879,12.643784541146,172.736915129095));
#7270=CARTESIAN_POINT('',(17.2263450834879,12.643784541146,38.));
#7271=CARTESIAN_POINT('Ctrl Pts',(17.2263450834879,12.643784541146,38.));
#7272=CARTESIAN_POINT('Ctrl Pts',(17.1382189239332,12.4953615355801,38.));
#7273=CARTESIAN_POINT('Ctrl Pts',(16.9990723562152,12.4953615355801,38.));
#7274=CARTESIAN_POINT('',(17.2263450834879,12.643784541146,37.8));
#7275=CARTESIAN_POINT('',(17.2263450834879,12.643784541146,-96.7369151290948));
#7276=CARTESIAN_POINT('Ctrl Pts',(17.2263450834879,12.643784541146,37.8));
#7277=CARTESIAN_POINT('Ctrl Pts',(17.1675943104515,12.5448358707688,37.8));
#7278=CARTESIAN_POINT('Ctrl Pts',(17.0918367346939,12.4953615355801,37.8));
#7279=CARTESIAN_POINT('Ctrl Pts',(16.9990723562152,12.4953615355801,37.8));
#7280=CARTESIAN_POINT('Ctrl Pts',(17.2263450834879,12.643784541146,-96.7369151290948));
#7281=CARTESIAN_POINT('Ctrl Pts',(17.2263450834879,12.643784541146,172.736915129095));
#7282=CARTESIAN_POINT('Ctrl Pts',(17.5,13.1076064335393,-96.7369151290948));
#7283=CARTESIAN_POINT('Ctrl Pts',(17.5,13.1076064335393,172.736915129095));
#7284=CARTESIAN_POINT('Ctrl Pts',(17.5,13.9935062480106,-96.7369151290948));
#7285=CARTESIAN_POINT('Ctrl Pts',(17.5,13.9935062480106,172.736915129095));
#7286=CARTESIAN_POINT('Ctrl Pts',(17.5,13.9935062480106,38.));
#7287=CARTESIAN_POINT('Ctrl Pts',(17.5,13.1076064335393,38.));
#7288=CARTESIAN_POINT('Ctrl Pts',(17.2263450834879,12.643784541146,38.));
#7289=CARTESIAN_POINT('Ctrl Pts',(17.5,13.9935062480106,37.8));
#7290=CARTESIAN_POINT('Ctrl Pts',(17.5,13.7219267055767,37.8));
#7291=CARTESIAN_POINT('Ctrl Pts',(17.4807119021052,13.4331592146062,37.8));
#7292=CARTESIAN_POINT('Ctrl Pts',(17.3818412473183,12.9864272255877,37.8));
#7293=CARTESIAN_POINT('Ctrl Pts',(17.3207004563203,12.8037089018787,37.8));
#7294=CARTESIAN_POINT('Ctrl Pts',(17.2263450834879,12.643784541146,37.8));
#7295=CARTESIAN_POINT('Origin',(-32.1,0.,37.8));
#7296=CARTESIAN_POINT('Origin',(-32.1,0.,37.8));
#7297=CARTESIAN_POINT('',(17.5,10.9972168231497,37.8));
#7298=CARTESIAN_POINT('',(17.5,8.49257860422577,37.8));
#7299=CARTESIAN_POINT('',(17.5,5.49860841157485,37.8));
#7300=CARTESIAN_POINT('',(17.2495361781076,11.2430424261182,37.8));
#7301=CARTESIAN_POINT('Ctrl Pts',(17.2495361781076,11.2430424261182,37.8));
#7302=CARTESIAN_POINT('Ctrl Pts',(17.4165120593692,11.2430424261182,37.8));
#7303=CARTESIAN_POINT('Ctrl Pts',(17.5,11.161100558462,37.8));
#7304=CARTESIAN_POINT('Ctrl Pts',(17.5,10.9972168231497,37.8));
#7305=CARTESIAN_POINT('',(16.9990723562152,10.9972168231497,37.8));
#7306=CARTESIAN_POINT('Ctrl Pts',(16.9990723562152,10.9972168231497,37.8));
#7307=CARTESIAN_POINT('Ctrl Pts',(16.9990723562152,11.161100558462,37.8));
#7308=CARTESIAN_POINT('Ctrl Pts',(17.082560296846,11.2430424261182,37.8));
#7309=CARTESIAN_POINT('Ctrl Pts',(17.2495361781076,11.2430424261182,37.8));
#7310=CARTESIAN_POINT('',(16.9990723562152,9.99536153558013,37.8));
#7311=CARTESIAN_POINT('',(16.9990723562152,4.99768076779007,37.8));
#7312=CARTESIAN_POINT('',(12.7504638218924,9.99536153558013,37.8));
#7313=CARTESIAN_POINT('',(-9.6747680890538,9.99536153558013,37.8));
#7314=CARTESIAN_POINT('',(12.5,9.74489771368773,37.8));
#7315=CARTESIAN_POINT('Ctrl Pts',(12.5,9.74489771368773,37.8));
#7316=CARTESIAN_POINT('Ctrl Pts',(12.5,9.91187359494933,37.8));
#7317=CARTESIAN_POINT('Ctrl Pts',(12.5834879406308,9.99536153558013,37.8));
#7318=CARTESIAN_POINT('Ctrl Pts',(12.7504638218924,9.99536153558013,37.8));
#7319=CARTESIAN_POINT('',(12.7504638218924,9.49443389179534,37.8));
#7320=CARTESIAN_POINT('Ctrl Pts',(12.7504638218924,9.49443389179534,37.8));
#7321=CARTESIAN_POINT('Ctrl Pts',(12.5834879406308,9.49443389179534,37.8));
#7322=CARTESIAN_POINT('Ctrl Pts',(12.5,9.57792183242614,37.8));
#7323=CARTESIAN_POINT('Ctrl Pts',(12.5,9.74489771368773,37.8));
#7324=CARTESIAN_POINT('',(16.9990723562152,9.49443389179534,37.8));
#7325=CARTESIAN_POINT('',(-7.55046382189239,9.49443389179534,37.8));
#7326=CARTESIAN_POINT('',(16.9990723562152,8.49257860422577,37.8));
#7327=CARTESIAN_POINT('',(16.9990723562152,4.24628930211288,37.8));
#7328=CARTESIAN_POINT('',(17.2495361781076,8.24675300125731,37.8));
#7329=CARTESIAN_POINT('Ctrl Pts',(17.2495361781076,8.24675300125731,37.8));
#7330=CARTESIAN_POINT('Ctrl Pts',(17.082560296846,8.24675300125731,37.8));
#7331=CARTESIAN_POINT('Ctrl Pts',(16.9990723562152,8.32869486891346,37.8));
#7332=CARTESIAN_POINT('Ctrl Pts',(16.9990723562152,8.49257860422577,37.8));
#7333=CARTESIAN_POINT('Ctrl Pts',(17.5,8.49257860422577,37.8));
#7334=CARTESIAN_POINT('Ctrl Pts',(17.5,8.32869486891346,37.8));
#7335=CARTESIAN_POINT('Ctrl Pts',(17.4165120593692,8.24675300125731,37.8));
#7336=CARTESIAN_POINT('Ctrl Pts',(17.2495361781076,8.24675300125731,37.8));
#7337=CARTESIAN_POINT('Ctrl Pts',(12.7504638218924,9.99536153558013,-96.7369151290948));
#7338=CARTESIAN_POINT('Ctrl Pts',(12.7504638218924,9.99536153558013,172.736915129095));
#7339=CARTESIAN_POINT('Ctrl Pts',(12.5,9.99536153558013,-96.7369151290948));
#7340=CARTESIAN_POINT('Ctrl Pts',(12.5,9.99536153558013,172.736915129095));
#7341=CARTESIAN_POINT('Ctrl Pts',(12.5,9.74489771368773,-96.7369151290948));
#7342=CARTESIAN_POINT('Ctrl Pts',(12.5,9.74489771368773,172.736915129095));
#7343=CARTESIAN_POINT('',(12.5,9.74489771368773,38.));
#7344=CARTESIAN_POINT('',(12.7504638218924,9.99536153558013,38.));
#7345=CARTESIAN_POINT('Ctrl Pts',(12.5,9.74489771368773,38.));
#7346=CARTESIAN_POINT('Ctrl Pts',(12.5,9.99536153558013,38.));
#7347=CARTESIAN_POINT('Ctrl Pts',(12.7504638218924,9.99536153558013,38.));
#7348=CARTESIAN_POINT('',(12.5,9.74489771368773,-96.7369151290948));
#7349=CARTESIAN_POINT('',(12.7504638218924,9.99536153558013,-96.7369151290948));
#7350=CARTESIAN_POINT('Origin',(12.7504638218924,9.99536153558013,-96.7369151290948));
#7351=CARTESIAN_POINT('',(16.9990723562152,9.99536153558013,38.));
#7352=CARTESIAN_POINT('',(-9.6747680890538,9.99536153558013,38.));
#7353=CARTESIAN_POINT('',(16.9990723562152,9.99536153558013,-96.7369151290948));
#7354=CARTESIAN_POINT('Origin',(16.9990723562152,9.99536153558013,-96.7369151290948));
#7355=CARTESIAN_POINT('',(16.9990723562152,10.9972168231497,38.));
#7356=CARTESIAN_POINT('',(16.9990723562152,4.99768076779007,38.));
#7357=CARTESIAN_POINT('',(16.9990723562152,10.9972168231497,-96.7369151290948));
#7358=CARTESIAN_POINT('Ctrl Pts',(17.2495361781076,11.2430424261182,-96.7369151290948));
#7359=CARTESIAN_POINT('Ctrl Pts',(17.2495361781076,11.2430424261182,172.736915129095));
#7360=CARTESIAN_POINT('Ctrl Pts',(16.9990723562152,11.2430424261182,-96.7369151290948));
#7361=CARTESIAN_POINT('Ctrl Pts',(16.9990723562152,11.2430424261182,172.736915129095));
#7362=CARTESIAN_POINT('Ctrl Pts',(16.9990723562152,10.9972168231497,-96.7369151290948));
#7363=CARTESIAN_POINT('Ctrl Pts',(16.9990723562152,10.9972168231497,172.736915129095));
#7364=CARTESIAN_POINT('',(17.2495361781076,11.2430424261182,38.));
#7365=CARTESIAN_POINT('Ctrl Pts',(16.9990723562152,10.9972168231497,38.));
#7366=CARTESIAN_POINT('Ctrl Pts',(16.9990723562152,11.2430424261182,38.));
#7367=CARTESIAN_POINT('Ctrl Pts',(17.2495361781076,11.2430424261182,38.));
#7368=CARTESIAN_POINT('',(17.2495361781076,11.2430424261182,-96.7369151290948));
#7369=CARTESIAN_POINT('Ctrl Pts',(17.5,10.9972168231497,-96.7369151290948));
#7370=CARTESIAN_POINT('Ctrl Pts',(17.5,10.9972168231497,172.736915129095));
#7371=CARTESIAN_POINT('Ctrl Pts',(17.5,11.2430424261182,-96.7369151290948));
#7372=CARTESIAN_POINT('Ctrl Pts',(17.5,11.2430424261182,172.736915129095));
#7373=CARTESIAN_POINT('Ctrl Pts',(17.2495361781076,11.2430424261182,-96.7369151290948));
#7374=CARTESIAN_POINT('Ctrl Pts',(17.2495361781076,11.2430424261182,172.736915129095));
#7375=CARTESIAN_POINT('',(17.5,10.9972168231497,38.));
#7376=CARTESIAN_POINT('Ctrl Pts',(17.2495361781076,11.2430424261182,38.));
#7377=CARTESIAN_POINT('Ctrl Pts',(17.5,11.2430424261182,38.));
#7378=CARTESIAN_POINT('Ctrl Pts',(17.5,10.9972168231497,38.));
#7379=CARTESIAN_POINT('',(17.5,10.9972168231497,-96.7369151290948));
#7380=CARTESIAN_POINT('Origin',(17.5,10.9972168231497,-96.7369151290948));
#7381=CARTESIAN_POINT('',(17.5,8.49257860422577,38.));
#7382=CARTESIAN_POINT('',(17.5,5.49860841157485,38.));
#7383=CARTESIAN_POINT('',(17.5,8.49257860422577,-96.7369151290948));
#7384=CARTESIAN_POINT('Ctrl Pts',(17.2495361781076,8.24675300125731,-96.7369151290948));
#7385=CARTESIAN_POINT('Ctrl Pts',(17.2495361781076,8.24675300125731,172.736915129095));
#7386=CARTESIAN_POINT('Ctrl Pts',(17.5,8.24675300125731,-96.7369151290948));
#7387=CARTESIAN_POINT('Ctrl Pts',(17.5,8.24675300125731,172.736915129095));
#7388=CARTESIAN_POINT('Ctrl Pts',(17.5,8.49257860422577,-96.7369151290948));
#7389=CARTESIAN_POINT('Ctrl Pts',(17.5,8.49257860422577,172.736915129095));
#7390=CARTESIAN_POINT('',(17.2495361781076,8.24675300125731,38.));
#7391=CARTESIAN_POINT('Ctrl Pts',(17.5,8.49257860422577,38.));
#7392=CARTESIAN_POINT('Ctrl Pts',(17.5,8.24675300125731,38.));
#7393=CARTESIAN_POINT('Ctrl Pts',(17.2495361781076,8.24675300125731,38.));
#7394=CARTESIAN_POINT('',(17.2495361781076,8.24675300125731,-96.7369151290948));
#7395=CARTESIAN_POINT('Ctrl Pts',(16.9990723562152,8.49257860422577,-96.7369151290948));
#7396=CARTESIAN_POINT('Ctrl Pts',(16.9990723562152,8.49257860422577,172.736915129095));
#7397=CARTESIAN_POINT('Ctrl Pts',(16.9990723562152,8.24675300125731,-96.7369151290948));
#7398=CARTESIAN_POINT('Ctrl Pts',(16.9990723562152,8.24675300125731,172.736915129095));
#7399=CARTESIAN_POINT('Ctrl Pts',(17.2495361781076,8.24675300125731,-96.7369151290948));
#7400=CARTESIAN_POINT('Ctrl Pts',(17.2495361781076,8.24675300125731,172.736915129095));
#7401=CARTESIAN_POINT('',(16.9990723562152,8.49257860422577,38.));
#7402=CARTESIAN_POINT('Ctrl Pts',(17.2495361781076,8.24675300125731,38.));
#7403=CARTESIAN_POINT('Ctrl Pts',(16.9990723562152,8.24675300125731,38.));
#7404=CARTESIAN_POINT('Ctrl Pts',(16.9990723562152,8.49257860422577,38.));
#7405=CARTESIAN_POINT('',(16.9990723562152,8.49257860422577,-96.7369151290948));
#7406=CARTESIAN_POINT('Origin',(16.9990723562152,8.49257860422577,-96.7369151290948));
#7407=CARTESIAN_POINT('',(16.9990723562152,9.49443389179534,38.));
#7408=CARTESIAN_POINT('',(16.9990723562152,4.24628930211288,38.));
#7409=CARTESIAN_POINT('',(16.9990723562152,9.49443389179534,-96.7369151290948));
#7410=CARTESIAN_POINT('Origin',(16.9990723562152,9.49443389179534,-96.7369151290948));
#7411=CARTESIAN_POINT('',(12.7504638218924,9.49443389179534,38.));
#7412=CARTESIAN_POINT('',(-7.55046382189239,9.49443389179534,38.));
#7413=CARTESIAN_POINT('',(12.7504638218924,9.49443389179534,-96.7369151290948));
#7414=CARTESIAN_POINT('Ctrl Pts',(12.5,9.74489771368773,-96.7369151290948));
#7415=CARTESIAN_POINT('Ctrl Pts',(12.5,9.74489771368773,172.736915129095));
#7416=CARTESIAN_POINT('Ctrl Pts',(12.5,9.49443389179534,-96.7369151290948));
#7417=CARTESIAN_POINT('Ctrl Pts',(12.5,9.49443389179534,172.736915129095));
#7418=CARTESIAN_POINT('Ctrl Pts',(12.7504638218924,9.49443389179534,-96.7369151290948));
#7419=CARTESIAN_POINT('Ctrl Pts',(12.7504638218924,9.49443389179534,172.736915129095));
#7420=CARTESIAN_POINT('Ctrl Pts',(12.7504638218924,9.49443389179534,38.));
#7421=CARTESIAN_POINT('Ctrl Pts',(12.5,9.49443389179534,38.));
#7422=CARTESIAN_POINT('Ctrl Pts',(12.5,9.74489771368773,38.));
#7423=CARTESIAN_POINT('Origin',(12.5,5.49628917936491,-96.7369151290948));
#7424=CARTESIAN_POINT('',(12.5,5.49628917936491,38.));
#7425=CARTESIAN_POINT('',(12.5,6.99443389179534,38.));
#7426=CARTESIAN_POINT('',(12.5,2.74814458968246,38.));
#7427=CARTESIAN_POINT('',(12.5,5.49628917936491,37.8));
#7428=CARTESIAN_POINT('',(12.5,5.49628917936491,-96.7369151290948));
#7429=CARTESIAN_POINT('',(12.5,6.99443389179534,37.8));
#7430=CARTESIAN_POINT('',(12.5,2.74814458968246,37.8));
#7431=CARTESIAN_POINT('',(12.5,6.99443389179534,-96.7369151290948));
#7432=CARTESIAN_POINT('Ctrl Pts',(12.5,5.49628917936491,-96.7369151290948));
#7433=CARTESIAN_POINT('Ctrl Pts',(12.5,5.49628917936491,172.736915129095));
#7434=CARTESIAN_POINT('Ctrl Pts',(12.5,4.9768086598844,-96.7369151290948));
#7435=CARTESIAN_POINT('Ctrl Pts',(12.5,4.9768086598844,172.736915129095));
#7436=CARTESIAN_POINT('Ctrl Pts',(13.2328385899814,4.24860828882688,-96.7369151290948));
#7437=CARTESIAN_POINT('Ctrl Pts',(13.2328385899814,4.24860828882688,172.736915129095));
#7438=CARTESIAN_POINT('Ctrl Pts',(13.752319109462,4.24860828882688,-96.7369151290948));
#7439=CARTESIAN_POINT('Ctrl Pts',(13.752319109462,4.24860828882688,172.736915129095));
#7440=CARTESIAN_POINT('',(13.752319109462,4.24860828882688,38.));
#7441=CARTESIAN_POINT('Ctrl Pts',(13.752319109462,4.24860828882688,38.));
#7442=CARTESIAN_POINT('Ctrl Pts',(13.2328385899814,4.24860828882688,38.));
#7443=CARTESIAN_POINT('Ctrl Pts',(12.5,4.9768086598844,38.));
#7444=CARTESIAN_POINT('Ctrl Pts',(12.5,5.49628917936491,38.));
#7445=CARTESIAN_POINT('',(13.752319109462,4.24860828882688,37.8));
#7446=CARTESIAN_POINT('',(13.752319109462,4.24860828882688,-96.7369151290948));
#7447=CARTESIAN_POINT('Ctrl Pts',(13.752319109462,4.24860828882688,37.8));
#7448=CARTESIAN_POINT('Ctrl Pts',(13.4059987631416,4.24860828882688,37.8));
#7449=CARTESIAN_POINT('Ctrl Pts',(13.1106988249845,4.36997501733647,37.8));
#7450=CARTESIAN_POINT('Ctrl Pts',(12.8664192949907,4.61270847435564,37.8));
#7451=CARTESIAN_POINT('Ctrl Pts',(12.6221397649969,4.85544193137481,37.8));
#7452=CARTESIAN_POINT('Ctrl Pts',(12.5,5.14996883304457,37.8));
#7453=CARTESIAN_POINT('Ctrl Pts',(12.5,5.49628917936491,37.8));
#7454=CARTESIAN_POINT('Origin',(16.252319109462,4.24860828882688,-96.7369151290948));
#7455=CARTESIAN_POINT('',(16.252319109462,4.24860828882688,38.));
#7456=CARTESIAN_POINT('',(-7.92384044526902,4.24860828882688,38.));
#7457=CARTESIAN_POINT('',(16.252319109462,4.24860828882688,37.8));
#7458=CARTESIAN_POINT('',(16.252319109462,4.24860828882688,-96.7369151290948));
#7459=CARTESIAN_POINT('',(-7.92384044526902,4.24860828882688,37.8));
#7460=CARTESIAN_POINT('Ctrl Pts',(16.252319109462,4.24860828882688,-96.7369151290948));
#7461=CARTESIAN_POINT('Ctrl Pts',(16.252319109462,4.24860828882688,172.736915129095));
#7462=CARTESIAN_POINT('Ctrl Pts',(16.7764378478664,4.24860828882688,-96.7369151290948));
#7463=CARTESIAN_POINT('Ctrl Pts',(16.7764378478664,4.24860828882688,172.736915129095));
#7464=CARTESIAN_POINT('Ctrl Pts',(17.5,4.97217044096046,-96.7369151290948));
#7465=CARTESIAN_POINT('Ctrl Pts',(17.5,4.97217044096046,172.736915129095));
#7466=CARTESIAN_POINT('Ctrl Pts',(17.5,5.49628917936491,-96.7369151290948));
#7467=CARTESIAN_POINT('Ctrl Pts',(17.5,5.49628917936491,172.736915129095));
#7468=CARTESIAN_POINT('',(17.5,5.49628917936491,38.));
#7469=CARTESIAN_POINT('Ctrl Pts',(17.5,5.49628917936491,38.));
#7470=CARTESIAN_POINT('Ctrl Pts',(17.5,4.97217044096046,38.));
#7471=CARTESIAN_POINT('Ctrl Pts',(16.7764378478664,4.24860828882688,38.));
#7472=CARTESIAN_POINT('Ctrl Pts',(16.252319109462,4.24860828882688,38.));
#7473=CARTESIAN_POINT('',(17.5,5.49628917936491,37.8));
#7474=CARTESIAN_POINT('',(17.5,5.49628917936491,-96.7369151290948));
#7475=CARTESIAN_POINT('Ctrl Pts',(17.5,5.49628917936491,37.8));
#7476=CARTESIAN_POINT('Ctrl Pts',(17.5,5.14687668709528,37.8));
#7477=CARTESIAN_POINT('Ctrl Pts',(17.3794063079777,4.8515767489382,37.8));
#7478=CARTESIAN_POINT('Ctrl Pts',(17.1382189239332,4.61038936489367,37.8));
#7479=CARTESIAN_POINT('Ctrl Pts',(16.8970315398887,4.36920198084914,37.8));
#7480=CARTESIAN_POINT('Ctrl Pts',(16.6017316017316,4.24860828882688,37.8));
#7481=CARTESIAN_POINT('Ctrl Pts',(16.252319109462,4.24860828882688,37.8));
#7482=CARTESIAN_POINT('Origin',(13.0009276437848,6.74397006990294,-96.7369151290948));
#7483=CARTESIAN_POINT('',(16.9990723562152,6.74397006990294,38.));
#7484=CARTESIAN_POINT('',(13.0009276437848,6.74397006990294,38.));
#7485=CARTESIAN_POINT('',(-9.54953617810761,6.74397006990294,38.));
#7486=CARTESIAN_POINT('',(16.9990723562152,6.74397006990294,37.8));
#7487=CARTESIAN_POINT('',(16.9990723562152,6.74397006990294,-96.7369151290948));
#7488=CARTESIAN_POINT('',(13.0009276437848,6.74397006990294,37.8));
#7489=CARTESIAN_POINT('',(-9.54953617810761,6.74397006990294,37.8));
#7490=CARTESIAN_POINT('',(13.0009276437848,6.74397006990294,-96.7369151290948));
#7491=CARTESIAN_POINT('Origin',(13.0009276437848,5.49628917936491,-96.7369151290948));
#7492=CARTESIAN_POINT('',(13.0009276437848,5.49628917936491,38.));
#7493=CARTESIAN_POINT('',(13.0009276437848,2.74814458968246,38.));
#7494=CARTESIAN_POINT('',(13.0009276437848,5.49628917936491,37.8));
#7495=CARTESIAN_POINT('',(13.0009276437848,2.74814458968246,37.8));
#7496=CARTESIAN_POINT('',(13.0009276437848,5.49628917936491,-96.7369151290948));
#7497=CARTESIAN_POINT('Ctrl Pts',(13.0009276437848,5.49628917936491,-96.7369151290948));
#7498=CARTESIAN_POINT('Ctrl Pts',(13.0009276437848,5.49628917936491,172.736915129095));
#7499=CARTESIAN_POINT('Ctrl Pts',(13.0009276437848,5.18552851146139,-96.7369151290948));
#7500=CARTESIAN_POINT('Ctrl Pts',(13.0009276437848,5.18552851146139,172.736915129095));
#7501=CARTESIAN_POINT('Ctrl Pts',(13.4415584415584,4.74953593261167,-96.7369151290948));
#7502=CARTESIAN_POINT('Ctrl Pts',(13.4415584415584,4.74953593261167,172.736915129095));
#7503=CARTESIAN_POINT('Ctrl Pts',(13.752319109462,4.74953593261167,-96.7369151290948));
#7504=CARTESIAN_POINT('Ctrl Pts',(13.752319109462,4.74953593261167,172.736915129095));
#7505=CARTESIAN_POINT('',(13.752319109462,4.74953593261167,38.));
#7506=CARTESIAN_POINT('Ctrl Pts',(13.0009276437848,5.49628917936491,38.));
#7507=CARTESIAN_POINT('Ctrl Pts',(13.0009276437848,5.18552851146139,38.));
#7508=CARTESIAN_POINT('Ctrl Pts',(13.4415584415584,4.74953593261167,38.));
#7509=CARTESIAN_POINT('Ctrl Pts',(13.752319109462,4.74953593261167,38.));
#7510=CARTESIAN_POINT('',(13.752319109462,4.74953593261167,37.8));
#7511=CARTESIAN_POINT('Ctrl Pts',(13.0009276437848,5.49628917936491,37.8));
#7512=CARTESIAN_POINT('Ctrl Pts',(13.0009276437848,5.28911540076256,37.8));
#7513=CARTESIAN_POINT('Ctrl Pts',(13.0743661100804,5.1128630816531,37.8));
#7514=CARTESIAN_POINT('Ctrl Pts',(13.2212430426716,4.96753222203653,37.8));
#7515=CARTESIAN_POINT('Ctrl Pts',(13.3681199752628,4.82220136241995,37.8));
#7516=CARTESIAN_POINT('Ctrl Pts',(13.5451453308596,4.74953593261167,37.8));
#7517=CARTESIAN_POINT('Ctrl Pts',(13.752319109462,4.74953593261167,37.8));
#7518=CARTESIAN_POINT('',(13.752319109462,4.74953593261167,-96.7369151290948));
#7519=CARTESIAN_POINT('Origin',(17.5,6.99443389179534,-96.7369151290948));
#7520=CARTESIAN_POINT('',(17.5,6.99443389179534,38.));
#7521=CARTESIAN_POINT('',(17.5,3.49721694589767,38.));
#7522=CARTESIAN_POINT('',(17.5,6.99443389179534,37.8));
#7523=CARTESIAN_POINT('',(17.5,6.99443389179534,-96.7369151290948));
#7524=CARTESIAN_POINT('',(17.5,3.49721694589767,37.8));
#7525=CARTESIAN_POINT('Ctrl Pts',(17.5,6.99443389179534,-96.7369151290948));
#7526=CARTESIAN_POINT('Ctrl Pts',(17.5,6.99443389179534,172.736915129095));
#7527=CARTESIAN_POINT('Ctrl Pts',(17.5,7.24489771368773,-96.7369151290948));
#7528=CARTESIAN_POINT('Ctrl Pts',(17.5,7.24489771368773,172.736915129095));
#7529=CARTESIAN_POINT('Ctrl Pts',(17.2495361781076,7.24489771368773,-96.7369151290948));
#7530=CARTESIAN_POINT('Ctrl Pts',(17.2495361781076,7.24489771368773,172.736915129095));
#7531=CARTESIAN_POINT('',(17.2495361781076,7.24489771368773,38.));
#7532=CARTESIAN_POINT('Ctrl Pts',(17.2495361781076,7.24489771368773,38.));
#7533=CARTESIAN_POINT('Ctrl Pts',(17.5,7.24489771368773,38.));
#7534=CARTESIAN_POINT('Ctrl Pts',(17.5,6.99443389179534,38.));
#7535=CARTESIAN_POINT('',(17.2495361781076,7.24489771368773,37.8));
#7536=CARTESIAN_POINT('',(17.2495361781076,7.24489771368773,-96.7369151290948));
#7537=CARTESIAN_POINT('Ctrl Pts',(17.2495361781076,7.24489771368773,37.8));
#7538=CARTESIAN_POINT('Ctrl Pts',(17.4165120593692,7.24489771368773,37.8));
#7539=CARTESIAN_POINT('Ctrl Pts',(17.5,7.16140977305694,37.8));
#7540=CARTESIAN_POINT('Ctrl Pts',(17.5,6.99443389179534,37.8));
#7541=CARTESIAN_POINT('Origin',(12.7504638218924,7.24489771368773,-96.7369151290948));
#7542=CARTESIAN_POINT('',(12.7504638218924,7.24489771368773,38.));
#7543=CARTESIAN_POINT('',(-9.6747680890538,7.24489771368773,38.));
#7544=CARTESIAN_POINT('',(12.7504638218924,7.24489771368773,37.8));
#7545=CARTESIAN_POINT('',(12.7504638218924,7.24489771368773,-96.7369151290948));
#7546=CARTESIAN_POINT('',(-9.6747680890538,7.24489771368773,37.8));
#7547=CARTESIAN_POINT('Ctrl Pts',(12.7504638218924,7.24489771368773,-96.7369151290948));
#7548=CARTESIAN_POINT('Ctrl Pts',(12.7504638218924,7.24489771368773,172.736915129095));
#7549=CARTESIAN_POINT('Ctrl Pts',(12.5,7.24489771368773,-96.7369151290948));
#7550=CARTESIAN_POINT('Ctrl Pts',(12.5,7.24489771368773,172.736915129095));
#7551=CARTESIAN_POINT('Ctrl Pts',(12.5,6.99443389179534,-96.7369151290948));
#7552=CARTESIAN_POINT('Ctrl Pts',(12.5,6.99443389179534,172.736915129095));
#7553=CARTESIAN_POINT('Ctrl Pts',(12.5,6.99443389179534,38.));
#7554=CARTESIAN_POINT('Ctrl Pts',(12.5,7.24489771368773,38.));
#7555=CARTESIAN_POINT('Ctrl Pts',(12.7504638218924,7.24489771368773,38.));
#7556=CARTESIAN_POINT('Ctrl Pts',(12.5,6.99443389179534,37.8));
#7557=CARTESIAN_POINT('Ctrl Pts',(12.5,7.16140977305694,37.8));
#7558=CARTESIAN_POINT('Ctrl Pts',(12.5834879406308,7.24489771368773,37.8));
#7559=CARTESIAN_POINT('Ctrl Pts',(12.7504638218924,7.24489771368773,37.8));
#7560=CARTESIAN_POINT('Origin',(16.9990723562152,6.74397006990294,-96.7369151290948));
#7561=CARTESIAN_POINT('',(16.9990723562152,5.49628917936491,38.));
#7562=CARTESIAN_POINT('',(16.9990723562152,3.37198503495147,38.));
#7563=CARTESIAN_POINT('',(16.9990723562152,5.49628917936491,37.8));
#7564=CARTESIAN_POINT('',(16.9990723562152,5.49628917936491,-96.7369151290948));
#7565=CARTESIAN_POINT('',(16.9990723562152,3.37198503495147,37.8));
#7566=CARTESIAN_POINT('Ctrl Pts',(16.247680890538,4.74953593261167,-96.7369151290948));
#7567=CARTESIAN_POINT('Ctrl Pts',(16.247680890538,4.74953593261167,172.736915129095));
#7568=CARTESIAN_POINT('Ctrl Pts',(16.5584415584416,4.74953593261167,-96.7369151290948));
#7569=CARTESIAN_POINT('Ctrl Pts',(16.5584415584416,4.74953593261167,172.736915129095));
#7570=CARTESIAN_POINT('Ctrl Pts',(16.9990723562152,5.18552851146139,-96.7369151290948));
#7571=CARTESIAN_POINT('Ctrl Pts',(16.9990723562152,5.18552851146139,172.736915129095));
#7572=CARTESIAN_POINT('Ctrl Pts',(16.9990723562152,5.49628917936491,-96.7369151290948));
#7573=CARTESIAN_POINT('Ctrl Pts',(16.9990723562152,5.49628917936491,172.736915129095));
#7574=CARTESIAN_POINT('',(16.247680890538,4.74953593261167,38.));
#7575=CARTESIAN_POINT('Ctrl Pts',(16.247680890538,4.74953593261167,38.));
#7576=CARTESIAN_POINT('Ctrl Pts',(16.5584415584416,4.74953593261167,38.));
#7577=CARTESIAN_POINT('Ctrl Pts',(16.9990723562152,5.18552851146139,38.));
#7578=CARTESIAN_POINT('Ctrl Pts',(16.9990723562152,5.49628917936491,38.));
#7579=CARTESIAN_POINT('',(16.247680890538,4.74953593261167,37.8));
#7580=CARTESIAN_POINT('',(16.247680890538,4.74953593261167,-96.7369151290948));
#7581=CARTESIAN_POINT('Ctrl Pts',(16.247680890538,4.74953593261167,37.8));
#7582=CARTESIAN_POINT('Ctrl Pts',(16.4548546691404,4.74953593261167,37.8));
#7583=CARTESIAN_POINT('Ctrl Pts',(16.6318800247372,4.82220136241995,37.8));
#7584=CARTESIAN_POINT('Ctrl Pts',(16.7787569573284,4.96753222203653,37.8));
#7585=CARTESIAN_POINT('Ctrl Pts',(16.9256338899196,5.1128630816531,37.8));
#7586=CARTESIAN_POINT('Ctrl Pts',(16.9990723562152,5.28911540076256,37.8));
#7587=CARTESIAN_POINT('Ctrl Pts',(16.9990723562152,5.49628917936491,37.8));
#7588=CARTESIAN_POINT('Origin',(16.247680890538,4.74953593261167,-96.7369151290948));
#7589=CARTESIAN_POINT('',(-7.92615955473098,4.74953593261167,38.));
#7590=CARTESIAN_POINT('',(-7.92615955473098,4.74953593261167,37.8));
#7591=CARTESIAN_POINT('Origin',(-32.1,0.,37.8));
#7592=CARTESIAN_POINT('Origin',(-32.1,0.,37.8));
#7593=CARTESIAN_POINT('',(17.5,-3.50185553306551,37.8));
#7594=CARTESIAN_POINT('',(17.2495361781076,-3.75231935495791,37.8));
#7595=CARTESIAN_POINT('Ctrl Pts',(17.5,-3.50185553306551,37.8));
#7596=CARTESIAN_POINT('Ctrl Pts',(17.5,-3.52663533089632,37.8));
#7597=CARTESIAN_POINT('Ctrl Pts',(17.4981612961827,-3.55183021068382,37.8));
#7598=CARTESIAN_POINT('Ctrl Pts',(17.4894146439463,-3.59728285237534,37.8));
#7599=CARTESIAN_POINT('Ctrl Pts',(17.4831590642522,-3.61803209267494,37.8));
#7600=CARTESIAN_POINT('Ctrl Pts',(17.4637115769487,-3.65883852035673,37.8));
#7601=CARTESIAN_POINT('Ctrl Pts',(17.4502116642236,-3.67790529764031,37.8));
#7602=CARTESIAN_POINT('Ctrl Pts',(17.4138117357495,-3.71181453583547,37.8));
#7603=CARTESIAN_POINT('Ctrl Pts',(17.3915219491432,-3.72474085124199,37.8));
#7604=CARTESIAN_POINT('Ctrl Pts',(17.3300804259176,-3.74765310147587,37.8));
#7605=CARTESIAN_POINT('Ctrl Pts',(17.2890115321238,-3.75231935495791,37.8));
#7606=CARTESIAN_POINT('Ctrl Pts',(17.2495361781076,-3.75231935495791,37.8));
#7607=CARTESIAN_POINT('',(17.2495361781076,-3.25139171117312,37.8));
#7608=CARTESIAN_POINT('Ctrl Pts',(17.2495361781076,-3.25139171117312,37.8));
#7609=CARTESIAN_POINT('Ctrl Pts',(17.4165120593692,-3.25139171117312,37.8));
#7610=CARTESIAN_POINT('Ctrl Pts',(17.5,-3.33487965180392,37.8));
#7611=CARTESIAN_POINT('Ctrl Pts',(17.5,-3.50185553306551,37.8));
#7612=CARTESIAN_POINT('',(12.7504638218924,-3.25139171117312,37.8));
#7613=CARTESIAN_POINT('',(-9.6747680890538,-3.25139171117312,37.8));
#7614=CARTESIAN_POINT('',(12.5,-3.50185553306551,37.8));
#7615=CARTESIAN_POINT('Ctrl Pts',(12.5,-3.50185553306551,37.8));
#7616=CARTESIAN_POINT('Ctrl Pts',(12.5,-3.33487965180392,37.8));
#7617=CARTESIAN_POINT('Ctrl Pts',(12.5834879406308,-3.25139171117312,37.8));
#7618=CARTESIAN_POINT('Ctrl Pts',(12.7504638218924,-3.25139171117312,37.8));
#7619=CARTESIAN_POINT('',(12.5,-5.50092788928073,37.8));
#7620=CARTESIAN_POINT('',(12.5,-2.75046394464036,37.8));
#7621=CARTESIAN_POINT('',(12.7504638218924,-5.75139171117312,37.8));
#7622=CARTESIAN_POINT('Ctrl Pts',(12.7504638218924,-5.75139171117312,37.8));
#7623=CARTESIAN_POINT('Ctrl Pts',(12.5834879406308,-5.75139171117312,37.8));
#7624=CARTESIAN_POINT('Ctrl Pts',(12.5,-5.66790377054232,37.8));
#7625=CARTESIAN_POINT('Ctrl Pts',(12.5,-5.50092788928073,37.8));
#7626=CARTESIAN_POINT('',(13.0009276437848,-5.50092788928073,37.8));
#7627=CARTESIAN_POINT('Ctrl Pts',(13.0009276437848,-5.50092788928073,37.8));
#7628=CARTESIAN_POINT('Ctrl Pts',(13.0009276437848,-5.66790377054232,37.8));
#7629=CARTESIAN_POINT('Ctrl Pts',(12.917439703154,-5.75139171117312,37.8));
#7630=CARTESIAN_POINT('Ctrl Pts',(12.7504638218924,-5.75139171117312,37.8));
#7631=CARTESIAN_POINT('',(13.0009276437848,-3.75231935495791,37.8));
#7632=CARTESIAN_POINT('',(13.0009276437848,-1.87615967747895,37.8));
#7633=CARTESIAN_POINT('',(-7.4252319109462,-3.75231935495791,37.8));
#7634=CARTESIAN_POINT('Origin',(12.5,-5.50092788928073,-96.7369151290948));
#7635=CARTESIAN_POINT('',(12.5,-5.50092788928073,38.));
#7636=CARTESIAN_POINT('',(12.5,-3.50185553306551,38.));
#7637=CARTESIAN_POINT('',(12.5,-2.75046394464036,38.));
#7638=CARTESIAN_POINT('',(12.5,-5.50092788928073,-96.7369151290948));
#7639=CARTESIAN_POINT('',(12.5,-3.50185553306551,-96.7369151290948));
#7640=CARTESIAN_POINT('Ctrl Pts',(12.7504638218924,-3.25139171117312,-96.7369151290948));
#7641=CARTESIAN_POINT('Ctrl Pts',(12.7504638218924,-3.25139171117312,172.736915129095));
#7642=CARTESIAN_POINT('Ctrl Pts',(12.5,-3.25139171117312,-96.7369151290948));
#7643=CARTESIAN_POINT('Ctrl Pts',(12.5,-3.25139171117312,172.736915129095));
#7644=CARTESIAN_POINT('Ctrl Pts',(12.5,-3.50185553306551,-96.7369151290948));
#7645=CARTESIAN_POINT('Ctrl Pts',(12.5,-3.50185553306551,172.736915129095));
#7646=CARTESIAN_POINT('',(12.7504638218924,-3.25139171117312,38.));
#7647=CARTESIAN_POINT('Ctrl Pts',(12.5,-3.50185553306551,38.));
#7648=CARTESIAN_POINT('Ctrl Pts',(12.5,-3.25139171117312,38.));
#7649=CARTESIAN_POINT('Ctrl Pts',(12.7504638218924,-3.25139171117312,38.));
#7650=CARTESIAN_POINT('',(12.7504638218924,-3.25139171117312,-96.7369151290948));
#7651=CARTESIAN_POINT('Origin',(12.7504638218924,-3.25139171117312,-96.7369151290948));
#7652=CARTESIAN_POINT('',(17.2495361781076,-3.25139171117312,38.));
#7653=CARTESIAN_POINT('',(-9.6747680890538,-3.25139171117312,38.));
#7654=CARTESIAN_POINT('',(17.2495361781076,-3.25139171117312,-96.7369151290948));
#7655=CARTESIAN_POINT('Ctrl Pts',(17.5,-3.50185553306551,-96.7369151290948));
#7656=CARTESIAN_POINT('Ctrl Pts',(17.5,-3.50185553306551,172.736915129095));
#7657=CARTESIAN_POINT('Ctrl Pts',(17.5,-3.25139171117312,-96.7369151290948));
#7658=CARTESIAN_POINT('Ctrl Pts',(17.5,-3.25139171117312,172.736915129095));
#7659=CARTESIAN_POINT('Ctrl Pts',(17.2495361781076,-3.25139171117312,-96.7369151290948));
#7660=CARTESIAN_POINT('Ctrl Pts',(17.2495361781076,-3.25139171117312,172.736915129095));
#7661=CARTESIAN_POINT('',(17.5,-3.50185553306551,38.));
#7662=CARTESIAN_POINT('Ctrl Pts',(17.2495361781076,-3.25139171117312,38.));
#7663=CARTESIAN_POINT('Ctrl Pts',(17.5,-3.25139171117312,38.));
#7664=CARTESIAN_POINT('Ctrl Pts',(17.5,-3.50185553306551,38.));
#7665=CARTESIAN_POINT('',(17.5,-3.50185553306551,-96.7369151290948));
#7666=CARTESIAN_POINT('Ctrl Pts',(17.2495361781076,-3.75231935495791,-96.7369151290948));
#7667=CARTESIAN_POINT('Ctrl Pts',(17.2495361781076,-3.75231935495791,172.736915129095));
#7668=CARTESIAN_POINT('Ctrl Pts',(17.5,-3.75231935495791,-96.7369151290948));
#7669=CARTESIAN_POINT('Ctrl Pts',(17.5,-3.75231935495791,172.736915129095));
#7670=CARTESIAN_POINT('Ctrl Pts',(17.5,-3.50185553306551,-96.7369151290948));
#7671=CARTESIAN_POINT('Ctrl Pts',(17.5,-3.50185553306551,172.736915129095));
#7672=CARTESIAN_POINT('',(17.2495361781076,-3.75231935495791,38.));
#7673=CARTESIAN_POINT('Ctrl Pts',(17.5,-3.50185553306551,38.));
#7674=CARTESIAN_POINT('Ctrl Pts',(17.5,-3.75231935495791,38.));
#7675=CARTESIAN_POINT('Ctrl Pts',(17.2495361781076,-3.75231935495791,38.));
#7676=CARTESIAN_POINT('',(17.2495361781076,-3.75231935495791,-96.7369151290948));
#7677=CARTESIAN_POINT('Origin',(17.2495361781076,-3.75231935495791,-96.7369151290948));
#7678=CARTESIAN_POINT('',(13.0009276437848,-3.75231935495791,38.));
#7679=CARTESIAN_POINT('',(-7.4252319109462,-3.75231935495791,38.));
#7680=CARTESIAN_POINT('',(13.0009276437848,-3.75231935495791,-96.7369151290948));
#7681=CARTESIAN_POINT('Origin',(13.0009276437848,-3.75231935495791,-96.7369151290948));
#7682=CARTESIAN_POINT('',(13.0009276437848,-5.50092788928073,38.));
#7683=CARTESIAN_POINT('',(13.0009276437848,-1.87615967747895,38.));
#7684=CARTESIAN_POINT('',(13.0009276437848,-5.50092788928073,-96.7369151290948));
#7685=CARTESIAN_POINT('Ctrl Pts',(12.7504638218924,-5.75139171117312,-96.7369151290948));
#7686=CARTESIAN_POINT('Ctrl Pts',(12.7504638218924,-5.75139171117312,172.736915129095));
#7687=CARTESIAN_POINT('Ctrl Pts',(13.0009276437848,-5.75139171117312,-96.7369151290948));
#7688=CARTESIAN_POINT('Ctrl Pts',(13.0009276437848,-5.75139171117312,172.736915129095));
#7689=CARTESIAN_POINT('Ctrl Pts',(13.0009276437848,-5.50092788928073,-96.7369151290948));
#7690=CARTESIAN_POINT('Ctrl Pts',(13.0009276437848,-5.50092788928073,172.736915129095));
#7691=CARTESIAN_POINT('',(12.7504638218924,-5.75139171117312,38.));
#7692=CARTESIAN_POINT('Ctrl Pts',(13.0009276437848,-5.50092788928073,38.));
#7693=CARTESIAN_POINT('Ctrl Pts',(13.0009276437848,-5.75139171117312,38.));
#7694=CARTESIAN_POINT('Ctrl Pts',(12.7504638218924,-5.75139171117312,38.));
#7695=CARTESIAN_POINT('',(12.7504638218924,-5.75139171117312,-96.7369151290948));
#7696=CARTESIAN_POINT('Ctrl Pts',(12.5,-5.50092788928073,-96.7369151290948));
#7697=CARTESIAN_POINT('Ctrl Pts',(12.5,-5.50092788928073,172.736915129095));
#7698=CARTESIAN_POINT('Ctrl Pts',(12.5,-5.75139171117312,-96.7369151290948));
#7699=CARTESIAN_POINT('Ctrl Pts',(12.5,-5.75139171117312,172.736915129095));
#7700=CARTESIAN_POINT('Ctrl Pts',(12.7504638218924,-5.75139171117312,-96.7369151290948));
#7701=CARTESIAN_POINT('Ctrl Pts',(12.7504638218924,-5.75139171117312,172.736915129095));
#7702=CARTESIAN_POINT('Ctrl Pts',(12.7504638218924,-5.75139171117312,38.));
#7703=CARTESIAN_POINT('Ctrl Pts',(12.5,-5.75139171117312,38.));
#7704=CARTESIAN_POINT('Ctrl Pts',(12.5,-5.50092788928073,38.));
#7705=CARTESIAN_POINT('Ctrl Pts',(15.2504638218924,-2.25417464252748,-96.7369151290948));
#7706=CARTESIAN_POINT('Ctrl Pts',(15.2504638218924,-2.25417464252748,172.736915129095));
#7707=CARTESIAN_POINT('Ctrl Pts',(15.5009276437848,-2.25417464252748,-96.7369151290948));
#7708=CARTESIAN_POINT('Ctrl Pts',(15.5009276437848,-2.25417464252748,172.736915129095));
#7709=CARTESIAN_POINT('Ctrl Pts',(15.5009276437848,-2.00371082063509,-96.7369151290948));
#7710=CARTESIAN_POINT('Ctrl Pts',(15.5009276437848,-2.00371082063509,172.736915129095));
#7711=CARTESIAN_POINT('',(15.5009276437848,-2.00371082063509,38.));
#7712=CARTESIAN_POINT('',(15.2504638218924,-2.25417464252748,38.));
#7713=CARTESIAN_POINT('Ctrl Pts',(15.5009276437848,-2.00371082063509,38.));
#7714=CARTESIAN_POINT('Ctrl Pts',(15.5009276437848,-2.25417464252748,38.));
#7715=CARTESIAN_POINT('Ctrl Pts',(15.2504638218924,-2.25417464252748,38.));
#7716=CARTESIAN_POINT('',(15.5009276437848,-2.00371082063509,37.8));
#7717=CARTESIAN_POINT('',(15.5009276437848,-2.00371082063509,-96.7369151290948));
#7718=CARTESIAN_POINT('',(15.2504638218924,-2.25417464252748,37.8));
#7719=CARTESIAN_POINT('Ctrl Pts',(15.5009276437848,-2.00371082063509,37.8));
#7720=CARTESIAN_POINT('Ctrl Pts',(15.5009276437848,-2.17068670189668,37.8));
#7721=CARTESIAN_POINT('Ctrl Pts',(15.417439703154,-2.25417464252748,37.8));
#7722=CARTESIAN_POINT('Ctrl Pts',(15.2504638218924,-2.25417464252748,37.8));
#7723=CARTESIAN_POINT('',(15.2504638218924,-2.25417464252748,-96.7369151290948));
#7724=CARTESIAN_POINT('Origin',(15.5009276437848,-0.25510228631227,-96.7369151290948));
#7725=CARTESIAN_POINT('',(15.5009276437848,-0.25510228631227,38.));
#7726=CARTESIAN_POINT('',(15.5009276437848,-0.127551143156135,38.));
#7727=CARTESIAN_POINT('',(15.5009276437848,-0.25510228631227,37.8));
#7728=CARTESIAN_POINT('',(15.5009276437848,-0.25510228631227,-96.7369151290948));
#7729=CARTESIAN_POINT('',(15.5009276437848,-0.127551143156135,37.8));
#7730=CARTESIAN_POINT('Origin',(16.9990723562152,-0.25510228631227,-96.7369151290948));
#7731=CARTESIAN_POINT('',(16.9990723562152,-0.25510228631227,38.));
#7732=CARTESIAN_POINT('',(-7.55046382189239,-0.25510228631227,38.));
#7733=CARTESIAN_POINT('',(16.9990723562152,-0.25510228631227,37.8));
#7734=CARTESIAN_POINT('',(16.9990723562152,-0.25510228631227,-96.7369151290948));
#7735=CARTESIAN_POINT('',(-7.55046382189239,-0.25510228631227,37.8));
#7736=CARTESIAN_POINT('Origin',(16.9990723562152,-2.00371082063509,-96.7369151290948));
#7737=CARTESIAN_POINT('',(16.9990723562152,-2.00371082063509,38.));
#7738=CARTESIAN_POINT('',(16.9990723562152,-1.00185541031761,38.));
#7739=CARTESIAN_POINT('',(16.9990723562152,-2.00371082063509,37.8));
#7740=CARTESIAN_POINT('',(16.9990723562152,-2.00371082063509,-96.7369151290948));
#7741=CARTESIAN_POINT('',(16.9990723562152,-1.00185541031761,37.8));
#7742=CARTESIAN_POINT('Ctrl Pts',(16.9990723562152,-2.00371082063509,-96.7369151290948));
#7743=CARTESIAN_POINT('Ctrl Pts',(16.9990723562152,-2.00371082063509,172.736915129095));
#7744=CARTESIAN_POINT('Ctrl Pts',(16.9990723562152,-2.25417464252748,-96.7369151290948));
#7745=CARTESIAN_POINT('Ctrl Pts',(16.9990723562152,-2.25417464252748,172.736915129095));
#7746=CARTESIAN_POINT('Ctrl Pts',(17.2495361781076,-2.25417464252748,-96.7369151290948));
#7747=CARTESIAN_POINT('Ctrl Pts',(17.2495361781076,-2.25417464252748,172.736915129095));
#7748=CARTESIAN_POINT('',(17.2495361781076,-2.25417464252748,38.));
#7749=CARTESIAN_POINT('Ctrl Pts',(17.2495361781076,-2.25417464252748,38.));
#7750=CARTESIAN_POINT('Ctrl Pts',(16.9990723562152,-2.25417464252748,38.));
#7751=CARTESIAN_POINT('Ctrl Pts',(16.9990723562152,-2.00371082063509,38.));
#7752=CARTESIAN_POINT('',(17.2495361781076,-2.25417464252748,37.8));
#7753=CARTESIAN_POINT('',(17.2495361781076,-2.25417464252748,-96.7369151290948));
#7754=CARTESIAN_POINT('Ctrl Pts',(17.2495361781076,-2.25417464252748,37.8));
#7755=CARTESIAN_POINT('Ctrl Pts',(17.2247563802768,-2.25417464252748,37.8));
#7756=CARTESIAN_POINT('Ctrl Pts',(17.1995615004893,-2.25233593871021,37.8));
#7757=CARTESIAN_POINT('Ctrl Pts',(17.1541088587978,-2.24358928647374,37.8));
#7758=CARTESIAN_POINT('Ctrl Pts',(17.1333596184982,-2.23733370677969,37.8));
#7759=CARTESIAN_POINT('Ctrl Pts',(17.0925531908164,-2.21788621947616,37.8));
#7760=CARTESIAN_POINT('Ctrl Pts',(17.0734864135328,-2.20438630675108,37.8));
#7761=CARTESIAN_POINT('Ctrl Pts',(17.0395771753377,-2.16798637827702,37.8));
#7762=CARTESIAN_POINT('Ctrl Pts',(17.0266508599311,-2.14569659167068,37.8));
#7763=CARTESIAN_POINT('Ctrl Pts',(17.0037386096973,-2.0842550684451,37.8));
#7764=CARTESIAN_POINT('Ctrl Pts',(16.9990723562152,-2.04318617465133,37.8));
#7765=CARTESIAN_POINT('Ctrl Pts',(16.9990723562152,-2.00371082063509,37.8));
#7766=CARTESIAN_POINT('Ctrl Pts',(17.2495361781076,-2.25417464252748,-96.7369151290948));
#7767=CARTESIAN_POINT('Ctrl Pts',(17.2495361781076,-2.25417464252748,172.736915129095));
#7768=CARTESIAN_POINT('Ctrl Pts',(17.5,-2.25417464252748,-96.7369151290948));
#7769=CARTESIAN_POINT('Ctrl Pts',(17.5,-2.25417464252748,172.736915129095));
#7770=CARTESIAN_POINT('Ctrl Pts',(17.5,-2.00371082063509,-96.7369151290948));
#7771=CARTESIAN_POINT('Ctrl Pts',(17.5,-2.00371082063509,172.736915129095));
#7772=CARTESIAN_POINT('',(17.5,-2.00371082063509,38.));
#7773=CARTESIAN_POINT('Ctrl Pts',(17.5,-2.00371082063509,38.));
#7774=CARTESIAN_POINT('Ctrl Pts',(17.5,-2.25417464252748,38.));
#7775=CARTESIAN_POINT('Ctrl Pts',(17.2495361781076,-2.25417464252748,38.));
#7776=CARTESIAN_POINT('',(17.5,-2.00371082063509,37.8));
#7777=CARTESIAN_POINT('',(17.5,-2.00371082063509,-96.7369151290948));
#7778=CARTESIAN_POINT('Ctrl Pts',(17.5,-2.00371082063509,37.8));
#7779=CARTESIAN_POINT('Ctrl Pts',(17.5,-2.17068670189668,37.8));
#7780=CARTESIAN_POINT('Ctrl Pts',(17.4165120593692,-2.25417464252748,37.8));
#7781=CARTESIAN_POINT('Ctrl Pts',(17.2495361781076,-2.25417464252748,37.8));
#7782=CARTESIAN_POINT('Origin',(17.5,-0.00463846441987493,-96.7369151290948));
#7783=CARTESIAN_POINT('',(17.5,-0.00463846441987493,38.));
#7784=CARTESIAN_POINT('',(17.5,-0.00231923220999256,38.));
#7785=CARTESIAN_POINT('',(17.5,-0.00463846441987493,37.8));
#7786=CARTESIAN_POINT('',(17.5,-0.00463846441987493,-96.7369151290948));
#7787=CARTESIAN_POINT('',(17.5,-0.00231923220999256,37.8));
#7788=CARTESIAN_POINT('Ctrl Pts',(17.5,-0.00463846441987492,-96.7369151290948));
#7789=CARTESIAN_POINT('Ctrl Pts',(17.5,-0.00463846441987492,172.736915129095));
#7790=CARTESIAN_POINT('Ctrl Pts',(17.5,0.24582535747252,-96.7369151290948));
#7791=CARTESIAN_POINT('Ctrl Pts',(17.5,0.24582535747252,172.736915129095));
#7792=CARTESIAN_POINT('Ctrl Pts',(17.2495361781076,0.24582535747252,-96.7369151290948));
#7793=CARTESIAN_POINT('Ctrl Pts',(17.2495361781076,0.24582535747252,172.736915129095));
#7794=CARTESIAN_POINT('',(17.2495361781076,0.24582535747252,38.));
#7795=CARTESIAN_POINT('Ctrl Pts',(17.2495361781076,0.24582535747252,38.));
#7796=CARTESIAN_POINT('Ctrl Pts',(17.5,0.24582535747252,38.));
#7797=CARTESIAN_POINT('Ctrl Pts',(17.5,-0.00463846441987492,38.));
#7798=CARTESIAN_POINT('',(17.2495361781076,0.24582535747252,37.8));
#7799=CARTESIAN_POINT('',(17.2495361781076,0.24582535747252,-96.7369151290948));
#7800=CARTESIAN_POINT('Ctrl Pts',(17.2495361781076,0.24582535747252,37.8));
#7801=CARTESIAN_POINT('Ctrl Pts',(17.4165120593692,0.24582535747252,37.8));
#7802=CARTESIAN_POINT('Ctrl Pts',(17.5,0.162337416841722,37.8));
#7803=CARTESIAN_POINT('Ctrl Pts',(17.5,-0.00463846441987492,37.8));
#7804=CARTESIAN_POINT('Origin',(12.7504638218924,0.24582535747252,-96.7369151290948));
#7805=CARTESIAN_POINT('',(12.7504638218924,0.24582535747252,38.));
#7806=CARTESIAN_POINT('',(-9.6747680890538,0.24582535747252,38.));
#7807=CARTESIAN_POINT('',(12.7504638218924,0.24582535747252,37.8));
#7808=CARTESIAN_POINT('',(12.7504638218924,0.24582535747252,-96.7369151290948));
#7809=CARTESIAN_POINT('',(-9.6747680890538,0.24582535747252,37.8));
#7810=CARTESIAN_POINT('Ctrl Pts',(12.7504638218924,0.24582535747252,-96.7369151290948));
#7811=CARTESIAN_POINT('Ctrl Pts',(12.7504638218924,0.24582535747252,172.736915129095));
#7812=CARTESIAN_POINT('Ctrl Pts',(12.5,0.24582535747252,-96.7369151290948));
#7813=CARTESIAN_POINT('Ctrl Pts',(12.5,0.24582535747252,172.736915129095));
#7814=CARTESIAN_POINT('Ctrl Pts',(12.5,-0.00463846441987492,-96.7369151290948));
#7815=CARTESIAN_POINT('Ctrl Pts',(12.5,-0.00463846441987492,172.736915129095));
#7816=CARTESIAN_POINT('',(12.5,-0.00463846441987491,38.));
#7817=CARTESIAN_POINT('Ctrl Pts',(12.5,-0.00463846441987492,38.));
#7818=CARTESIAN_POINT('Ctrl Pts',(12.5,0.24582535747252,38.));
#7819=CARTESIAN_POINT('Ctrl Pts',(12.7504638218924,0.24582535747252,38.));
#7820=CARTESIAN_POINT('',(12.5,-0.00463846441987491,37.8));
#7821=CARTESIAN_POINT('',(12.5,-0.00463846441987491,-96.7369151290948));
#7822=CARTESIAN_POINT('Ctrl Pts',(12.5,-0.00463846441987492,37.8));
#7823=CARTESIAN_POINT('Ctrl Pts',(12.5,0.162337416841722,37.8));
#7824=CARTESIAN_POINT('Ctrl Pts',(12.5834879406308,0.24582535747252,37.8));
#7825=CARTESIAN_POINT('Ctrl Pts',(12.7504638218924,0.24582535747252,37.8));
#7826=CARTESIAN_POINT('Ctrl Pts',(12.5,-0.00463846441987492,-96.7369151290948));
#7827=CARTESIAN_POINT('Ctrl Pts',(12.5,-0.00463846441987492,172.736915129095));
#7828=CARTESIAN_POINT('Ctrl Pts',(12.5,-0.25510228631227,-96.7369151290948));
#7829=CARTESIAN_POINT('Ctrl Pts',(12.5,-0.25510228631227,172.736915129095));
#7830=CARTESIAN_POINT('Ctrl Pts',(12.7504638218924,-0.25510228631227,-96.7369151290948));
#7831=CARTESIAN_POINT('Ctrl Pts',(12.7504638218924,-0.25510228631227,172.736915129095));
#7832=CARTESIAN_POINT('',(12.7504638218924,-0.25510228631227,38.));
#7833=CARTESIAN_POINT('Ctrl Pts',(12.7504638218924,-0.25510228631227,38.));
#7834=CARTESIAN_POINT('Ctrl Pts',(12.5,-0.25510228631227,38.));
#7835=CARTESIAN_POINT('Ctrl Pts',(12.5,-0.00463846441987492,38.));
#7836=CARTESIAN_POINT('',(12.7504638218924,-0.25510228631227,37.8));
#7837=CARTESIAN_POINT('',(12.7504638218924,-0.25510228631227,-96.7369151290948));
#7838=CARTESIAN_POINT('Ctrl Pts',(12.7504638218924,-0.25510228631227,37.8));
#7839=CARTESIAN_POINT('Ctrl Pts',(12.5834879406308,-0.25510228631227,37.8));
#7840=CARTESIAN_POINT('Ctrl Pts',(12.5,-0.171614345681471,37.8));
#7841=CARTESIAN_POINT('Ctrl Pts',(12.5,-0.00463846441987492,37.8));
#7842=CARTESIAN_POINT('Origin',(15.,-0.25510228631227,-96.7369151290948));
#7843=CARTESIAN_POINT('',(15.,-0.25510228631227,38.));
#7844=CARTESIAN_POINT('',(-8.55,-0.25510228631227,38.));
#7845=CARTESIAN_POINT('',(15.,-0.25510228631227,37.8));
#7846=CARTESIAN_POINT('',(15.,-0.25510228631227,-96.7369151290948));
#7847=CARTESIAN_POINT('',(-8.55,-0.25510228631227,37.8));
#7848=CARTESIAN_POINT('Origin',(15.,-2.00371082063509,-96.7369151290948));
#7849=CARTESIAN_POINT('',(15.,-2.00371082063509,38.));
#7850=CARTESIAN_POINT('',(15.,-1.00185541031754,38.));
#7851=CARTESIAN_POINT('',(15.,-2.00371082063509,37.8));
#7852=CARTESIAN_POINT('',(15.,-2.00371082063509,-96.7369151290948));
#7853=CARTESIAN_POINT('',(15.,-1.00185541031754,37.8));
#7854=CARTESIAN_POINT('Ctrl Pts',(15.,-2.00371082063509,-96.7369151290948));
#7855=CARTESIAN_POINT('Ctrl Pts',(15.,-2.00371082063509,172.736915129095));
#7856=CARTESIAN_POINT('Ctrl Pts',(15.,-2.25417464252748,-96.7369151290948));
#7857=CARTESIAN_POINT('Ctrl Pts',(15.,-2.25417464252748,172.736915129095));
#7858=CARTESIAN_POINT('Ctrl Pts',(15.2504638218924,-2.25417464252748,-96.7369151290948));
#7859=CARTESIAN_POINT('Ctrl Pts',(15.2504638218924,-2.25417464252748,172.736915129095));
#7860=CARTESIAN_POINT('Ctrl Pts',(15.2504638218924,-2.25417464252748,38.));
#7861=CARTESIAN_POINT('Ctrl Pts',(15.,-2.25417464252748,38.));
#7862=CARTESIAN_POINT('Ctrl Pts',(15.,-2.00371082063509,38.));
#7863=CARTESIAN_POINT('Ctrl Pts',(15.2504638218924,-2.25417464252748,37.8));
#7864=CARTESIAN_POINT('Ctrl Pts',(15.0834879406308,-2.25417464252748,37.8));
#7865=CARTESIAN_POINT('Ctrl Pts',(15.,-2.17068670189668,37.8));
#7866=CARTESIAN_POINT('Ctrl Pts',(15.,-2.00371082063509,37.8));
#7867=CARTESIAN_POINT('Origin',(-32.1,0.,37.8));
#7868=CARTESIAN_POINT('Origin',(-32.1,0.,37.8));
#7869=CARTESIAN_POINT('',(-17.5,13.4925786042258,37.8));
#7870=CARTESIAN_POINT('',(-16.9526901669759,15.1298698843742,37.8));
#7871=CARTESIAN_POINT('Ctrl Pts',(-17.5,13.4925786042258,37.8));
#7872=CARTESIAN_POINT('Ctrl Pts',(-17.5,14.1079156481342,37.8));
#7873=CARTESIAN_POINT('Ctrl Pts',(-17.317563388992,14.6536794081837,37.8));
#7874=CARTESIAN_POINT('Ctrl Pts',(-16.9526901669759,15.1298698843742,37.8));
#7875=CARTESIAN_POINT('',(-16.252319109462,12.2448977136877,37.8));
#7876=CARTESIAN_POINT('Ctrl Pts',(-16.252319109462,12.2448977136877,37.8));
#7877=CARTESIAN_POINT('Ctrl Pts',(-16.595547309833,12.2448977136877,37.8));
#7878=CARTESIAN_POINT('Ctrl Pts',(-16.8893011750155,12.3670374786846,37.8));
#7879=CARTESIAN_POINT('Ctrl Pts',(-17.1335807050093,12.6113170086785,37.8));
#7880=CARTESIAN_POINT('Ctrl Pts',(-17.3778602350031,12.8555965386723,37.8));
#7881=CARTESIAN_POINT('Ctrl Pts',(-17.5,13.1493504038547,37.8));
#7882=CARTESIAN_POINT('Ctrl Pts',(-17.5,13.4925786042258,37.8));
#7883=CARTESIAN_POINT('',(-15.1345083487941,12.9313541144298,37.8));
#7884=CARTESIAN_POINT('Ctrl Pts',(-15.1345083487941,12.9313541144298,37.8));
#7885=CARTESIAN_POINT('Ctrl Pts',(-15.36951144094,12.4737165139351,37.8));
#7886=CARTESIAN_POINT('Ctrl Pts',(-15.7421150278293,12.2448977136877,37.8));
#7887=CARTESIAN_POINT('Ctrl Pts',(-16.252319109462,12.2448977136877,37.8));
#7888=CARTESIAN_POINT('',(-14.4155844155844,14.3320962294577,37.8));
#7889=CARTESIAN_POINT('',(-19.1702620961878,5.06814358724976,37.8));
#7890=CARTESIAN_POINT('',(-13.752319109462,14.7402594947638,37.8));
#7891=CARTESIAN_POINT('Ctrl Pts',(-13.752319109462,14.7402594947638,37.8));
#7892=CARTESIAN_POINT('Ctrl Pts',(-14.0553494124923,14.7402594947638,37.8));
#7893=CARTESIAN_POINT('Ctrl Pts',(-14.2764378478664,14.6042050729951,37.8));
#7894=CARTESIAN_POINT('Ctrl Pts',(-14.4155844155844,14.3320962294577,37.8));
#7895=CARTESIAN_POINT('',(-13.0009276437848,13.9935062480106,37.8));
#7896=CARTESIAN_POINT('Ctrl Pts',(-13.0009276437848,13.9935062480106,37.8));
#7897=CARTESIAN_POINT('Ctrl Pts',(-13.0009276437848,14.2006800266129,37.8));
#7898=CARTESIAN_POINT('Ctrl Pts',(-13.0743661100804,14.3769323457224,37.8));
#7899=CARTESIAN_POINT('Ctrl Pts',(-13.2212430426716,14.5222632053389,37.8));
#7900=CARTESIAN_POINT('Ctrl Pts',(-13.3681199752628,14.6675940649555,37.8));
#7901=CARTESIAN_POINT('Ctrl Pts',(-13.5451453308596,14.7402594947638,37.8));
#7902=CARTESIAN_POINT('Ctrl Pts',(-13.752319109462,14.7402594947638,37.8));
#7903=CARTESIAN_POINT('',(-13.2235621521336,12.852504392723,37.8));
#7904=CARTESIAN_POINT('Ctrl Pts',(-13.2235621521336,12.852504392723,37.8));
#7905=CARTESIAN_POINT('Ctrl Pts',(-13.0751391465677,13.2359304904348,37.8));
#7906=CARTESIAN_POINT('Ctrl Pts',(-13.0009276437848,13.6162644421973,37.8));
#7907=CARTESIAN_POINT('Ctrl Pts',(-13.0009276437848,13.9935062480106,37.8));
#7908=CARTESIAN_POINT('',(-13.2513914656772,12.7458253574725,37.8));
#7909=CARTESIAN_POINT('Ctrl Pts',(-13.2513914656772,12.7458253574725,37.8));
#7910=CARTESIAN_POINT('Ctrl Pts',(-13.2513914656772,12.7705625250668,37.8));
#7911=CARTESIAN_POINT('Ctrl Pts',(-13.2421150278293,12.8061222034837,37.8));
#7912=CARTESIAN_POINT('Ctrl Pts',(-13.2235621521336,12.852504392723,37.8));
#7913=CARTESIAN_POINT('',(-13.0009276437848,12.4953615355801,37.8));
#7914=CARTESIAN_POINT('Ctrl Pts',(-13.0009276437848,12.4953615355801,37.8));
#7915=CARTESIAN_POINT('Ctrl Pts',(-13.0689548546691,12.4953615355801,37.8));
#7916=CARTESIAN_POINT('Ctrl Pts',(-13.1277056277056,12.5200987031744,37.8));
#7917=CARTESIAN_POINT('Ctrl Pts',(-13.1771799628942,12.5695730383631,37.8));
#7918=CARTESIAN_POINT('Ctrl Pts',(-13.2266542980829,12.6190473735517,37.8));
#7919=CARTESIAN_POINT('Ctrl Pts',(-13.2513914656772,12.6777981465882,37.8));
#7920=CARTESIAN_POINT('Ctrl Pts',(-13.2513914656772,12.7458253574725,37.8));
#7921=CARTESIAN_POINT('',(-12.7736549165121,12.643784541146,37.8));
#7922=CARTESIAN_POINT('Ctrl Pts',(-12.7736549165121,12.643784541146,37.8));
#7923=CARTESIAN_POINT('Ctrl Pts',(-12.8324056895485,12.5448358707687,37.8));
#7924=CARTESIAN_POINT('Ctrl Pts',(-12.9081632653061,12.4953615355801,37.8));
#7925=CARTESIAN_POINT('Ctrl Pts',(-13.0009276437848,12.4953615355801,37.8));
#7926=CARTESIAN_POINT('',(-12.5,13.9935062480106,37.8));
#7927=CARTESIAN_POINT('Ctrl Pts',(-12.5,13.9935062480106,37.8));
#7928=CARTESIAN_POINT('Ctrl Pts',(-12.5,13.4029063716964,37.8));
#7929=CARTESIAN_POINT('Ctrl Pts',(-12.591218305504,12.9529991360749,37.8));
#7930=CARTESIAN_POINT('Ctrl Pts',(-12.7736549165121,12.643784541146,37.8));
#7931=CARTESIAN_POINT('',(-13.747680890538,15.2411871385486,37.8));
#7932=CARTESIAN_POINT('Ctrl Pts',(-13.747680890538,15.2411871385486,37.8));
#7933=CARTESIAN_POINT('Ctrl Pts',(-13.404452690167,15.2411871385486,37.8));
#7934=CARTESIAN_POINT('Ctrl Pts',(-13.1106988249845,15.1190473735517,37.8));
#7935=CARTESIAN_POINT('Ctrl Pts',(-12.8664192949907,14.8747678435579,37.8));
#7936=CARTESIAN_POINT('Ctrl Pts',(-12.6221397649969,14.630488313564,37.8));
#7937=CARTESIAN_POINT('Ctrl Pts',(-12.5,14.3367344483816,37.8));
#7938=CARTESIAN_POINT('Ctrl Pts',(-12.5,13.9935062480106,37.8));
#7939=CARTESIAN_POINT('',(-14.860853432282,14.5640071756543,37.8));
#7940=CARTESIAN_POINT('Ctrl Pts',(-14.860853432282,14.5640071756543,37.8));
#7941=CARTESIAN_POINT('Ctrl Pts',(-14.6289424860853,15.0154604842505,37.8));
#7942=CARTESIAN_POINT('Ctrl Pts',(-14.2578849721707,15.2411871385486,37.8));
#7943=CARTESIAN_POINT('Ctrl Pts',(-13.747680890538,15.2411871385486,37.8));
#7944=CARTESIAN_POINT('',(-15.5797773654916,13.1632650606265,37.8));
#7945=CARTESIAN_POINT('',(-19.9756793792295,4.59834629837605,37.8));
#7946=CARTESIAN_POINT('',(-16.247680890538,12.7458253574725,37.8));
#7947=CARTESIAN_POINT('Ctrl Pts',(-16.247680890538,12.7458253574725,37.8));
#7948=CARTESIAN_POINT('Ctrl Pts',(-15.9446505875077,12.7458253574725,37.8));
#7949=CARTESIAN_POINT('Ctrl Pts',(-15.7220160791589,12.8849719251905,37.8));
#7950=CARTESIAN_POINT('Ctrl Pts',(-15.5797773654916,13.1632650606265,37.8));
#7951=CARTESIAN_POINT('',(-16.9990723562152,13.4925786042258,37.8));
#7952=CARTESIAN_POINT('Ctrl Pts',(-16.9990723562152,13.4925786042258,37.8));
#7953=CARTESIAN_POINT('Ctrl Pts',(-16.9990723562152,13.2884969715727,37.8));
#7954=CARTESIAN_POINT('Ctrl Pts',(-16.9256338899196,13.1130176889506,37.8));
#7955=CARTESIAN_POINT('Ctrl Pts',(-16.7787569573284,12.9661407563593,37.8));
#7956=CARTESIAN_POINT('Ctrl Pts',(-16.6318800247372,12.8192638237681,37.8));
#7957=CARTESIAN_POINT('Ctrl Pts',(-16.4548546691404,12.7458253574725,37.8));
#7958=CARTESIAN_POINT('Ctrl Pts',(-16.247680890538,12.7458253574725,37.8));
#7959=CARTESIAN_POINT('',(-16.8923933209647,14.1604821292722,37.8));
#7960=CARTESIAN_POINT('Ctrl Pts',(-16.8923933209647,14.1604821292722,37.8));
#7961=CARTESIAN_POINT('Ctrl Pts',(-16.9635126777984,13.9564004966191,37.8));
#7962=CARTESIAN_POINT('Ctrl Pts',(-16.9990723562152,13.7337659882703,37.8));
#7963=CARTESIAN_POINT('Ctrl Pts',(-16.9990723562152,13.4925786042258,37.8));
#7964=CARTESIAN_POINT('',(-16.5445269016698,14.8469385300143,37.8));
#7965=CARTESIAN_POINT('Ctrl Pts',(-16.5445269016698,14.8469385300143,37.8));
#7966=CARTESIAN_POINT('Ctrl Pts',(-16.6341991341991,14.7016076703977,37.8));
#7967=CARTESIAN_POINT('Ctrl Pts',(-16.7501546072975,14.4727888701503,37.8));
#7968=CARTESIAN_POINT('Ctrl Pts',(-16.8923933209647,14.1604821292722,37.8));
#7969=CARTESIAN_POINT('',(-16.4981447124304,14.9907233166562,37.8));
#7970=CARTESIAN_POINT('Ctrl Pts',(-16.4981447124304,14.9907233166562,37.8));
#7971=CARTESIAN_POINT('Ctrl Pts',(-16.4981447124304,14.9505254193154,37.8));
#7972=CARTESIAN_POINT('Ctrl Pts',(-16.5136054421769,14.9025971571015,37.8));
#7973=CARTESIAN_POINT('Ctrl Pts',(-16.5445269016698,14.8469385300143,37.8));
#7974=CARTESIAN_POINT('',(-16.7486085343228,15.2411871385486,37.8));
#7975=CARTESIAN_POINT('Ctrl Pts',(-16.7486085343228,15.2411871385486,37.8));
#7976=CARTESIAN_POINT('Ctrl Pts',(-16.6805813234385,15.2411871385486,37.8));
#7977=CARTESIAN_POINT('Ctrl Pts',(-16.621830550402,15.2164499709543,37.8));
#7978=CARTESIAN_POINT('Ctrl Pts',(-16.5723562152134,15.1669756357657,37.8));
#7979=CARTESIAN_POINT('Ctrl Pts',(-16.5228818800247,15.117501300577,37.8));
#7980=CARTESIAN_POINT('Ctrl Pts',(-16.4981447124304,15.0587505275405,37.8));
#7981=CARTESIAN_POINT('Ctrl Pts',(-16.4981447124304,14.9907233166562,37.8));
#7982=CARTESIAN_POINT('Ctrl Pts',(-16.9526901669759,15.1298698843742,37.8));
#7983=CARTESIAN_POINT('Ctrl Pts',(-16.8970315398887,15.2040813871571,37.8));
#7984=CARTESIAN_POINT('Ctrl Pts',(-16.8290043290043,15.2411871385486,37.8));
#7985=CARTESIAN_POINT('Ctrl Pts',(-16.7486085343228,15.2411871385486,37.8));
#7986=CARTESIAN_POINT('Ctrl Pts',(-12.7736549165121,12.643784541146,-96.7369151290948));
#7987=CARTESIAN_POINT('Ctrl Pts',(-12.7736549165121,12.643784541146,172.736915129095));
#7988=CARTESIAN_POINT('Ctrl Pts',(-12.5,13.1076064335393,-96.7369151290948));
#7989=CARTESIAN_POINT('Ctrl Pts',(-12.5,13.1076064335393,172.736915129095));
#7990=CARTESIAN_POINT('Ctrl Pts',(-12.5,13.9935062480106,-96.7369151290948));
#7991=CARTESIAN_POINT('Ctrl Pts',(-12.5,13.9935062480106,172.736915129095));
#7992=CARTESIAN_POINT('',(-12.5,13.9935062480106,38.));
#7993=CARTESIAN_POINT('',(-12.7736549165121,12.643784541146,38.));
#7994=CARTESIAN_POINT('Ctrl Pts',(-12.5,13.9935062480106,38.));
#7995=CARTESIAN_POINT('Ctrl Pts',(-12.5,13.1076064335393,38.));
#7996=CARTESIAN_POINT('Ctrl Pts',(-12.7736549165121,12.643784541146,38.));
#7997=CARTESIAN_POINT('',(-12.5,13.9935062480106,-96.7369151290948));
#7998=CARTESIAN_POINT('',(-12.7736549165121,12.643784541146,-96.7369151290948));
#7999=CARTESIAN_POINT('Ctrl Pts',(-13.0009276437848,12.4953615355801,-96.7369151290948));
#8000=CARTESIAN_POINT('Ctrl Pts',(-13.0009276437848,12.4953615355801,172.736915129095));
#8001=CARTESIAN_POINT('Ctrl Pts',(-12.8617810760668,12.4953615355801,-96.7369151290948));
#8002=CARTESIAN_POINT('Ctrl Pts',(-12.8617810760668,12.4953615355801,172.736915129095));
#8003=CARTESIAN_POINT('Ctrl Pts',(-12.7736549165121,12.643784541146,-96.7369151290948));
#8004=CARTESIAN_POINT('Ctrl Pts',(-12.7736549165121,12.643784541146,172.736915129095));
#8005=CARTESIAN_POINT('',(-13.0009276437848,12.4953615355801,38.));
#8006=CARTESIAN_POINT('Ctrl Pts',(-12.7736549165121,12.643784541146,38.));
#8007=CARTESIAN_POINT('Ctrl Pts',(-12.8617810760668,12.4953615355801,38.));
#8008=CARTESIAN_POINT('Ctrl Pts',(-13.0009276437848,12.4953615355801,38.));
#8009=CARTESIAN_POINT('',(-13.0009276437848,12.4953615355801,-96.7369151290948));
#8010=CARTESIAN_POINT('Ctrl Pts',(-13.2513914656772,12.7458253574725,-96.7369151290948));
#8011=CARTESIAN_POINT('Ctrl Pts',(-13.2513914656772,12.7458253574725,172.736915129095));
#8012=CARTESIAN_POINT('Ctrl Pts',(-13.2513914656772,12.643784541146,-96.7369151290948));
#8013=CARTESIAN_POINT('Ctrl Pts',(-13.2513914656772,12.643784541146,172.736915129095));
#8014=CARTESIAN_POINT('Ctrl Pts',(-13.1029684601113,12.4953615355801,-96.7369151290948));
#8015=CARTESIAN_POINT('Ctrl Pts',(-13.1029684601113,12.4953615355801,172.736915129095));
#8016=CARTESIAN_POINT('Ctrl Pts',(-13.0009276437848,12.4953615355801,-96.7369151290948));
#8017=CARTESIAN_POINT('Ctrl Pts',(-13.0009276437848,12.4953615355801,172.736915129095));
#8018=CARTESIAN_POINT('',(-13.2513914656772,12.7458253574725,38.));
#8019=CARTESIAN_POINT('Ctrl Pts',(-13.0009276437848,12.4953615355801,38.));
#8020=CARTESIAN_POINT('Ctrl Pts',(-13.1029684601113,12.4953615355801,38.));
#8021=CARTESIAN_POINT('Ctrl Pts',(-13.2513914656772,12.643784541146,38.));
#8022=CARTESIAN_POINT('Ctrl Pts',(-13.2513914656772,12.7458253574725,38.));
#8023=CARTESIAN_POINT('',(-13.2513914656772,12.7458253574725,-96.7369151290948));
#8024=CARTESIAN_POINT('Ctrl Pts',(-13.2235621521336,12.852504392723,-96.7369151290948));
#8025=CARTESIAN_POINT('Ctrl Pts',(-13.2235621521336,12.852504392723,172.736915129095));
#8026=CARTESIAN_POINT('Ctrl Pts',(-13.2513914656772,12.782931108864,-96.7369151290948));
#8027=CARTESIAN_POINT('Ctrl Pts',(-13.2513914656772,12.782931108864,172.736915129095));
#8028=CARTESIAN_POINT('Ctrl Pts',(-13.2513914656772,12.7458253574725,-96.7369151290948));
#8029=CARTESIAN_POINT('Ctrl Pts',(-13.2513914656772,12.7458253574725,172.736915129095));
#8030=CARTESIAN_POINT('',(-13.2235621521336,12.852504392723,38.));
#8031=CARTESIAN_POINT('Ctrl Pts',(-13.2513914656772,12.7458253574725,38.));
#8032=CARTESIAN_POINT('Ctrl Pts',(-13.2513914656772,12.782931108864,38.));
#8033=CARTESIAN_POINT('Ctrl Pts',(-13.2235621521336,12.852504392723,38.));
#8034=CARTESIAN_POINT('',(-13.2235621521336,12.852504392723,-96.7369151290948));
#8035=CARTESIAN_POINT('Ctrl Pts',(-13.0009276437848,13.9935062480106,-96.7369151290948));
#8036=CARTESIAN_POINT('Ctrl Pts',(-13.0009276437848,13.9935062480106,172.736915129095));
#8037=CARTESIAN_POINT('Ctrl Pts',(-13.0009276437848,13.4276435392907,-96.7369151290948));
#8038=CARTESIAN_POINT('Ctrl Pts',(-13.0009276437848,13.4276435392907,172.736915129095));
#8039=CARTESIAN_POINT('Ctrl Pts',(-13.2235621521336,12.852504392723,-96.7369151290948));
#8040=CARTESIAN_POINT('Ctrl Pts',(-13.2235621521336,12.852504392723,172.736915129095));
#8041=CARTESIAN_POINT('',(-13.0009276437848,13.9935062480106,38.));
#8042=CARTESIAN_POINT('Ctrl Pts',(-13.2235621521336,12.852504392723,38.));
#8043=CARTESIAN_POINT('Ctrl Pts',(-13.0009276437848,13.4276435392907,38.));
#8044=CARTESIAN_POINT('Ctrl Pts',(-13.0009276437848,13.9935062480106,38.));
#8045=CARTESIAN_POINT('',(-13.0009276437848,13.9935062480106,-96.7369151290948));
#8046=CARTESIAN_POINT('Ctrl Pts',(-13.752319109462,14.7402594947638,-96.7369151290948));
#8047=CARTESIAN_POINT('Ctrl Pts',(-13.752319109462,14.7402594947638,172.736915129095));
#8048=CARTESIAN_POINT('Ctrl Pts',(-13.4415584415584,14.7402594947638,-96.7369151290948));
#8049=CARTESIAN_POINT('Ctrl Pts',(-13.4415584415584,14.7402594947638,172.736915129095));
#8050=CARTESIAN_POINT('Ctrl Pts',(-13.0009276437848,14.3042669159141,-96.7369151290948));
#8051=CARTESIAN_POINT('Ctrl Pts',(-13.0009276437848,14.3042669159141,172.736915129095));
#8052=CARTESIAN_POINT('Ctrl Pts',(-13.0009276437848,13.9935062480106,-96.7369151290948));
#8053=CARTESIAN_POINT('Ctrl Pts',(-13.0009276437848,13.9935062480106,172.736915129095));
#8054=CARTESIAN_POINT('',(-13.752319109462,14.7402594947638,38.));
#8055=CARTESIAN_POINT('Ctrl Pts',(-13.0009276437848,13.9935062480106,38.));
#8056=CARTESIAN_POINT('Ctrl Pts',(-13.0009276437848,14.3042669159141,38.));
#8057=CARTESIAN_POINT('Ctrl Pts',(-13.4415584415584,14.7402594947638,38.));
#8058=CARTESIAN_POINT('Ctrl Pts',(-13.752319109462,14.7402594947638,38.));
#8059=CARTESIAN_POINT('',(-13.752319109462,14.7402594947638,-96.7369151290948));
#8060=CARTESIAN_POINT('Ctrl Pts',(-14.4155844155844,14.3320962294577,-96.7369151290948));
#8061=CARTESIAN_POINT('Ctrl Pts',(-14.4155844155844,14.3320962294577,172.736915129095));
#8062=CARTESIAN_POINT('Ctrl Pts',(-14.2068645640074,14.7402594947638,-96.7369151290948));
#8063=CARTESIAN_POINT('Ctrl Pts',(-14.2068645640074,14.7402594947638,172.736915129095));
#8064=CARTESIAN_POINT('Ctrl Pts',(-13.752319109462,14.7402594947638,-96.7369151290948));
#8065=CARTESIAN_POINT('Ctrl Pts',(-13.752319109462,14.7402594947638,172.736915129095));
#8066=CARTESIAN_POINT('',(-14.4155844155844,14.3320962294577,38.));
#8067=CARTESIAN_POINT('Ctrl Pts',(-13.752319109462,14.7402594947638,38.));
#8068=CARTESIAN_POINT('Ctrl Pts',(-14.2068645640074,14.7402594947638,38.));
#8069=CARTESIAN_POINT('Ctrl Pts',(-14.4155844155844,14.3320962294577,38.));
#8070=CARTESIAN_POINT('',(-14.4155844155844,14.3320962294577,-96.7369151290948));
#8071=CARTESIAN_POINT('Origin',(-14.4155844155844,14.3320962294577,-96.7369151290948));
#8072=CARTESIAN_POINT('',(-15.1345083487941,12.9313541144298,38.));
#8073=CARTESIAN_POINT('',(-19.1702620961878,5.06814358724976,38.));
#8074=CARTESIAN_POINT('',(-15.1345083487941,12.9313541144298,-96.7369151290948));
#8075=CARTESIAN_POINT('Ctrl Pts',(-16.252319109462,12.2448977136877,-96.7369151290948));
#8076=CARTESIAN_POINT('Ctrl Pts',(-16.252319109462,12.2448977136877,172.736915129095));
#8077=CARTESIAN_POINT('Ctrl Pts',(-15.487012987013,12.2448977136877,-96.7369151290948));
#8078=CARTESIAN_POINT('Ctrl Pts',(-15.487012987013,12.2448977136877,172.736915129095));
#8079=CARTESIAN_POINT('Ctrl Pts',(-15.1345083487941,12.9313541144298,-96.7369151290948));
#8080=CARTESIAN_POINT('Ctrl Pts',(-15.1345083487941,12.9313541144298,172.736915129095));
#8081=CARTESIAN_POINT('',(-16.252319109462,12.2448977136877,38.));
#8082=CARTESIAN_POINT('Ctrl Pts',(-15.1345083487941,12.9313541144298,38.));
#8083=CARTESIAN_POINT('Ctrl Pts',(-15.487012987013,12.2448977136877,38.));
#8084=CARTESIAN_POINT('Ctrl Pts',(-16.252319109462,12.2448977136877,38.));
#8085=CARTESIAN_POINT('',(-16.252319109462,12.2448977136877,-96.7369151290948));
#8086=CARTESIAN_POINT('Ctrl Pts',(-17.5,13.4925786042258,-96.7369151290948));
#8087=CARTESIAN_POINT('Ctrl Pts',(-17.5,13.4925786042258,172.736915129095));
#8088=CARTESIAN_POINT('Ctrl Pts',(-17.5,12.9777363036692,-96.7369151290948));
#8089=CARTESIAN_POINT('Ctrl Pts',(-17.5,12.9777363036692,172.736915129095));
#8090=CARTESIAN_POINT('Ctrl Pts',(-16.7671614100186,12.2448977136877,-96.7369151290948));
#8091=CARTESIAN_POINT('Ctrl Pts',(-16.7671614100186,12.2448977136877,172.736915129095));
#8092=CARTESIAN_POINT('Ctrl Pts',(-16.252319109462,12.2448977136877,-96.7369151290948));
#8093=CARTESIAN_POINT('Ctrl Pts',(-16.252319109462,12.2448977136877,172.736915129095));
#8094=CARTESIAN_POINT('',(-17.5,13.4925786042258,38.));
#8095=CARTESIAN_POINT('Ctrl Pts',(-16.252319109462,12.2448977136877,38.));
#8096=CARTESIAN_POINT('Ctrl Pts',(-16.7671614100186,12.2448977136877,38.));
#8097=CARTESIAN_POINT('Ctrl Pts',(-17.5,12.9777363036692,38.));
#8098=CARTESIAN_POINT('Ctrl Pts',(-17.5,13.4925786042258,38.));
#8099=CARTESIAN_POINT('',(-17.5,13.4925786042258,-96.7369151290948));
#8100=CARTESIAN_POINT('Ctrl Pts',(-16.9526901669759,15.1298698843742,-96.7369151290948));
#8101=CARTESIAN_POINT('Ctrl Pts',(-16.9526901669759,15.1298698843742,172.736915129095));
#8102=CARTESIAN_POINT('Ctrl Pts',(-17.5,14.4155841700885,-96.7369151290948));
#8103=CARTESIAN_POINT('Ctrl Pts',(-17.5,14.4155841700885,172.736915129095));
#8104=CARTESIAN_POINT('Ctrl Pts',(-17.5,13.4925786042258,-96.7369151290948));
#8105=CARTESIAN_POINT('Ctrl Pts',(-17.5,13.4925786042258,172.736915129095));
#8106=CARTESIAN_POINT('',(-16.9526901669759,15.1298698843742,38.));
#8107=CARTESIAN_POINT('Ctrl Pts',(-17.5,13.4925786042258,38.));
#8108=CARTESIAN_POINT('Ctrl Pts',(-17.5,14.4155841700885,38.));
#8109=CARTESIAN_POINT('Ctrl Pts',(-16.9526901669759,15.1298698843742,38.));
#8110=CARTESIAN_POINT('',(-16.9526901669759,15.1298698843742,-96.7369151290948));
#8111=CARTESIAN_POINT('Ctrl Pts',(-16.7486085343228,15.2411871385486,-96.7369151290948));
#8112=CARTESIAN_POINT('Ctrl Pts',(-16.7486085343228,15.2411871385486,172.736915129095));
#8113=CARTESIAN_POINT('Ctrl Pts',(-16.8692022263451,15.2411871385486,-96.7369151290948));
#8114=CARTESIAN_POINT('Ctrl Pts',(-16.8692022263451,15.2411871385486,172.736915129095));
#8115=CARTESIAN_POINT('Ctrl Pts',(-16.9526901669759,15.1298698843742,-96.7369151290948));
#8116=CARTESIAN_POINT('Ctrl Pts',(-16.9526901669759,15.1298698843742,172.736915129095));
#8117=CARTESIAN_POINT('',(-16.7486085343228,15.2411871385486,38.));
#8118=CARTESIAN_POINT('Ctrl Pts',(-16.9526901669759,15.1298698843742,38.));
#8119=CARTESIAN_POINT('Ctrl Pts',(-16.8692022263451,15.2411871385486,38.));
#8120=CARTESIAN_POINT('Ctrl Pts',(-16.7486085343228,15.2411871385486,38.));
#8121=CARTESIAN_POINT('',(-16.7486085343228,15.2411871385486,-96.7369151290948));
#8122=CARTESIAN_POINT('Ctrl Pts',(-16.4981447124304,14.9907233166562,-96.7369151290948));
#8123=CARTESIAN_POINT('Ctrl Pts',(-16.4981447124304,14.9907233166562,172.736915129095));
#8124=CARTESIAN_POINT('Ctrl Pts',(-16.4981447124304,15.0927641329827,-96.7369151290948));
#8125=CARTESIAN_POINT('Ctrl Pts',(-16.4981447124304,15.0927641329827,172.736915129095));
#8126=CARTESIAN_POINT('Ctrl Pts',(-16.6465677179963,15.2411871385486,-96.7369151290948));
#8127=CARTESIAN_POINT('Ctrl Pts',(-16.6465677179963,15.2411871385486,172.736915129095));
#8128=CARTESIAN_POINT('Ctrl Pts',(-16.7486085343228,15.2411871385486,-96.7369151290948));
#8129=CARTESIAN_POINT('Ctrl Pts',(-16.7486085343228,15.2411871385486,172.736915129095));
#8130=CARTESIAN_POINT('',(-16.4981447124304,14.9907233166562,38.));
#8131=CARTESIAN_POINT('Ctrl Pts',(-16.7486085343228,15.2411871385486,38.));
#8132=CARTESIAN_POINT('Ctrl Pts',(-16.6465677179963,15.2411871385486,38.));
#8133=CARTESIAN_POINT('Ctrl Pts',(-16.4981447124304,15.0927641329827,38.));
#8134=CARTESIAN_POINT('Ctrl Pts',(-16.4981447124304,14.9907233166562,38.));
#8135=CARTESIAN_POINT('',(-16.4981447124304,14.9907233166562,-96.7369151290948));
#8136=CARTESIAN_POINT('Ctrl Pts',(-16.5445269016698,14.8469385300143,-96.7369151290948));
#8137=CARTESIAN_POINT('Ctrl Pts',(-16.5445269016698,14.8469385300143,172.736915129095));
#8138=CARTESIAN_POINT('Ctrl Pts',(-16.4981447124304,14.9304264706451,-96.7369151290948));
#8139=CARTESIAN_POINT('Ctrl Pts',(-16.4981447124304,14.9304264706451,172.736915129095));
#8140=CARTESIAN_POINT('Ctrl Pts',(-16.4981447124304,14.9907233166562,-96.7369151290948));
#8141=CARTESIAN_POINT('Ctrl Pts',(-16.4981447124304,14.9907233166562,172.736915129095));
#8142=CARTESIAN_POINT('',(-16.5445269016698,14.8469385300143,38.));
#8143=CARTESIAN_POINT('Ctrl Pts',(-16.4981447124304,14.9907233166562,38.));
#8144=CARTESIAN_POINT('Ctrl Pts',(-16.4981447124304,14.9304264706451,38.));
#8145=CARTESIAN_POINT('Ctrl Pts',(-16.5445269016698,14.8469385300143,38.));
#8146=CARTESIAN_POINT('',(-16.5445269016698,14.8469385300143,-96.7369151290948));
#8147=CARTESIAN_POINT('Ctrl Pts',(-16.8923933209647,14.1604821292722,-96.7369151290948));
#8148=CARTESIAN_POINT('Ctrl Pts',(-16.8923933209647,14.1604821292722,172.736915129095));
#8149=CARTESIAN_POINT('Ctrl Pts',(-16.6790352504638,14.6289422405894,-96.7369151290948));
#8150=CARTESIAN_POINT('Ctrl Pts',(-16.6790352504638,14.6289422405894,172.736915129095));
#8151=CARTESIAN_POINT('Ctrl Pts',(-16.5445269016698,14.8469385300143,-96.7369151290948));
#8152=CARTESIAN_POINT('Ctrl Pts',(-16.5445269016698,14.8469385300143,172.736915129095));
#8153=CARTESIAN_POINT('',(-16.8923933209647,14.1604821292722,38.));
#8154=CARTESIAN_POINT('Ctrl Pts',(-16.5445269016698,14.8469385300143,38.));
#8155=CARTESIAN_POINT('Ctrl Pts',(-16.6790352504638,14.6289422405894,38.));
#8156=CARTESIAN_POINT('Ctrl Pts',(-16.8923933209647,14.1604821292722,38.));
#8157=CARTESIAN_POINT('',(-16.8923933209647,14.1604821292722,-96.7369151290948));
#8158=CARTESIAN_POINT('Ctrl Pts',(-16.9990723562152,13.4925786042258,-96.7369151290948));
#8159=CARTESIAN_POINT('Ctrl Pts',(-16.9990723562152,13.4925786042258,172.736915129095));
#8160=CARTESIAN_POINT('Ctrl Pts',(-16.9990723562152,13.8543596802926,-96.7369151290948));
#8161=CARTESIAN_POINT('Ctrl Pts',(-16.9990723562152,13.8543596802926,172.736915129095));
#8162=CARTESIAN_POINT('Ctrl Pts',(-16.8923933209647,14.1604821292722,-96.7369151290948));
#8163=CARTESIAN_POINT('Ctrl Pts',(-16.8923933209647,14.1604821292722,172.736915129095));
#8164=CARTESIAN_POINT('',(-16.9990723562152,13.4925786042258,38.));
#8165=CARTESIAN_POINT('Ctrl Pts',(-16.8923933209647,14.1604821292722,38.));
#8166=CARTESIAN_POINT('Ctrl Pts',(-16.9990723562152,13.8543596802926,38.));
#8167=CARTESIAN_POINT('Ctrl Pts',(-16.9990723562152,13.4925786042258,38.));
#8168=CARTESIAN_POINT('',(-16.9990723562152,13.4925786042258,-96.7369151290948));
#8169=CARTESIAN_POINT('Ctrl Pts',(-16.247680890538,12.7458253574725,-96.7369151290948));
#8170=CARTESIAN_POINT('Ctrl Pts',(-16.247680890538,12.7458253574725,172.736915129095));
#8171=CARTESIAN_POINT('Ctrl Pts',(-16.5584415584416,12.7458253574725,-96.7369151290948));
#8172=CARTESIAN_POINT('Ctrl Pts',(-16.5584415584416,12.7458253574725,172.736915129095));
#8173=CARTESIAN_POINT('Ctrl Pts',(-16.9990723562152,13.1864561552462,-96.7369151290948));
#8174=CARTESIAN_POINT('Ctrl Pts',(-16.9990723562152,13.1864561552462,172.736915129095));
#8175=CARTESIAN_POINT('Ctrl Pts',(-16.9990723562152,13.4925786042258,-96.7369151290948));
#8176=CARTESIAN_POINT('Ctrl Pts',(-16.9990723562152,13.4925786042258,172.736915129095));
#8177=CARTESIAN_POINT('',(-16.247680890538,12.7458253574725,38.));
#8178=CARTESIAN_POINT('Ctrl Pts',(-16.9990723562152,13.4925786042258,38.));
#8179=CARTESIAN_POINT('Ctrl Pts',(-16.9990723562152,13.1864561552462,38.));
#8180=CARTESIAN_POINT('Ctrl Pts',(-16.5584415584416,12.7458253574725,38.));
#8181=CARTESIAN_POINT('Ctrl Pts',(-16.247680890538,12.7458253574725,38.));
#8182=CARTESIAN_POINT('',(-16.247680890538,12.7458253574725,-96.7369151290948));
#8183=CARTESIAN_POINT('Ctrl Pts',(-15.5797773654916,13.1632650606265,-96.7369151290948));
#8184=CARTESIAN_POINT('Ctrl Pts',(-15.5797773654916,13.1632650606265,172.736915129095));
#8185=CARTESIAN_POINT('Ctrl Pts',(-15.7931354359926,12.7458253574725,-96.7369151290948));
#8186=CARTESIAN_POINT('Ctrl Pts',(-15.7931354359926,12.7458253574725,172.736915129095));
#8187=CARTESIAN_POINT('Ctrl Pts',(-16.247680890538,12.7458253574725,-96.7369151290948));
#8188=CARTESIAN_POINT('Ctrl Pts',(-16.247680890538,12.7458253574725,172.736915129095));
#8189=CARTESIAN_POINT('',(-15.5797773654916,13.1632650606265,38.));
#8190=CARTESIAN_POINT('Ctrl Pts',(-16.247680890538,12.7458253574725,38.));
#8191=CARTESIAN_POINT('Ctrl Pts',(-15.7931354359926,12.7458253574725,38.));
#8192=CARTESIAN_POINT('Ctrl Pts',(-15.5797773654916,13.1632650606265,38.));
#8193=CARTESIAN_POINT('',(-15.5797773654916,13.1632650606265,-96.7369151290948));
#8194=CARTESIAN_POINT('Origin',(-15.5797773654916,13.1632650606265,-96.7369151290948));
#8195=CARTESIAN_POINT('',(-14.860853432282,14.5640071756543,38.));
#8196=CARTESIAN_POINT('',(-19.9756793792295,4.59834629837605,38.));
#8197=CARTESIAN_POINT('',(-14.860853432282,14.5640071756543,-96.7369151290948));
#8198=CARTESIAN_POINT('Ctrl Pts',(-13.747680890538,15.2411871385486,-96.7369151290948));
#8199=CARTESIAN_POINT('Ctrl Pts',(-13.747680890538,15.2411871385486,172.736915129095));
#8200=CARTESIAN_POINT('Ctrl Pts',(-14.512987012987,15.2411871385486,-96.7369151290948));
#8201=CARTESIAN_POINT('Ctrl Pts',(-14.512987012987,15.2411871385486,172.736915129095));
#8202=CARTESIAN_POINT('Ctrl Pts',(-14.860853432282,14.5640071756543,-96.7369151290948));
#8203=CARTESIAN_POINT('Ctrl Pts',(-14.860853432282,14.5640071756543,172.736915129095));
#8204=CARTESIAN_POINT('',(-13.747680890538,15.2411871385486,38.));
#8205=CARTESIAN_POINT('Ctrl Pts',(-14.860853432282,14.5640071756543,38.));
#8206=CARTESIAN_POINT('Ctrl Pts',(-14.512987012987,15.2411871385486,38.));
#8207=CARTESIAN_POINT('Ctrl Pts',(-13.747680890538,15.2411871385486,38.));
#8208=CARTESIAN_POINT('',(-13.747680890538,15.2411871385486,-96.7369151290948));
#8209=CARTESIAN_POINT('Ctrl Pts',(-12.5,13.9935062480106,-96.7369151290948));
#8210=CARTESIAN_POINT('Ctrl Pts',(-12.5,13.9935062480106,172.736915129095));
#8211=CARTESIAN_POINT('Ctrl Pts',(-12.5,14.5083485485671,-96.7369151290948));
#8212=CARTESIAN_POINT('Ctrl Pts',(-12.5,14.5083485485671,172.736915129095));
#8213=CARTESIAN_POINT('Ctrl Pts',(-13.2328385899814,15.2411871385486,-96.7369151290948));
#8214=CARTESIAN_POINT('Ctrl Pts',(-13.2328385899814,15.2411871385486,172.736915129095));
#8215=CARTESIAN_POINT('Ctrl Pts',(-13.747680890538,15.2411871385486,-96.7369151290948));
#8216=CARTESIAN_POINT('Ctrl Pts',(-13.747680890538,15.2411871385486,172.736915129095));
#8217=CARTESIAN_POINT('Ctrl Pts',(-13.747680890538,15.2411871385486,38.));
#8218=CARTESIAN_POINT('Ctrl Pts',(-13.2328385899814,15.2411871385486,38.));
#8219=CARTESIAN_POINT('Ctrl Pts',(-12.5,14.5083485485671,38.));
#8220=CARTESIAN_POINT('Ctrl Pts',(-12.5,13.9935062480106,38.));
#8221=CARTESIAN_POINT('Ctrl Pts',(16.0018552875696,-9.74489820467961,-96.7369151290948));
#8222=CARTESIAN_POINT('Ctrl Pts',(16.0018552875696,-9.74489820467961,172.736915129095));
#8223=CARTESIAN_POINT('Ctrl Pts',(16.6233766233766,-9.74489820467961,-96.7369151290948));
#8224=CARTESIAN_POINT('Ctrl Pts',(16.6233766233766,-9.74489820467961,172.736915129095));
#8225=CARTESIAN_POINT('Ctrl Pts',(17.5,-8.87291304698017,-96.7369151290948));
#8226=CARTESIAN_POINT('Ctrl Pts',(17.5,-8.87291304698017,172.736915129095));
#8227=CARTESIAN_POINT('Ctrl Pts',(17.5,-8.24675349224919,-96.7369151290948));
#8228=CARTESIAN_POINT('Ctrl Pts',(17.5,-8.24675349224919,172.736915129095));
#8229=CARTESIAN_POINT('',(17.5,-8.24675349224919,38.));
#8230=CARTESIAN_POINT('',(16.0018552875696,-9.74489820467961,38.));
#8231=CARTESIAN_POINT('Ctrl Pts',(17.5,-8.24675349224919,38.));
#8232=CARTESIAN_POINT('Ctrl Pts',(17.5,-8.87291304698017,38.));
#8233=CARTESIAN_POINT('Ctrl Pts',(16.6233766233766,-9.74489820467961,38.));
#8234=CARTESIAN_POINT('Ctrl Pts',(16.0018552875696,-9.74489820467961,38.));
#8235=CARTESIAN_POINT('',(17.5,-8.24675349224919,37.8));
#8236=CARTESIAN_POINT('',(17.5,-8.24675349224919,-96.7369151290948));
#8237=CARTESIAN_POINT('',(16.0018552875696,-9.74489820467961,37.8));
#8238=CARTESIAN_POINT('Ctrl Pts',(17.5,-8.24675349224919,37.8));
#8239=CARTESIAN_POINT('Ctrl Pts',(17.5,-8.66419319540318,37.8));
#8240=CARTESIAN_POINT('Ctrl Pts',(17.3538961038961,-9.01824390659674,37.8));
#8241=CARTESIAN_POINT('Ctrl Pts',(17.0616883116883,-9.30890562582989,37.8));
#8242=CARTESIAN_POINT('Ctrl Pts',(16.7694805194805,-9.59956734506304,37.8));
#8243=CARTESIAN_POINT('Ctrl Pts',(16.4162028447743,-9.74489820467961,37.8));
#8244=CARTESIAN_POINT('Ctrl Pts',(16.0018552875696,-9.74489820467961,37.8));
#8245=CARTESIAN_POINT('',(16.0018552875696,-9.74489820467961,-96.7369151290948));
#8246=CARTESIAN_POINT('Ctrl Pts',(17.5,-8.24675349224919,-96.7369151290948));
#8247=CARTESIAN_POINT('Ctrl Pts',(17.5,-8.24675349224919,172.736915129095));
#8248=CARTESIAN_POINT('Ctrl Pts',(17.5,-7.62523215644214,-96.7369151290948));
#8249=CARTESIAN_POINT('Ctrl Pts',(17.5,-7.62523215644214,172.736915129095));
#8250=CARTESIAN_POINT('Ctrl Pts',(16.6233766233766,-6.74860877981876,-96.7369151290948));
#8251=CARTESIAN_POINT('Ctrl Pts',(16.6233766233766,-6.74860877981876,172.736915129095));
#8252=CARTESIAN_POINT('Ctrl Pts',(16.0018552875696,-6.74860877981876,-96.7369151290948));
#8253=CARTESIAN_POINT('Ctrl Pts',(16.0018552875696,-6.74860877981876,172.736915129095));
#8254=CARTESIAN_POINT('',(16.0018552875696,-6.74860877981876,38.));
#8255=CARTESIAN_POINT('Ctrl Pts',(16.0018552875696,-6.74860877981876,38.));
#8256=CARTESIAN_POINT('Ctrl Pts',(16.6233766233766,-6.74860877981876,38.));
#8257=CARTESIAN_POINT('Ctrl Pts',(17.5,-7.62523215644214,38.));
#8258=CARTESIAN_POINT('Ctrl Pts',(17.5,-8.24675349224919,38.));
#8259=CARTESIAN_POINT('',(16.0018552875696,-6.74860877981876,37.8));
#8260=CARTESIAN_POINT('',(16.0018552875696,-6.74860877981876,-96.7369151290948));
#8261=CARTESIAN_POINT('Ctrl Pts',(16.0018552875696,-6.74860877981876,37.8));
#8262=CARTESIAN_POINT('Ctrl Pts',(16.4162028447743,-6.74860877981876,37.8));
#8263=CARTESIAN_POINT('Ctrl Pts',(16.7694805194805,-6.89471267592265,37.8));
#8264=CARTESIAN_POINT('Ctrl Pts',(17.0616883116883,-7.18692046813045,37.8));
#8265=CARTESIAN_POINT('Ctrl Pts',(17.3538961038961,-7.47912826033824,37.8));
#8266=CARTESIAN_POINT('Ctrl Pts',(17.5,-7.83240593504449,37.8));
#8267=CARTESIAN_POINT('Ctrl Pts',(17.5,-8.24675349224919,37.8));
#8268=CARTESIAN_POINT('Origin',(13.9981447124304,-6.74860877981876,-96.7369151290948));
#8269=CARTESIAN_POINT('',(13.9981447124304,-6.74860877981876,38.));
#8270=CARTESIAN_POINT('',(-9.05092764378479,-6.74860877981876,38.));
#8271=CARTESIAN_POINT('',(13.9981447124304,-6.74860877981876,37.8));
#8272=CARTESIAN_POINT('',(13.9981447124304,-6.74860877981876,-96.7369151290948));
#8273=CARTESIAN_POINT('',(-9.05092764378479,-6.74860877981876,37.8));
#8274=CARTESIAN_POINT('Origin',(16.0018552875696,-9.24397056089483,-96.7369151290948));
#8275=CARTESIAN_POINT('',(14.0027829313544,-9.24397056089483,38.));
#8276=CARTESIAN_POINT('',(16.0018552875696,-9.24397056089483,38.));
#8277=CARTESIAN_POINT('',(-8.04907235621522,-9.24397056089483,38.));
#8278=CARTESIAN_POINT('',(14.0027829313544,-9.24397056089483,37.8));
#8279=CARTESIAN_POINT('',(14.0027829313544,-9.24397056089483,-96.7369151290948));
#8280=CARTESIAN_POINT('',(16.0018552875696,-9.24397056089483,37.8));
#8281=CARTESIAN_POINT('',(-8.04907235621522,-9.24397056089483,37.8));
#8282=CARTESIAN_POINT('',(16.0018552875696,-9.24397056089483,-96.7369151290948));
#8283=CARTESIAN_POINT('Ctrl Pts',(16.0018552875696,-9.24397056089483,-96.7369151290948));
#8284=CARTESIAN_POINT('Ctrl Pts',(16.0018552875696,-9.24397056089483,172.736915129095));
#8285=CARTESIAN_POINT('Ctrl Pts',(16.4192949907236,-9.24397056089483,-96.7369151290948));
#8286=CARTESIAN_POINT('Ctrl Pts',(16.4192949907236,-9.24397056089483,172.736915129095));
#8287=CARTESIAN_POINT('Ctrl Pts',(16.9990723562152,-8.66419319540317,-96.7369151290948));
#8288=CARTESIAN_POINT('Ctrl Pts',(16.9990723562152,-8.66419319540317,172.736915129095));
#8289=CARTESIAN_POINT('Ctrl Pts',(16.9990723562152,-8.24675349224919,-96.7369151290948));
#8290=CARTESIAN_POINT('Ctrl Pts',(16.9990723562152,-8.24675349224919,172.736915129095));
#8291=CARTESIAN_POINT('',(16.9990723562152,-8.24675349224919,38.));
#8292=CARTESIAN_POINT('Ctrl Pts',(16.0018552875696,-9.24397056089483,38.));
#8293=CARTESIAN_POINT('Ctrl Pts',(16.4192949907236,-9.24397056089483,38.));
#8294=CARTESIAN_POINT('Ctrl Pts',(16.9990723562152,-8.66419319540317,38.));
#8295=CARTESIAN_POINT('Ctrl Pts',(16.9990723562152,-8.24675349224919,38.));
#8296=CARTESIAN_POINT('',(16.9990723562152,-8.24675349224919,37.8));
#8297=CARTESIAN_POINT('Ctrl Pts',(16.0018552875696,-9.24397056089483,37.8));
#8298=CARTESIAN_POINT('Ctrl Pts',(16.2801484230056,-9.24397056089483,37.8));
#8299=CARTESIAN_POINT('Ctrl Pts',(16.5159245516388,-9.14734099997955,37.8));
#8300=CARTESIAN_POINT('Ctrl Pts',(16.7091836734694,-8.954081878149,37.8));
#8301=CARTESIAN_POINT('Ctrl Pts',(16.9024427952999,-8.76082275631845,37.8));
#8302=CARTESIAN_POINT('Ctrl Pts',(16.9990723562152,-8.52504662768518,37.8));
#8303=CARTESIAN_POINT('Ctrl Pts',(16.9990723562152,-8.24675349224919,37.8));
#8304=CARTESIAN_POINT('',(16.9990723562152,-8.24675349224919,-96.7369151290948));
#8305=CARTESIAN_POINT('Ctrl Pts',(16.9990723562152,-8.24675349224919,-96.7369151290948));
#8306=CARTESIAN_POINT('Ctrl Pts',(16.9990723562152,-8.24675349224919,172.736915129095));
#8307=CARTESIAN_POINT('Ctrl Pts',(16.9990723562152,-7.8293137890952,-96.7369151290948));
#8308=CARTESIAN_POINT('Ctrl Pts',(16.9990723562152,-7.8293137890952,172.736915129095));
#8309=CARTESIAN_POINT('Ctrl Pts',(16.4192949907236,-7.24953642360355,-96.7369151290948));
#8310=CARTESIAN_POINT('Ctrl Pts',(16.4192949907236,-7.24953642360355,172.736915129095));
#8311=CARTESIAN_POINT('Ctrl Pts',(16.0018552875696,-7.24953642360355,-96.7369151290948));
#8312=CARTESIAN_POINT('Ctrl Pts',(16.0018552875696,-7.24953642360355,172.736915129095));
#8313=CARTESIAN_POINT('',(16.0018552875696,-7.24953642360355,38.));
#8314=CARTESIAN_POINT('Ctrl Pts',(16.9990723562152,-8.24675349224919,38.));
#8315=CARTESIAN_POINT('Ctrl Pts',(16.9990723562152,-7.8293137890952,38.));
#8316=CARTESIAN_POINT('Ctrl Pts',(16.4192949907236,-7.24953642360355,38.));
#8317=CARTESIAN_POINT('Ctrl Pts',(16.0018552875696,-7.24953642360355,38.));
#8318=CARTESIAN_POINT('',(16.0018552875696,-7.24953642360355,37.8));
#8319=CARTESIAN_POINT('Ctrl Pts',(16.9990723562152,-8.24675349224919,37.8));
#8320=CARTESIAN_POINT('Ctrl Pts',(16.9990723562152,-7.9684603568132,37.8));
#8321=CARTESIAN_POINT('Ctrl Pts',(16.9024427952999,-7.73268422817992,37.8));
#8322=CARTESIAN_POINT('Ctrl Pts',(16.7091836734694,-7.53942510634937,37.8));
#8323=CARTESIAN_POINT('Ctrl Pts',(16.5159245516388,-7.34616598451882,37.8));
#8324=CARTESIAN_POINT('Ctrl Pts',(16.2801484230056,-7.24953642360355,37.8));
#8325=CARTESIAN_POINT('Ctrl Pts',(16.0018552875696,-7.24953642360355,37.8));
#8326=CARTESIAN_POINT('',(16.0018552875696,-7.24953642360355,-96.7369151290948));
#8327=CARTESIAN_POINT('Ctrl Pts',(13.9981447124304,-6.74860877981876,-96.7369151290948));
#8328=CARTESIAN_POINT('Ctrl Pts',(13.9981447124304,-6.74860877981876,172.736915129095));
#8329=CARTESIAN_POINT('Ctrl Pts',(13.3766233766234,-6.74860877981876,-96.7369151290948));
#8330=CARTESIAN_POINT('Ctrl Pts',(13.3766233766234,-6.74860877981876,172.736915129095));
#8331=CARTESIAN_POINT('Ctrl Pts',(12.5,-7.62523215644214,-96.7369151290948));
#8332=CARTESIAN_POINT('Ctrl Pts',(12.5,-7.62523215644214,172.736915129095));
#8333=CARTESIAN_POINT('Ctrl Pts',(12.5,-8.24675349224919,-96.7369151290948));
#8334=CARTESIAN_POINT('Ctrl Pts',(12.5,-8.24675349224919,172.736915129095));
#8335=CARTESIAN_POINT('',(12.5,-8.24675349224919,38.));
#8336=CARTESIAN_POINT('Ctrl Pts',(12.5,-8.24675349224919,38.));
#8337=CARTESIAN_POINT('Ctrl Pts',(12.5,-7.62523215644214,38.));
#8338=CARTESIAN_POINT('Ctrl Pts',(13.3766233766234,-6.74860877981876,38.));
#8339=CARTESIAN_POINT('Ctrl Pts',(13.9981447124304,-6.74860877981876,38.));
#8340=CARTESIAN_POINT('',(12.5,-8.24675349224919,37.8));
#8341=CARTESIAN_POINT('',(12.5,-8.24675349224919,-96.7369151290948));
#8342=CARTESIAN_POINT('Ctrl Pts',(12.5,-8.24675349224919,37.8));
#8343=CARTESIAN_POINT('Ctrl Pts',(12.5,-7.83240593504449,37.8));
#8344=CARTESIAN_POINT('Ctrl Pts',(12.6461038961039,-7.47912826033824,37.8));
#8345=CARTESIAN_POINT('Ctrl Pts',(12.9383116883117,-7.18692046813045,37.8));
#8346=CARTESIAN_POINT('Ctrl Pts',(13.2305194805195,-6.89471267592265,37.8));
#8347=CARTESIAN_POINT('Ctrl Pts',(13.5837971552257,-6.74860877981876,37.8));
#8348=CARTESIAN_POINT('Ctrl Pts',(13.9981447124304,-6.74860877981876,37.8));
#8349=CARTESIAN_POINT('Ctrl Pts',(12.5,-8.24675349224919,-96.7369151290948));
#8350=CARTESIAN_POINT('Ctrl Pts',(12.5,-8.24675349224919,172.736915129095));
#8351=CARTESIAN_POINT('Ctrl Pts',(12.5,-8.86827482805624,-96.7369151290948));
#8352=CARTESIAN_POINT('Ctrl Pts',(12.5,-8.86827482805624,172.736915129095));
#8353=CARTESIAN_POINT('Ctrl Pts',(13.3766233766234,-9.74489820467961,-96.7369151290948));
#8354=CARTESIAN_POINT('Ctrl Pts',(13.3766233766234,-9.74489820467961,172.736915129095));
#8355=CARTESIAN_POINT('Ctrl Pts',(13.9981447124304,-9.74489820467961,-96.7369151290948));
#8356=CARTESIAN_POINT('Ctrl Pts',(13.9981447124304,-9.74489820467961,172.736915129095));
#8357=CARTESIAN_POINT('',(13.9981447124304,-9.74489820467961,38.));
#8358=CARTESIAN_POINT('Ctrl Pts',(13.9981447124304,-9.74489820467961,38.));
#8359=CARTESIAN_POINT('Ctrl Pts',(13.3766233766234,-9.74489820467961,38.));
#8360=CARTESIAN_POINT('Ctrl Pts',(12.5,-8.86827482805624,38.));
#8361=CARTESIAN_POINT('Ctrl Pts',(12.5,-8.24675349224919,38.));
#8362=CARTESIAN_POINT('',(13.9981447124304,-9.74489820467961,37.8));
#8363=CARTESIAN_POINT('',(13.9981447124304,-9.74489820467961,-96.7369151290948));
#8364=CARTESIAN_POINT('Ctrl Pts',(13.9981447124304,-9.74489820467961,37.8));
#8365=CARTESIAN_POINT('Ctrl Pts',(13.5837971552257,-9.74489820467961,37.8));
#8366=CARTESIAN_POINT('Ctrl Pts',(13.2305194805195,-9.59879430857572,37.8));
#8367=CARTESIAN_POINT('Ctrl Pts',(12.9383116883117,-9.30658651636793,37.8));
#8368=CARTESIAN_POINT('Ctrl Pts',(12.6461038961039,-9.01437872416013,37.8));
#8369=CARTESIAN_POINT('Ctrl Pts',(12.5,-8.66110104945389,37.8));
#8370=CARTESIAN_POINT('Ctrl Pts',(12.5,-8.24675349224919,37.8));
#8371=CARTESIAN_POINT('Origin',(16.0018552875696,-9.74489820467961,-96.7369151290948));
#8372=CARTESIAN_POINT('',(-8.04907235621522,-9.74489820467961,38.));
#8373=CARTESIAN_POINT('',(-8.04907235621522,-9.74489820467961,37.8));
#8374=CARTESIAN_POINT('Ctrl Pts',(13.0009276437848,-8.24675349224919,-96.7369151290948));
#8375=CARTESIAN_POINT('Ctrl Pts',(13.0009276437848,-8.24675349224919,172.736915129095));
#8376=CARTESIAN_POINT('Ctrl Pts',(13.0009276437848,-8.66419319540317,-96.7369151290948));
#8377=CARTESIAN_POINT('Ctrl Pts',(13.0009276437848,-8.66419319540317,172.736915129095));
#8378=CARTESIAN_POINT('Ctrl Pts',(13.5807050092764,-9.24397056089483,-96.7369151290948));
#8379=CARTESIAN_POINT('Ctrl Pts',(13.5807050092764,-9.24397056089483,172.736915129095));
#8380=CARTESIAN_POINT('Ctrl Pts',(14.0027829313544,-9.24397056089483,-96.7369151290948));
#8381=CARTESIAN_POINT('Ctrl Pts',(14.0027829313544,-9.24397056089483,172.736915129095));
#8382=CARTESIAN_POINT('',(13.0009276437848,-8.24675349224919,38.));
#8383=CARTESIAN_POINT('Ctrl Pts',(13.0009276437848,-8.24675349224919,38.));
#8384=CARTESIAN_POINT('Ctrl Pts',(13.0009276437848,-8.66419319540317,38.));
#8385=CARTESIAN_POINT('Ctrl Pts',(13.5807050092764,-9.24397056089483,38.));
#8386=CARTESIAN_POINT('Ctrl Pts',(14.0027829313544,-9.24397056089483,38.));
#8387=CARTESIAN_POINT('',(13.0009276437848,-8.24675349224919,37.8));
#8388=CARTESIAN_POINT('',(13.0009276437848,-8.24675349224919,-96.7369151290948));
#8389=CARTESIAN_POINT('Ctrl Pts',(13.0009276437848,-8.24675349224919,37.8));
#8390=CARTESIAN_POINT('Ctrl Pts',(13.0009276437848,-8.52504662768518,37.8));
#8391=CARTESIAN_POINT('Ctrl Pts',(13.0975572047001,-8.76082275631845,37.8));
#8392=CARTESIAN_POINT('Ctrl Pts',(13.2908163265306,-8.954081878149,37.8));
#8393=CARTESIAN_POINT('Ctrl Pts',(13.4840754483612,-9.14734099997955,37.8));
#8394=CARTESIAN_POINT('Ctrl Pts',(13.7213976499691,-9.24397056089483,37.8));
#8395=CARTESIAN_POINT('Ctrl Pts',(14.0027829313544,-9.24397056089483,37.8));
#8396=CARTESIAN_POINT('Ctrl Pts',(14.0027829313544,-7.24953642360355,-96.7369151290948));
#8397=CARTESIAN_POINT('Ctrl Pts',(14.0027829313544,-7.24953642360355,172.736915129095));
#8398=CARTESIAN_POINT('Ctrl Pts',(13.5807050092764,-7.24953642360355,-96.7369151290948));
#8399=CARTESIAN_POINT('Ctrl Pts',(13.5807050092764,-7.24953642360355,172.736915129095));
#8400=CARTESIAN_POINT('Ctrl Pts',(13.0009276437848,-7.8293137890952,-96.7369151290948));
#8401=CARTESIAN_POINT('Ctrl Pts',(13.0009276437848,-7.8293137890952,172.736915129095));
#8402=CARTESIAN_POINT('Ctrl Pts',(13.0009276437848,-8.24675349224919,-96.7369151290948));
#8403=CARTESIAN_POINT('Ctrl Pts',(13.0009276437848,-8.24675349224919,172.736915129095));
#8404=CARTESIAN_POINT('',(14.0027829313544,-7.24953642360355,38.));
#8405=CARTESIAN_POINT('Ctrl Pts',(14.0027829313544,-7.24953642360355,38.));
#8406=CARTESIAN_POINT('Ctrl Pts',(13.5807050092764,-7.24953642360355,38.));
#8407=CARTESIAN_POINT('Ctrl Pts',(13.0009276437848,-7.8293137890952,38.));
#8408=CARTESIAN_POINT('Ctrl Pts',(13.0009276437848,-8.24675349224919,38.));
#8409=CARTESIAN_POINT('',(14.0027829313544,-7.24953642360355,37.8));
#8410=CARTESIAN_POINT('',(14.0027829313544,-7.24953642360355,-96.7369151290948));
#8411=CARTESIAN_POINT('Ctrl Pts',(14.0027829313544,-7.24953642360355,37.8));
#8412=CARTESIAN_POINT('Ctrl Pts',(13.7213976499691,-7.24953642360355,37.8));
#8413=CARTESIAN_POINT('Ctrl Pts',(13.4840754483612,-7.34616598451882,37.8));
#8414=CARTESIAN_POINT('Ctrl Pts',(13.2908163265306,-7.53942510634937,37.8));
#8415=CARTESIAN_POINT('Ctrl Pts',(13.0975572047001,-7.73268422817992,37.8));
#8416=CARTESIAN_POINT('Ctrl Pts',(13.0009276437848,-7.9684603568132,37.8));
#8417=CARTESIAN_POINT('Ctrl Pts',(13.0009276437848,-8.24675349224919,37.8));
#8418=CARTESIAN_POINT('Origin',(14.0027829313544,-7.24953642360355,-96.7369151290948));
#8419=CARTESIAN_POINT('',(-9.04860853432282,-7.24953642360355,38.));
#8420=CARTESIAN_POINT('',(-9.04860853432282,-7.24953642360355,37.8));
#8421=CARTESIAN_POINT('Origin',(-32.1,0.,37.8));
#8422=CARTESIAN_POINT('Origin',(-32.1,0.,37.8));
#8423=CARTESIAN_POINT('',(-12.5,6.99443389179534,37.8));
#8424=CARTESIAN_POINT('',(-12.5,5.49628917936491,37.8));
#8425=CARTESIAN_POINT('',(-12.5,3.49721694589767,37.8));
#8426=CARTESIAN_POINT('',(-12.7504638218924,7.24489771368773,37.8));
#8427=CARTESIAN_POINT('Ctrl Pts',(-12.7504638218924,7.24489771368773,37.8));
#8428=CARTESIAN_POINT('Ctrl Pts',(-12.5834879406308,7.24489771368773,37.8));
#8429=CARTESIAN_POINT('Ctrl Pts',(-12.5,7.16140977305694,37.8));
#8430=CARTESIAN_POINT('Ctrl Pts',(-12.5,6.99443389179534,37.8));
#8431=CARTESIAN_POINT('',(-17.2495361781076,7.24489771368773,37.8));
#8432=CARTESIAN_POINT('',(-24.6747680890538,7.24489771368774,37.8));
#8433=CARTESIAN_POINT('',(-17.5,6.99443389179534,37.8));
#8434=CARTESIAN_POINT('Ctrl Pts',(-17.5,6.99443389179534,37.8));
#8435=CARTESIAN_POINT('Ctrl Pts',(-17.5,7.16140977305694,37.8));
#8436=CARTESIAN_POINT('Ctrl Pts',(-17.4165120593692,7.24489771368773,37.8));
#8437=CARTESIAN_POINT('Ctrl Pts',(-17.2495361781076,7.24489771368773,37.8));
#8438=CARTESIAN_POINT('',(-17.5,5.49628917936491,37.8));
#8439=CARTESIAN_POINT('',(-17.5,2.74814458968246,37.8));
#8440=CARTESIAN_POINT('',(-16.247680890538,4.24860828882688,37.8));
#8441=CARTESIAN_POINT('Ctrl Pts',(-16.247680890538,4.24860828882688,37.8));
#8442=CARTESIAN_POINT('Ctrl Pts',(-16.5940012368584,4.24860828882688,37.8));
#8443=CARTESIAN_POINT('Ctrl Pts',(-16.8893011750155,4.36997501733647,37.8));
#8444=CARTESIAN_POINT('Ctrl Pts',(-17.1335807050093,4.61270847435564,37.8));
#8445=CARTESIAN_POINT('Ctrl Pts',(-17.3778602350031,4.85544193137481,37.8));
#8446=CARTESIAN_POINT('Ctrl Pts',(-17.5,5.14996883304457,37.8));
#8447=CARTESIAN_POINT('Ctrl Pts',(-17.5,5.49628917936491,37.8));
#8448=CARTESIAN_POINT('',(-13.747680890538,4.24860828882688,37.8));
#8449=CARTESIAN_POINT('',(-22.923840445269,4.24860828882689,37.8));
#8450=CARTESIAN_POINT('Ctrl Pts',(-12.5,5.49628917936491,37.8));
#8451=CARTESIAN_POINT('Ctrl Pts',(-12.5,5.14687668709528,37.8));
#8452=CARTESIAN_POINT('Ctrl Pts',(-12.6205936920223,4.8515767489382,37.8));
#8453=CARTESIAN_POINT('Ctrl Pts',(-12.8617810760668,4.61038936489367,37.8));
#8454=CARTESIAN_POINT('Ctrl Pts',(-13.1029684601113,4.36920198084914,37.8));
#8455=CARTESIAN_POINT('Ctrl Pts',(-13.3982683982684,4.24860828882688,37.8));
#8456=CARTESIAN_POINT('Ctrl Pts',(-13.747680890538,4.24860828882688,37.8));
#8457=CARTESIAN_POINT('',(-13.0009276437848,5.49628917936491,37.8));
#8458=CARTESIAN_POINT('',(-13.0009276437848,6.74397006990295,37.8));
#8459=CARTESIAN_POINT('',(-13.0009276437848,3.37198503495147,37.8));
#8460=CARTESIAN_POINT('',(-13.752319109462,4.74953593261167,37.8));
#8461=CARTESIAN_POINT('Ctrl Pts',(-13.752319109462,4.74953593261167,37.8));
#8462=CARTESIAN_POINT('Ctrl Pts',(-13.5451453308596,4.74953593261167,37.8));
#8463=CARTESIAN_POINT('Ctrl Pts',(-13.3681199752628,4.82220136241995,37.8));
#8464=CARTESIAN_POINT('Ctrl Pts',(-13.2212430426716,4.96753222203653,37.8));
#8465=CARTESIAN_POINT('Ctrl Pts',(-13.0743661100804,5.1128630816531,37.8));
#8466=CARTESIAN_POINT('Ctrl Pts',(-13.0009276437848,5.28911540076256,37.8));
#8467=CARTESIAN_POINT('Ctrl Pts',(-13.0009276437848,5.49628917936491,37.8));
#8468=CARTESIAN_POINT('',(-16.247680890538,4.74953593261167,37.8));
#8469=CARTESIAN_POINT('',(-22.926159554731,4.74953593261167,37.8));
#8470=CARTESIAN_POINT('',(-16.9990723562152,5.49628917936491,37.8));
#8471=CARTESIAN_POINT('Ctrl Pts',(-16.9990723562152,5.49628917936491,37.8));
#8472=CARTESIAN_POINT('Ctrl Pts',(-16.9990723562152,5.44428100892989,37.8));
#8473=CARTESIAN_POINT('Ctrl Pts',(-16.99444431544,5.39254593931049,37.8));
#8474=CARTESIAN_POINT('Ctrl Pts',(-16.9745416451817,5.29253580014008,37.8));
#8475=CARTESIAN_POINT('Ctrl Pts',(-16.9598626689041,5.24505524568248,37.8));
#8476=CARTESIAN_POINT('Ctrl Pts',(-16.9018870765213,5.11159809210844,37.8));
#8477=CARTESIAN_POINT('Ctrl Pts',(-16.8458580608059,5.03186143366015,37.8));
#8478=CARTESIAN_POINT('Ctrl Pts',(-16.701895025415,4.89356182520047,37.8));
#8479=CARTESIAN_POINT('Ctrl Pts',(-16.6254066052171,4.84127711025303,37.8));
#8480=CARTESIAN_POINT('Ctrl Pts',(-16.4459486979313,4.76665010296777,37.8));
#8481=CARTESIAN_POINT('Ctrl Pts',(-16.3482231843383,4.74953593261167,37.8));
#8482=CARTESIAN_POINT('Ctrl Pts',(-16.247680890538,4.74953593261167,37.8));
#8483=CARTESIAN_POINT('',(-16.9990723562152,6.74397006990295,37.8));
#8484=CARTESIAN_POINT('',(-16.9990723562152,2.74814458968246,37.8));
#8485=CARTESIAN_POINT('',(-24.5495361781076,6.74397006990295,37.8));
#8486=CARTESIAN_POINT('Origin',(-13.752319109462,4.74953593261167,-96.7369151290948));
#8487=CARTESIAN_POINT('',(-16.247680890538,4.74953593261167,38.));
#8488=CARTESIAN_POINT('',(-13.752319109462,4.74953593261167,38.));
#8489=CARTESIAN_POINT('',(-22.926159554731,4.74953593261167,38.));
#8490=CARTESIAN_POINT('',(-16.247680890538,4.74953593261167,-96.7369151290948));
#8491=CARTESIAN_POINT('',(-13.752319109462,4.74953593261167,-96.7369151290948));
#8492=CARTESIAN_POINT('Ctrl Pts',(-13.752319109462,4.74953593261167,-96.7369151290948));
#8493=CARTESIAN_POINT('Ctrl Pts',(-13.752319109462,4.74953593261167,172.736915129095));
#8494=CARTESIAN_POINT('Ctrl Pts',(-13.4415584415584,4.74953593261167,-96.7369151290948));
#8495=CARTESIAN_POINT('Ctrl Pts',(-13.4415584415584,4.74953593261167,172.736915129095));
#8496=CARTESIAN_POINT('Ctrl Pts',(-13.0009276437848,5.18552851146139,-96.7369151290948));
#8497=CARTESIAN_POINT('Ctrl Pts',(-13.0009276437848,5.18552851146139,172.736915129095));
#8498=CARTESIAN_POINT('Ctrl Pts',(-13.0009276437848,5.49628917936491,-96.7369151290948));
#8499=CARTESIAN_POINT('Ctrl Pts',(-13.0009276437848,5.49628917936491,172.736915129095));
#8500=CARTESIAN_POINT('',(-13.0009276437848,5.49628917936491,38.));
#8501=CARTESIAN_POINT('Ctrl Pts',(-13.752319109462,4.74953593261167,38.));
#8502=CARTESIAN_POINT('Ctrl Pts',(-13.4415584415584,4.74953593261167,38.));
#8503=CARTESIAN_POINT('Ctrl Pts',(-13.0009276437848,5.18552851146139,38.));
#8504=CARTESIAN_POINT('Ctrl Pts',(-13.0009276437848,5.49628917936491,38.));
#8505=CARTESIAN_POINT('',(-13.0009276437848,5.49628917936491,-96.7369151290948));
#8506=CARTESIAN_POINT('Origin',(-13.0009276437848,6.74397006990295,-96.7369151290948));
#8507=CARTESIAN_POINT('',(-13.0009276437848,6.74397006990295,38.));
#8508=CARTESIAN_POINT('',(-13.0009276437848,3.37198503495147,38.));
#8509=CARTESIAN_POINT('',(-13.0009276437848,6.74397006990295,-96.7369151290948));
#8510=CARTESIAN_POINT('Ctrl Pts',(-17.2495361781076,7.24489771368773,-96.7369151290948));
#8511=CARTESIAN_POINT('Ctrl Pts',(-17.2495361781076,7.24489771368773,172.736915129095));
#8512=CARTESIAN_POINT('Ctrl Pts',(-17.5,7.24489771368773,-96.7369151290948));
#8513=CARTESIAN_POINT('Ctrl Pts',(-17.5,7.24489771368773,172.736915129095));
#8514=CARTESIAN_POINT('Ctrl Pts',(-17.5,6.99443389179534,-96.7369151290948));
#8515=CARTESIAN_POINT('Ctrl Pts',(-17.5,6.99443389179534,172.736915129095));
#8516=CARTESIAN_POINT('',(-17.5,6.99443389179534,38.));
#8517=CARTESIAN_POINT('',(-17.2495361781076,7.24489771368773,38.));
#8518=CARTESIAN_POINT('Ctrl Pts',(-17.5,6.99443389179534,38.));
#8519=CARTESIAN_POINT('Ctrl Pts',(-17.5,7.24489771368773,38.));
#8520=CARTESIAN_POINT('Ctrl Pts',(-17.2495361781076,7.24489771368773,38.));
#8521=CARTESIAN_POINT('',(-17.5,6.99443389179534,-96.7369151290948));
#8522=CARTESIAN_POINT('',(-17.2495361781076,7.24489771368773,-96.7369151290948));
#8523=CARTESIAN_POINT('Origin',(-17.2495361781076,7.24489771368773,-96.7369151290948));
#8524=CARTESIAN_POINT('',(-12.7504638218924,7.24489771368773,38.));
#8525=CARTESIAN_POINT('',(-24.6747680890538,7.24489771368774,38.));
#8526=CARTESIAN_POINT('',(-12.7504638218924,7.24489771368773,-96.7369151290948));
#8527=CARTESIAN_POINT('Ctrl Pts',(-12.5,6.99443389179534,-96.7369151290948));
#8528=CARTESIAN_POINT('Ctrl Pts',(-12.5,6.99443389179534,172.736915129095));
#8529=CARTESIAN_POINT('Ctrl Pts',(-12.5,7.24489771368773,-96.7369151290948));
#8530=CARTESIAN_POINT('Ctrl Pts',(-12.5,7.24489771368773,172.736915129095));
#8531=CARTESIAN_POINT('Ctrl Pts',(-12.7504638218924,7.24489771368773,-96.7369151290948));
#8532=CARTESIAN_POINT('Ctrl Pts',(-12.7504638218924,7.24489771368773,172.736915129095));
#8533=CARTESIAN_POINT('',(-12.5,6.99443389179534,38.));
#8534=CARTESIAN_POINT('Ctrl Pts',(-12.7504638218924,7.24489771368773,38.));
#8535=CARTESIAN_POINT('Ctrl Pts',(-12.5,7.24489771368773,38.));
#8536=CARTESIAN_POINT('Ctrl Pts',(-12.5,6.99443389179534,38.));
#8537=CARTESIAN_POINT('',(-12.5,6.99443389179534,-96.7369151290948));
#8538=CARTESIAN_POINT('Origin',(-12.5,6.99443389179534,-96.7369151290948));
#8539=CARTESIAN_POINT('',(-12.5,5.49628917936491,38.));
#8540=CARTESIAN_POINT('',(-12.5,3.49721694589767,38.));
#8541=CARTESIAN_POINT('',(-12.5,5.49628917936491,-96.7369151290948));
#8542=CARTESIAN_POINT('Ctrl Pts',(-16.9990723562152,5.49628917936491,-96.7369151290948));
#8543=CARTESIAN_POINT('Ctrl Pts',(-16.9990723562152,5.49628917936491,172.736915129095));
#8544=CARTESIAN_POINT('Ctrl Pts',(-16.9990723562152,5.18552851146139,-96.7369151290948));
#8545=CARTESIAN_POINT('Ctrl Pts',(-16.9990723562152,5.18552851146139,172.736915129095));
#8546=CARTESIAN_POINT('Ctrl Pts',(-16.5584415584416,4.74953593261167,-96.7369151290948));
#8547=CARTESIAN_POINT('Ctrl Pts',(-16.5584415584416,4.74953593261167,172.736915129095));
#8548=CARTESIAN_POINT('Ctrl Pts',(-16.247680890538,4.74953593261167,-96.7369151290948));
#8549=CARTESIAN_POINT('Ctrl Pts',(-16.247680890538,4.74953593261167,172.736915129095));
#8550=CARTESIAN_POINT('',(-16.9990723562152,5.49628917936491,38.));
#8551=CARTESIAN_POINT('Ctrl Pts',(-16.9990723562152,5.49628917936491,38.));
#8552=CARTESIAN_POINT('Ctrl Pts',(-16.9990723562152,5.18552851146139,38.));
#8553=CARTESIAN_POINT('Ctrl Pts',(-16.5584415584416,4.74953593261167,38.));
#8554=CARTESIAN_POINT('Ctrl Pts',(-16.247680890538,4.74953593261167,38.));
#8555=CARTESIAN_POINT('',(-16.9990723562152,5.49628917936491,-96.7369151290948));
#8556=CARTESIAN_POINT('Origin',(-16.9990723562152,5.49628917936491,-96.7369151290948));
#8557=CARTESIAN_POINT('',(-16.9990723562152,6.74397006990295,38.));
#8558=CARTESIAN_POINT('',(-16.9990723562152,2.74814458968246,38.));
#8559=CARTESIAN_POINT('',(-16.9990723562152,6.74397006990295,-96.7369151290948));
#8560=CARTESIAN_POINT('Origin',(-16.9990723562152,6.74397006990295,-96.7369151290948));
#8561=CARTESIAN_POINT('',(-24.5495361781076,6.74397006990295,38.));
#8562=CARTESIAN_POINT('Ctrl Pts',(-13.747680890538,4.24860828882688,-96.7369151290948));
#8563=CARTESIAN_POINT('Ctrl Pts',(-13.747680890538,4.24860828882688,172.736915129095));
#8564=CARTESIAN_POINT('Ctrl Pts',(-13.2235621521336,4.24860828882688,-96.7369151290948));
#8565=CARTESIAN_POINT('Ctrl Pts',(-13.2235621521336,4.24860828882688,172.736915129095));
#8566=CARTESIAN_POINT('Ctrl Pts',(-12.5,4.97217044096046,-96.7369151290948));
#8567=CARTESIAN_POINT('Ctrl Pts',(-12.5,4.97217044096046,172.736915129095));
#8568=CARTESIAN_POINT('Ctrl Pts',(-12.5,5.49628917936491,-96.7369151290948));
#8569=CARTESIAN_POINT('Ctrl Pts',(-12.5,5.49628917936491,172.736915129095));
#8570=CARTESIAN_POINT('',(-13.747680890538,4.24860828882688,38.));
#8571=CARTESIAN_POINT('Ctrl Pts',(-12.5,5.49628917936491,38.));
#8572=CARTESIAN_POINT('Ctrl Pts',(-12.5,4.97217044096046,38.));
#8573=CARTESIAN_POINT('Ctrl Pts',(-13.2235621521336,4.24860828882688,38.));
#8574=CARTESIAN_POINT('Ctrl Pts',(-13.747680890538,4.24860828882688,38.));
#8575=CARTESIAN_POINT('',(-13.747680890538,4.24860828882688,-96.7369151290948));
#8576=CARTESIAN_POINT('Origin',(-13.747680890538,4.24860828882688,-96.7369151290948));
#8577=CARTESIAN_POINT('',(-16.247680890538,4.24860828882688,38.));
#8578=CARTESIAN_POINT('',(-22.923840445269,4.24860828882689,38.));
#8579=CARTESIAN_POINT('',(-16.247680890538,4.24860828882688,-96.7369151290948));
#8580=CARTESIAN_POINT('Ctrl Pts',(-17.5,5.49628917936491,-96.7369151290948));
#8581=CARTESIAN_POINT('Ctrl Pts',(-17.5,5.49628917936491,172.736915129095));
#8582=CARTESIAN_POINT('Ctrl Pts',(-17.5,4.97680865988439,-96.7369151290948));
#8583=CARTESIAN_POINT('Ctrl Pts',(-17.5,4.97680865988439,172.736915129095));
#8584=CARTESIAN_POINT('Ctrl Pts',(-16.7671614100186,4.24860828882688,-96.7369151290948));
#8585=CARTESIAN_POINT('Ctrl Pts',(-16.7671614100186,4.24860828882688,172.736915129095));
#8586=CARTESIAN_POINT('Ctrl Pts',(-16.247680890538,4.24860828882688,-96.7369151290948));
#8587=CARTESIAN_POINT('Ctrl Pts',(-16.247680890538,4.24860828882688,172.736915129095));
#8588=CARTESIAN_POINT('',(-17.5,5.49628917936491,38.));
#8589=CARTESIAN_POINT('Ctrl Pts',(-16.247680890538,4.24860828882688,38.));
#8590=CARTESIAN_POINT('Ctrl Pts',(-16.7671614100186,4.24860828882688,38.));
#8591=CARTESIAN_POINT('Ctrl Pts',(-17.5,4.97680865988439,38.));
#8592=CARTESIAN_POINT('Ctrl Pts',(-17.5,5.49628917936491,38.));
#8593=CARTESIAN_POINT('',(-17.5,5.49628917936491,-96.7369151290948));
#8594=CARTESIAN_POINT('Origin',(-17.5,5.49628917936491,-96.7369151290948));
#8595=CARTESIAN_POINT('',(-17.5,2.74814458968246,38.));
#8596=CARTESIAN_POINT('Origin',(12.7179962894249,-11.7486087798188,-96.7369151290948));
#8597=CARTESIAN_POINT('',(12.7179962894249,-11.7486087798188,38.));
#8598=CARTESIAN_POINT('',(17.1938775510204,-10.7513917111731,38.));
#8599=CARTESIAN_POINT('',(-7.38435983519879,-16.2273720614707,38.));
#8600=CARTESIAN_POINT('',(12.7179962894249,-11.7486087798188,37.8));
#8601=CARTESIAN_POINT('',(12.7179962894249,-11.7486087798188,-96.7369151290948));
#8602=CARTESIAN_POINT('',(17.1938775510204,-10.7513917111731,37.8));
#8603=CARTESIAN_POINT('',(-7.38435983519879,-16.2273720614707,37.8));
#8604=CARTESIAN_POINT('',(17.1938775510204,-10.7513917111731,-96.7369151290948));
#8605=CARTESIAN_POINT('Ctrl Pts',(12.7179962894249,-11.7486087798188,-96.7369151290948));
#8606=CARTESIAN_POINT('Ctrl Pts',(12.7179962894249,-11.7486087798188,172.736915129095));
#8607=CARTESIAN_POINT('Ctrl Pts',(12.5,-11.799629187982,-96.7369151290948));
#8608=CARTESIAN_POINT('Ctrl Pts',(12.5,-11.799629187982,172.736915129095));
#8609=CARTESIAN_POINT('Ctrl Pts',(12.5,-11.9944343827872,-96.7369151290948));
#8610=CARTESIAN_POINT('Ctrl Pts',(12.5,-11.9944343827872,172.736915129095));
#8611=CARTESIAN_POINT('',(12.5,-11.9944343827872,38.));
#8612=CARTESIAN_POINT('Ctrl Pts',(12.5,-11.9944343827872,38.));
#8613=CARTESIAN_POINT('Ctrl Pts',(12.5,-11.799629187982,38.));
#8614=CARTESIAN_POINT('Ctrl Pts',(12.7179962894249,-11.7486087798188,38.));
#8615=CARTESIAN_POINT('',(12.5,-11.9944343827872,37.8));
#8616=CARTESIAN_POINT('',(12.5,-11.9944343827872,-96.7369151290948));
#8617=CARTESIAN_POINT('Ctrl Pts',(12.5,-11.9944343827872,37.8));
#8618=CARTESIAN_POINT('Ctrl Pts',(12.5,-11.8645642529171,37.8));
#8619=CARTESIAN_POINT('Ctrl Pts',(12.5726654298083,-11.7826223852609,37.8));
#8620=CARTESIAN_POINT('Ctrl Pts',(12.7179962894249,-11.7486087798188,37.8));
#8621=CARTESIAN_POINT('Ctrl Pts',(12.5,-11.9944343827872,-96.7369151290948));
#8622=CARTESIAN_POINT('Ctrl Pts',(12.5,-11.9944343827872,172.736915129095));
#8623=CARTESIAN_POINT('Ctrl Pts',(12.5,-12.1753249208206,-96.7369151290948));
#8624=CARTESIAN_POINT('Ctrl Pts',(12.5,-12.1753249208206,172.736915129095));
#8625=CARTESIAN_POINT('Ctrl Pts',(12.7179962894249,-12.2495364236035,-96.7369151290948));
#8626=CARTESIAN_POINT('Ctrl Pts',(12.7179962894249,-12.2495364236035,172.736915129095));
#8627=CARTESIAN_POINT('',(12.7179962894249,-12.2495364236035,38.));
#8628=CARTESIAN_POINT('Ctrl Pts',(12.7179962894249,-12.2495364236035,38.));
#8629=CARTESIAN_POINT('Ctrl Pts',(12.5,-12.1753249208206,38.));
#8630=CARTESIAN_POINT('Ctrl Pts',(12.5,-11.9944343827872,38.));
#8631=CARTESIAN_POINT('',(12.7179962894249,-12.2495364236035,37.8));
#8632=CARTESIAN_POINT('',(12.7179962894249,-12.2495364236035,-96.7369151290948));
#8633=CARTESIAN_POINT('Ctrl Pts',(12.7179962894249,-12.2495364236035,37.8));
#8634=CARTESIAN_POINT('Ctrl Pts',(12.5726654298083,-12.2000620884149,37.8));
#8635=CARTESIAN_POINT('Ctrl Pts',(12.5,-12.1150280748095,37.8));
#8636=CARTESIAN_POINT('Ctrl Pts',(12.5,-11.9944343827872,37.8));
#8637=CARTESIAN_POINT('Origin',(14.9628942486085,-12.9962896703568,-96.7369151290948));
#8638=CARTESIAN_POINT('',(14.9628942486085,-12.9962896703568,38.));
#8639=CARTESIAN_POINT('',(-8.17037316429679,-5.30113253507223,38.));
#8640=CARTESIAN_POINT('',(14.9628942486085,-12.9962896703568,37.8));
#8641=CARTESIAN_POINT('',(14.9628942486085,-12.9962896703568,-96.7369151290948));
#8642=CARTESIAN_POINT('',(-8.17037316429679,-5.30113253507223,37.8));
#8643=CARTESIAN_POINT('Origin',(12.7179962894249,-13.74304291711,-96.7369151290948));
#8644=CARTESIAN_POINT('',(12.7179962894249,-13.74304291711,38.));
#8645=CARTESIAN_POINT('',(-5.40038401033765,-19.7700247936839,38.));
#8646=CARTESIAN_POINT('',(12.7179962894249,-13.74304291711,37.8));
#8647=CARTESIAN_POINT('',(12.7179962894249,-13.74304291711,-96.7369151290948));
#8648=CARTESIAN_POINT('',(-5.40038401033765,-19.7700247936839,37.8));
#8649=CARTESIAN_POINT('Ctrl Pts',(12.7179962894249,-13.74304291711,-96.7369151290948));
#8650=CARTESIAN_POINT('Ctrl Pts',(12.7179962894249,-13.74304291711,172.736915129095));
#8651=CARTESIAN_POINT('Ctrl Pts',(12.5,-13.817254419893,-96.7369151290948));
#8652=CARTESIAN_POINT('Ctrl Pts',(12.5,-13.817254419893,172.736915129095));
#8653=CARTESIAN_POINT('Ctrl Pts',(12.5,-13.9935067390024,-96.7369151290948));
#8654=CARTESIAN_POINT('Ctrl Pts',(12.5,-13.9935067390024,172.736915129095));
#8655=CARTESIAN_POINT('',(12.5,-13.9935067390024,38.));
#8656=CARTESIAN_POINT('Ctrl Pts',(12.5,-13.9935067390024,38.));
#8657=CARTESIAN_POINT('Ctrl Pts',(12.5,-13.817254419893,38.));
#8658=CARTESIAN_POINT('Ctrl Pts',(12.7179962894249,-13.74304291711,38.));
#8659=CARTESIAN_POINT('',(12.5,-13.9935067390024,37.8));
#8660=CARTESIAN_POINT('',(12.5,-13.9935067390024,-96.7369151290948));
#8661=CARTESIAN_POINT('Ctrl Pts',(12.5,-13.9935067390024,37.8));
#8662=CARTESIAN_POINT('Ctrl Pts',(12.5,-13.8760051929294,37.8));
#8663=CARTESIAN_POINT('Ctrl Pts',(12.5726654298083,-13.7925172522987,37.8));
#8664=CARTESIAN_POINT('Ctrl Pts',(12.7179962894249,-13.74304291711,37.8));
#8665=CARTESIAN_POINT('Ctrl Pts',(12.5,-13.9935067390024,-96.7369151290948));
#8666=CARTESIAN_POINT('Ctrl Pts',(12.5,-13.9935067390024,172.736915129095));
#8667=CARTESIAN_POINT('Ctrl Pts',(12.5,-14.1975883716555,-96.7369151290948));
#8668=CARTESIAN_POINT('Ctrl Pts',(12.5,-14.1975883716555,172.736915129095));
#8669=CARTESIAN_POINT('Ctrl Pts',(12.708719851577,-14.2393323419709,-96.7369151290948));
#8670=CARTESIAN_POINT('Ctrl Pts',(12.708719851577,-14.2393323419709,172.736915129095));
#8671=CARTESIAN_POINT('',(12.708719851577,-14.2393323419709,38.));
#8672=CARTESIAN_POINT('Ctrl Pts',(12.708719851577,-14.2393323419709,38.));
#8673=CARTESIAN_POINT('Ctrl Pts',(12.5,-14.1975883716555,38.));
#8674=CARTESIAN_POINT('Ctrl Pts',(12.5,-13.9935067390024,38.));
#8675=CARTESIAN_POINT('',(12.708719851577,-14.2393323419709,37.8));
#8676=CARTESIAN_POINT('',(12.708719851577,-14.2393323419709,-96.7369151290948));
#8677=CARTESIAN_POINT('Ctrl Pts',(12.708719851577,-14.2393323419709,37.8));
#8678=CARTESIAN_POINT('Ctrl Pts',(12.569573283859,-14.2115030284273,37.8));
#8679=CARTESIAN_POINT('Ctrl Pts',(12.5,-14.1295611607711,37.8));
#8680=CARTESIAN_POINT('Ctrl Pts',(12.5,-13.9935067390024,37.8));
#8681=CARTESIAN_POINT('Origin',(17.1938775510204,-15.2365494106165,-96.7369151290948));
#8682=CARTESIAN_POINT('',(17.1938775510204,-15.2365494106165,38.));
#8683=CARTESIAN_POINT('',(-7.90609935266198,-9.65589270504078,38.));
#8684=CARTESIAN_POINT('',(17.1938775510204,-15.2365494106165,37.8));
#8685=CARTESIAN_POINT('',(17.1938775510204,-15.2365494106165,-96.7369151290948));
#8686=CARTESIAN_POINT('',(-7.90609935266198,-9.65589270504078,37.8));
#8687=CARTESIAN_POINT('Ctrl Pts',(17.1938775510204,-15.2365494106165,-96.7369151290948));
#8688=CARTESIAN_POINT('Ctrl Pts',(17.1938775510204,-15.2365494106165,172.736915129095));
#8689=CARTESIAN_POINT('Ctrl Pts',(17.2263450834879,-15.2458258484644,-96.7369151290948));
#8690=CARTESIAN_POINT('Ctrl Pts',(17.2263450834879,-15.2458258484644,172.736915129095));
#8691=CARTESIAN_POINT('Ctrl Pts',(17.2495361781076,-15.2458258484644,-96.7369151290948));
#8692=CARTESIAN_POINT('Ctrl Pts',(17.2495361781076,-15.2458258484644,172.736915129095));
#8693=CARTESIAN_POINT('',(17.2495361781076,-15.2458258484644,38.));
#8694=CARTESIAN_POINT('Ctrl Pts',(17.2495361781076,-15.2458258484644,38.));
#8695=CARTESIAN_POINT('Ctrl Pts',(17.2263450834879,-15.2458258484644,38.));
#8696=CARTESIAN_POINT('Ctrl Pts',(17.1938775510204,-15.2365494106165,38.));
#8697=CARTESIAN_POINT('',(17.2495361781076,-15.2458258484644,37.8));
#8698=CARTESIAN_POINT('',(17.2495361781076,-15.2458258484644,-96.7369151290948));
#8699=CARTESIAN_POINT('Ctrl Pts',(17.2495361781076,-15.2458258484644,37.8));
#8700=CARTESIAN_POINT('Ctrl Pts',(17.2340754483612,-15.2458258484644,37.8));
#8701=CARTESIAN_POINT('Ctrl Pts',(17.2155225726654,-15.2427337025151,37.8));
#8702=CARTESIAN_POINT('Ctrl Pts',(17.1938775510204,-15.2365494106165,37.8));
#8703=CARTESIAN_POINT('Ctrl Pts',(17.2495361781076,-15.2458258484644,-96.7369151290948));
#8704=CARTESIAN_POINT('Ctrl Pts',(17.2495361781076,-15.2458258484644,172.736915129095));
#8705=CARTESIAN_POINT('Ctrl Pts',(17.5,-15.2458258484644,-96.7369151290948));
#8706=CARTESIAN_POINT('Ctrl Pts',(17.5,-15.2458258484644,172.736915129095));
#8707=CARTESIAN_POINT('Ctrl Pts',(17.5,-14.995362026572,-96.7369151290948));
#8708=CARTESIAN_POINT('Ctrl Pts',(17.5,-14.995362026572,172.736915129095));
#8709=CARTESIAN_POINT('',(17.5,-14.995362026572,38.));
#8710=CARTESIAN_POINT('Ctrl Pts',(17.5,-14.995362026572,38.));
#8711=CARTESIAN_POINT('Ctrl Pts',(17.5,-15.2458258484644,38.));
#8712=CARTESIAN_POINT('Ctrl Pts',(17.2495361781076,-15.2458258484644,38.));
#8713=CARTESIAN_POINT('',(17.5,-14.995362026572,37.8));
#8714=CARTESIAN_POINT('',(17.5,-14.995362026572,-96.7369151290948));
#8715=CARTESIAN_POINT('Ctrl Pts',(17.5,-14.995362026572,37.8));
#8716=CARTESIAN_POINT('Ctrl Pts',(17.5,-15.1623379078336,37.8));
#8717=CARTESIAN_POINT('Ctrl Pts',(17.4165120593692,-15.2458258484644,37.8));
#8718=CARTESIAN_POINT('Ctrl Pts',(17.2495361781076,-15.2458258484644,37.8));
#8719=CARTESIAN_POINT('Ctrl Pts',(17.5,-14.995362026572,-96.7369151290948));
#8720=CARTESIAN_POINT('Ctrl Pts',(17.5,-14.995362026572,172.736915129095));
#8721=CARTESIAN_POINT('Ctrl Pts',(17.5,-14.7959186128429,-96.7369151290948));
#8722=CARTESIAN_POINT('Ctrl Pts',(17.5,-14.7959186128429,172.736915129095));
#8723=CARTESIAN_POINT('Ctrl Pts',(17.3051948051948,-14.7495364236036,-96.7369151290948));
#8724=CARTESIAN_POINT('Ctrl Pts',(17.3051948051948,-14.7495364236036,172.736915129095));
#8725=CARTESIAN_POINT('',(17.3051948051948,-14.7495364236036,38.));
#8726=CARTESIAN_POINT('Ctrl Pts',(17.3051948051948,-14.7495364236036,38.));
#8727=CARTESIAN_POINT('Ctrl Pts',(17.5,-14.7959186128429,38.));
#8728=CARTESIAN_POINT('Ctrl Pts',(17.5,-14.995362026572,38.));
#8729=CARTESIAN_POINT('',(17.3051948051948,-14.7495364236036,37.8));
#8730=CARTESIAN_POINT('',(17.3051948051948,-14.7495364236036,-96.7369151290948));
#8731=CARTESIAN_POINT('Ctrl Pts',(17.3051948051948,-14.7495364236036,37.8));
#8732=CARTESIAN_POINT('Ctrl Pts',(17.4350649350649,-14.7804578830964,37.8));
#8733=CARTESIAN_POINT('Ctrl Pts',(17.5,-14.8623997507526,37.8));
#8734=CARTESIAN_POINT('Ctrl Pts',(17.5,-14.995362026572,37.8));
#8735=CARTESIAN_POINT('Origin',(13.6873840445269,-13.9471245497631,-96.7369151290948));
#8736=CARTESIAN_POINT('',(13.6873840445269,-13.9471245497631,38.));
#8737=CARTESIAN_POINT('',(-9.60708435612165,-8.78053091731145,38.));
#8738=CARTESIAN_POINT('',(13.6873840445269,-13.9471245497631,37.8));
#8739=CARTESIAN_POINT('',(13.6873840445269,-13.9471245497631,-96.7369151290948));
#8740=CARTESIAN_POINT('',(-9.60708435612165,-8.78053091731145,37.8));
#8741=CARTESIAN_POINT('Origin',(15.7931354359926,-13.2467534922492,-96.7369151290948));
#8742=CARTESIAN_POINT('',(15.7931354359926,-13.2467534922492,38.));
#8743=CARTESIAN_POINT('',(-3.78475428957916,-19.7583423657323,38.));
#8744=CARTESIAN_POINT('',(15.7931354359926,-13.2467534922492,37.8));
#8745=CARTESIAN_POINT('',(15.7931354359926,-13.2467534922492,-96.7369151290948));
#8746=CARTESIAN_POINT('',(-3.78475428957916,-19.7583423657323,37.8));
#8747=CARTESIAN_POINT('Ctrl Pts',(15.7931354359926,-13.2467534922492,-96.7369151290948));
#8748=CARTESIAN_POINT('Ctrl Pts',(15.7931354359926,-13.2467534922492,172.736915129095));
#8749=CARTESIAN_POINT('Ctrl Pts',(15.9972170686456,-13.1771802083902,-96.7369151290948));
#8750=CARTESIAN_POINT('Ctrl Pts',(15.9972170686456,-13.1771802083902,172.736915129095));
#8751=CARTESIAN_POINT('Ctrl Pts',(15.9972170686456,-12.9962896703568,-96.7369151290948));
#8752=CARTESIAN_POINT('Ctrl Pts',(15.9972170686456,-12.9962896703568,172.736915129095));
#8753=CARTESIAN_POINT('',(15.9972170686456,-12.9962896703568,38.));
#8754=CARTESIAN_POINT('Ctrl Pts',(15.9972170686456,-12.9962896703568,38.));
#8755=CARTESIAN_POINT('Ctrl Pts',(15.9972170686456,-13.1771802083902,38.));
#8756=CARTESIAN_POINT('Ctrl Pts',(15.7931354359926,-13.2467534922492,38.));
#8757=CARTESIAN_POINT('',(15.9972170686456,-12.9962896703568,37.8));
#8758=CARTESIAN_POINT('',(15.9972170686456,-12.9962896703568,-96.7369151290948));
#8759=CARTESIAN_POINT('Ctrl Pts',(15.9972170686456,-12.9962896703568,37.8));
#8760=CARTESIAN_POINT('Ctrl Pts',(15.9972170686456,-13.116883362379,37.8));
#8761=CARTESIAN_POINT('Ctrl Pts',(15.9291898577613,-13.2003713030098,37.8));
#8762=CARTESIAN_POINT('Ctrl Pts',(15.7931354359926,-13.2467534922492,37.8));
#8763=CARTESIAN_POINT('Ctrl Pts',(15.9972170686456,-12.9962896703568,-96.7369151290948));
#8764=CARTESIAN_POINT('Ctrl Pts',(15.9972170686456,-12.9962896703568,172.736915129095));
#8765=CARTESIAN_POINT('Ctrl Pts',(15.9972170686456,-12.8153991323234,-96.7369151290948));
#8766=CARTESIAN_POINT('Ctrl Pts',(15.9972170686456,-12.8153991323234,172.736915129095));
#8767=CARTESIAN_POINT('Ctrl Pts',(15.7931354359926,-12.7504640673883,-96.7369151290948));
#8768=CARTESIAN_POINT('Ctrl Pts',(15.7931354359926,-12.7504640673883,172.736915129095));
#8769=CARTESIAN_POINT('',(15.7931354359926,-12.7504640673883,38.));
#8770=CARTESIAN_POINT('Ctrl Pts',(15.7931354359926,-12.7504640673883,38.));
#8771=CARTESIAN_POINT('Ctrl Pts',(15.9972170686456,-12.8153991323234,38.));
#8772=CARTESIAN_POINT('Ctrl Pts',(15.9972170686456,-12.9962896703568,38.));
#8773=CARTESIAN_POINT('',(15.7931354359926,-12.7504640673883,37.8));
#8774=CARTESIAN_POINT('',(15.7931354359926,-12.7504640673883,-96.7369151290948));
#8775=CARTESIAN_POINT('Ctrl Pts',(15.7931354359926,-12.7504640673883,37.8));
#8776=CARTESIAN_POINT('Ctrl Pts',(15.9291898577613,-12.7937541106784,37.8));
#8777=CARTESIAN_POINT('Ctrl Pts',(15.9972170686456,-12.8756959783345,37.8));
#8778=CARTESIAN_POINT('Ctrl Pts',(15.9972170686456,-12.9962896703568,37.8));
#8779=CARTESIAN_POINT('Origin',(13.682745825603,-12.0454547909505,-96.7369151290948));
#8780=CARTESIAN_POINT('',(13.682745825603,-12.0454547909505,38.));
#8781=CARTESIAN_POINT('',(-8.72042067641892,-4.56132004741788,38.));
#8782=CARTESIAN_POINT('',(13.682745825603,-12.0454547909505,37.8));
#8783=CARTESIAN_POINT('',(13.682745825603,-12.0454547909505,-96.7369151290948));
#8784=CARTESIAN_POINT('',(-8.72042067641892,-4.56132004741788,37.8));
#8785=CARTESIAN_POINT('Origin',(17.3051948051948,-11.24304291711,-96.7369151290948));
#8786=CARTESIAN_POINT('',(17.3051948051948,-11.24304291711,38.));
#8787=CARTESIAN_POINT('',(-5.05502395968039,-16.1960747305843,38.));
#8788=CARTESIAN_POINT('',(17.3051948051948,-11.24304291711,37.8));
#8789=CARTESIAN_POINT('',(17.3051948051948,-11.24304291711,-96.7369151290948));
#8790=CARTESIAN_POINT('',(-5.05502395968039,-16.1960747305843,37.8));
#8791=CARTESIAN_POINT('Ctrl Pts',(17.3051948051948,-11.24304291711,-96.7369151290948));
#8792=CARTESIAN_POINT('Ctrl Pts',(17.3051948051948,-11.24304291711,172.736915129095));
#8793=CARTESIAN_POINT('Ctrl Pts',(17.5,-11.1966607278707,-96.7369151290948));
#8794=CARTESIAN_POINT('Ctrl Pts',(17.5,-11.1966607278707,172.736915129095));
#8795=CARTESIAN_POINT('Ctrl Pts',(17.5,-10.9972173141416,-96.7369151290948));
#8796=CARTESIAN_POINT('Ctrl Pts',(17.5,-10.9972173141416,172.736915129095));
#8797=CARTESIAN_POINT('',(17.5,-10.9972173141416,38.));
#8798=CARTESIAN_POINT('Ctrl Pts',(17.5,-10.9972173141416,38.));
#8799=CARTESIAN_POINT('Ctrl Pts',(17.5,-11.1966607278707,38.));
#8800=CARTESIAN_POINT('Ctrl Pts',(17.3051948051948,-11.24304291711,38.));
#8801=CARTESIAN_POINT('',(17.5,-10.9972173141416,37.8));
#8802=CARTESIAN_POINT('',(17.5,-10.9972173141416,-96.7369151290948));
#8803=CARTESIAN_POINT('Ctrl Pts',(17.5,-10.9972173141416,37.8));
#8804=CARTESIAN_POINT('Ctrl Pts',(17.5,-11.130179589961,37.8));
#8805=CARTESIAN_POINT('Ctrl Pts',(17.4350649350649,-11.2121214576172,37.8));
#8806=CARTESIAN_POINT('Ctrl Pts',(17.3051948051948,-11.24304291711,37.8));
#8807=CARTESIAN_POINT('Ctrl Pts',(17.5,-10.9972173141416,-96.7369151290948));
#8808=CARTESIAN_POINT('Ctrl Pts',(17.5,-10.9972173141416,172.736915129095));
#8809=CARTESIAN_POINT('Ctrl Pts',(17.5,-10.7467534922492,-96.7369151290948));
#8810=CARTESIAN_POINT('Ctrl Pts',(17.5,-10.7467534922492,172.736915129095));
#8811=CARTESIAN_POINT('Ctrl Pts',(17.2495361781076,-10.7467534922492,-96.7369151290948));
#8812=CARTESIAN_POINT('Ctrl Pts',(17.2495361781076,-10.7467534922492,172.736915129095));
#8813=CARTESIAN_POINT('',(17.2495361781076,-10.7467534922492,38.));
#8814=CARTESIAN_POINT('Ctrl Pts',(17.2495361781076,-10.7467534922492,38.));
#8815=CARTESIAN_POINT('Ctrl Pts',(17.5,-10.7467534922492,38.));
#8816=CARTESIAN_POINT('Ctrl Pts',(17.5,-10.9972173141416,38.));
#8817=CARTESIAN_POINT('',(17.2495361781076,-10.7467534922492,37.8));
#8818=CARTESIAN_POINT('',(17.2495361781076,-10.7467534922492,-96.7369151290948));
#8819=CARTESIAN_POINT('Ctrl Pts',(17.2495361781076,-10.7467534922492,37.8));
#8820=CARTESIAN_POINT('Ctrl Pts',(17.4165120593692,-10.7467534922492,37.8));
#8821=CARTESIAN_POINT('Ctrl Pts',(17.5,-10.83024143288,37.8));
#8822=CARTESIAN_POINT('Ctrl Pts',(17.5,-10.9972173141416,37.8));
#8823=CARTESIAN_POINT('Ctrl Pts',(17.2495361781076,-10.7467534922492,-96.7369151290948));
#8824=CARTESIAN_POINT('Ctrl Pts',(17.2495361781076,-10.7467534922492,172.736915129095));
#8825=CARTESIAN_POINT('Ctrl Pts',(17.2263450834879,-10.7467534922492,-96.7369151290948));
#8826=CARTESIAN_POINT('Ctrl Pts',(17.2263450834879,-10.7467534922492,172.736915129095));
#8827=CARTESIAN_POINT('Ctrl Pts',(17.1938775510204,-10.7513917111731,-96.7369151290948));
#8828=CARTESIAN_POINT('Ctrl Pts',(17.1938775510204,-10.7513917111731,172.736915129095));
#8829=CARTESIAN_POINT('Ctrl Pts',(17.1938775510204,-10.7513917111731,38.));
#8830=CARTESIAN_POINT('Ctrl Pts',(17.2263450834879,-10.7467534922492,38.));
#8831=CARTESIAN_POINT('Ctrl Pts',(17.2495361781076,-10.7467534922492,38.));
#8832=CARTESIAN_POINT('Ctrl Pts',(17.1938775510204,-10.7513917111731,37.8));
#8833=CARTESIAN_POINT('Ctrl Pts',(17.2155225726654,-10.7482995652238,37.8));
#8834=CARTESIAN_POINT('Ctrl Pts',(17.2340754483612,-10.7467534922492,37.8));
#8835=CARTESIAN_POINT('Ctrl Pts',(17.2495361781076,-10.7467534922492,37.8));
#8836=CARTESIAN_POINT('Origin',(-32.1,0.,37.8));
#8837=CARTESIAN_POINT('Origin',(-32.1,0.,37.8));
#8838=CARTESIAN_POINT('',(-12.7504638218924,0.24582535747252,37.8));
#8839=CARTESIAN_POINT('',(-12.5,-0.00463846441987382,37.8));
#8840=CARTESIAN_POINT('Ctrl Pts',(-12.7504638218924,0.24582535747252,37.8));
#8841=CARTESIAN_POINT('Ctrl Pts',(-12.5834879406308,0.24582535747252,37.8));
#8842=CARTESIAN_POINT('Ctrl Pts',(-12.5,0.162337416841722,37.8));
#8843=CARTESIAN_POINT('Ctrl Pts',(-12.5,-0.00463846441987381,37.8));
#8844=CARTESIAN_POINT('',(-17.2495361781076,0.245825357472521,37.8));
#8845=CARTESIAN_POINT('',(-24.6747680890538,0.245825357472522,37.8));
#8846=CARTESIAN_POINT('',(-17.5,-0.00463846441987269,37.8));
#8847=CARTESIAN_POINT('Ctrl Pts',(-17.5,-0.0046384644198727,37.8));
#8848=CARTESIAN_POINT('Ctrl Pts',(-17.5,0.162337416841723,37.8));
#8849=CARTESIAN_POINT('Ctrl Pts',(-17.4165120593692,0.245825357472521,37.8));
#8850=CARTESIAN_POINT('Ctrl Pts',(-17.2495361781076,0.245825357472521,37.8));
#8851=CARTESIAN_POINT('',(-17.2495361781076,-0.255102286312266,37.8));
#8852=CARTESIAN_POINT('Ctrl Pts',(-17.2495361781076,-0.255102286312266,
37.8));
#8853=CARTESIAN_POINT('Ctrl Pts',(-17.4165120593692,-0.255102286312266,
37.8));
#8854=CARTESIAN_POINT('Ctrl Pts',(-17.5,-0.171614345681468,37.8));
#8855=CARTESIAN_POINT('Ctrl Pts',(-17.5,-0.0046384644198727,37.8));
#8856=CARTESIAN_POINT('',(-15.,-0.255102286312267,37.8));
#8857=CARTESIAN_POINT('',(-23.55,-0.255102286312264,37.8));
#8858=CARTESIAN_POINT('',(-15.,-2.00371082063509,37.8));
#8859=CARTESIAN_POINT('',(-15.,-1.00185541031754,37.8));
#8860=CARTESIAN_POINT('',(-14.7495361781076,-2.25417464252748,37.8));
#8861=CARTESIAN_POINT('Ctrl Pts',(-14.7495361781076,-2.25417464252748,37.8));
#8862=CARTESIAN_POINT('Ctrl Pts',(-14.9165120593692,-2.25417464252748,37.8));
#8863=CARTESIAN_POINT('Ctrl Pts',(-15.,-2.17068670189668,37.8));
#8864=CARTESIAN_POINT('Ctrl Pts',(-15.,-2.00371082063509,37.8));
#8865=CARTESIAN_POINT('',(-14.4990723562152,-2.00371082063509,37.8));
#8866=CARTESIAN_POINT('Ctrl Pts',(-14.4990723562152,-2.00371082063509,37.8));
#8867=CARTESIAN_POINT('Ctrl Pts',(-14.4990723562152,-2.17068670189668,37.8));
#8868=CARTESIAN_POINT('Ctrl Pts',(-14.582560296846,-2.25417464252748,37.8));
#8869=CARTESIAN_POINT('Ctrl Pts',(-14.7495361781076,-2.25417464252748,37.8));
#8870=CARTESIAN_POINT('',(-14.4990723562152,-0.255102286312267,37.8));
#8871=CARTESIAN_POINT('',(-14.4990723562152,-0.127551143156133,37.8));
#8872=CARTESIAN_POINT('',(-13.0009276437848,-0.255102286312267,37.8));
#8873=CARTESIAN_POINT('',(-22.5504638218924,-0.255102286312265,37.8));
#8874=CARTESIAN_POINT('',(-13.0009276437848,-2.00371082063509,37.8));
#8875=CARTESIAN_POINT('',(-13.0009276437848,-1.00185541031754,37.8));
#8876=CARTESIAN_POINT('',(-12.7504638218924,-2.25417464252748,37.8));
#8877=CARTESIAN_POINT('Ctrl Pts',(-12.7504638218924,-2.25417464252748,37.8));
#8878=CARTESIAN_POINT('Ctrl Pts',(-12.917439703154,-2.25417464252748,37.8));
#8879=CARTESIAN_POINT('Ctrl Pts',(-13.0009276437848,-2.17068670189668,37.8));
#8880=CARTESIAN_POINT('Ctrl Pts',(-13.0009276437848,-2.00371082063509,37.8));
#8881=CARTESIAN_POINT('',(-12.5,-2.00371082063509,37.8));
#8882=CARTESIAN_POINT('Ctrl Pts',(-12.5,-2.00371082063509,37.8));
#8883=CARTESIAN_POINT('Ctrl Pts',(-12.5,-2.17068670189668,37.8));
#8884=CARTESIAN_POINT('Ctrl Pts',(-12.5834879406308,-2.25417464252748,37.8));
#8885=CARTESIAN_POINT('Ctrl Pts',(-12.7504638218924,-2.25417464252748,37.8));
#8886=CARTESIAN_POINT('',(-12.5,-0.00231923220993691,37.8));
#8887=CARTESIAN_POINT('Ctrl Pts',(-15.,-2.00371082063509,-96.7369151290948));
#8888=CARTESIAN_POINT('Ctrl Pts',(-15.,-2.00371082063509,172.736915129095));
#8889=CARTESIAN_POINT('Ctrl Pts',(-15.,-2.25417464252748,-96.7369151290948));
#8890=CARTESIAN_POINT('Ctrl Pts',(-15.,-2.25417464252748,172.736915129095));
#8891=CARTESIAN_POINT('Ctrl Pts',(-14.7495361781076,-2.25417464252748,-96.7369151290948));
#8892=CARTESIAN_POINT('Ctrl Pts',(-14.7495361781076,-2.25417464252748,172.736915129095));
#8893=CARTESIAN_POINT('',(-14.7495361781076,-2.25417464252748,38.));
#8894=CARTESIAN_POINT('',(-15.,-2.00371082063509,38.));
#8895=CARTESIAN_POINT('Ctrl Pts',(-14.7495361781076,-2.25417464252748,38.));
#8896=CARTESIAN_POINT('Ctrl Pts',(-15.,-2.25417464252748,38.));
#8897=CARTESIAN_POINT('Ctrl Pts',(-15.,-2.00371082063509,38.));
#8898=CARTESIAN_POINT('',(-14.7495361781076,-2.25417464252748,-96.7369151290948));
#8899=CARTESIAN_POINT('',(-15.,-2.00371082063509,-96.7369151290948));
#8900=CARTESIAN_POINT('Origin',(-15.,-2.00371082063509,-96.7369151290948));
#8901=CARTESIAN_POINT('',(-15.,-0.255102286312267,38.));
#8902=CARTESIAN_POINT('',(-15.,-1.00185541031754,38.));
#8903=CARTESIAN_POINT('',(-15.,-0.255102286312267,-96.7369151290948));
#8904=CARTESIAN_POINT('Origin',(-15.,-0.255102286312267,-96.7369151290948));
#8905=CARTESIAN_POINT('',(-17.2495361781076,-0.255102286312266,38.));
#8906=CARTESIAN_POINT('',(-23.55,-0.255102286312264,38.));
#8907=CARTESIAN_POINT('',(-17.2495361781076,-0.255102286312266,-96.7369151290948));
#8908=CARTESIAN_POINT('Ctrl Pts',(-17.5,-0.0046384644198727,-96.7369151290948));
#8909=CARTESIAN_POINT('Ctrl Pts',(-17.5,-0.0046384644198727,172.736915129095));
#8910=CARTESIAN_POINT('Ctrl Pts',(-17.5,-0.255102286312266,-96.7369151290948));
#8911=CARTESIAN_POINT('Ctrl Pts',(-17.5,-0.255102286312266,172.736915129095));
#8912=CARTESIAN_POINT('Ctrl Pts',(-17.2495361781076,-0.255102286312266,
-96.7369151290948));
#8913=CARTESIAN_POINT('Ctrl Pts',(-17.2495361781076,-0.255102286312266,
172.736915129095));
#8914=CARTESIAN_POINT('',(-17.5,-0.00463846441987269,38.));
#8915=CARTESIAN_POINT('Ctrl Pts',(-17.2495361781076,-0.255102286312266,
38.));
#8916=CARTESIAN_POINT('Ctrl Pts',(-17.5,-0.255102286312266,38.));
#8917=CARTESIAN_POINT('Ctrl Pts',(-17.5,-0.0046384644198727,38.));
#8918=CARTESIAN_POINT('',(-17.5,-0.00463846441987269,-96.7369151290948));
#8919=CARTESIAN_POINT('Ctrl Pts',(-17.2495361781076,0.245825357472521,-96.7369151290948));
#8920=CARTESIAN_POINT('Ctrl Pts',(-17.2495361781076,0.245825357472521,172.736915129095));
#8921=CARTESIAN_POINT('Ctrl Pts',(-17.5,0.245825357472521,-96.7369151290948));
#8922=CARTESIAN_POINT('Ctrl Pts',(-17.5,0.245825357472521,172.736915129095));
#8923=CARTESIAN_POINT('Ctrl Pts',(-17.5,-0.0046384644198727,-96.7369151290948));
#8924=CARTESIAN_POINT('Ctrl Pts',(-17.5,-0.0046384644198727,172.736915129095));
#8925=CARTESIAN_POINT('',(-17.2495361781076,0.245825357472521,38.));
#8926=CARTESIAN_POINT('Ctrl Pts',(-17.5,-0.0046384644198727,38.));
#8927=CARTESIAN_POINT('Ctrl Pts',(-17.5,0.245825357472521,38.));
#8928=CARTESIAN_POINT('Ctrl Pts',(-17.2495361781076,0.245825357472521,38.));
#8929=CARTESIAN_POINT('',(-17.2495361781076,0.245825357472521,-96.7369151290948));
#8930=CARTESIAN_POINT('Origin',(-17.2495361781076,0.245825357472521,-96.7369151290948));
#8931=CARTESIAN_POINT('',(-12.7504638218924,0.24582535747252,38.));
#8932=CARTESIAN_POINT('',(-24.6747680890538,0.245825357472522,38.));
#8933=CARTESIAN_POINT('',(-12.7504638218924,0.24582535747252,-96.7369151290948));
#8934=CARTESIAN_POINT('Ctrl Pts',(-12.5,-0.00463846441987381,-96.7369151290948));
#8935=CARTESIAN_POINT('Ctrl Pts',(-12.5,-0.00463846441987381,172.736915129095));
#8936=CARTESIAN_POINT('Ctrl Pts',(-12.5,0.24582535747252,-96.7369151290948));
#8937=CARTESIAN_POINT('Ctrl Pts',(-12.5,0.24582535747252,172.736915129095));
#8938=CARTESIAN_POINT('Ctrl Pts',(-12.7504638218924,0.24582535747252,-96.7369151290948));
#8939=CARTESIAN_POINT('Ctrl Pts',(-12.7504638218924,0.24582535747252,172.736915129095));
#8940=CARTESIAN_POINT('',(-12.5,-0.00463846441987382,38.));
#8941=CARTESIAN_POINT('Ctrl Pts',(-12.7504638218924,0.24582535747252,38.));
#8942=CARTESIAN_POINT('Ctrl Pts',(-12.5,0.24582535747252,38.));
#8943=CARTESIAN_POINT('Ctrl Pts',(-12.5,-0.00463846441987381,38.));
#8944=CARTESIAN_POINT('',(-12.5,-0.00463846441987382,-96.7369151290948));
#8945=CARTESIAN_POINT('Origin',(-12.5,-0.00463846441987382,-96.7369151290948));
#8946=CARTESIAN_POINT('',(-12.5,-2.00371082063509,38.));
#8947=CARTESIAN_POINT('',(-12.5,-0.00231923220993691,38.));
#8948=CARTESIAN_POINT('',(-12.5,-2.00371082063509,-96.7369151290948));
#8949=CARTESIAN_POINT('Ctrl Pts',(-12.7504638218924,-2.25417464252748,-96.7369151290948));
#8950=CARTESIAN_POINT('Ctrl Pts',(-12.7504638218924,-2.25417464252748,172.736915129095));
#8951=CARTESIAN_POINT('Ctrl Pts',(-12.5,-2.25417464252748,-96.7369151290948));
#8952=CARTESIAN_POINT('Ctrl Pts',(-12.5,-2.25417464252748,172.736915129095));
#8953=CARTESIAN_POINT('Ctrl Pts',(-12.5,-2.00371082063509,-96.7369151290948));
#8954=CARTESIAN_POINT('Ctrl Pts',(-12.5,-2.00371082063509,172.736915129095));
#8955=CARTESIAN_POINT('',(-12.7504638218924,-2.25417464252748,38.));
#8956=CARTESIAN_POINT('Ctrl Pts',(-12.5,-2.00371082063509,38.));
#8957=CARTESIAN_POINT('Ctrl Pts',(-12.5,-2.25417464252748,38.));
#8958=CARTESIAN_POINT('Ctrl Pts',(-12.7504638218924,-2.25417464252748,38.));
#8959=CARTESIAN_POINT('',(-12.7504638218924,-2.25417464252748,-96.7369151290948));
#8960=CARTESIAN_POINT('Ctrl Pts',(-13.0009276437848,-2.00371082063509,-96.7369151290948));
#8961=CARTESIAN_POINT('Ctrl Pts',(-13.0009276437848,-2.00371082063509,172.736915129095));
#8962=CARTESIAN_POINT('Ctrl Pts',(-13.0009276437848,-2.25417464252748,-96.7369151290948));
#8963=CARTESIAN_POINT('Ctrl Pts',(-13.0009276437848,-2.25417464252748,172.736915129095));
#8964=CARTESIAN_POINT('Ctrl Pts',(-12.7504638218924,-2.25417464252748,-96.7369151290948));
#8965=CARTESIAN_POINT('Ctrl Pts',(-12.7504638218924,-2.25417464252748,172.736915129095));
#8966=CARTESIAN_POINT('',(-13.0009276437848,-2.00371082063509,38.));
#8967=CARTESIAN_POINT('Ctrl Pts',(-12.7504638218924,-2.25417464252748,38.));
#8968=CARTESIAN_POINT('Ctrl Pts',(-13.0009276437848,-2.25417464252748,38.));
#8969=CARTESIAN_POINT('Ctrl Pts',(-13.0009276437848,-2.00371082063509,38.));
#8970=CARTESIAN_POINT('',(-13.0009276437848,-2.00371082063509,-96.7369151290948));
#8971=CARTESIAN_POINT('Origin',(-13.0009276437848,-2.00371082063509,-96.7369151290948));
#8972=CARTESIAN_POINT('',(-13.0009276437848,-0.255102286312267,38.));
#8973=CARTESIAN_POINT('',(-13.0009276437848,-1.00185541031754,38.));
#8974=CARTESIAN_POINT('',(-13.0009276437848,-0.255102286312267,-96.7369151290948));
#8975=CARTESIAN_POINT('Origin',(-13.0009276437848,-0.255102286312267,-96.7369151290948));
#8976=CARTESIAN_POINT('',(-14.4990723562152,-0.255102286312267,38.));
#8977=CARTESIAN_POINT('',(-22.5504638218924,-0.255102286312265,38.));
#8978=CARTESIAN_POINT('',(-14.4990723562152,-0.255102286312267,-96.7369151290948));
#8979=CARTESIAN_POINT('Origin',(-14.4990723562152,-0.255102286312267,-96.7369151290948));
#8980=CARTESIAN_POINT('',(-14.4990723562152,-2.00371082063509,38.));
#8981=CARTESIAN_POINT('',(-14.4990723562152,-0.127551143156133,38.));
#8982=CARTESIAN_POINT('',(-14.4990723562152,-2.00371082063509,-96.7369151290948));
#8983=CARTESIAN_POINT('Ctrl Pts',(-14.7495361781076,-2.25417464252748,-96.7369151290948));
#8984=CARTESIAN_POINT('Ctrl Pts',(-14.7495361781076,-2.25417464252748,172.736915129095));
#8985=CARTESIAN_POINT('Ctrl Pts',(-14.4990723562152,-2.25417464252748,-96.7369151290948));
#8986=CARTESIAN_POINT('Ctrl Pts',(-14.4990723562152,-2.25417464252748,172.736915129095));
#8987=CARTESIAN_POINT('Ctrl Pts',(-14.4990723562152,-2.00371082063509,-96.7369151290948));
#8988=CARTESIAN_POINT('Ctrl Pts',(-14.4990723562152,-2.00371082063509,172.736915129095));
#8989=CARTESIAN_POINT('Ctrl Pts',(-14.4990723562152,-2.00371082063509,38.));
#8990=CARTESIAN_POINT('Ctrl Pts',(-14.4990723562152,-2.25417464252748,38.));
#8991=CARTESIAN_POINT('Ctrl Pts',(-14.7495361781076,-2.25417464252748,38.));
#8992=CARTESIAN_POINT('Ctrl Pts',(-17.5,9.74489771368773,-96.7369151290948));
#8993=CARTESIAN_POINT('Ctrl Pts',(-17.5,9.74489771368773,172.736915129095));
#8994=CARTESIAN_POINT('Ctrl Pts',(-17.5,9.49443389179534,-96.7369151290948));
#8995=CARTESIAN_POINT('Ctrl Pts',(-17.5,9.49443389179534,172.736915129095));
#8996=CARTESIAN_POINT('Ctrl Pts',(-17.2495361781076,9.49443389179534,-96.7369151290948));
#8997=CARTESIAN_POINT('Ctrl Pts',(-17.2495361781076,9.49443389179534,172.736915129095));
#8998=CARTESIAN_POINT('',(-17.2495361781076,9.49443389179534,38.));
#8999=CARTESIAN_POINT('',(-17.5,9.74489771368773,38.));
#9000=CARTESIAN_POINT('Ctrl Pts',(-17.2495361781076,9.49443389179534,38.));
#9001=CARTESIAN_POINT('Ctrl Pts',(-17.5,9.49443389179534,38.));
#9002=CARTESIAN_POINT('Ctrl Pts',(-17.5,9.74489771368773,38.));
#9003=CARTESIAN_POINT('',(-17.2495361781076,9.49443389179534,37.8));
#9004=CARTESIAN_POINT('',(-17.2495361781076,9.49443389179534,-96.7369151290948));
#9005=CARTESIAN_POINT('',(-17.5,9.74489771368773,37.8));
#9006=CARTESIAN_POINT('Ctrl Pts',(-17.2495361781076,9.49443389179534,37.8));
#9007=CARTESIAN_POINT('Ctrl Pts',(-17.4165120593692,9.49443389179534,37.8));
#9008=CARTESIAN_POINT('Ctrl Pts',(-17.5,9.57792183242614,37.8));
#9009=CARTESIAN_POINT('Ctrl Pts',(-17.5,9.74489771368773,37.8));
#9010=CARTESIAN_POINT('',(-17.5,9.74489771368773,-96.7369151290948));
#9011=CARTESIAN_POINT('Origin',(-13.0009276437848,9.49443389179534,-96.7369151290948));
#9012=CARTESIAN_POINT('',(-13.0009276437848,9.49443389179534,38.));
#9013=CARTESIAN_POINT('',(-22.5504638218924,9.49443389179534,38.));
#9014=CARTESIAN_POINT('',(-13.0009276437848,9.49443389179534,37.8));
#9015=CARTESIAN_POINT('',(-13.0009276437848,9.49443389179534,-96.7369151290948));
#9016=CARTESIAN_POINT('',(-22.5504638218924,9.49443389179534,37.8));
#9017=CARTESIAN_POINT('Origin',(-13.0009276437848,8.49257860422577,-96.7369151290948));
#9018=CARTESIAN_POINT('',(-13.0009276437848,8.49257860422577,38.));
#9019=CARTESIAN_POINT('',(-13.0009276437848,4.24628930211288,38.));
#9020=CARTESIAN_POINT('',(-13.0009276437848,8.49257860422577,37.8));
#9021=CARTESIAN_POINT('',(-13.0009276437848,8.49257860422577,-96.7369151290948));
#9022=CARTESIAN_POINT('',(-13.0009276437848,4.24628930211288,37.8));
#9023=CARTESIAN_POINT('Ctrl Pts',(-13.0009276437848,8.49257860422577,-96.7369151290948));
#9024=CARTESIAN_POINT('Ctrl Pts',(-13.0009276437848,8.49257860422577,172.736915129095));
#9025=CARTESIAN_POINT('Ctrl Pts',(-13.0009276437848,8.24675300125731,-96.7369151290948));
#9026=CARTESIAN_POINT('Ctrl Pts',(-13.0009276437848,8.24675300125731,172.736915129095));
#9027=CARTESIAN_POINT('Ctrl Pts',(-12.7504638218924,8.24675300125731,-96.7369151290948));
#9028=CARTESIAN_POINT('Ctrl Pts',(-12.7504638218924,8.24675300125731,172.736915129095));
#9029=CARTESIAN_POINT('',(-12.7504638218924,8.24675300125731,38.));
#9030=CARTESIAN_POINT('Ctrl Pts',(-12.7504638218924,8.24675300125731,38.));
#9031=CARTESIAN_POINT('Ctrl Pts',(-13.0009276437848,8.24675300125731,38.));
#9032=CARTESIAN_POINT('Ctrl Pts',(-13.0009276437848,8.49257860422577,38.));
#9033=CARTESIAN_POINT('',(-12.7504638218924,8.24675300125731,37.8));
#9034=CARTESIAN_POINT('',(-12.7504638218924,8.24675300125731,-96.7369151290948));
#9035=CARTESIAN_POINT('Ctrl Pts',(-12.7504638218924,8.24675300125731,37.8));
#9036=CARTESIAN_POINT('Ctrl Pts',(-12.917439703154,8.24675300125731,37.8));
#9037=CARTESIAN_POINT('Ctrl Pts',(-13.0009276437848,8.32869486891346,37.8));
#9038=CARTESIAN_POINT('Ctrl Pts',(-13.0009276437848,8.49257860422577,37.8));
#9039=CARTESIAN_POINT('Ctrl Pts',(-12.7504638218924,8.24675300125731,-96.7369151290948));
#9040=CARTESIAN_POINT('Ctrl Pts',(-12.7504638218924,8.24675300125731,172.736915129095));
#9041=CARTESIAN_POINT('Ctrl Pts',(-12.5,8.24675300125731,-96.7369151290948));
#9042=CARTESIAN_POINT('Ctrl Pts',(-12.5,8.24675300125731,172.736915129095));
#9043=CARTESIAN_POINT('Ctrl Pts',(-12.5,8.49257860422577,-96.7369151290948));
#9044=CARTESIAN_POINT('Ctrl Pts',(-12.5,8.49257860422577,172.736915129095));
#9045=CARTESIAN_POINT('',(-12.5,8.49257860422577,38.));
#9046=CARTESIAN_POINT('Ctrl Pts',(-12.5,8.49257860422577,38.));
#9047=CARTESIAN_POINT('Ctrl Pts',(-12.5,8.24675300125731,38.));
#9048=CARTESIAN_POINT('Ctrl Pts',(-12.7504638218924,8.24675300125731,38.));
#9049=CARTESIAN_POINT('',(-12.5,8.49257860422577,37.8));
#9050=CARTESIAN_POINT('',(-12.5,8.49257860422577,-96.7369151290948));
#9051=CARTESIAN_POINT('Ctrl Pts',(-12.5,8.49257860422577,37.8));
#9052=CARTESIAN_POINT('Ctrl Pts',(-12.5,8.32869486891346,37.8));
#9053=CARTESIAN_POINT('Ctrl Pts',(-12.5834879406308,8.24675300125731,37.8));
#9054=CARTESIAN_POINT('Ctrl Pts',(-12.7504638218924,8.24675300125731,37.8));
#9055=CARTESIAN_POINT('Origin',(-12.5,10.9972168231497,-96.7369151290948));
#9056=CARTESIAN_POINT('',(-12.5,10.9972168231497,38.));
#9057=CARTESIAN_POINT('',(-12.5,5.49860841157485,38.));
#9058=CARTESIAN_POINT('',(-12.5,10.9972168231497,37.8));
#9059=CARTESIAN_POINT('',(-12.5,10.9972168231497,-96.7369151290948));
#9060=CARTESIAN_POINT('',(-12.5,5.49860841157485,37.8));
#9061=CARTESIAN_POINT('Ctrl Pts',(-12.5,10.9972168231497,-96.7369151290948));
#9062=CARTESIAN_POINT('Ctrl Pts',(-12.5,10.9972168231497,172.736915129095));
#9063=CARTESIAN_POINT('Ctrl Pts',(-12.5,11.2430424261182,-96.7369151290948));
#9064=CARTESIAN_POINT('Ctrl Pts',(-12.5,11.2430424261182,172.736915129095));
#9065=CARTESIAN_POINT('Ctrl Pts',(-12.7504638218924,11.2430424261182,-96.7369151290948));
#9066=CARTESIAN_POINT('Ctrl Pts',(-12.7504638218924,11.2430424261182,172.736915129095));
#9067=CARTESIAN_POINT('',(-12.7504638218924,11.2430424261182,38.));
#9068=CARTESIAN_POINT('Ctrl Pts',(-12.7504638218924,11.2430424261182,38.));
#9069=CARTESIAN_POINT('Ctrl Pts',(-12.5,11.2430424261182,38.));
#9070=CARTESIAN_POINT('Ctrl Pts',(-12.5,10.9972168231497,38.));
#9071=CARTESIAN_POINT('',(-12.7504638218924,11.2430424261182,37.8));
#9072=CARTESIAN_POINT('',(-12.7504638218924,11.2430424261182,-96.7369151290948));
#9073=CARTESIAN_POINT('Ctrl Pts',(-12.7504638218924,11.2430424261182,37.8));
#9074=CARTESIAN_POINT('Ctrl Pts',(-12.5834879406308,11.2430424261182,37.8));
#9075=CARTESIAN_POINT('Ctrl Pts',(-12.5,11.161100558462,37.8));
#9076=CARTESIAN_POINT('Ctrl Pts',(-12.5,10.9972168231497,37.8));
#9077=CARTESIAN_POINT('Ctrl Pts',(-12.7504638218924,11.2430424261182,-96.7369151290948));
#9078=CARTESIAN_POINT('Ctrl Pts',(-12.7504638218924,11.2430424261182,172.736915129095));
#9079=CARTESIAN_POINT('Ctrl Pts',(-13.0009276437848,11.2430424261182,-96.7369151290948));
#9080=CARTESIAN_POINT('Ctrl Pts',(-13.0009276437848,11.2430424261182,172.736915129095));
#9081=CARTESIAN_POINT('Ctrl Pts',(-13.0009276437848,10.9972168231497,-96.7369151290948));
#9082=CARTESIAN_POINT('Ctrl Pts',(-13.0009276437848,10.9972168231497,172.736915129095));
#9083=CARTESIAN_POINT('',(-13.0009276437848,10.9972168231497,38.));
#9084=CARTESIAN_POINT('Ctrl Pts',(-13.0009276437848,10.9972168231497,38.));
#9085=CARTESIAN_POINT('Ctrl Pts',(-13.0009276437848,11.2430424261182,38.));
#9086=CARTESIAN_POINT('Ctrl Pts',(-12.7504638218924,11.2430424261182,38.));
#9087=CARTESIAN_POINT('',(-13.0009276437848,10.9972168231497,37.8));
#9088=CARTESIAN_POINT('',(-13.0009276437848,10.9972168231497,-96.7369151290948));
#9089=CARTESIAN_POINT('Ctrl Pts',(-13.0009276437848,10.9972168231497,37.8));
#9090=CARTESIAN_POINT('Ctrl Pts',(-13.0009276437848,11.161100558462,37.8));
#9091=CARTESIAN_POINT('Ctrl Pts',(-12.917439703154,11.2430424261182,37.8));
#9092=CARTESIAN_POINT('Ctrl Pts',(-12.7504638218924,11.2430424261182,37.8));
#9093=CARTESIAN_POINT('Origin',(-13.0009276437848,9.99536153558013,-96.7369151290948));
#9094=CARTESIAN_POINT('',(-13.0009276437848,9.99536153558013,38.));
#9095=CARTESIAN_POINT('',(-13.0009276437848,4.99768076779006,38.));
#9096=CARTESIAN_POINT('',(-13.0009276437848,9.99536153558013,37.8));
#9097=CARTESIAN_POINT('',(-13.0009276437848,9.99536153558013,-96.7369151290948));
#9098=CARTESIAN_POINT('',(-13.0009276437848,4.99768076779006,37.8));
#9099=CARTESIAN_POINT('Origin',(-17.2495361781076,9.99536153558013,-96.7369151290948));
#9100=CARTESIAN_POINT('',(-17.2495361781076,9.99536153558013,38.));
#9101=CARTESIAN_POINT('',(-24.6747680890538,9.99536153558013,38.));
#9102=CARTESIAN_POINT('',(-17.2495361781076,9.99536153558013,37.8));
#9103=CARTESIAN_POINT('',(-17.2495361781076,9.99536153558013,-96.7369151290948));
#9104=CARTESIAN_POINT('',(-24.6747680890538,9.99536153558013,37.8));
#9105=CARTESIAN_POINT('Ctrl Pts',(-17.2495361781076,9.99536153558013,-96.7369151290948));
#9106=CARTESIAN_POINT('Ctrl Pts',(-17.2495361781076,9.99536153558013,172.736915129095));
#9107=CARTESIAN_POINT('Ctrl Pts',(-17.5,9.99536153558013,-96.7369151290948));
#9108=CARTESIAN_POINT('Ctrl Pts',(-17.5,9.99536153558013,172.736915129095));
#9109=CARTESIAN_POINT('Ctrl Pts',(-17.5,9.74489771368773,-96.7369151290948));
#9110=CARTESIAN_POINT('Ctrl Pts',(-17.5,9.74489771368773,172.736915129095));
#9111=CARTESIAN_POINT('Ctrl Pts',(-17.5,9.74489771368773,38.));
#9112=CARTESIAN_POINT('Ctrl Pts',(-17.5,9.99536153558013,38.));
#9113=CARTESIAN_POINT('Ctrl Pts',(-17.2495361781076,9.99536153558013,38.));
#9114=CARTESIAN_POINT('Ctrl Pts',(-17.5,9.74489771368773,37.8));
#9115=CARTESIAN_POINT('Ctrl Pts',(-17.5,9.91187359494933,37.8));
#9116=CARTESIAN_POINT('Ctrl Pts',(-17.4165120593692,9.99536153558013,37.8));
#9117=CARTESIAN_POINT('Ctrl Pts',(-17.2495361781076,9.99536153558013,37.8));
#9118=CARTESIAN_POINT('Origin',(-32.1,0.,37.8));
#9119=CARTESIAN_POINT('Origin',(-32.1,0.,37.8));
#9120=CARTESIAN_POINT('',(-17.5,-8.24675349224919,37.8));
#9121=CARTESIAN_POINT('',(-16.0018552875696,-6.74860877981876,37.8));
#9122=CARTESIAN_POINT('Ctrl Pts',(-17.5,-8.24675349224919,37.8));
#9123=CARTESIAN_POINT('Ctrl Pts',(-17.5,-7.83240593504449,37.8));
#9124=CARTESIAN_POINT('Ctrl Pts',(-17.3538961038961,-7.47912826033824,37.8));
#9125=CARTESIAN_POINT('Ctrl Pts',(-17.0616883116883,-7.18692046813045,37.8));
#9126=CARTESIAN_POINT('Ctrl Pts',(-16.7694805194805,-6.89471267592265,37.8));
#9127=CARTESIAN_POINT('Ctrl Pts',(-16.4162028447743,-6.74860877981876,37.8));
#9128=CARTESIAN_POINT('Ctrl Pts',(-16.0018552875696,-6.74860877981876,37.8));
#9129=CARTESIAN_POINT('',(-16.0018552875696,-9.74489820467961,37.8));
#9130=CARTESIAN_POINT('Ctrl Pts',(-16.0018552875696,-9.74489820467961,37.8));
#9131=CARTESIAN_POINT('Ctrl Pts',(-16.4162028447743,-9.74489820467961,37.8));
#9132=CARTESIAN_POINT('Ctrl Pts',(-16.7694805194805,-9.59879430857572,37.8));
#9133=CARTESIAN_POINT('Ctrl Pts',(-17.0616883116883,-9.30658651636792,37.8));
#9134=CARTESIAN_POINT('Ctrl Pts',(-17.3538961038961,-9.01437872416013,37.8));
#9135=CARTESIAN_POINT('Ctrl Pts',(-17.5,-8.66110104945389,37.8));
#9136=CARTESIAN_POINT('Ctrl Pts',(-17.5,-8.24675349224919,37.8));
#9137=CARTESIAN_POINT('',(-13.9981447124304,-9.74489820467961,37.8));
#9138=CARTESIAN_POINT('',(-23.0490723562152,-9.74489820467961,37.8));
#9139=CARTESIAN_POINT('',(-12.5,-8.24675349224919,37.8));
#9140=CARTESIAN_POINT('Ctrl Pts',(-12.5,-8.24675349224919,37.8));
#9141=CARTESIAN_POINT('Ctrl Pts',(-12.5,-8.66419319540318,37.8));
#9142=CARTESIAN_POINT('Ctrl Pts',(-12.6461038961039,-9.01824390659674,37.8));
#9143=CARTESIAN_POINT('Ctrl Pts',(-12.9383116883117,-9.30890562582989,37.8));
#9144=CARTESIAN_POINT('Ctrl Pts',(-13.2305194805195,-9.59956734506304,37.8));
#9145=CARTESIAN_POINT('Ctrl Pts',(-13.5837971552257,-9.74489820467961,37.8));
#9146=CARTESIAN_POINT('Ctrl Pts',(-13.9981447124304,-9.74489820467961,37.8));
#9147=CARTESIAN_POINT('',(-13.9981447124304,-6.74860877981876,37.8));
#9148=CARTESIAN_POINT('Ctrl Pts',(-13.9981447124304,-6.74860877981876,37.8));
#9149=CARTESIAN_POINT('Ctrl Pts',(-13.5837971552257,-6.74860877981876,37.8));
#9150=CARTESIAN_POINT('Ctrl Pts',(-13.2305194805195,-6.89471267592266,37.8));
#9151=CARTESIAN_POINT('Ctrl Pts',(-12.9383116883117,-7.18692046813045,37.8));
#9152=CARTESIAN_POINT('Ctrl Pts',(-12.6461038961039,-7.47912826033824,37.8));
#9153=CARTESIAN_POINT('Ctrl Pts',(-12.5,-7.83240593504449,37.8));
#9154=CARTESIAN_POINT('Ctrl Pts',(-12.5,-8.24675349224919,37.8));
#9155=CARTESIAN_POINT('',(-24.0509276437848,-6.74860877981875,37.8));
#9156=CARTESIAN_POINT('',(-16.9990723562152,-8.24675349224919,37.8));
#9157=CARTESIAN_POINT('',(-15.9972170686456,-9.24397056089483,37.8));
#9158=CARTESIAN_POINT('Ctrl Pts',(-16.9990723562152,-8.24675349224919,37.8));
#9159=CARTESIAN_POINT('Ctrl Pts',(-16.9990723562152,-8.52504662768518,37.8));
#9160=CARTESIAN_POINT('Ctrl Pts',(-16.9024427952999,-8.76082275631845,37.8));
#9161=CARTESIAN_POINT('Ctrl Pts',(-16.7091836734694,-8.954081878149,37.8));
#9162=CARTESIAN_POINT('Ctrl Pts',(-16.5159245516388,-9.14734099997955,37.8));
#9163=CARTESIAN_POINT('Ctrl Pts',(-16.2786023500309,-9.24397056089483,37.8));
#9164=CARTESIAN_POINT('Ctrl Pts',(-15.9972170686456,-9.24397056089483,37.8));
#9165=CARTESIAN_POINT('',(-15.9972170686456,-7.24953642360355,37.8));
#9166=CARTESIAN_POINT('Ctrl Pts',(-15.9972170686456,-7.24953642360355,37.8));
#9167=CARTESIAN_POINT('Ctrl Pts',(-16.2786023500309,-7.24953642360355,37.8));
#9168=CARTESIAN_POINT('Ctrl Pts',(-16.5159245516388,-7.34616598451882,37.8));
#9169=CARTESIAN_POINT('Ctrl Pts',(-16.7091836734694,-7.53942510634937,37.8));
#9170=CARTESIAN_POINT('Ctrl Pts',(-16.9024427952999,-7.73268422817992,37.8));
#9171=CARTESIAN_POINT('Ctrl Pts',(-16.9990723562152,-7.96846035681319,37.8));
#9172=CARTESIAN_POINT('Ctrl Pts',(-16.9990723562152,-8.24675349224919,37.8));
#9173=CARTESIAN_POINT('',(-13.9981447124304,-7.24953642360355,37.8));
#9174=CARTESIAN_POINT('',(-24.0486085343228,-7.24953642360354,37.8));
#9175=CARTESIAN_POINT('',(-13.0009276437848,-8.24675349224919,37.8));
#9176=CARTESIAN_POINT('Ctrl Pts',(-13.0009276437848,-8.24675349224919,37.8));
#9177=CARTESIAN_POINT('Ctrl Pts',(-13.0009276437848,-7.96846035681319,37.8));
#9178=CARTESIAN_POINT('Ctrl Pts',(-13.0975572047001,-7.73268422817992,37.8));
#9179=CARTESIAN_POINT('Ctrl Pts',(-13.2908163265306,-7.53942510634937,37.8));
#9180=CARTESIAN_POINT('Ctrl Pts',(-13.4840754483612,-7.34616598451882,37.8));
#9181=CARTESIAN_POINT('Ctrl Pts',(-13.7198515769944,-7.24953642360355,37.8));
#9182=CARTESIAN_POINT('Ctrl Pts',(-13.9981447124304,-7.24953642360355,37.8));
#9183=CARTESIAN_POINT('',(-13.9981447124304,-9.24397056089483,37.8));
#9184=CARTESIAN_POINT('Ctrl Pts',(-13.9981447124304,-9.24397056089483,37.8));
#9185=CARTESIAN_POINT('Ctrl Pts',(-13.7198515769944,-9.24397056089483,37.8));
#9186=CARTESIAN_POINT('Ctrl Pts',(-13.4840754483612,-9.14734099997955,37.8));
#9187=CARTESIAN_POINT('Ctrl Pts',(-13.2908163265306,-8.954081878149,37.8));
#9188=CARTESIAN_POINT('Ctrl Pts',(-13.0975572047001,-8.76082275631845,37.8));
#9189=CARTESIAN_POINT('Ctrl Pts',(-13.0009276437848,-8.52504662768518,37.8));
#9190=CARTESIAN_POINT('Ctrl Pts',(-13.0009276437848,-8.24675349224919,37.8));
#9191=CARTESIAN_POINT('',(-23.0490723562152,-9.24397056089482,37.8));
#9192=CARTESIAN_POINT('Origin',(-15.9972170686456,-7.24953642360355,-96.7369151290948));
#9193=CARTESIAN_POINT('',(-13.9981447124304,-7.24953642360355,38.));
#9194=CARTESIAN_POINT('',(-15.9972170686456,-7.24953642360355,38.));
#9195=CARTESIAN_POINT('',(-24.0486085343228,-7.24953642360354,38.));
#9196=CARTESIAN_POINT('',(-13.9981447124304,-7.24953642360355,-96.7369151290948));
#9197=CARTESIAN_POINT('',(-15.9972170686456,-7.24953642360355,-96.7369151290948));
#9198=CARTESIAN_POINT('Ctrl Pts',(-15.9972170686456,-7.24953642360355,-96.7369151290948));
#9199=CARTESIAN_POINT('Ctrl Pts',(-15.9972170686456,-7.24953642360355,172.736915129095));
#9200=CARTESIAN_POINT('Ctrl Pts',(-16.4192949907236,-7.24953642360355,-96.7369151290948));
#9201=CARTESIAN_POINT('Ctrl Pts',(-16.4192949907236,-7.24953642360355,172.736915129095));
#9202=CARTESIAN_POINT('Ctrl Pts',(-16.9990723562152,-7.8293137890952,-96.7369151290948));
#9203=CARTESIAN_POINT('Ctrl Pts',(-16.9990723562152,-7.8293137890952,172.736915129095));
#9204=CARTESIAN_POINT('Ctrl Pts',(-16.9990723562152,-8.24675349224919,-96.7369151290948));
#9205=CARTESIAN_POINT('Ctrl Pts',(-16.9990723562152,-8.24675349224919,172.736915129095));
#9206=CARTESIAN_POINT('',(-16.9990723562152,-8.24675349224919,38.));
#9207=CARTESIAN_POINT('Ctrl Pts',(-15.9972170686456,-7.24953642360355,38.));
#9208=CARTESIAN_POINT('Ctrl Pts',(-16.4192949907236,-7.24953642360355,38.));
#9209=CARTESIAN_POINT('Ctrl Pts',(-16.9990723562152,-7.8293137890952,38.));
#9210=CARTESIAN_POINT('Ctrl Pts',(-16.9990723562152,-8.24675349224919,38.));
#9211=CARTESIAN_POINT('',(-16.9990723562152,-8.24675349224919,-96.7369151290948));
#9212=CARTESIAN_POINT('Ctrl Pts',(-16.9990723562152,-8.24675349224919,-96.7369151290948));
#9213=CARTESIAN_POINT('Ctrl Pts',(-16.9990723562152,-8.24675349224919,172.736915129095));
#9214=CARTESIAN_POINT('Ctrl Pts',(-16.9990723562152,-8.66419319540318,-96.7369151290948));
#9215=CARTESIAN_POINT('Ctrl Pts',(-16.9990723562152,-8.66419319540318,172.736915129095));
#9216=CARTESIAN_POINT('Ctrl Pts',(-16.4192949907236,-9.24397056089483,-96.7369151290948));
#9217=CARTESIAN_POINT('Ctrl Pts',(-16.4192949907236,-9.24397056089483,172.736915129095));
#9218=CARTESIAN_POINT('Ctrl Pts',(-15.9972170686456,-9.24397056089483,-96.7369151290948));
#9219=CARTESIAN_POINT('Ctrl Pts',(-15.9972170686456,-9.24397056089483,172.736915129095));
#9220=CARTESIAN_POINT('',(-15.9972170686456,-9.24397056089483,38.));
#9221=CARTESIAN_POINT('Ctrl Pts',(-16.9990723562152,-8.24675349224919,38.));
#9222=CARTESIAN_POINT('Ctrl Pts',(-16.9990723562152,-8.66419319540318,38.));
#9223=CARTESIAN_POINT('Ctrl Pts',(-16.4192949907236,-9.24397056089483,38.));
#9224=CARTESIAN_POINT('Ctrl Pts',(-15.9972170686456,-9.24397056089483,38.));
#9225=CARTESIAN_POINT('',(-15.9972170686456,-9.24397056089483,-96.7369151290948));
#9226=CARTESIAN_POINT('Origin',(-13.9981447124304,-9.74489820467961,-96.7369151290948));
#9227=CARTESIAN_POINT('',(-13.9981447124304,-9.74489820467961,38.));
#9228=CARTESIAN_POINT('',(-16.0018552875696,-9.74489820467961,38.));
#9229=CARTESIAN_POINT('',(-23.0490723562152,-9.74489820467961,38.));
#9230=CARTESIAN_POINT('',(-13.9981447124304,-9.74489820467961,-96.7369151290948));
#9231=CARTESIAN_POINT('',(-16.0018552875696,-9.74489820467961,-96.7369151290948));
#9232=CARTESIAN_POINT('Ctrl Pts',(-17.5,-8.24675349224919,-96.7369151290948));
#9233=CARTESIAN_POINT('Ctrl Pts',(-17.5,-8.24675349224919,172.736915129095));
#9234=CARTESIAN_POINT('Ctrl Pts',(-17.5,-8.86827482805624,-96.7369151290948));
#9235=CARTESIAN_POINT('Ctrl Pts',(-17.5,-8.86827482805624,172.736915129095));
#9236=CARTESIAN_POINT('Ctrl Pts',(-16.6233766233766,-9.74489820467961,-96.7369151290948));
#9237=CARTESIAN_POINT('Ctrl Pts',(-16.6233766233766,-9.74489820467961,172.736915129095));
#9238=CARTESIAN_POINT('Ctrl Pts',(-16.0018552875696,-9.74489820467961,-96.7369151290948));
#9239=CARTESIAN_POINT('Ctrl Pts',(-16.0018552875696,-9.74489820467961,172.736915129095));
#9240=CARTESIAN_POINT('',(-17.5,-8.24675349224919,38.));
#9241=CARTESIAN_POINT('Ctrl Pts',(-16.0018552875696,-9.74489820467961,38.));
#9242=CARTESIAN_POINT('Ctrl Pts',(-16.6233766233766,-9.74489820467961,38.));
#9243=CARTESIAN_POINT('Ctrl Pts',(-17.5,-8.86827482805624,38.));
#9244=CARTESIAN_POINT('Ctrl Pts',(-17.5,-8.24675349224919,38.));
#9245=CARTESIAN_POINT('',(-17.5,-8.24675349224919,-96.7369151290948));
#9246=CARTESIAN_POINT('Ctrl Pts',(-16.0018552875696,-6.74860877981876,-96.7369151290948));
#9247=CARTESIAN_POINT('Ctrl Pts',(-16.0018552875696,-6.74860877981876,172.736915129095));
#9248=CARTESIAN_POINT('Ctrl Pts',(-16.6233766233766,-6.74860877981876,-96.7369151290948));
#9249=CARTESIAN_POINT('Ctrl Pts',(-16.6233766233766,-6.74860877981876,172.736915129095));
#9250=CARTESIAN_POINT('Ctrl Pts',(-17.5,-7.62523215644214,-96.7369151290948));
#9251=CARTESIAN_POINT('Ctrl Pts',(-17.5,-7.62523215644214,172.736915129095));
#9252=CARTESIAN_POINT('Ctrl Pts',(-17.5,-8.24675349224919,-96.7369151290948));
#9253=CARTESIAN_POINT('Ctrl Pts',(-17.5,-8.24675349224919,172.736915129095));
#9254=CARTESIAN_POINT('',(-16.0018552875696,-6.74860877981876,38.));
#9255=CARTESIAN_POINT('Ctrl Pts',(-17.5,-8.24675349224919,38.));
#9256=CARTESIAN_POINT('Ctrl Pts',(-17.5,-7.62523215644214,38.));
#9257=CARTESIAN_POINT('Ctrl Pts',(-16.6233766233766,-6.74860877981876,38.));
#9258=CARTESIAN_POINT('Ctrl Pts',(-16.0018552875696,-6.74860877981876,38.));
#9259=CARTESIAN_POINT('',(-16.0018552875696,-6.74860877981876,-96.7369151290948));
#9260=CARTESIAN_POINT('Ctrl Pts',(-13.0009276437848,-8.24675349224919,-96.7369151290948));
#9261=CARTESIAN_POINT('Ctrl Pts',(-13.0009276437848,-8.24675349224919,172.736915129095));
#9262=CARTESIAN_POINT('Ctrl Pts',(-13.0009276437848,-7.8293137890952,-96.7369151290948));
#9263=CARTESIAN_POINT('Ctrl Pts',(-13.0009276437848,-7.8293137890952,172.736915129095));
#9264=CARTESIAN_POINT('Ctrl Pts',(-13.5807050092764,-7.24953642360355,-96.7369151290948));
#9265=CARTESIAN_POINT('Ctrl Pts',(-13.5807050092764,-7.24953642360355,172.736915129095));
#9266=CARTESIAN_POINT('Ctrl Pts',(-13.9981447124304,-7.24953642360355,-96.7369151290948));
#9267=CARTESIAN_POINT('Ctrl Pts',(-13.9981447124304,-7.24953642360355,172.736915129095));
#9268=CARTESIAN_POINT('',(-13.0009276437848,-8.24675349224919,38.));
#9269=CARTESIAN_POINT('Ctrl Pts',(-13.0009276437848,-8.24675349224919,38.));
#9270=CARTESIAN_POINT('Ctrl Pts',(-13.0009276437848,-7.8293137890952,38.));
#9271=CARTESIAN_POINT('Ctrl Pts',(-13.5807050092764,-7.24953642360355,38.));
#9272=CARTESIAN_POINT('Ctrl Pts',(-13.9981447124304,-7.24953642360355,38.));
#9273=CARTESIAN_POINT('',(-13.0009276437848,-8.24675349224919,-96.7369151290948));
#9274=CARTESIAN_POINT('Ctrl Pts',(-13.9981447124304,-9.24397056089483,-96.7369151290948));
#9275=CARTESIAN_POINT('Ctrl Pts',(-13.9981447124304,-9.24397056089483,172.736915129095));
#9276=CARTESIAN_POINT('Ctrl Pts',(-13.5807050092764,-9.24397056089483,-96.7369151290948));
#9277=CARTESIAN_POINT('Ctrl Pts',(-13.5807050092764,-9.24397056089483,172.736915129095));
#9278=CARTESIAN_POINT('Ctrl Pts',(-13.0009276437848,-8.66419319540318,-96.7369151290948));
#9279=CARTESIAN_POINT('Ctrl Pts',(-13.0009276437848,-8.66419319540318,172.736915129095));
#9280=CARTESIAN_POINT('Ctrl Pts',(-13.0009276437848,-8.24675349224919,-96.7369151290948));
#9281=CARTESIAN_POINT('Ctrl Pts',(-13.0009276437848,-8.24675349224919,172.736915129095));
#9282=CARTESIAN_POINT('',(-13.9981447124304,-9.24397056089483,38.));
#9283=CARTESIAN_POINT('Ctrl Pts',(-13.9981447124304,-9.24397056089483,38.));
#9284=CARTESIAN_POINT('Ctrl Pts',(-13.5807050092764,-9.24397056089483,38.));
#9285=CARTESIAN_POINT('Ctrl Pts',(-13.0009276437848,-8.66419319540318,38.));
#9286=CARTESIAN_POINT('Ctrl Pts',(-13.0009276437848,-8.24675349224919,38.));
#9287=CARTESIAN_POINT('',(-13.9981447124304,-9.24397056089483,-96.7369151290948));
#9288=CARTESIAN_POINT('Origin',(-13.9981447124304,-9.24397056089483,-96.7369151290948));
#9289=CARTESIAN_POINT('',(-23.0490723562152,-9.24397056089482,38.));
#9290=CARTESIAN_POINT('Origin',(-16.0018552875696,-6.74860877981876,-96.7369151290948));
#9291=CARTESIAN_POINT('',(-13.9981447124304,-6.74860877981876,38.));
#9292=CARTESIAN_POINT('',(-24.0509276437848,-6.74860877981875,38.));
#9293=CARTESIAN_POINT('',(-13.9981447124304,-6.74860877981876,-96.7369151290948));
#9294=CARTESIAN_POINT('Ctrl Pts',(-12.5,-8.24675349224919,-96.7369151290948));
#9295=CARTESIAN_POINT('Ctrl Pts',(-12.5,-8.24675349224919,172.736915129095));
#9296=CARTESIAN_POINT('Ctrl Pts',(-12.5,-7.62523215644214,-96.7369151290948));
#9297=CARTESIAN_POINT('Ctrl Pts',(-12.5,-7.62523215644214,172.736915129095));
#9298=CARTESIAN_POINT('Ctrl Pts',(-13.3766233766234,-6.74860877981876,-96.7369151290948));
#9299=CARTESIAN_POINT('Ctrl Pts',(-13.3766233766234,-6.74860877981876,172.736915129095));
#9300=CARTESIAN_POINT('Ctrl Pts',(-13.9981447124304,-6.74860877981876,-96.7369151290948));
#9301=CARTESIAN_POINT('Ctrl Pts',(-13.9981447124304,-6.74860877981876,172.736915129095));
#9302=CARTESIAN_POINT('',(-12.5,-8.24675349224919,38.));
#9303=CARTESIAN_POINT('Ctrl Pts',(-13.9981447124304,-6.74860877981876,38.));
#9304=CARTESIAN_POINT('Ctrl Pts',(-13.3766233766234,-6.74860877981876,38.));
#9305=CARTESIAN_POINT('Ctrl Pts',(-12.5,-7.62523215644214,38.));
#9306=CARTESIAN_POINT('Ctrl Pts',(-12.5,-8.24675349224919,38.));
#9307=CARTESIAN_POINT('',(-12.5,-8.24675349224919,-96.7369151290948));
#9308=CARTESIAN_POINT('Ctrl Pts',(-13.9981447124304,-9.74489820467961,-96.7369151290948));
#9309=CARTESIAN_POINT('Ctrl Pts',(-13.9981447124304,-9.74489820467961,172.736915129095));
#9310=CARTESIAN_POINT('Ctrl Pts',(-13.3766233766234,-9.74489820467961,-96.7369151290948));
#9311=CARTESIAN_POINT('Ctrl Pts',(-13.3766233766234,-9.74489820467961,172.736915129095));
#9312=CARTESIAN_POINT('Ctrl Pts',(-12.5,-8.87291304698017,-96.7369151290948));
#9313=CARTESIAN_POINT('Ctrl Pts',(-12.5,-8.87291304698017,172.736915129095));
#9314=CARTESIAN_POINT('Ctrl Pts',(-12.5,-8.24675349224919,-96.7369151290948));
#9315=CARTESIAN_POINT('Ctrl Pts',(-12.5,-8.24675349224919,172.736915129095));
#9316=CARTESIAN_POINT('Ctrl Pts',(-12.5,-8.24675349224919,38.));
#9317=CARTESIAN_POINT('Ctrl Pts',(-12.5,-8.87291304698017,38.));
#9318=CARTESIAN_POINT('Ctrl Pts',(-13.3766233766234,-9.74489820467961,38.));
#9319=CARTESIAN_POINT('Ctrl Pts',(-13.9981447124304,-9.74489820467961,38.));
#9320=CARTESIAN_POINT('Ctrl Pts',(-17.5,-5.50092788928073,-96.7369151290948));
#9321=CARTESIAN_POINT('Ctrl Pts',(-17.5,-5.50092788928073,172.736915129095));
#9322=CARTESIAN_POINT('Ctrl Pts',(-17.5,-5.75139171117312,-96.7369151290948));
#9323=CARTESIAN_POINT('Ctrl Pts',(-17.5,-5.75139171117312,172.736915129095));
#9324=CARTESIAN_POINT('Ctrl Pts',(-17.2495361781076,-5.75139171117312,-96.7369151290948));
#9325=CARTESIAN_POINT('Ctrl Pts',(-17.2495361781076,-5.75139171117312,172.736915129095));
#9326=CARTESIAN_POINT('',(-17.2495361781076,-5.75139171117312,38.));
#9327=CARTESIAN_POINT('',(-17.5,-5.50092788928073,38.));
#9328=CARTESIAN_POINT('Ctrl Pts',(-17.2495361781076,-5.75139171117312,38.));
#9329=CARTESIAN_POINT('Ctrl Pts',(-17.5,-5.75139171117312,38.));
#9330=CARTESIAN_POINT('Ctrl Pts',(-17.5,-5.50092788928073,38.));
#9331=CARTESIAN_POINT('',(-17.2495361781076,-5.75139171117312,37.8));
#9332=CARTESIAN_POINT('',(-17.2495361781076,-5.75139171117312,-96.7369151290948));
#9333=CARTESIAN_POINT('',(-17.5,-5.50092788928073,37.8));
#9334=CARTESIAN_POINT('Ctrl Pts',(-17.2495361781076,-5.75139171117312,37.8));
#9335=CARTESIAN_POINT('Ctrl Pts',(-17.4165120593692,-5.75139171117312,37.8));
#9336=CARTESIAN_POINT('Ctrl Pts',(-17.5,-5.66790377054232,37.8));
#9337=CARTESIAN_POINT('Ctrl Pts',(-17.5,-5.50092788928073,37.8));
#9338=CARTESIAN_POINT('',(-17.5,-5.50092788928073,-96.7369151290948));
#9339=CARTESIAN_POINT('Ctrl Pts',(-17.2495361781076,-5.75139171117312,-96.7369151290948));
#9340=CARTESIAN_POINT('Ctrl Pts',(-17.2495361781076,-5.75139171117312,172.736915129095));
#9341=CARTESIAN_POINT('Ctrl Pts',(-16.9990723562152,-5.75139171117312,-96.7369151290948));
#9342=CARTESIAN_POINT('Ctrl Pts',(-16.9990723562152,-5.75139171117312,172.736915129095));
#9343=CARTESIAN_POINT('Ctrl Pts',(-16.9990723562152,-5.50092788928073,-96.7369151290948));
#9344=CARTESIAN_POINT('Ctrl Pts',(-16.9990723562152,-5.50092788928073,172.736915129095));
#9345=CARTESIAN_POINT('',(-16.9990723562152,-5.50092788928073,38.));
#9346=CARTESIAN_POINT('Ctrl Pts',(-16.9990723562152,-5.50092788928073,38.));
#9347=CARTESIAN_POINT('Ctrl Pts',(-16.9990723562152,-5.75139171117312,38.));
#9348=CARTESIAN_POINT('Ctrl Pts',(-17.2495361781076,-5.75139171117312,38.));
#9349=CARTESIAN_POINT('',(-16.9990723562152,-5.50092788928073,37.8));
#9350=CARTESIAN_POINT('',(-16.9990723562152,-5.50092788928073,-96.7369151290948));
#9351=CARTESIAN_POINT('Ctrl Pts',(-16.9990723562152,-5.50092788928073,37.8));
#9352=CARTESIAN_POINT('Ctrl Pts',(-16.9990723562152,-5.66790377054232,37.8));
#9353=CARTESIAN_POINT('Ctrl Pts',(-17.082560296846,-5.75139171117312,37.8));
#9354=CARTESIAN_POINT('Ctrl Pts',(-17.2495361781076,-5.75139171117312,37.8));
#9355=CARTESIAN_POINT('Origin',(-16.9990723562152,-3.75231935495791,-96.7369151290948));
#9356=CARTESIAN_POINT('',(-16.9990723562152,-3.75231935495791,38.));
#9357=CARTESIAN_POINT('',(-16.9990723562152,-1.87615967747895,38.));
#9358=CARTESIAN_POINT('',(-16.9990723562152,-3.75231935495791,37.8));
#9359=CARTESIAN_POINT('',(-16.9990723562152,-3.75231935495791,-96.7369151290948));
#9360=CARTESIAN_POINT('',(-16.9990723562152,-1.87615967747895,37.8));
#9361=CARTESIAN_POINT('Origin',(-12.7504638218924,-3.75231935495791,-96.7369151290948));
#9362=CARTESIAN_POINT('',(-12.7504638218924,-3.75231935495791,38.));
#9363=CARTESIAN_POINT('',(-22.4252319109462,-3.7523193549579,38.));
#9364=CARTESIAN_POINT('',(-12.7504638218924,-3.75231935495791,37.8));
#9365=CARTESIAN_POINT('',(-12.7504638218924,-3.75231935495791,-96.7369151290948));
#9366=CARTESIAN_POINT('',(-22.4252319109462,-3.7523193549579,37.8));
#9367=CARTESIAN_POINT('Ctrl Pts',(-12.7504638218924,-3.75231935495791,-96.7369151290948));
#9368=CARTESIAN_POINT('Ctrl Pts',(-12.7504638218924,-3.75231935495791,172.736915129095));
#9369=CARTESIAN_POINT('Ctrl Pts',(-12.5,-3.75231935495791,-96.7369151290948));
#9370=CARTESIAN_POINT('Ctrl Pts',(-12.5,-3.75231935495791,172.736915129095));
#9371=CARTESIAN_POINT('Ctrl Pts',(-12.5,-3.50185553306551,-96.7369151290948));
#9372=CARTESIAN_POINT('Ctrl Pts',(-12.5,-3.50185553306551,172.736915129095));
#9373=CARTESIAN_POINT('',(-12.5,-3.50185553306551,38.));
#9374=CARTESIAN_POINT('Ctrl Pts',(-12.5,-3.50185553306551,38.));
#9375=CARTESIAN_POINT('Ctrl Pts',(-12.5,-3.75231935495791,38.));
#9376=CARTESIAN_POINT('Ctrl Pts',(-12.7504638218924,-3.75231935495791,38.));
#9377=CARTESIAN_POINT('',(-12.5,-3.50185553306551,37.8));
#9378=CARTESIAN_POINT('',(-12.5,-3.50185553306551,-96.7369151290948));
#9379=CARTESIAN_POINT('Ctrl Pts',(-12.5,-3.50185553306551,37.8));
#9380=CARTESIAN_POINT('Ctrl Pts',(-12.5,-3.66883141432711,37.8));
#9381=CARTESIAN_POINT('Ctrl Pts',(-12.5834879406308,-3.75231935495791,37.8));
#9382=CARTESIAN_POINT('Ctrl Pts',(-12.7504638218924,-3.75231935495791,37.8));
#9383=CARTESIAN_POINT('Ctrl Pts',(-12.5,-3.50185553306551,-96.7369151290948));
#9384=CARTESIAN_POINT('Ctrl Pts',(-12.5,-3.50185553306551,172.736915129095));
#9385=CARTESIAN_POINT('Ctrl Pts',(-12.5,-3.25139171117312,-96.7369151290948));
#9386=CARTESIAN_POINT('Ctrl Pts',(-12.5,-3.25139171117312,172.736915129095));
#9387=CARTESIAN_POINT('Ctrl Pts',(-12.7504638218924,-3.25139171117312,-96.7369151290948));
#9388=CARTESIAN_POINT('Ctrl Pts',(-12.7504638218924,-3.25139171117312,172.736915129095));
#9389=CARTESIAN_POINT('',(-12.7504638218924,-3.25139171117312,38.));
#9390=CARTESIAN_POINT('Ctrl Pts',(-12.7504638218924,-3.25139171117312,38.));
#9391=CARTESIAN_POINT('Ctrl Pts',(-12.5,-3.25139171117312,38.));
#9392=CARTESIAN_POINT('Ctrl Pts',(-12.5,-3.50185553306551,38.));
#9393=CARTESIAN_POINT('',(-12.7504638218924,-3.25139171117312,37.8));
#9394=CARTESIAN_POINT('',(-12.7504638218924,-3.25139171117312,-96.7369151290948));
#9395=CARTESIAN_POINT('Ctrl Pts',(-12.7504638218924,-3.25139171117312,37.8));
#9396=CARTESIAN_POINT('Ctrl Pts',(-12.5834879406308,-3.25139171117312,37.8));
#9397=CARTESIAN_POINT('Ctrl Pts',(-12.5,-3.33487965180392,37.8));
#9398=CARTESIAN_POINT('Ctrl Pts',(-12.5,-3.50185553306551,37.8));
#9399=CARTESIAN_POINT('Origin',(-17.2495361781076,-3.25139171117312,-96.7369151290948));
#9400=CARTESIAN_POINT('',(-17.2495361781076,-3.25139171117312,38.));
#9401=CARTESIAN_POINT('',(-24.6747680890538,-3.25139171117312,38.));
#9402=CARTESIAN_POINT('',(-17.2495361781076,-3.25139171117312,37.8));
#9403=CARTESIAN_POINT('',(-17.2495361781076,-3.25139171117312,-96.7369151290948));
#9404=CARTESIAN_POINT('',(-24.6747680890538,-3.25139171117312,37.8));
#9405=CARTESIAN_POINT('Ctrl Pts',(-17.2495361781076,-3.25139171117312,-96.7369151290948));
#9406=CARTESIAN_POINT('Ctrl Pts',(-17.2495361781076,-3.25139171117312,172.736915129095));
#9407=CARTESIAN_POINT('Ctrl Pts',(-17.5,-3.25139171117312,-96.7369151290948));
#9408=CARTESIAN_POINT('Ctrl Pts',(-17.5,-3.25139171117312,172.736915129095));
#9409=CARTESIAN_POINT('Ctrl Pts',(-17.5,-3.50185553306551,-96.7369151290948));
#9410=CARTESIAN_POINT('Ctrl Pts',(-17.5,-3.50185553306551,172.736915129095));
#9411=CARTESIAN_POINT('',(-17.5,-3.50185553306551,38.));
#9412=CARTESIAN_POINT('Ctrl Pts',(-17.5,-3.50185553306551,38.));
#9413=CARTESIAN_POINT('Ctrl Pts',(-17.5,-3.25139171117312,38.));
#9414=CARTESIAN_POINT('Ctrl Pts',(-17.2495361781076,-3.25139171117312,38.));
#9415=CARTESIAN_POINT('',(-17.5,-3.50185553306551,37.8));
#9416=CARTESIAN_POINT('',(-17.5,-3.50185553306551,-96.7369151290948));
#9417=CARTESIAN_POINT('Ctrl Pts',(-17.5,-3.50185553306551,37.8));
#9418=CARTESIAN_POINT('Ctrl Pts',(-17.5,-3.33487965180392,37.8));
#9419=CARTESIAN_POINT('Ctrl Pts',(-17.4165120593692,-3.25139171117312,37.8));
#9420=CARTESIAN_POINT('Ctrl Pts',(-17.2495361781076,-3.25139171117312,37.8));
#9421=CARTESIAN_POINT('Origin',(-17.5,-5.50092788928073,-96.7369151290948));
#9422=CARTESIAN_POINT('',(-17.5,-2.75046394464036,38.));
#9423=CARTESIAN_POINT('',(-17.5,-2.75046394464036,37.8));
#9424=CARTESIAN_POINT('Origin',(-32.1,0.,37.8));
#9425=CARTESIAN_POINT('Origin',(-32.1,0.,38.));
#9426=CARTESIAN_POINT('',(-32.1,0.,38.));
#9427=CARTESIAN_POINT('',(32.1,-3.931116225263E-15,38.));
#9428=CARTESIAN_POINT('Origin',(0.,0.,38.));
#9429=CARTESIAN_POINT('Origin',(0.,0.,38.));
#9430=CARTESIAN_POINT('',(-1.5,0.,38.));
#9431=CARTESIAN_POINT('',(1.5,-1.83697019872103E-16,38.));
#9432=CARTESIAN_POINT('Origin',(0.,0.,38.));
#9433=CARTESIAN_POINT('Origin',(0.,0.,38.));
#9434=CARTESIAN_POINT('Origin',(-32.1,0.,38.));
#9435=CARTESIAN_POINT('Origin',(-32.1,0.,38.));
#9436=CARTESIAN_POINT('Origin',(-32.1,0.,38.));
#9437=CARTESIAN_POINT('Origin',(38.7889124258903,-10.3934577597988,9.));
#9438=CARTESIAN_POINT('',(39.8202921887668,-10.6698151343514,10.));
#9439=CARTESIAN_POINT('',(38.7889124258903,-10.3934577597988,10.));
#9440=CARTESIAN_POINT('',(39.5497561278031,-11.6326013957027,9.));
#9441=CARTESIAN_POINT('Ctrl Pts',(39.5497561278031,-11.6326013957027,9.));
#9442=CARTESIAN_POINT('Ctrl Pts',(39.5497561278031,-11.6326013957027,9.12556751436781));
#9443=CARTESIAN_POINT('Ctrl Pts',(39.5568626975654,-11.6085246112572,9.2595013325142));
#9444=CARTESIAN_POINT('Ctrl Pts',(39.585486265263,-11.5105389650624,9.50587920320006));
#9445=CARTESIAN_POINT('Ctrl Pts',(39.6069714821342,-11.4366218689613,9.61832367204981));
#9446=CARTESIAN_POINT('Ctrl Pts',(39.6558713375202,-11.2658944705716,9.7958898892862));
#9447=CARTESIAN_POINT('Ctrl Pts',(39.6865406128169,-11.1577011973363,9.87284910534598));
#9448=CARTESIAN_POINT('Ctrl Pts',(39.7525171793274,-10.920310422743,9.97490429706616));
#9449=CARTESIAN_POINT('Ctrl Pts',(39.7877929249819,-10.7911040380054,10.));
#9450=CARTESIAN_POINT('Ctrl Pts',(39.8202921887668,-10.6698151343514,10.));
#9451=CARTESIAN_POINT('Ctrl Pts',(39.8202921887668,-10.6698151343514,10.));
#9452=CARTESIAN_POINT('Ctrl Pts',(39.8527914525518,-10.5485262306974,10.));
#9453=CARTESIAN_POINT('Ctrl Pts',(39.8868449530463,-10.4189923463563,9.97490429706617));
#9454=CARTESIAN_POINT('Ctrl Pts',(39.9484029576905,-10.1804176216791,9.87284910534599));
#9455=CARTESIAN_POINT('Ctrl Pts',(39.9759392227855,-10.0713848608905,9.7958898892862));
#9456=CARTESIAN_POINT('Ctrl Pts',(40.0189544049747,-9.89908066906997,9.61832367204981));
#9457=CARTESIAN_POINT('Ctrl Pts',(40.0373062094089,-9.82432397763678,9.50587920320006));
#9458=CARTESIAN_POINT('Ctrl Pts',(40.0615102957333,-9.72515413497707,9.2595013325142));
#9459=CARTESIAN_POINT('Ctrl Pts',(40.0673942180081,-9.7007497431246,9.12556751436781));
#9460=CARTESIAN_POINT('Ctrl Pts',(40.0673942180081,-9.7007497431246,8.87443248563219));
#9461=CARTESIAN_POINT('Ctrl Pts',(40.0615102957333,-9.72515413497707,8.7404986674858));
#9462=CARTESIAN_POINT('Ctrl Pts',(40.0373062094089,-9.82432397763678,8.49412079679994));
#9463=CARTESIAN_POINT('Ctrl Pts',(40.0189544049747,-9.89908066906997,8.3816763279502));
#9464=CARTESIAN_POINT('Ctrl Pts',(39.9759392227855,-10.0713848608905,8.2041101107138));
#9465=CARTESIAN_POINT('Ctrl Pts',(39.9484029576905,-10.1804176216791,8.12715089465402));
#9466=CARTESIAN_POINT('Ctrl Pts',(39.8868449530463,-10.4189923463563,8.02509570293384));
#9467=CARTESIAN_POINT('Ctrl Pts',(39.8527914525518,-10.5485262306974,8.));
#9468=CARTESIAN_POINT('Ctrl Pts',(39.7877929249819,-10.7911040380054,8.));
#9469=CARTESIAN_POINT('Ctrl Pts',(39.7525171793274,-10.920310422743,8.02509570293384));
#9470=CARTESIAN_POINT('Ctrl Pts',(39.6865406128169,-11.1577011973363,8.12715089465402));
#9471=CARTESIAN_POINT('Ctrl Pts',(39.6558713375202,-11.2658944705716,8.2041101107138));
#9472=CARTESIAN_POINT('Ctrl Pts',(39.6069714821342,-11.4366218689613,8.3816763279502));
#9473=CARTESIAN_POINT('Ctrl Pts',(39.585486265263,-11.5105389650624,8.49412079679994));
#9474=CARTESIAN_POINT('Ctrl Pts',(39.5568626975654,-11.6085246112572,8.7404986674858));
#9475=CARTESIAN_POINT('Ctrl Pts',(39.5497561278031,-11.6326013957027,8.87443248563219));
#9476=CARTESIAN_POINT('Ctrl Pts',(39.5497561278031,-11.6326013957027,9.));
#9477=CARTESIAN_POINT('Ctrl Pts',(37.3602555726955,-9.57630466881054,9.9077342281895));
#9478=CARTESIAN_POINT('Ctrl Pts',(37.3602555726954,-9.58718387585909,9.91259115494113));
#9479=CARTESIAN_POINT('Ctrl Pts',(37.3601459912773,-9.598138167288,9.91727317168212));
#9480=CARTESIAN_POINT('Ctrl Pts',(37.3573603759266,-9.73556042272681,9.97341093913773));
#9481=CARTESIAN_POINT('Ctrl Pts',(37.3384976974651,-9.8709148632072,10.));
#9482=CARTESIAN_POINT('Ctrl Pts',(37.3050213371101,-9.99585034090444,10.));
#9483=CARTESIAN_POINT('Origin',(28.3954546660915,28.3954546660915,9.));
#9484=CARTESIAN_POINT('',(27.3091709962057,27.3091709962057,10.));
#9485=CARTESIAN_POINT('Ctrl Pts',(27.7721776881926,26.3579641258195,9.));
#9486=CARTESIAN_POINT('Ctrl Pts',(27.7721776881926,26.3579641258195,8.86969257459499));
#9487=CARTESIAN_POINT('Ctrl Pts',(27.7688332923441,26.3925009849464,8.73456674114341));
#9488=CARTESIAN_POINT('Ctrl Pts',(27.7463767692207,26.5155321332272,8.48998874573537));
#9489=CARTESIAN_POINT('Ctrl Pts',(27.7261229509218,26.6028564128841,8.38005582375327));
#9490=CARTESIAN_POINT('Ctrl Pts',(27.6628474382043,26.7852014005863,8.20637590230811));
#9491=CARTESIAN_POINT('Ctrl Pts',(27.6154848764107,26.8935469504317,8.12986255825557));
#9492=CARTESIAN_POINT('Ctrl Pts',(27.4846428925192,27.1099228341231,8.02658906086227));
#9493=CARTESIAN_POINT('Ctrl Pts',(27.4006301135479,27.2177118788634,8.));
#9494=CARTESIAN_POINT('Ctrl Pts',(27.2177118788634,27.4006301135479,8.));
#9495=CARTESIAN_POINT('Ctrl Pts',(27.1099228341231,27.4846428925192,8.02658906086227));
#9496=CARTESIAN_POINT('Ctrl Pts',(26.8935469504317,27.6154848764107,8.12986255825557));
#9497=CARTESIAN_POINT('Ctrl Pts',(26.7852014005863,27.6628474382043,8.20637590230811));
#9498=CARTESIAN_POINT('Ctrl Pts',(26.6028564128841,27.7261229509218,8.38005582375327));
#9499=CARTESIAN_POINT('Ctrl Pts',(26.5155321332272,27.7463767692207,8.48998874573537));
#9500=CARTESIAN_POINT('Ctrl Pts',(26.3925009849463,27.7688332923441,8.7345667411434));
#9501=CARTESIAN_POINT('Ctrl Pts',(26.3579641258195,27.7721776881926,8.86969257459499));
#9502=CARTESIAN_POINT('Ctrl Pts',(26.3579641258195,27.7721776881926,9.13030742540501));
#9503=CARTESIAN_POINT('Ctrl Pts',(26.3925009849463,27.7688332923441,9.2654332588566));
#9504=CARTESIAN_POINT('Ctrl Pts',(26.5155321332272,27.7463767692207,9.51001125426463));
#9505=CARTESIAN_POINT('Ctrl Pts',(26.6028564128841,27.7261229509218,9.61994417624673));
#9506=CARTESIAN_POINT('Ctrl Pts',(26.7852014005863,27.6628474382043,9.79362409769189));
#9507=CARTESIAN_POINT('Ctrl Pts',(26.8935469504317,27.6154848764107,9.87013744174444));
#9508=CARTESIAN_POINT('Ctrl Pts',(27.1099228341231,27.4846428925192,9.97341093913773));
#9509=CARTESIAN_POINT('Ctrl Pts',(27.2177118788634,27.4006301135479,10.));
#9510=CARTESIAN_POINT('Ctrl Pts',(27.4006301135479,27.2177118788634,10.));
#9511=CARTESIAN_POINT('Ctrl Pts',(27.4846428925192,27.1099228341231,9.97341093913773));
#9512=CARTESIAN_POINT('Ctrl Pts',(27.6154848764107,26.8935469504317,9.87013744174443));
#9513=CARTESIAN_POINT('Ctrl Pts',(27.6628474382043,26.7852014005863,9.79362409769189));
#9514=CARTESIAN_POINT('Ctrl Pts',(27.7261229509218,26.6028564128841,9.61994417624673));
#9515=CARTESIAN_POINT('Ctrl Pts',(27.7463767692207,26.5155321332272,9.51001125426463));
#9516=CARTESIAN_POINT('Ctrl Pts',(27.7688332923441,26.3925009849464,9.26543325885659));
#9517=CARTESIAN_POINT('Ctrl Pts',(27.7721776881926,26.3579641258195,9.13030742540501));
#9518=CARTESIAN_POINT('Ctrl Pts',(27.7721776881926,26.3579641258195,9.));
#9519=CARTESIAN_POINT('',(29.1504770544154,29.1504770544154,10.));
#9520=CARTESIAN_POINT('',(28.3954546660915,28.3954546660915,10.));
#9521=CARTESIAN_POINT('',(29.8490063846784,28.4347928223053,9.));
#9522=CARTESIAN_POINT('Ctrl Pts',(29.8490063846784,28.4347928223053,9.));
#9523=CARTESIAN_POINT('Ctrl Pts',(29.8490063846784,28.4347928223053,9.12556751436781));
#9524=CARTESIAN_POINT('Ctrl Pts',(29.8317085625883,28.4529856844761,9.2595013325142));
#9525=CARTESIAN_POINT('Ctrl Pts',(29.7611622876262,28.5267672443465,9.50587920320006));
#9526=CARTESIAN_POINT('Ctrl Pts',(29.7078908130642,28.5823325360134,9.61832367204981));
#9527=CARTESIAN_POINT('Ctrl Pts',(29.5844864766297,28.7100447522139,9.7958898892862));
#9528=CARTESIAN_POINT('Ctrl Pts',(29.5061229911378,28.7907017603541,9.87284910534598));
#9529=CARTESIAN_POINT('Ctrl Pts',(29.3335248329711,28.9665345303033,9.97490429706616));
#9530=CARTESIAN_POINT('Ctrl Pts',(29.2392666942845,29.0616874145464,10.));
#9531=CARTESIAN_POINT('Ctrl Pts',(29.1504770544154,29.1504770544154,10.));
#9532=CARTESIAN_POINT('Ctrl Pts',(29.1504770544154,29.1504770544154,10.));
#9533=CARTESIAN_POINT('Ctrl Pts',(29.0616874145464,29.2392666942845,10.));
#9534=CARTESIAN_POINT('Ctrl Pts',(28.9665345303033,29.3335248329711,9.97490429706616));
#9535=CARTESIAN_POINT('Ctrl Pts',(28.7907017603541,29.5061229911378,9.87284910534598));
#9536=CARTESIAN_POINT('Ctrl Pts',(28.7100447522139,29.5844864766297,9.7958898892862));
#9537=CARTESIAN_POINT('Ctrl Pts',(28.5823325360134,29.7078908130642,9.61832367204981));
#9538=CARTESIAN_POINT('Ctrl Pts',(28.5267672443465,29.7611622876262,9.50587920320006));
#9539=CARTESIAN_POINT('Ctrl Pts',(28.4529856844761,29.8317085625883,9.2595013325142));
#9540=CARTESIAN_POINT('Ctrl Pts',(28.4347928223053,29.8490063846784,9.12556751436781));
#9541=CARTESIAN_POINT('Ctrl Pts',(28.4347928223053,29.8490063846784,8.87443248563219));
#9542=CARTESIAN_POINT('Ctrl Pts',(28.4529856844761,29.8317085625883,8.7404986674858));
#9543=CARTESIAN_POINT('Ctrl Pts',(28.5267672443465,29.7611622876262,8.49412079679994));
#9544=CARTESIAN_POINT('Ctrl Pts',(28.5823325360134,29.7078908130642,8.3816763279502));
#9545=CARTESIAN_POINT('Ctrl Pts',(28.7100447522139,29.5844864766297,8.20411011071381));
#9546=CARTESIAN_POINT('Ctrl Pts',(28.7907017603541,29.5061229911378,8.12715089465402));
#9547=CARTESIAN_POINT('Ctrl Pts',(28.9665345303033,29.3335248329711,8.02509570293384));
#9548=CARTESIAN_POINT('Ctrl Pts',(29.0616874145464,29.2392666942845,8.));
#9549=CARTESIAN_POINT('Ctrl Pts',(29.2392666942845,29.0616874145464,8.));
#9550=CARTESIAN_POINT('Ctrl Pts',(29.3335248329711,28.9665345303033,8.02509570293384));
#9551=CARTESIAN_POINT('Ctrl Pts',(29.5061229911378,28.7907017603541,8.12715089465402));
#9552=CARTESIAN_POINT('Ctrl Pts',(29.5844864766297,28.7100447522139,8.2041101107138));
#9553=CARTESIAN_POINT('Ctrl Pts',(29.7078908130642,28.5823325360134,8.3816763279502));
#9554=CARTESIAN_POINT('Ctrl Pts',(29.7611622876262,28.5267672443465,8.49412079679994));
#9555=CARTESIAN_POINT('Ctrl Pts',(29.8317085625883,28.4529856844761,8.7404986674858));
#9556=CARTESIAN_POINT('Ctrl Pts',(29.8490063846784,28.4347928223053,8.87443248563219));
#9557=CARTESIAN_POINT('Ctrl Pts',(29.8490063846784,28.4347928223053,9.));
#9558=CARTESIAN_POINT('Origin',(-10.3934577597988,38.7889124258903,9.));
#9559=CARTESIAN_POINT('',(-9.99585034090445,37.3050213371101,10.));
#9560=CARTESIAN_POINT('Ctrl Pts',(-8.94057768090228,37.2303934593,9.));
#9561=CARTESIAN_POINT('Ctrl Pts',(-8.94057768090228,37.2303934593,8.86969257459499));
#9562=CARTESIAN_POINT('Ctrl Pts',(-8.9721596761973,37.2447655570982,8.7345667411434));
#9563=CARTESIAN_POINT('Ctrl Pts',(-9.08993603762698,37.2868332117332,8.48998874573537));
#9564=CARTESIAN_POINT('Ctrl Pts',(-9.17568799132652,37.3129550303911,8.38005582375327));
#9565=CARTESIAN_POINT('Ctrl Pts',(-9.36524113928809,37.3493293227914,8.20637590230811));
#9566=CARTESIAN_POINT('Ctrl Pts',(-9.48275241873803,37.3624849160125,8.12986255825557));
#9567=CARTESIAN_POINT('Ctrl Pts',(-9.73556042272682,37.3573603759266,8.02658906086227));
#9568=CARTESIAN_POINT('Ctrl Pts',(-9.87091486320721,37.3384976974651,8.));
#9569=CARTESIAN_POINT('Ctrl Pts',(-10.1207858186017,37.2715449767551,8.));
#9570=CARTESIAN_POINT('Ctrl Pts',(-10.2474375418035,37.2202033152461,8.02658906086227));
#9571=CARTESIAN_POINT('Ctrl Pts',(-10.4689379655807,37.0982372951487,8.12986255825557));
#9572=CARTESIAN_POINT('Ctrl Pts',(-10.5641279222051,37.0280885774924,8.20637590230812));
#9573=CARTESIAN_POINT('Ctrl Pts',(-10.710098617507,36.9018109422483,8.38005582375327));
#9574=CARTESIAN_POINT('Ctrl Pts',(-10.7713010785059,36.8363128068477,8.48998874573537));
#9575=CARTESIAN_POINT('Ctrl Pts',(-10.8522645721519,36.7409929685414,8.7345667411434));
#9576=CARTESIAN_POINT('Ctrl Pts',(-10.8724293334804,36.7127553690949,8.86969257459499));
#9577=CARTESIAN_POINT('Ctrl Pts',(-10.8724293334804,36.7127553690949,9.13030742540501));
#9578=CARTESIAN_POINT('Ctrl Pts',(-10.8522645721519,36.7409929685414,9.2654332588566));
#9579=CARTESIAN_POINT('Ctrl Pts',(-10.7713010785059,36.8363128068477,9.51001125426463));
#9580=CARTESIAN_POINT('Ctrl Pts',(-10.710098617507,36.9018109422483,9.61994417624673));
#9581=CARTESIAN_POINT('Ctrl Pts',(-10.5641279222051,37.0280885774924,9.79362409769189));
#9582=CARTESIAN_POINT('Ctrl Pts',(-10.4689379655807,37.0982372951487,9.87013744174443));
#9583=CARTESIAN_POINT('Ctrl Pts',(-10.2474375418035,37.2202033152461,9.97341093913773));
#9584=CARTESIAN_POINT('Ctrl Pts',(-10.1207858186017,37.2715449767551,10.));
#9585=CARTESIAN_POINT('Ctrl Pts',(-9.87091486320721,37.3384976974651,10.));
#9586=CARTESIAN_POINT('Ctrl Pts',(-9.73556042272682,37.3573603759266,9.97341093913773));
#9587=CARTESIAN_POINT('Ctrl Pts',(-9.48275241873802,37.3624849160125,9.87013744174444));
#9588=CARTESIAN_POINT('Ctrl Pts',(-9.36524113928809,37.3493293227914,9.79362409769189));
#9589=CARTESIAN_POINT('Ctrl Pts',(-9.17568799132652,37.3129550303911,9.61994417624673));
#9590=CARTESIAN_POINT('Ctrl Pts',(-9.08993603762698,37.2868332117332,9.51001125426463));
#9591=CARTESIAN_POINT('Ctrl Pts',(-8.9721596761973,37.2447655570982,9.2654332588566));
#9592=CARTESIAN_POINT('Ctrl Pts',(-8.94057768090228,37.2303934593,9.13030742540501));
#9593=CARTESIAN_POINT('Ctrl Pts',(-8.94057768090228,37.2303934593,9.));
#9594=CARTESIAN_POINT('',(-10.6698151343514,39.8202921887668,10.));
#9595=CARTESIAN_POINT('',(-10.3934577597988,38.7889124258903,10.));
#9596=CARTESIAN_POINT('',(-9.70074974312461,40.0673942180081,9.));
#9597=CARTESIAN_POINT('Ctrl Pts',(-9.70074974312461,40.0673942180081,9.));
#9598=CARTESIAN_POINT('Ctrl Pts',(-9.70074974312461,40.0673942180081,9.12556751436781));
#9599=CARTESIAN_POINT('Ctrl Pts',(-9.72515413497708,40.0615102957332,9.2595013325142));
#9600=CARTESIAN_POINT('Ctrl Pts',(-9.82432397763678,40.0373062094089,9.50587920320006));
#9601=CARTESIAN_POINT('Ctrl Pts',(-9.89908066906998,40.0189544049747,9.61832367204981));
#9602=CARTESIAN_POINT('Ctrl Pts',(-10.0713848608905,39.9759392227855,9.7958898892862));
#9603=CARTESIAN_POINT('Ctrl Pts',(-10.1804176216791,39.9484029576905,9.87284910534598));
#9604=CARTESIAN_POINT('Ctrl Pts',(-10.4189923463563,39.8868449530463,9.97490429706616));
#9605=CARTESIAN_POINT('Ctrl Pts',(-10.5485262306974,39.8527914525518,10.));
#9606=CARTESIAN_POINT('Ctrl Pts',(-10.6698151343514,39.8202921887668,10.));
#9607=CARTESIAN_POINT('Ctrl Pts',(-10.6698151343514,39.8202921887668,10.));
#9608=CARTESIAN_POINT('Ctrl Pts',(-10.7911040380054,39.7877929249819,10.));
#9609=CARTESIAN_POINT('Ctrl Pts',(-10.920310422743,39.7525171793274,9.97490429706617));
#9610=CARTESIAN_POINT('Ctrl Pts',(-11.1577011973363,39.6865406128169,9.87284910534599));
#9611=CARTESIAN_POINT('Ctrl Pts',(-11.2658944705716,39.6558713375202,9.7958898892862));
#9612=CARTESIAN_POINT('Ctrl Pts',(-11.4366218689613,39.6069714821342,9.61832367204981));
#9613=CARTESIAN_POINT('Ctrl Pts',(-11.5105389650624,39.585486265263,9.50587920320006));
#9614=CARTESIAN_POINT('Ctrl Pts',(-11.6085246112572,39.5568626975654,9.2595013325142));
#9615=CARTESIAN_POINT('Ctrl Pts',(-11.6326013957027,39.5497561278031,9.12556751436781));
#9616=CARTESIAN_POINT('Ctrl Pts',(-11.6326013957027,39.5497561278031,8.87443248563219));
#9617=CARTESIAN_POINT('Ctrl Pts',(-11.6085246112572,39.5568626975654,8.7404986674858));
#9618=CARTESIAN_POINT('Ctrl Pts',(-11.5105389650624,39.585486265263,8.49412079679994));
#9619=CARTESIAN_POINT('Ctrl Pts',(-11.4366218689613,39.6069714821342,8.3816763279502));
#9620=CARTESIAN_POINT('Ctrl Pts',(-11.2658944705716,39.6558713375202,8.2041101107138));
#9621=CARTESIAN_POINT('Ctrl Pts',(-11.1577011973363,39.6865406128169,8.12715089465402));
#9622=CARTESIAN_POINT('Ctrl Pts',(-10.920310422743,39.7525171793274,8.02509570293384));
#9623=CARTESIAN_POINT('Ctrl Pts',(-10.7911040380054,39.7877929249819,8.));
#9624=CARTESIAN_POINT('Ctrl Pts',(-10.5485262306974,39.8527914525518,8.));
#9625=CARTESIAN_POINT('Ctrl Pts',(-10.4189923463563,39.8868449530463,8.02509570293384));
#9626=CARTESIAN_POINT('Ctrl Pts',(-10.1804176216791,39.9484029576905,8.12715089465402));
#9627=CARTESIAN_POINT('Ctrl Pts',(-10.0713848608905,39.9759392227855,8.20411011071381));
#9628=CARTESIAN_POINT('Ctrl Pts',(-9.89908066906998,40.0189544049747,8.3816763279502));
#9629=CARTESIAN_POINT('Ctrl Pts',(-9.82432397763678,40.0373062094089,8.49412079679994));
#9630=CARTESIAN_POINT('Ctrl Pts',(-9.72515413497708,40.0615102957332,8.7404986674858));
#9631=CARTESIAN_POINT('Ctrl Pts',(-9.70074974312461,40.0673942180081,8.87443248563219));
#9632=CARTESIAN_POINT('Ctrl Pts',(-9.70074974312461,40.0673942180081,9.));
#9633=CARTESIAN_POINT('Origin',(-38.7889124258903,10.3934577597989,9.));
#9634=CARTESIAN_POINT('',(-37.3050213371101,9.99585034090447,10.));
#9635=CARTESIAN_POINT('Ctrl Pts',(-36.7127553690949,10.8724293334804,9.));
#9636=CARTESIAN_POINT('Ctrl Pts',(-36.7127553690949,10.8724293334804,8.86969257459499));
#9637=CARTESIAN_POINT('Ctrl Pts',(-36.7409929685414,10.8522645721519,8.73456674114341));
#9638=CARTESIAN_POINT('Ctrl Pts',(-36.8363128068477,10.7713010785059,8.48998874573537));
#9639=CARTESIAN_POINT('Ctrl Pts',(-36.9018109422483,10.710098617507,8.38005582375327));
#9640=CARTESIAN_POINT('Ctrl Pts',(-37.0280885774924,10.5641279222051,8.20637590230811));
#9641=CARTESIAN_POINT('Ctrl Pts',(-37.0982372951487,10.4689379655808,8.12986255825557));
#9642=CARTESIAN_POINT('Ctrl Pts',(-37.2202033152461,10.2474375418035,8.02658906086227));
#9643=CARTESIAN_POINT('Ctrl Pts',(-37.2715449767551,10.1207858186017,8.));
#9644=CARTESIAN_POINT('Ctrl Pts',(-37.3384976974651,9.87091486320723,8.));
#9645=CARTESIAN_POINT('Ctrl Pts',(-37.3573603759266,9.73556042272684,8.02658906086227));
#9646=CARTESIAN_POINT('Ctrl Pts',(-37.3624849160125,9.48275241873804,8.12986255825557));
#9647=CARTESIAN_POINT('Ctrl Pts',(-37.3493293227914,9.3652411392881,8.20637590230811));
#9648=CARTESIAN_POINT('Ctrl Pts',(-37.3129550303911,9.17568799132653,8.38005582375327));
#9649=CARTESIAN_POINT('Ctrl Pts',(-37.2868332117332,9.089936037627,8.48998874573537));
#9650=CARTESIAN_POINT('Ctrl Pts',(-37.2447655570982,8.97215967619731,8.7345667411434));
#9651=CARTESIAN_POINT('Ctrl Pts',(-37.2303934593,8.9405776809023,8.86969257459499));
#9652=CARTESIAN_POINT('Ctrl Pts',(-37.2303934593,8.9405776809023,9.13030742540501));
#9653=CARTESIAN_POINT('Ctrl Pts',(-37.2447655570982,8.97215967619731,9.2654332588566));
#9654=CARTESIAN_POINT('Ctrl Pts',(-37.2868332117332,9.089936037627,9.51001125426463));
#9655=CARTESIAN_POINT('Ctrl Pts',(-37.3129550303911,9.17568799132653,9.61994417624673));
#9656=CARTESIAN_POINT('Ctrl Pts',(-37.3493293227914,9.3652411392881,9.79362409769189));
#9657=CARTESIAN_POINT('Ctrl Pts',(-37.3624849160125,9.48275241873804,9.87013744174444));
#9658=CARTESIAN_POINT('Ctrl Pts',(-37.3573603759266,9.73556042272684,9.97341093913773));
#9659=CARTESIAN_POINT('Ctrl Pts',(-37.3384976974651,9.87091486320723,10.));
#9660=CARTESIAN_POINT('Ctrl Pts',(-37.2715449767551,10.1207858186017,10.));
#9661=CARTESIAN_POINT('Ctrl Pts',(-37.2202033152461,10.2474375418035,9.97341093913773));
#9662=CARTESIAN_POINT('Ctrl Pts',(-37.0982372951487,10.4689379655808,9.87013744174444));
#9663=CARTESIAN_POINT('Ctrl Pts',(-37.0280885774924,10.5641279222051,9.79362409769189));
#9664=CARTESIAN_POINT('Ctrl Pts',(-36.9018109422483,10.710098617507,9.61994417624673));
#9665=CARTESIAN_POINT('Ctrl Pts',(-36.8363128068477,10.7713010785059,9.51001125426463));
#9666=CARTESIAN_POINT('Ctrl Pts',(-36.7409929685414,10.8522645721519,9.2654332588566));
#9667=CARTESIAN_POINT('Ctrl Pts',(-36.7127553690949,10.8724293334804,9.13030742540501));
#9668=CARTESIAN_POINT('Ctrl Pts',(-36.7127553690949,10.8724293334804,9.));
#9669=CARTESIAN_POINT('',(-39.8202921887668,10.6698151343514,10.));
#9670=CARTESIAN_POINT('',(-38.7889124258903,10.3934577597989,10.));
#9671=CARTESIAN_POINT('',(-39.549756127803,11.6326013957028,9.));
#9672=CARTESIAN_POINT('Ctrl Pts',(-39.549756127803,11.6326013957028,9.));
#9673=CARTESIAN_POINT('Ctrl Pts',(-39.549756127803,11.6326013957028,9.12556751436781));
#9674=CARTESIAN_POINT('Ctrl Pts',(-39.5568626975654,11.6085246112572,9.2595013325142));
#9675=CARTESIAN_POINT('Ctrl Pts',(-39.5854862652629,11.5105389650624,9.50587920320006));
#9676=CARTESIAN_POINT('Ctrl Pts',(-39.6069714821342,11.4366218689613,9.61832367204981));
#9677=CARTESIAN_POINT('Ctrl Pts',(-39.6558713375202,11.2658944705716,9.7958898892862));
#9678=CARTESIAN_POINT('Ctrl Pts',(-39.6865406128169,11.1577011973364,9.87284910534598));
#9679=CARTESIAN_POINT('Ctrl Pts',(-39.7525171793274,10.920310422743,9.97490429706616));
#9680=CARTESIAN_POINT('Ctrl Pts',(-39.7877929249819,10.7911040380054,10.));
#9681=CARTESIAN_POINT('Ctrl Pts',(-39.8202921887668,10.6698151343514,10.));
#9682=CARTESIAN_POINT('Ctrl Pts',(-39.8202921887668,10.6698151343514,10.));
#9683=CARTESIAN_POINT('Ctrl Pts',(-39.8527914525518,10.5485262306974,10.));
#9684=CARTESIAN_POINT('Ctrl Pts',(-39.8868449530463,10.4189923463563,9.97490429706616));
#9685=CARTESIAN_POINT('Ctrl Pts',(-39.9484029576905,10.1804176216791,9.87284910534598));
#9686=CARTESIAN_POINT('Ctrl Pts',(-39.9759392227855,10.0713848608905,9.7958898892862));
#9687=CARTESIAN_POINT('Ctrl Pts',(-40.0189544049747,9.89908066907,9.61832367204981));
#9688=CARTESIAN_POINT('Ctrl Pts',(-40.0373062094089,9.8243239776368,9.50587920320006));
#9689=CARTESIAN_POINT('Ctrl Pts',(-40.0615102957332,9.72515413497709,9.2595013325142));
#9690=CARTESIAN_POINT('Ctrl Pts',(-40.0673942180081,9.70074974312463,9.12556751436781));
#9691=CARTESIAN_POINT('Ctrl Pts',(-40.0673942180081,9.70074974312463,8.87443248563219));
#9692=CARTESIAN_POINT('Ctrl Pts',(-40.0615102957332,9.72515413497709,8.7404986674858));
#9693=CARTESIAN_POINT('Ctrl Pts',(-40.0373062094089,9.8243239776368,8.49412079679994));
#9694=CARTESIAN_POINT('Ctrl Pts',(-40.0189544049747,9.89908066907,8.3816763279502));
#9695=CARTESIAN_POINT('Ctrl Pts',(-39.9759392227855,10.0713848608905,8.2041101107138));
#9696=CARTESIAN_POINT('Ctrl Pts',(-39.9484029576905,10.1804176216791,8.12715089465402));
#9697=CARTESIAN_POINT('Ctrl Pts',(-39.8868449530463,10.4189923463563,8.02509570293384));
#9698=CARTESIAN_POINT('Ctrl Pts',(-39.8527914525518,10.5485262306974,8.));
#9699=CARTESIAN_POINT('Ctrl Pts',(-39.7877929249819,10.7911040380054,8.));
#9700=CARTESIAN_POINT('Ctrl Pts',(-39.7525171793274,10.920310422743,8.02509570293384));
#9701=CARTESIAN_POINT('Ctrl Pts',(-39.6865406128169,11.1577011973364,8.12715089465402));
#9702=CARTESIAN_POINT('Ctrl Pts',(-39.6558713375202,11.2658944705716,8.2041101107138));
#9703=CARTESIAN_POINT('Ctrl Pts',(-39.6069714821342,11.4366218689613,8.3816763279502));
#9704=CARTESIAN_POINT('Ctrl Pts',(-39.5854862652629,11.5105389650624,8.49412079679994));
#9705=CARTESIAN_POINT('Ctrl Pts',(-39.5568626975654,11.6085246112572,8.7404986674858));
#9706=CARTESIAN_POINT('Ctrl Pts',(-39.549756127803,11.6326013957028,8.87443248563219));
#9707=CARTESIAN_POINT('Ctrl Pts',(-39.549756127803,11.6326013957028,9.));
#9708=CARTESIAN_POINT('Origin',(-28.3954546660915,-28.3954546660915,9.));
#9709=CARTESIAN_POINT('',(-27.3091709962057,-27.3091709962057,10.));
#9710=CARTESIAN_POINT('Ctrl Pts',(-27.7721776881926,-26.3579641258195,9.));
#9711=CARTESIAN_POINT('Ctrl Pts',(-27.7721776881926,-26.3579641258195,8.86969257459499));
#9712=CARTESIAN_POINT('Ctrl Pts',(-27.7688332923441,-26.3925009849463,8.7345667411434));
#9713=CARTESIAN_POINT('Ctrl Pts',(-27.7463767692207,-26.5155321332272,8.48998874573537));
#9714=CARTESIAN_POINT('Ctrl Pts',(-27.7261229509218,-26.6028564128841,8.38005582375327));
#9715=CARTESIAN_POINT('Ctrl Pts',(-27.6628474382043,-26.7852014005863,8.20637590230812));
#9716=CARTESIAN_POINT('Ctrl Pts',(-27.6154848764107,-26.8935469504317,8.12986255825556));
#9717=CARTESIAN_POINT('Ctrl Pts',(-27.4846428925192,-27.1099228341231,8.02658906086227));
#9718=CARTESIAN_POINT('Ctrl Pts',(-27.4006301135479,-27.2177118788634,8.));
#9719=CARTESIAN_POINT('Ctrl Pts',(-27.2177118788634,-27.4006301135479,8.));
#9720=CARTESIAN_POINT('Ctrl Pts',(-27.1099228341231,-27.4846428925192,8.02658906086227));
#9721=CARTESIAN_POINT('Ctrl Pts',(-26.8935469504317,-27.6154848764107,8.12986255825556));
#9722=CARTESIAN_POINT('Ctrl Pts',(-26.7852014005863,-27.6628474382043,8.20637590230811));
#9723=CARTESIAN_POINT('Ctrl Pts',(-26.6028564128841,-27.7261229509218,8.38005582375327));
#9724=CARTESIAN_POINT('Ctrl Pts',(-26.5155321332272,-27.7463767692207,8.48998874573537));
#9725=CARTESIAN_POINT('Ctrl Pts',(-26.3925009849464,-27.7688332923441,8.73456674114341));
#9726=CARTESIAN_POINT('Ctrl Pts',(-26.3579641258195,-27.7721776881926,8.86969257459499));
#9727=CARTESIAN_POINT('Ctrl Pts',(-26.3579641258195,-27.7721776881926,9.13030742540501));
#9728=CARTESIAN_POINT('Ctrl Pts',(-26.3925009849464,-27.7688332923441,9.26543325885659));
#9729=CARTESIAN_POINT('Ctrl Pts',(-26.5155321332272,-27.7463767692207,9.51001125426463));
#9730=CARTESIAN_POINT('Ctrl Pts',(-26.6028564128841,-27.7261229509218,9.61994417624673));
#9731=CARTESIAN_POINT('Ctrl Pts',(-26.7852014005863,-27.6628474382043,9.79362409769189));
#9732=CARTESIAN_POINT('Ctrl Pts',(-26.8935469504317,-27.6154848764107,9.87013744174444));
#9733=CARTESIAN_POINT('Ctrl Pts',(-27.1099228341231,-27.4846428925192,9.97341093913773));
#9734=CARTESIAN_POINT('Ctrl Pts',(-27.2177118788634,-27.4006301135479,10.));
#9735=CARTESIAN_POINT('Ctrl Pts',(-27.4006301135479,-27.2177118788634,10.));
#9736=CARTESIAN_POINT('Ctrl Pts',(-27.4846428925192,-27.1099228341231,9.97341093913773));
#9737=CARTESIAN_POINT('Ctrl Pts',(-27.6154848764107,-26.8935469504317,9.87013744174444));
#9738=CARTESIAN_POINT('Ctrl Pts',(-27.6628474382043,-26.7852014005863,9.79362409769189));
#9739=CARTESIAN_POINT('Ctrl Pts',(-27.7261229509218,-26.6028564128841,9.61994417624673));
#9740=CARTESIAN_POINT('Ctrl Pts',(-27.7463767692207,-26.5155321332272,9.51001125426463));
#9741=CARTESIAN_POINT('Ctrl Pts',(-27.7688332923441,-26.3925009849463,9.2654332588566));
#9742=CARTESIAN_POINT('Ctrl Pts',(-27.7721776881926,-26.3579641258195,9.13030742540501));
#9743=CARTESIAN_POINT('Ctrl Pts',(-27.7721776881926,-26.3579641258195,9.));
#9744=CARTESIAN_POINT('',(-29.1504770544154,-29.1504770544154,10.));
#9745=CARTESIAN_POINT('',(-28.3954546660915,-28.3954546660915,10.));
#9746=CARTESIAN_POINT('',(-29.8490063846784,-28.4347928223053,9.));
#9747=CARTESIAN_POINT('Ctrl Pts',(-29.8490063846784,-28.4347928223053,9.));
#9748=CARTESIAN_POINT('Ctrl Pts',(-29.8490063846784,-28.4347928223053,9.12556751436781));
#9749=CARTESIAN_POINT('Ctrl Pts',(-29.8317085625883,-28.4529856844761,9.2595013325142));
#9750=CARTESIAN_POINT('Ctrl Pts',(-29.7611622876262,-28.5267672443465,9.50587920320006));
#9751=CARTESIAN_POINT('Ctrl Pts',(-29.7078908130642,-28.5823325360134,9.61832367204981));
#9752=CARTESIAN_POINT('Ctrl Pts',(-29.5844864766297,-28.7100447522139,9.7958898892862));
#9753=CARTESIAN_POINT('Ctrl Pts',(-29.5061229911378,-28.7907017603541,9.87284910534598));
#9754=CARTESIAN_POINT('Ctrl Pts',(-29.3335248329711,-28.9665345303033,9.97490429706616));
#9755=CARTESIAN_POINT('Ctrl Pts',(-29.2392666942845,-29.0616874145464,10.));
#9756=CARTESIAN_POINT('Ctrl Pts',(-29.1504770544154,-29.1504770544154,10.));
#9757=CARTESIAN_POINT('Ctrl Pts',(-29.1504770544154,-29.1504770544154,10.));
#9758=CARTESIAN_POINT('Ctrl Pts',(-29.0616874145464,-29.2392666942845,10.));
#9759=CARTESIAN_POINT('Ctrl Pts',(-28.9665345303034,-29.3335248329711,9.97490429706616));
#9760=CARTESIAN_POINT('Ctrl Pts',(-28.7907017603541,-29.5061229911378,9.87284910534599));
#9761=CARTESIAN_POINT('Ctrl Pts',(-28.7100447522139,-29.5844864766297,9.7958898892862));
#9762=CARTESIAN_POINT('Ctrl Pts',(-28.5823325360134,-29.7078908130642,9.61832367204981));
#9763=CARTESIAN_POINT('Ctrl Pts',(-28.5267672443465,-29.7611622876261,9.50587920320006));
#9764=CARTESIAN_POINT('Ctrl Pts',(-28.4529856844761,-29.8317085625883,9.25950133251421));
#9765=CARTESIAN_POINT('Ctrl Pts',(-28.4347928223053,-29.8490063846784,9.12556751436781));
#9766=CARTESIAN_POINT('Ctrl Pts',(-28.4347928223053,-29.8490063846784,8.87443248563219));
#9767=CARTESIAN_POINT('Ctrl Pts',(-28.4529856844761,-29.8317085625883,8.7404986674858));
#9768=CARTESIAN_POINT('Ctrl Pts',(-28.5267672443465,-29.7611622876261,8.49412079679994));
#9769=CARTESIAN_POINT('Ctrl Pts',(-28.5823325360134,-29.7078908130642,8.3816763279502));
#9770=CARTESIAN_POINT('Ctrl Pts',(-28.7100447522139,-29.5844864766297,8.20411011071381));
#9771=CARTESIAN_POINT('Ctrl Pts',(-28.7907017603541,-29.5061229911378,8.12715089465402));
#9772=CARTESIAN_POINT('Ctrl Pts',(-28.9665345303034,-29.3335248329711,8.02509570293384));
#9773=CARTESIAN_POINT('Ctrl Pts',(-29.0616874145464,-29.2392666942845,8.));
#9774=CARTESIAN_POINT('Ctrl Pts',(-29.2392666942845,-29.0616874145464,8.));
#9775=CARTESIAN_POINT('Ctrl Pts',(-29.3335248329711,-28.9665345303033,8.02509570293384));
#9776=CARTESIAN_POINT('Ctrl Pts',(-29.5061229911378,-28.7907017603541,8.12715089465402));
#9777=CARTESIAN_POINT('Ctrl Pts',(-29.5844864766297,-28.7100447522139,8.20411011071381));
#9778=CARTESIAN_POINT('Ctrl Pts',(-29.7078908130642,-28.5823325360134,8.3816763279502));
#9779=CARTESIAN_POINT('Ctrl Pts',(-29.7611622876262,-28.5267672443465,8.49412079679994));
#9780=CARTESIAN_POINT('Ctrl Pts',(-29.8317085625883,-28.4529856844761,8.7404986674858));
#9781=CARTESIAN_POINT('Ctrl Pts',(-29.8490063846784,-28.4347928223053,8.87443248563219));
#9782=CARTESIAN_POINT('Ctrl Pts',(-29.8490063846784,-28.4347928223053,9.));
#9783=CARTESIAN_POINT('Origin',(35.7392555726955,-9.57630466879328,5.));
#9784=CARTESIAN_POINT('Origin',(35.7392555726955,-9.57630466879328,10.));
#9785=CARTESIAN_POINT('Origin',(26.1629509039023,26.1629509039022,5.));
#9786=CARTESIAN_POINT('',(24.5419509039023,26.1629509039022,1.38777878078145E-16));
#9787=CARTESIAN_POINT('',(27.7839509039023,26.1629509039022,0.));
#9788=CARTESIAN_POINT('Origin',(26.1629509039023,26.1629509039022,0.));
#9789=CARTESIAN_POINT('Origin',(26.1629509039023,26.1629509039022,0.));
#9790=CARTESIAN_POINT('',(27.7839509039023,26.1629509039022,10.));
#9791=CARTESIAN_POINT('',(27.7839509039023,26.1629509039022,5.));
#9792=CARTESIAN_POINT('Origin',(26.1629509039023,26.1629509039022,10.));
#9793=CARTESIAN_POINT('Origin',(26.1629509039023,26.1629509039022,10.));
#9794=CARTESIAN_POINT('Origin',(-9.57630466879324,35.7392555726955,5.));
#9795=CARTESIAN_POINT('',(-11.1973046687932,35.7392555726955,1.38777878078145E-16));
#9796=CARTESIAN_POINT('',(-7.95530466879324,35.7392555726955,0.));
#9797=CARTESIAN_POINT('Origin',(-9.57630466879324,35.7392555726955,0.));
#9798=CARTESIAN_POINT('Origin',(-9.57630466879324,35.7392555726955,0.));
#9799=CARTESIAN_POINT('',(-7.95530466879324,35.7392555726955,10.));
#9800=CARTESIAN_POINT('',(-7.95530466879324,35.7392555726955,5.));
#9801=CARTESIAN_POINT('Origin',(-9.57630466879324,35.7392555726955,10.));
#9802=CARTESIAN_POINT('Origin',(-9.57630466879324,35.7392555726955,10.));
#9803=CARTESIAN_POINT('Origin',(-35.7392555726955,9.57630466879328,5.));
#9804=CARTESIAN_POINT('',(-37.3602555726955,9.57630466879328,1.38777878078145E-16));
#9805=CARTESIAN_POINT('',(-34.1182555726955,9.57630466879328,0.));
#9806=CARTESIAN_POINT('Origin',(-35.7392555726955,9.57630466879328,0.));
#9807=CARTESIAN_POINT('Origin',(-35.7392555726955,9.57630466879328,0.));
#9808=CARTESIAN_POINT('',(-34.1182555726955,9.57630466879328,10.));
#9809=CARTESIAN_POINT('',(-34.1182555726955,9.57630466879328,5.));
#9810=CARTESIAN_POINT('Origin',(-35.7392555726955,9.57630466879328,10.));
#9811=CARTESIAN_POINT('Origin',(-35.7392555726955,9.57630466879328,10.));
#9812=CARTESIAN_POINT('Origin',(-26.1629509039023,-26.1629509039023,5.));
#9813=CARTESIAN_POINT('',(-27.7839509039023,-26.1629509039023,1.38777878078145E-16));
#9814=CARTESIAN_POINT('',(-24.5419509039023,-26.1629509039023,0.));
#9815=CARTESIAN_POINT('Origin',(-26.1629509039023,-26.1629509039023,0.));
#9816=CARTESIAN_POINT('Origin',(-26.1629509039023,-26.1629509039023,0.));
#9817=CARTESIAN_POINT('',(-24.5419509039023,-26.1629509039023,10.));
#9818=CARTESIAN_POINT('',(-24.5419509039023,-26.1629509039023,5.));
#9819=CARTESIAN_POINT('Origin',(-26.1629509039023,-26.1629509039023,10.));
#9820=CARTESIAN_POINT('Origin',(-26.1629509039023,-26.1629509039023,10.));
#9821=CARTESIAN_POINT('Origin',(10.3934577597988,-38.7889124258903,9.));
#9822=CARTESIAN_POINT('',(9.99585034090444,-37.3050213371101,10.));
#9823=CARTESIAN_POINT('Ctrl Pts',(8.94057768090227,-37.2303934592999,9.));
#9824=CARTESIAN_POINT('Ctrl Pts',(8.94057768090227,-37.2303934592999,8.86969257459499));
#9825=CARTESIAN_POINT('Ctrl Pts',(8.97215967619729,-37.2447655570982,8.73456674114341));
#9826=CARTESIAN_POINT('Ctrl Pts',(9.08993603762697,-37.2868332117332,8.48998874573537));
#9827=CARTESIAN_POINT('Ctrl Pts',(9.17568799132651,-37.3129550303911,8.38005582375327));
#9828=CARTESIAN_POINT('Ctrl Pts',(9.36524113928808,-37.3493293227914,8.20637590230811));
#9829=CARTESIAN_POINT('Ctrl Pts',(9.48275241873802,-37.3624849160125,8.12986255825557));
#9830=CARTESIAN_POINT('Ctrl Pts',(9.73556042272681,-37.3573603759266,8.02658906086227));
#9831=CARTESIAN_POINT('Ctrl Pts',(9.8709148632072,-37.3384976974651,8.));
#9832=CARTESIAN_POINT('Ctrl Pts',(10.1207858186017,-37.2715449767552,8.));
#9833=CARTESIAN_POINT('Ctrl Pts',(10.2474375418035,-37.2202033152461,8.02658906086227));
#9834=CARTESIAN_POINT('Ctrl Pts',(10.4689379655807,-37.0982372951487,8.12986255825557));
#9835=CARTESIAN_POINT('Ctrl Pts',(10.5641279222051,-37.0280885774924,8.20637590230811));
#9836=CARTESIAN_POINT('Ctrl Pts',(10.710098617507,-36.9018109422483,8.38005582375327));
#9837=CARTESIAN_POINT('Ctrl Pts',(10.7713010785059,-36.8363128068477,8.48998874573537));
#9838=CARTESIAN_POINT('Ctrl Pts',(10.8522645721519,-36.7409929685414,8.73456674114341));
#9839=CARTESIAN_POINT('Ctrl Pts',(10.8724293334804,-36.7127553690949,8.86969257459499));
#9840=CARTESIAN_POINT('Ctrl Pts',(10.8724293334804,-36.7127553690949,9.13030742540501));
#9841=CARTESIAN_POINT('Ctrl Pts',(10.8522645721519,-36.7409929685414,9.2654332588566));
#9842=CARTESIAN_POINT('Ctrl Pts',(10.7713010785059,-36.8363128068477,9.51001125426463));
#9843=CARTESIAN_POINT('Ctrl Pts',(10.710098617507,-36.9018109422483,9.61994417624673));
#9844=CARTESIAN_POINT('Ctrl Pts',(10.5641279222051,-37.0280885774924,9.79362409769189));
#9845=CARTESIAN_POINT('Ctrl Pts',(10.4689379655807,-37.0982372951487,9.87013744174444));
#9846=CARTESIAN_POINT('Ctrl Pts',(10.2474375418035,-37.2202033152461,9.97341093913773));
#9847=CARTESIAN_POINT('Ctrl Pts',(10.1207858186017,-37.2715449767552,10.));
#9848=CARTESIAN_POINT('Ctrl Pts',(9.8709148632072,-37.3384976974651,10.));
#9849=CARTESIAN_POINT('Ctrl Pts',(9.73556042272681,-37.3573603759266,9.97341093913773));
#9850=CARTESIAN_POINT('Ctrl Pts',(9.48275241873802,-37.3624849160125,9.87013744174443));
#9851=CARTESIAN_POINT('Ctrl Pts',(9.36524113928808,-37.3493293227914,9.79362409769189));
#9852=CARTESIAN_POINT('Ctrl Pts',(9.17568799132651,-37.3129550303911,9.61994417624673));
#9853=CARTESIAN_POINT('Ctrl Pts',(9.08993603762697,-37.2868332117332,9.51001125426463));
#9854=CARTESIAN_POINT('Ctrl Pts',(8.97215967619729,-37.2447655570982,9.26543325885659));
#9855=CARTESIAN_POINT('Ctrl Pts',(8.94057768090227,-37.2303934592999,9.13030742540501));
#9856=CARTESIAN_POINT('Ctrl Pts',(8.94057768090227,-37.2303934592999,9.));
#9857=CARTESIAN_POINT('',(10.6698151343514,-39.8202921887668,10.));
#9858=CARTESIAN_POINT('',(10.3934577597988,-38.7889124258903,10.));
#9859=CARTESIAN_POINT('',(9.7007497431246,-40.0673942180081,9.));
#9860=CARTESIAN_POINT('Ctrl Pts',(9.7007497431246,-40.0673942180081,9.));
#9861=CARTESIAN_POINT('Ctrl Pts',(9.7007497431246,-40.0673942180081,9.12556751436781));
#9862=CARTESIAN_POINT('Ctrl Pts',(9.72515413497707,-40.0615102957333,9.2595013325142));
#9863=CARTESIAN_POINT('Ctrl Pts',(9.82432397763678,-40.0373062094089,9.50587920320006));
#9864=CARTESIAN_POINT('Ctrl Pts',(9.89908066906997,-40.0189544049747,9.61832367204981));
#9865=CARTESIAN_POINT('Ctrl Pts',(10.0713848608905,-39.9759392227855,9.7958898892862));
#9866=CARTESIAN_POINT('Ctrl Pts',(10.1804176216791,-39.9484029576905,9.87284910534598));
#9867=CARTESIAN_POINT('Ctrl Pts',(10.4189923463563,-39.8868449530463,9.97490429706616));
#9868=CARTESIAN_POINT('Ctrl Pts',(10.5485262306974,-39.8527914525518,10.));
#9869=CARTESIAN_POINT('Ctrl Pts',(10.6698151343514,-39.8202921887668,10.));
#9870=CARTESIAN_POINT('Ctrl Pts',(10.6698151343514,-39.8202921887668,10.));
#9871=CARTESIAN_POINT('Ctrl Pts',(10.7911040380054,-39.7877929249819,10.));
#9872=CARTESIAN_POINT('Ctrl Pts',(10.920310422743,-39.7525171793274,9.97490429706617));
#9873=CARTESIAN_POINT('Ctrl Pts',(11.1577011973363,-39.6865406128169,9.87284910534599));
#9874=CARTESIAN_POINT('Ctrl Pts',(11.2658944705716,-39.6558713375202,9.7958898892862));
#9875=CARTESIAN_POINT('Ctrl Pts',(11.4366218689613,-39.6069714821342,9.61832367204981));
#9876=CARTESIAN_POINT('Ctrl Pts',(11.5105389650624,-39.585486265263,9.50587920320006));
#9877=CARTESIAN_POINT('Ctrl Pts',(11.6085246112572,-39.5568626975654,9.2595013325142));
#9878=CARTESIAN_POINT('Ctrl Pts',(11.6326013957027,-39.5497561278031,9.12556751436781));
#9879=CARTESIAN_POINT('Ctrl Pts',(11.6326013957027,-39.5497561278031,8.87443248563219));
#9880=CARTESIAN_POINT('Ctrl Pts',(11.6085246112572,-39.5568626975654,8.7404986674858));
#9881=CARTESIAN_POINT('Ctrl Pts',(11.5105389650624,-39.585486265263,8.49412079679994));
#9882=CARTESIAN_POINT('Ctrl Pts',(11.4366218689613,-39.6069714821342,8.3816763279502));
#9883=CARTESIAN_POINT('Ctrl Pts',(11.2658944705716,-39.6558713375202,8.20411011071381));
#9884=CARTESIAN_POINT('Ctrl Pts',(11.1577011973363,-39.6865406128169,8.12715089465402));
#9885=CARTESIAN_POINT('Ctrl Pts',(10.920310422743,-39.7525171793274,8.02509570293384));
#9886=CARTESIAN_POINT('Ctrl Pts',(10.7911040380054,-39.7877929249819,8.));
#9887=CARTESIAN_POINT('Ctrl Pts',(10.5485262306974,-39.8527914525518,8.));
#9888=CARTESIAN_POINT('Ctrl Pts',(10.4189923463563,-39.8868449530463,8.02509570293384));
#9889=CARTESIAN_POINT('Ctrl Pts',(10.1804176216791,-39.9484029576905,8.12715089465402));
#9890=CARTESIAN_POINT('Ctrl Pts',(10.0713848608905,-39.9759392227855,8.2041101107138));
#9891=CARTESIAN_POINT('Ctrl Pts',(9.89908066906997,-40.0189544049747,8.3816763279502));
#9892=CARTESIAN_POINT('Ctrl Pts',(9.82432397763678,-40.0373062094089,8.49412079679994));
#9893=CARTESIAN_POINT('Ctrl Pts',(9.72515413497707,-40.0615102957333,8.7404986674858));
#9894=CARTESIAN_POINT('Ctrl Pts',(9.7007497431246,-40.0673942180081,8.87443248563219));
#9895=CARTESIAN_POINT('Ctrl Pts',(9.7007497431246,-40.0673942180081,9.));
#9896=CARTESIAN_POINT('Origin',(9.57630466879326,-35.7392555726955,5.));
#9897=CARTESIAN_POINT('',(7.95530466879326,-35.7392555726955,1.38777878078145E-16));
#9898=CARTESIAN_POINT('',(11.1973046687933,-35.7392555726955,0.));
#9899=CARTESIAN_POINT('Origin',(9.57630466879326,-35.7392555726955,0.));
#9900=CARTESIAN_POINT('Origin',(9.57630466879326,-35.7392555726955,0.));
#9901=CARTESIAN_POINT('',(11.1973046687933,-35.7392555726955,10.));
#9902=CARTESIAN_POINT('',(11.1973046687933,-35.7392555726955,5.));
#9903=CARTESIAN_POINT('Origin',(9.57630466879326,-35.7392555726955,10.));
#9904=CARTESIAN_POINT('Origin',(9.57630466879326,-35.7392555726955,10.));
#9905=CARTESIAN_POINT('Origin',(0.,0.,61.8));
#9906=CARTESIAN_POINT('',(-41.225,-5.04860642948496E-15,61.6));
#9907=CARTESIAN_POINT('',(41.225,-5.04860642948496E-15,61.6));
#9908=CARTESIAN_POINT('Origin',(0.,0.,61.6));
#9909=CARTESIAN_POINT('Origin',(0.,0.,61.6));
#9910=CARTESIAN_POINT('',(-40.825,4.99962055751907E-15,62.));
#9911=CARTESIAN_POINT('',(-41.025,5.02411349350202E-15,61.8));
#9912=CARTESIAN_POINT('Origin',(0.,0.,62.));
#9913=CARTESIAN_POINT('Origin',(-41.225,0.,62.));
#9914=CARTESIAN_POINT('',(-32.9,-4.02908796919479E-15,62.));
#9915=CARTESIAN_POINT('Origin',(0.,0.,62.));
#9916=CARTESIAN_POINT('Origin',(0.,0.,51.95));
#9917=CARTESIAN_POINT('',(-41.225,0.,41.9));
#9918=CARTESIAN_POINT('',(41.225,-5.04860642948496E-15,41.9));
#9919=CARTESIAN_POINT('Origin',(0.,0.,41.9));
#9920=CARTESIAN_POINT('Origin',(0.,0.,41.9));
#9921=CARTESIAN_POINT('',(41.225,7.57290964422745E-15,49.));
#9922=CARTESIAN_POINT('',(41.225,-5.04860642948496E-15,51.95));
#9923=CARTESIAN_POINT('',(41.225,7.57290964422745E-15,60.));
#9924=CARTESIAN_POINT('Ctrl Pts',(41.225,9.29811783123569E-15,49.));
#9925=CARTESIAN_POINT('Ctrl Pts',(41.225,-0.675715749505481,49.));
#9926=CARTESIAN_POINT('Ctrl Pts',(41.2066703205224,-1.39032945388291,49.1498972562972));
#9927=CARTESIAN_POINT('Ctrl Pts',(41.1423983399402,-2.68807596421912,49.7428624224739));
#9928=CARTESIAN_POINT('Ctrl Pts',(41.0975079449402,-3.27144596422538,50.1855246736335));
#9929=CARTESIAN_POINT('Ctrl Pts',(41.0158992754105,-4.17106004162224,51.1778891994016));
#9930=CARTESIAN_POINT('Ctrl Pts',(40.9737472515883,-4.55152585397379,51.791528042361));
#9931=CARTESIAN_POINT('Ctrl Pts',(40.9149349129352,-5.05296441660798,53.1194803980684));
#9932=CARTESIAN_POINT('Ctrl Pts',(40.899023310821,-5.17402331082101,53.8337944346751));
#9933=CARTESIAN_POINT('Ctrl Pts',(40.899023310821,-5.17402331082101,54.5));
#9934=CARTESIAN_POINT('Ctrl Pts',(40.899023310821,-5.17402331082101,55.1662055653249));
#9935=CARTESIAN_POINT('Ctrl Pts',(40.9149349129352,-5.05296441660797,55.8805196019316));
#9936=CARTESIAN_POINT('Ctrl Pts',(40.9737472515883,-4.55152585397379,57.208471957639));
#9937=CARTESIAN_POINT('Ctrl Pts',(41.0158992754105,-4.17106004162224,57.8221108005984));
#9938=CARTESIAN_POINT('Ctrl Pts',(41.0975079449402,-3.27144596422537,58.8144753263666));
#9939=CARTESIAN_POINT('Ctrl Pts',(41.1423983399402,-2.68807596421912,59.2571375775261));
#9940=CARTESIAN_POINT('Ctrl Pts',(41.2066703205224,-1.39032945388291,59.8501027437028));
#9941=CARTESIAN_POINT('Ctrl Pts',(41.225,-0.675715749505482,60.));
#9942=CARTESIAN_POINT('Ctrl Pts',(41.225,6.80011602582908E-15,60.));
#9943=CARTESIAN_POINT('',(41.225,-5.04860642948496E-15,51.95));
#9944=CARTESIAN_POINT('',(40.899023310821,5.17402331082102,54.5));
#9945=CARTESIAN_POINT('Ctrl Pts',(41.225,8.04911692853238E-15,60.));
#9946=CARTESIAN_POINT('Ctrl Pts',(41.225,0.675715749505497,60.));
#9947=CARTESIAN_POINT('Ctrl Pts',(41.2066703205224,1.39032945388293,59.8501027437028));
#9948=CARTESIAN_POINT('Ctrl Pts',(41.1423983399402,2.68807596421913,59.2571375775261));
#9949=CARTESIAN_POINT('Ctrl Pts',(41.0975079449402,3.27144596422539,58.8144753263665));
#9950=CARTESIAN_POINT('Ctrl Pts',(41.0158992754105,4.17106004162225,57.8221108005983));
#9951=CARTESIAN_POINT('Ctrl Pts',(40.9737472515883,4.55152585397382,57.208471957639));
#9952=CARTESIAN_POINT('Ctrl Pts',(40.9149349129352,5.05296441660799,55.8805196019316));
#9953=CARTESIAN_POINT('Ctrl Pts',(40.899023310821,5.17402331082102,55.1662055653249));
#9954=CARTESIAN_POINT('Ctrl Pts',(40.899023310821,5.17402331082102,54.5));
#9955=CARTESIAN_POINT('Ctrl Pts',(40.899023310821,5.17402331082102,54.5));
#9956=CARTESIAN_POINT('Ctrl Pts',(40.899023310821,5.17402331082102,53.8337944346751));
#9957=CARTESIAN_POINT('Ctrl Pts',(40.9149349129352,5.05296441660799,53.1194803980684));
#9958=CARTESIAN_POINT('Ctrl Pts',(40.9737472515883,4.55152585397381,51.791528042361));
#9959=CARTESIAN_POINT('Ctrl Pts',(41.0158992754105,4.17106004162225,51.1778891994016));
#9960=CARTESIAN_POINT('Ctrl Pts',(41.0975079449402,3.27144596422539,50.1855246736335));
#9961=CARTESIAN_POINT('Ctrl Pts',(41.1423983399402,2.68807596421913,49.7428624224739));
#9962=CARTESIAN_POINT('Ctrl Pts',(41.2066703205224,1.39032945388292,49.1498972562972));
#9963=CARTESIAN_POINT('Ctrl Pts',(41.225,0.675715749505495,49.));
#9964=CARTESIAN_POINT('Ctrl Pts',(41.225,7.49400541621981E-15,49.));
#9965=CARTESIAN_POINT('',(0.,-41.225,60.));
#9966=CARTESIAN_POINT('',(5.17402331082102,-40.899023310821,54.5));
#9967=CARTESIAN_POINT('Ctrl Pts',(-2.77555756156289E-16,-41.225,60.));
#9968=CARTESIAN_POINT('Ctrl Pts',(0.675715749505488,-41.225,60.));
#9969=CARTESIAN_POINT('Ctrl Pts',(1.39032945388292,-41.2066703205225,59.8501027437028));
#9970=CARTESIAN_POINT('Ctrl Pts',(2.68807596421912,-41.1423983399402,59.2571375775261));
#9971=CARTESIAN_POINT('Ctrl Pts',(3.27144596422538,-41.0975079449402,58.8144753263665));
#9972=CARTESIAN_POINT('Ctrl Pts',(4.17106004162224,-41.0158992754105,57.8221108005983));
#9973=CARTESIAN_POINT('Ctrl Pts',(4.55152585397381,-40.9737472515883,57.208471957639));
#9974=CARTESIAN_POINT('Ctrl Pts',(5.05296441660799,-40.9149349129352,55.8805196019316));
#9975=CARTESIAN_POINT('Ctrl Pts',(5.17402331082102,-40.899023310821,55.1662055653249));
#9976=CARTESIAN_POINT('Ctrl Pts',(5.17402331082102,-40.899023310821,54.5));
#9977=CARTESIAN_POINT('',(0.,-41.225,49.));
#9978=CARTESIAN_POINT('Ctrl Pts',(5.17402331082102,-40.899023310821,54.5));
#9979=CARTESIAN_POINT('Ctrl Pts',(5.17402331082101,-40.899023310821,53.8337944346751));
#9980=CARTESIAN_POINT('Ctrl Pts',(5.05296441660798,-40.9149349129352,53.1194803980684));
#9981=CARTESIAN_POINT('Ctrl Pts',(4.5515258539738,-40.9737472515883,51.791528042361));
#9982=CARTESIAN_POINT('Ctrl Pts',(4.17106004162225,-41.0158992754105,51.1778891994016));
#9983=CARTESIAN_POINT('Ctrl Pts',(3.27144596422538,-41.0975079449402,50.1855246736335));
#9984=CARTESIAN_POINT('Ctrl Pts',(2.68807596421913,-41.1423983399402,49.7428624224739));
#9985=CARTESIAN_POINT('Ctrl Pts',(1.39032945388292,-41.2066703205224,49.1498972562972));
#9986=CARTESIAN_POINT('Ctrl Pts',(0.675715749505489,-41.225,49.));
#9987=CARTESIAN_POINT('Ctrl Pts',(5.55111512312578E-16,-41.225,49.));
#9988=CARTESIAN_POINT('Ctrl Pts',(2.77555756156289E-16,-41.225,49.));
#9989=CARTESIAN_POINT('Ctrl Pts',(-0.675715749505488,-41.225,49.));
#9990=CARTESIAN_POINT('Ctrl Pts',(-1.39032945388291,-41.2066703205224,49.1498972562972));
#9991=CARTESIAN_POINT('Ctrl Pts',(-2.68807596421913,-41.1423983399402,49.7428624224739));
#9992=CARTESIAN_POINT('Ctrl Pts',(-3.27144596422538,-41.0975079449402,50.1855246736335));
#9993=CARTESIAN_POINT('Ctrl Pts',(-4.17106004162225,-41.0158992754105,51.1778891994016));
#9994=CARTESIAN_POINT('Ctrl Pts',(-4.55152585397381,-40.9737472515883,51.791528042361));
#9995=CARTESIAN_POINT('Ctrl Pts',(-5.05296441660799,-40.9149349129352,53.1194803980684));
#9996=CARTESIAN_POINT('Ctrl Pts',(-5.17402331082102,-40.899023310821,53.8337944346751));
#9997=CARTESIAN_POINT('Ctrl Pts',(-5.17402331082102,-40.899023310821,54.5));
#9998=CARTESIAN_POINT('Ctrl Pts',(-5.17402331082102,-40.899023310821,55.1662055653249));
#9999=CARTESIAN_POINT('Ctrl Pts',(-5.05296441660799,-40.9149349129352,55.8805196019316));
#10000=CARTESIAN_POINT('Ctrl Pts',(-4.55152585397381,-40.9737472515883,
57.208471957639));
#10001=CARTESIAN_POINT('Ctrl Pts',(-4.17106004162224,-41.0158992754105,
57.8221108005983));
#10002=CARTESIAN_POINT('Ctrl Pts',(-3.27144596422538,-41.0975079449402,
58.8144753263665));
#10003=CARTESIAN_POINT('Ctrl Pts',(-2.68807596421912,-41.1423983399402,
59.2571375775261));
#10004=CARTESIAN_POINT('Ctrl Pts',(-1.39032945388291,-41.2066703205224,
59.8501027437028));
#10005=CARTESIAN_POINT('Ctrl Pts',(-0.675715749505489,-41.225,60.));
#10006=CARTESIAN_POINT('Ctrl Pts',(-4.16333634234434E-16,-41.225,60.));
#10007=CARTESIAN_POINT('',(-41.225,-2.52430321474248E-15,60.));
#10008=CARTESIAN_POINT('',(-40.899023310821,-5.17402331082102,54.5));
#10009=CARTESIAN_POINT('Ctrl Pts',(-41.225,-2.70616862252382E-15,60.));
#10010=CARTESIAN_POINT('Ctrl Pts',(-41.225,-0.675715749505492,60.));
#10011=CARTESIAN_POINT('Ctrl Pts',(-41.2066703205224,-1.39032945388292,
59.8501027437028));
#10012=CARTESIAN_POINT('Ctrl Pts',(-41.1423983399402,-2.68807596421912,
59.2571375775261));
#10013=CARTESIAN_POINT('Ctrl Pts',(-41.0975079449402,-3.27144596422538,
58.8144753263665));
#10014=CARTESIAN_POINT('Ctrl Pts',(-41.0158992754105,-4.17106004162225,
57.8221108005983));
#10015=CARTESIAN_POINT('Ctrl Pts',(-40.9737472515883,-4.55152585397381,
57.208471957639));
#10016=CARTESIAN_POINT('Ctrl Pts',(-40.9149349129352,-5.05296441660799,
55.8805196019316));
#10017=CARTESIAN_POINT('Ctrl Pts',(-40.899023310821,-5.17402331082102,55.1662055653249));
#10018=CARTESIAN_POINT('Ctrl Pts',(-40.899023310821,-5.17402331082102,54.5));
#10019=CARTESIAN_POINT('',(-41.225,-2.52430321474248E-15,49.));
#10020=CARTESIAN_POINT('Ctrl Pts',(-40.899023310821,-5.17402331082102,54.5));
#10021=CARTESIAN_POINT('Ctrl Pts',(-40.899023310821,-5.17402331082102,53.8337944346751));
#10022=CARTESIAN_POINT('Ctrl Pts',(-40.9149349129352,-5.05296441660798,
53.1194803980684));
#10023=CARTESIAN_POINT('Ctrl Pts',(-40.9737472515883,-4.5515258539738,51.791528042361));
#10024=CARTESIAN_POINT('Ctrl Pts',(-41.0158992754105,-4.17106004162225,
51.1778891994016));
#10025=CARTESIAN_POINT('Ctrl Pts',(-41.0975079449402,-3.27144596422538,
50.1855246736335));
#10026=CARTESIAN_POINT('Ctrl Pts',(-41.1423983399402,-2.68807596421912,
49.7428624224739));
#10027=CARTESIAN_POINT('Ctrl Pts',(-41.2066703205224,-1.39032945388291,
49.1498972562972));
#10028=CARTESIAN_POINT('Ctrl Pts',(-41.225,-0.67571574950549,49.));
#10029=CARTESIAN_POINT('Ctrl Pts',(-41.225,-2.77555756156289E-15,49.));
#10030=CARTESIAN_POINT('Ctrl Pts',(-41.225,-4.30211422042248E-15,49.));
#10031=CARTESIAN_POINT('Ctrl Pts',(-41.225,0.675715749505486,49.));
#10032=CARTESIAN_POINT('Ctrl Pts',(-41.2066703205224,1.39032945388291,49.1498972562972));
#10033=CARTESIAN_POINT('Ctrl Pts',(-41.1423983399402,2.68807596421913,49.7428624224739));
#10034=CARTESIAN_POINT('Ctrl Pts',(-41.0975079449402,3.27144596422538,50.1855246736335));
#10035=CARTESIAN_POINT('Ctrl Pts',(-41.0158992754105,4.17106004162225,51.1778891994016));
#10036=CARTESIAN_POINT('Ctrl Pts',(-40.9737472515883,4.5515258539738,51.791528042361));
#10037=CARTESIAN_POINT('Ctrl Pts',(-40.9149349129352,5.05296441660798,53.1194803980684));
#10038=CARTESIAN_POINT('Ctrl Pts',(-40.899023310821,5.17402331082101,53.8337944346751));
#10039=CARTESIAN_POINT('Ctrl Pts',(-40.899023310821,5.17402331082101,54.5));
#10040=CARTESIAN_POINT('Ctrl Pts',(-40.899023310821,5.17402331082101,55.1662055653249));
#10041=CARTESIAN_POINT('Ctrl Pts',(-40.9149349129352,5.05296441660798,55.8805196019316));
#10042=CARTESIAN_POINT('Ctrl Pts',(-40.9737472515883,4.55152585397381,57.208471957639));
#10043=CARTESIAN_POINT('Ctrl Pts',(-41.0158992754105,4.17106004162224,57.8221108005983));
#10044=CARTESIAN_POINT('Ctrl Pts',(-41.0975079449402,3.27144596422537,58.8144753263665));
#10045=CARTESIAN_POINT('Ctrl Pts',(-41.1423983399402,2.68807596421912,59.2571375775261));
#10046=CARTESIAN_POINT('Ctrl Pts',(-41.2066703205225,1.39032945388292,59.8501027437028));
#10047=CARTESIAN_POINT('Ctrl Pts',(-41.225,0.675715749505485,60.));
#10048=CARTESIAN_POINT('Ctrl Pts',(-41.225,-3.60822483003176E-15,60.));
#10049=CARTESIAN_POINT('',(-5.04860642948497E-15,41.225,60.));
#10050=CARTESIAN_POINT('',(-5.17402331082102,40.899023310821,54.5));
#10051=CARTESIAN_POINT('Ctrl Pts',(-3.60822483003176E-15,41.225,60.));
#10052=CARTESIAN_POINT('Ctrl Pts',(-0.675715749505493,41.225,60.));
#10053=CARTESIAN_POINT('Ctrl Pts',(-1.39032945388292,41.2066703205225,59.8501027437028));
#10054=CARTESIAN_POINT('Ctrl Pts',(-2.68807596421913,41.1423983399402,59.2571375775261));
#10055=CARTESIAN_POINT('Ctrl Pts',(-3.27144596422539,41.0975079449402,58.8144753263665));
#10056=CARTESIAN_POINT('Ctrl Pts',(-4.17106004162225,41.0158992754105,57.8221108005983));
#10057=CARTESIAN_POINT('Ctrl Pts',(-4.55152585397381,40.9737472515883,57.208471957639));
#10058=CARTESIAN_POINT('Ctrl Pts',(-5.05296441660799,40.9149349129352,55.8805196019316));
#10059=CARTESIAN_POINT('Ctrl Pts',(-5.17402331082102,40.899023310821,55.1662055653249));
#10060=CARTESIAN_POINT('Ctrl Pts',(-5.17402331082102,40.899023310821,54.5));
#10061=CARTESIAN_POINT('',(-5.04860642948497E-15,41.225,49.));
#10062=CARTESIAN_POINT('Ctrl Pts',(-5.17402331082102,40.899023310821,54.5));
#10063=CARTESIAN_POINT('Ctrl Pts',(-5.17402331082102,40.899023310821,53.8337944346751));
#10064=CARTESIAN_POINT('Ctrl Pts',(-5.05296441660799,40.9149349129352,53.1194803980684));
#10065=CARTESIAN_POINT('Ctrl Pts',(-4.55152585397381,40.9737472515883,51.791528042361));
#10066=CARTESIAN_POINT('Ctrl Pts',(-4.17106004162225,41.0158992754105,51.1778891994016));
#10067=CARTESIAN_POINT('Ctrl Pts',(-3.27144596422539,41.0975079449402,50.1855246736335));
#10068=CARTESIAN_POINT('Ctrl Pts',(-2.68807596421913,41.1423983399402,49.7428624224739));
#10069=CARTESIAN_POINT('Ctrl Pts',(-1.39032945388292,41.2066703205224,49.1498972562972));
#10070=CARTESIAN_POINT('Ctrl Pts',(-0.675715749505494,41.225,49.));
#10071=CARTESIAN_POINT('Ctrl Pts',(-5.55111512312578E-15,41.225,49.));
#10072=CARTESIAN_POINT('Ctrl Pts',(-6.93889390390723E-15,41.225,49.));
#10073=CARTESIAN_POINT('Ctrl Pts',(0.675715749505482,41.225,49.));
#10074=CARTESIAN_POINT('Ctrl Pts',(1.39032945388291,41.2066703205224,49.1498972562972));
#10075=CARTESIAN_POINT('Ctrl Pts',(2.68807596421912,41.1423983399402,49.7428624224739));
#10076=CARTESIAN_POINT('Ctrl Pts',(3.27144596422537,41.0975079449402,50.1855246736335));
#10077=CARTESIAN_POINT('Ctrl Pts',(4.17106004162224,41.0158992754105,51.1778891994016));
#10078=CARTESIAN_POINT('Ctrl Pts',(4.55152585397379,40.9737472515883,51.791528042361));
#10079=CARTESIAN_POINT('Ctrl Pts',(5.05296441660798,40.9149349129352,53.1194803980684));
#10080=CARTESIAN_POINT('Ctrl Pts',(5.17402331082101,40.899023310821,53.8337944346751));
#10081=CARTESIAN_POINT('Ctrl Pts',(5.17402331082101,40.899023310821,54.5));
#10082=CARTESIAN_POINT('Ctrl Pts',(5.17402331082101,40.899023310821,55.1662055653249));
#10083=CARTESIAN_POINT('Ctrl Pts',(5.05296441660798,40.9149349129352,55.8805196019316));
#10084=CARTESIAN_POINT('Ctrl Pts',(4.55152585397379,40.9737472515883,57.208471957639));
#10085=CARTESIAN_POINT('Ctrl Pts',(4.17106004162224,41.0158992754105,57.8221108005984));
#10086=CARTESIAN_POINT('Ctrl Pts',(3.27144596422538,41.0975079449402,58.8144753263666));
#10087=CARTESIAN_POINT('Ctrl Pts',(2.68807596421912,41.1423983399402,59.2571375775261));
#10088=CARTESIAN_POINT('Ctrl Pts',(1.39032945388291,41.2066703205225,59.8501027437028));
#10089=CARTESIAN_POINT('Ctrl Pts',(0.675715749505484,41.225,60.));
#10090=CARTESIAN_POINT('Ctrl Pts',(-3.88578058618805E-15,41.225,60.));
#10091=CARTESIAN_POINT('Origin',(0.,0.,61.8));
#10092=CARTESIAN_POINT('',(-32.5,3.9801020972289E-15,61.6));
#10093=CARTESIAN_POINT('',(-32.7,-4.00459503321185E-15,61.8));
#10094=CARTESIAN_POINT('',(32.5,-3.9801020972289E-15,61.6));
#10095=CARTESIAN_POINT('Origin',(0.,0.,61.6));
#10096=CARTESIAN_POINT('Origin',(0.,0.,61.6));
#10097=CARTESIAN_POINT('Origin',(0.,0.,50.2));
#10098=CARTESIAN_POINT('',(-32.5,0.,38.4));
#10099=CARTESIAN_POINT('',(32.5,-3.9801020972289E-15,38.4));
#10100=CARTESIAN_POINT('Origin',(0.,0.,38.4));
#10101=CARTESIAN_POINT('',(32.5,1.06306226910473E-15,49.5));
#10102=CARTESIAN_POINT('',(32.5,-3.9801020972289E-15,50.2));
#10103=CARTESIAN_POINT('',(32.1130814466628,5.00000000000001,54.5));
#10104=CARTESIAN_POINT('Ctrl Pts',(32.5,6.10622663543836E-15,49.5));
#10105=CARTESIAN_POINT('Ctrl Pts',(32.5,0.62887921033825,49.5));
#10106=CARTESIAN_POINT('Ctrl Pts',(32.4798881783095,1.29899901054881,49.6258858829446));
#10107=CARTESIAN_POINT('Ctrl Pts',(32.4071993644578,2.53060543602945,50.1364667010329));
#10108=CARTESIAN_POINT('Ctrl Pts',(32.3556390427386,3.0921745936132,50.5211067817477));
#10109=CARTESIAN_POINT('Ctrl Pts',(32.2585999366621,3.97890178222758,51.4078339703621));
#10110=CARTESIAN_POINT('Ctrl Pts',(32.2067706558746,4.3635351450231,51.969399436939));
#10111=CARTESIAN_POINT('Ctrl Pts',(32.1334647514451,4.87411107740208,53.2009932373271));
#10112=CARTESIAN_POINT('Ctrl Pts',(32.1130814466628,5.00000000000001,53.8711086421645));
#10113=CARTESIAN_POINT('Ctrl Pts',(32.1130814466628,5.00000000000001,54.5));
#10114=CARTESIAN_POINT('',(32.5,5.07950756792153E-16,59.5));
#10115=CARTESIAN_POINT('Ctrl Pts',(32.1130814466628,5.00000000000001,54.5));
#10116=CARTESIAN_POINT('Ctrl Pts',(32.1130814466628,5.00000000000001,55.1288913578355));
#10117=CARTESIAN_POINT('Ctrl Pts',(32.1334647514451,4.87411107740208,55.7990067626729));
#10118=CARTESIAN_POINT('Ctrl Pts',(32.2067706558746,4.3635351450231,57.030600563061));
#10119=CARTESIAN_POINT('Ctrl Pts',(32.2585999366621,3.97890178222758,57.5921660296379));
#10120=CARTESIAN_POINT('Ctrl Pts',(32.3556390427386,3.0921745936132,58.4788932182523));
#10121=CARTESIAN_POINT('Ctrl Pts',(32.4071993644578,2.53060543602945,58.8635332989671));
#10122=CARTESIAN_POINT('Ctrl Pts',(32.4798881783095,1.29899901054881,59.3741141170554));
#10123=CARTESIAN_POINT('Ctrl Pts',(32.5,0.62887921033825,59.5));
#10124=CARTESIAN_POINT('Ctrl Pts',(32.5,5.89805981832114E-15,59.5));
#10125=CARTESIAN_POINT('',(32.5,-3.9801020972289E-15,50.2));
#10126=CARTESIAN_POINT('Ctrl Pts',(32.5,5.27355936696949E-15,59.5));
#10127=CARTESIAN_POINT('Ctrl Pts',(32.5,-0.628879210338239,59.5));
#10128=CARTESIAN_POINT('Ctrl Pts',(32.4798881783095,-1.2989990105488,59.3741141170554));
#10129=CARTESIAN_POINT('Ctrl Pts',(32.4071993644578,-2.53060543602944,58.8635332989671));
#10130=CARTESIAN_POINT('Ctrl Pts',(32.3556390427386,-3.09217459361319,58.4788932182523));
#10131=CARTESIAN_POINT('Ctrl Pts',(32.2585999366621,-3.97890178222756,57.5921660296379));
#10132=CARTESIAN_POINT('Ctrl Pts',(32.2067706558746,-4.3635351450231,57.030600563061));
#10133=CARTESIAN_POINT('Ctrl Pts',(32.1334647514451,-4.87411107740206,55.7990067626729));
#10134=CARTESIAN_POINT('Ctrl Pts',(32.1130814466628,-4.99999999999999,55.1288913578355));
#10135=CARTESIAN_POINT('Ctrl Pts',(32.1130814466628,-4.99999999999999,53.8711086421645));
#10136=CARTESIAN_POINT('Ctrl Pts',(32.1334647514451,-4.87411107740206,53.2009932373271));
#10137=CARTESIAN_POINT('Ctrl Pts',(32.2067706558746,-4.36353514502309,51.969399436939));
#10138=CARTESIAN_POINT('Ctrl Pts',(32.2585999366621,-3.97890178222756,51.4078339703621));
#10139=CARTESIAN_POINT('Ctrl Pts',(32.3556390427386,-3.09217459361319,50.5211067817477));
#10140=CARTESIAN_POINT('Ctrl Pts',(32.4071993644578,-2.53060543602944,50.1364667010329));
#10141=CARTESIAN_POINT('Ctrl Pts',(32.4798881783095,-1.2989990105488,49.6258858829446));
#10142=CARTESIAN_POINT('Ctrl Pts',(32.5,-0.62887921033824,49.5));
#10143=CARTESIAN_POINT('Ctrl Pts',(32.5,5.68989300120393E-15,49.5));
#10144=CARTESIAN_POINT('Origin',(0.,0.,38.4));
#10145=CARTESIAN_POINT('',(5.,-32.1130814466628,54.5));
#10146=CARTESIAN_POINT('Ctrl Pts',(5.,-32.1130814466628,54.5));
#10147=CARTESIAN_POINT('Ctrl Pts',(5.,-32.1130814466628,55.1288913578355));
#10148=CARTESIAN_POINT('Ctrl Pts',(4.87411107740207,-32.1334647514451,55.7990067626729));
#10149=CARTESIAN_POINT('Ctrl Pts',(4.3635351450231,-32.2067706558746,57.030600563061));
#10150=CARTESIAN_POINT('Ctrl Pts',(3.97890178222757,-32.2585999366621,57.5921660296379));
#10151=CARTESIAN_POINT('Ctrl Pts',(3.09217459361319,-32.3556390427386,58.4788932182523));
#10152=CARTESIAN_POINT('Ctrl Pts',(2.53060543602944,-32.4071993644578,58.8635332989671));
#10153=CARTESIAN_POINT('Ctrl Pts',(1.2989990105488,-32.4798881783095,59.3741141170554));
#10154=CARTESIAN_POINT('Ctrl Pts',(0.628879210338244,-32.5,59.5));
#10155=CARTESIAN_POINT('Ctrl Pts',(-0.628879210338244,-32.5,59.5));
#10156=CARTESIAN_POINT('Ctrl Pts',(-1.2989990105488,-32.4798881783095,59.3741141170554));
#10157=CARTESIAN_POINT('Ctrl Pts',(-2.53060543602944,-32.4071993644578,
58.8635332989671));
#10158=CARTESIAN_POINT('Ctrl Pts',(-3.09217459361319,-32.3556390427386,
58.4788932182523));
#10159=CARTESIAN_POINT('Ctrl Pts',(-3.97890178222757,-32.2585999366621,
57.5921660296379));
#10160=CARTESIAN_POINT('Ctrl Pts',(-4.3635351450231,-32.2067706558746,57.030600563061));
#10161=CARTESIAN_POINT('Ctrl Pts',(-4.87411107740207,-32.1334647514451,
55.7990067626729));
#10162=CARTESIAN_POINT('Ctrl Pts',(-5.,-32.1130814466628,55.1288913578355));
#10163=CARTESIAN_POINT('Ctrl Pts',(-5.,-32.1130814466628,53.8711086421645));
#10164=CARTESIAN_POINT('Ctrl Pts',(-4.87411107740207,-32.1334647514451,
53.2009932373271));
#10165=CARTESIAN_POINT('Ctrl Pts',(-4.3635351450231,-32.2067706558746,51.969399436939));
#10166=CARTESIAN_POINT('Ctrl Pts',(-3.97890178222757,-32.2585999366621,
51.4078339703621));
#10167=CARTESIAN_POINT('Ctrl Pts',(-3.09217459361319,-32.3556390427386,
50.5211067817477));
#10168=CARTESIAN_POINT('Ctrl Pts',(-2.53060543602945,-32.4071993644578,
50.1364667010329));
#10169=CARTESIAN_POINT('Ctrl Pts',(-1.2989990105488,-32.4798881783095,49.6258858829446));
#10170=CARTESIAN_POINT('Ctrl Pts',(-0.628879210338246,-32.5,49.5));
#10171=CARTESIAN_POINT('Ctrl Pts',(0.628879210338244,-32.5,49.5));
#10172=CARTESIAN_POINT('Ctrl Pts',(1.2989990105488,-32.4798881783095,49.6258858829446));
#10173=CARTESIAN_POINT('Ctrl Pts',(2.53060543602944,-32.4071993644578,50.1364667010329));
#10174=CARTESIAN_POINT('Ctrl Pts',(3.09217459361319,-32.3556390427386,50.5211067817477));
#10175=CARTESIAN_POINT('Ctrl Pts',(3.97890178222757,-32.2585999366621,51.4078339703621));
#10176=CARTESIAN_POINT('Ctrl Pts',(4.3635351450231,-32.2067706558746,51.969399436939));
#10177=CARTESIAN_POINT('Ctrl Pts',(4.87411107740207,-32.1334647514451,53.2009932373271));
#10178=CARTESIAN_POINT('Ctrl Pts',(5.,-32.1130814466628,53.8711086421645));
#10179=CARTESIAN_POINT('Ctrl Pts',(5.,-32.1130814466628,54.5));
#10180=CARTESIAN_POINT('',(-32.1130814466628,-5.,54.5));
#10181=CARTESIAN_POINT('Ctrl Pts',(-32.1130814466628,-5.,54.5));
#10182=CARTESIAN_POINT('Ctrl Pts',(-32.1130814466628,-5.,55.1288913578355));
#10183=CARTESIAN_POINT('Ctrl Pts',(-32.1334647514451,-4.87411107740207,
55.7990067626729));
#10184=CARTESIAN_POINT('Ctrl Pts',(-32.2067706558746,-4.3635351450231,57.030600563061));
#10185=CARTESIAN_POINT('Ctrl Pts',(-32.2585999366621,-3.97890178222757,
57.5921660296379));
#10186=CARTESIAN_POINT('Ctrl Pts',(-32.3556390427386,-3.0921745936132,58.4788932182523));
#10187=CARTESIAN_POINT('Ctrl Pts',(-32.4071993644578,-2.53060543602945,
58.8635332989671));
#10188=CARTESIAN_POINT('Ctrl Pts',(-32.4798881783095,-1.2989990105488,59.3741141170554));
#10189=CARTESIAN_POINT('Ctrl Pts',(-32.5,-0.628879210338246,59.5));
#10190=CARTESIAN_POINT('Ctrl Pts',(-32.5,0.628879210338242,59.5));
#10191=CARTESIAN_POINT('Ctrl Pts',(-32.4798881783095,1.2989990105488,59.3741141170554));
#10192=CARTESIAN_POINT('Ctrl Pts',(-32.4071993644578,2.53060543602944,58.8635332989671));
#10193=CARTESIAN_POINT('Ctrl Pts',(-32.3556390427386,3.09217459361319,58.4788932182523));
#10194=CARTESIAN_POINT('Ctrl Pts',(-32.2585999366621,3.97890178222757,57.5921660296379));
#10195=CARTESIAN_POINT('Ctrl Pts',(-32.2067706558746,4.3635351450231,57.030600563061));
#10196=CARTESIAN_POINT('Ctrl Pts',(-32.1334647514451,4.87411107740207,55.7990067626729));
#10197=CARTESIAN_POINT('Ctrl Pts',(-32.1130814466628,5.,55.1288913578355));
#10198=CARTESIAN_POINT('Ctrl Pts',(-32.1130814466628,5.,53.8711086421645));
#10199=CARTESIAN_POINT('Ctrl Pts',(-32.1334647514451,4.87411107740207,53.2009932373271));
#10200=CARTESIAN_POINT('Ctrl Pts',(-32.2067706558746,4.3635351450231,51.969399436939));
#10201=CARTESIAN_POINT('Ctrl Pts',(-32.2585999366621,3.97890178222757,51.4078339703621));
#10202=CARTESIAN_POINT('Ctrl Pts',(-32.3556390427386,3.09217459361319,50.5211067817477));
#10203=CARTESIAN_POINT('Ctrl Pts',(-32.4071993644578,2.53060543602945,50.1364667010329));
#10204=CARTESIAN_POINT('Ctrl Pts',(-32.4798881783095,1.2989990105488,49.6258858829446));
#10205=CARTESIAN_POINT('Ctrl Pts',(-32.5,0.628879210338244,49.5));
#10206=CARTESIAN_POINT('Ctrl Pts',(-32.5,-0.628879210338246,49.5));
#10207=CARTESIAN_POINT('Ctrl Pts',(-32.4798881783095,-1.2989990105488,49.6258858829446));
#10208=CARTESIAN_POINT('Ctrl Pts',(-32.4071993644578,-2.53060543602945,
50.1364667010329));
#10209=CARTESIAN_POINT('Ctrl Pts',(-32.3556390427386,-3.0921745936132,50.5211067817477));
#10210=CARTESIAN_POINT('Ctrl Pts',(-32.2585999366621,-3.97890178222757,
51.4078339703621));
#10211=CARTESIAN_POINT('Ctrl Pts',(-32.2067706558746,-4.36353514502311,
51.969399436939));
#10212=CARTESIAN_POINT('Ctrl Pts',(-32.1334647514451,-4.87411107740207,
53.2009932373271));
#10213=CARTESIAN_POINT('Ctrl Pts',(-32.1130814466628,-5.,53.8711086421645));
#10214=CARTESIAN_POINT('Ctrl Pts',(-32.1130814466628,-5.,54.5));
#10215=CARTESIAN_POINT('',(-5.,32.1130814466628,54.5));
#10216=CARTESIAN_POINT('Ctrl Pts',(-5.,32.1130814466628,54.5));
#10217=CARTESIAN_POINT('Ctrl Pts',(-5.,32.1130814466628,55.1288913578355));
#10218=CARTESIAN_POINT('Ctrl Pts',(-4.87411107740208,32.1334647514451,55.7990067626729));
#10219=CARTESIAN_POINT('Ctrl Pts',(-4.3635351450231,32.2067706558746,57.030600563061));
#10220=CARTESIAN_POINT('Ctrl Pts',(-3.97890178222757,32.2585999366621,57.5921660296379));
#10221=CARTESIAN_POINT('Ctrl Pts',(-3.0921745936132,32.3556390427386,58.4788932182523));
#10222=CARTESIAN_POINT('Ctrl Pts',(-2.53060543602945,32.4071993644578,58.8635332989671));
#10223=CARTESIAN_POINT('Ctrl Pts',(-1.2989990105488,32.4798881783095,59.3741141170554));
#10224=CARTESIAN_POINT('Ctrl Pts',(-0.628879210338248,32.5,59.5));
#10225=CARTESIAN_POINT('Ctrl Pts',(0.628879210338241,32.5,59.5));
#10226=CARTESIAN_POINT('Ctrl Pts',(1.2989990105488,32.4798881783095,59.3741141170554));
#10227=CARTESIAN_POINT('Ctrl Pts',(2.53060543602944,32.4071993644578,58.8635332989671));
#10228=CARTESIAN_POINT('Ctrl Pts',(3.09217459361319,32.3556390427386,58.4788932182523));
#10229=CARTESIAN_POINT('Ctrl Pts',(3.97890178222757,32.2585999366621,57.5921660296379));
#10230=CARTESIAN_POINT('Ctrl Pts',(4.3635351450231,32.2067706558746,57.030600563061));
#10231=CARTESIAN_POINT('Ctrl Pts',(4.87411107740207,32.1334647514451,55.7990067626729));
#10232=CARTESIAN_POINT('Ctrl Pts',(5.,32.1130814466628,55.1288913578355));
#10233=CARTESIAN_POINT('Ctrl Pts',(5.,32.1130814466628,53.8711086421645));
#10234=CARTESIAN_POINT('Ctrl Pts',(4.87411107740207,32.1334647514451,53.2009932373271));
#10235=CARTESIAN_POINT('Ctrl Pts',(4.36353514502309,32.2067706558746,51.969399436939));
#10236=CARTESIAN_POINT('Ctrl Pts',(3.97890178222757,32.2585999366621,51.4078339703621));
#10237=CARTESIAN_POINT('Ctrl Pts',(3.09217459361319,32.3556390427386,50.5211067817477));
#10238=CARTESIAN_POINT('Ctrl Pts',(2.53060543602944,32.4071993644578,50.1364667010329));
#10239=CARTESIAN_POINT('Ctrl Pts',(1.2989990105488,32.4798881783095,49.6258858829446));
#10240=CARTESIAN_POINT('Ctrl Pts',(0.628879210338242,32.5,49.5));
#10241=CARTESIAN_POINT('Ctrl Pts',(-0.628879210338248,32.5,49.5));
#10242=CARTESIAN_POINT('Ctrl Pts',(-1.2989990105488,32.4798881783095,49.6258858829446));
#10243=CARTESIAN_POINT('Ctrl Pts',(-2.53060543602945,32.4071993644578,50.1364667010329));
#10244=CARTESIAN_POINT('Ctrl Pts',(-3.0921745936132,32.3556390427386,50.5211067817477));
#10245=CARTESIAN_POINT('Ctrl Pts',(-3.97890178222757,32.2585999366621,51.4078339703621));
#10246=CARTESIAN_POINT('Ctrl Pts',(-4.3635351450231,32.2067706558746,51.969399436939));
#10247=CARTESIAN_POINT('Ctrl Pts',(-4.87411107740208,32.1334647514451,53.2009932373271));
#10248=CARTESIAN_POINT('Ctrl Pts',(-5.,32.1130814466628,53.8711086421645));
#10249=CARTESIAN_POINT('Ctrl Pts',(-5.,32.1130814466628,54.5));
#10250=CARTESIAN_POINT('Origin',(40.975,7.52698538925942E-15,54.5));
#10251=CARTESIAN_POINT('',(40.725,5.00000000000001,54.5));
#10252=CARTESIAN_POINT('',(40.975,5.25000000000001,54.5));
#10253=CARTESIAN_POINT('',(40.725,-4.99999999999999,54.5));
#10254=CARTESIAN_POINT('Origin',(40.725,7.48106113429139E-15,54.5));
#10255=CARTESIAN_POINT('Origin',(40.725,7.48106113429139E-15,54.5));
#10256=CARTESIAN_POINT('Origin',(31.225,5.73593944550642E-15,54.5));
#10257=CARTESIAN_POINT('',(31.225,5.00000000000001,54.5));
#10258=CARTESIAN_POINT('Origin',(-5.01799025950628E-15,40.975,54.5));
#10259=CARTESIAN_POINT('',(-5.00000000000001,40.725,54.5));
#10260=CARTESIAN_POINT('',(-5.25000000000001,40.975,54.5));
#10261=CARTESIAN_POINT('',(5.,40.725,54.5));
#10262=CARTESIAN_POINT('Origin',(-4.9873740895276E-15,40.725,54.5));
#10263=CARTESIAN_POINT('Origin',(-4.9873740895276E-15,40.725,54.5));
#10264=CARTESIAN_POINT('Origin',(-3.82395963033761E-15,31.225,54.5));
#10265=CARTESIAN_POINT('',(-5.,31.225,54.5));
#10266=CARTESIAN_POINT('Origin',(-40.975,-2.50899512975314E-15,54.5));
#10267=CARTESIAN_POINT('',(-40.725,-5.,54.5));
#10268=CARTESIAN_POINT('',(-40.975,-5.25,54.5));
#10269=CARTESIAN_POINT('',(-40.725,5.,54.5));
#10270=CARTESIAN_POINT('Origin',(-40.725,-2.4936870447638E-15,54.5));
#10271=CARTESIAN_POINT('Origin',(-40.725,-2.4936870447638E-15,54.5));
#10272=CARTESIAN_POINT('Origin',(-31.225,-1.91197981516881E-15,54.5));
#10273=CARTESIAN_POINT('',(-31.225,-5.,54.5));
#10274=CARTESIAN_POINT('Origin',(0.,-40.975,54.5));
#10275=CARTESIAN_POINT('',(5.,-40.725,54.5));
#10276=CARTESIAN_POINT('',(5.25,-40.975,54.5));
#10277=CARTESIAN_POINT('',(-5.,-40.725,54.5));
#10278=CARTESIAN_POINT('Origin',(0.,-40.725,54.5));
#10279=CARTESIAN_POINT('Origin',(0.,-40.725,54.5));
#10280=CARTESIAN_POINT('Origin',(0.,-31.225,54.5));
#10281=CARTESIAN_POINT('',(5.,-31.225,54.5));
#10282=CARTESIAN_POINT('Origin',(0.,0.,-5.01919145159544));
#10283=CARTESIAN_POINT('',(-29.9,-3.66169392945059E-15,-5.5));
#10284=CARTESIAN_POINT('Origin',(0.,0.,-5.5));
#10285=CARTESIAN_POINT('',(-30.25,3.70455656742074E-15,-4.53838290319088));
#10286=CARTESIAN_POINT('',(-30.075,3.68312524843567E-15,-5.01919145159544));
#10287=CARTESIAN_POINT('',(30.25,-3.70455656742074E-15,-4.53838290319088));
#10288=CARTESIAN_POINT('Origin',(0.,0.,-4.53838290319088));
#10289=CARTESIAN_POINT('Origin',(0.,0.,-4.53838290319088));
#10290=CARTESIAN_POINT('Origin',(0.,0.,-2.95));
#10291=CARTESIAN_POINT('',(30.25,-3.70455656742074E-15,-0.4));
#10292=CARTESIAN_POINT('',(30.25,-3.70455656742074E-15,-2.95));
#10293=CARTESIAN_POINT('',(-30.25,0.,-0.4));
#10294=CARTESIAN_POINT('Origin',(0.,0.,-0.4));
#10295=CARTESIAN_POINT('Origin',(0.,0.,-0.4));
#10296=CARTESIAN_POINT('Origin',(-28.,0.,-5.5));
#10297=CARTESIAN_POINT('',(-28.,0.,-5.5));
#10298=CARTESIAN_POINT('',(28.,-3.42901103761259E-15,-5.5));
#10299=CARTESIAN_POINT('Origin',(0.,0.,-5.5));
#10300=CARTESIAN_POINT('Origin',(0.,0.,-5.5));
#10301=CARTESIAN_POINT('Origin',(0.,0.,0.480808548404561));
#10302=CARTESIAN_POINT('',(-40.875,-5.00574379151481E-15,1.38777878078145E-16));
#10303=CARTESIAN_POINT('Origin',(0.,0.,1.38777878078145E-16));
#10304=CARTESIAN_POINT('',(-41.225,5.04860642948496E-15,0.961617096809122));
#10305=CARTESIAN_POINT('',(-41.05,5.02717511049989E-15,0.480808548404561));
#10306=CARTESIAN_POINT('',(41.225,-5.04860642948496E-15,0.96161709680912));
#10307=CARTESIAN_POINT('Origin',(0.,0.,0.961617096809122));
#10308=CARTESIAN_POINT('Origin',(0.,0.,0.961617096809122));
#10309=CARTESIAN_POINT('Origin',(0.,0.,18.55));
#10310=CARTESIAN_POINT('',(41.225,-5.04860642948496E-15,37.1));
#10311=CARTESIAN_POINT('',(41.225,-5.04860642948496E-15,18.55));
#10312=CARTESIAN_POINT('',(-41.225,0.,37.1));
#10313=CARTESIAN_POINT('Origin',(0.,0.,37.1));
#10314=CARTESIAN_POINT('Origin',(0.,0.,37.1));
#10315=CARTESIAN_POINT('',(19.3976758166529,-36.3762394690826,20.));
#10316=CARTESIAN_POINT('',(29.2990290312991,-29.0011641632382,20.));
#10317=CARTESIAN_POINT('Ctrl Pts',(19.3976758166529,-36.3762394690826,20.));
#10318=CARTESIAN_POINT('Ctrl Pts',(19.4408758207277,-36.3532030121384,20.452581985554));
#10319=CARTESIAN_POINT('Ctrl Pts',(19.5629958661581,-36.2880956640064,20.8980923845308));
#10320=CARTESIAN_POINT('Ctrl Pts',(19.9585456444352,-36.0724961564543,21.8817438239858));
#10321=CARTESIAN_POINT('Ctrl Pts',(20.3020208033455,-35.8828671498885,22.4698135885548));
#10322=CARTESIAN_POINT('Ctrl Pts',(21.2046681245802,-35.3575636000301,23.5450293655543));
#10323=CARTESIAN_POINT('Ctrl Pts',(21.7472771920508,-35.0295364695926,23.9821434147838));
#10324=CARTESIAN_POINT('Ctrl Pts',(22.9302454680859,-34.2663653088615,24.6011353808018));
#10325=CARTESIAN_POINT('Ctrl Pts',(23.5845152754528,-33.8231517546445,24.8008164577705));
#10326=CARTESIAN_POINT('Ctrl Pts',(25.0155107975567,-32.7804756365048,24.9068588073615));
#10327=CARTESIAN_POINT('Ctrl Pts',(25.748524748142,-32.2068073115632,24.7891453423265));
#10328=CARTESIAN_POINT('Ctrl Pts',(27.2393796945518,-30.9621878495174,24.1820790004877));
#10329=CARTESIAN_POINT('Ctrl Pts',(27.8229986814169,-30.4245795427196,23.6754049155499));
#10330=CARTESIAN_POINT('Ctrl Pts',(28.5276440450336,-29.7635752992417,22.8763082446885));
#10331=CARTESIAN_POINT('Ctrl Pts',(28.81187723657,-29.4864434436866,22.4404485147071));
#10332=CARTESIAN_POINT('Ctrl Pts',(29.133931190581,-29.1675763219913,21.5987533979538));
#10333=CARTESIAN_POINT('Ctrl Pts',(29.2062459007825,-29.0946626122331,21.2745225025725));
#10334=CARTESIAN_POINT('Ctrl Pts',(29.2973204589853,-29.0029734747749,20.6685129411097));
#10335=CARTESIAN_POINT('Ctrl Pts',(29.3147854647313,-28.9852458987864,20.3326448350029));
#10336=CARTESIAN_POINT('Ctrl Pts',(29.2990290312991,-29.0011641632382,20.));
#10337=CARTESIAN_POINT('',(29.2990290312991,-29.0011641632382,12.));
#10338=CARTESIAN_POINT('',(29.2990290312991,-29.0011641632382,18.55));
#10339=CARTESIAN_POINT('',(19.3976758166529,-36.3762394690826,12.));
#10340=CARTESIAN_POINT('Ctrl Pts',(29.2990290312991,-29.0011641632382,12.));
#10341=CARTESIAN_POINT('Ctrl Pts',(29.3208470956511,-28.9791220101281,11.5393839317965));
#10342=CARTESIAN_POINT('Ctrl Pts',(29.2789719232946,-29.0217673737903,11.0717577684841));
#10343=CARTESIAN_POINT('Ctrl Pts',(29.0838904380907,-29.2172136355723,10.2282677974895));
#10344=CARTESIAN_POINT('Ctrl Pts',(28.9331769871994,-29.368252089392,9.8206028700439));
#10345=CARTESIAN_POINT('Ctrl Pts',(28.3720303488188,-29.9117815272586,8.89299642327462));
#10346=CARTESIAN_POINT('Ctrl Pts',(27.9936981882823,-30.2655143176595,8.51269141198917));
#10347=CARTESIAN_POINT('Ctrl Pts',(27.1567584198613,-31.0252692880452,7.79854664793681));
#10348=CARTESIAN_POINT('Ctrl Pts',(26.5212900152822,-31.5731969474547,7.47126049915244));
#10349=CARTESIAN_POINT('Ctrl Pts',(25.2084058814565,-32.6299395349226,7.12373708246008));
#10350=CARTESIAN_POINT('Ctrl Pts',(24.4188687159759,-33.2314181566104,7.05905929234448));
#10351=CARTESIAN_POINT('Ctrl Pts',(22.8816874295189,-34.3016378728579,7.41116432858337));
#10352=CARTESIAN_POINT('Ctrl Pts',(22.2147106984847,-34.7347283063599,7.71325305683219));
#10353=CARTESIAN_POINT('Ctrl Pts',(21.0647149752795,-35.4428811641679,8.58996451445516));
#10354=CARTESIAN_POINT('Ctrl Pts',(20.5861037217724,-35.7198981714939,9.12933574689103));
#10355=CARTESIAN_POINT('Ctrl Pts',(19.9921691523873,-36.0537039033048,10.0974110633688));
#10356=CARTESIAN_POINT('Ctrl Pts',(19.8100585831818,-36.1536644302222,10.4618848146072));
#10357=CARTESIAN_POINT('Ctrl Pts',(19.5344892770844,-36.3032819001361,11.2106243576903));
#10358=CARTESIAN_POINT('Ctrl Pts',(19.4356248032343,-36.3560031238743,11.6024299519276));
#10359=CARTESIAN_POINT('Ctrl Pts',(19.3976758166529,-36.3762394690826,12.));
#10360=CARTESIAN_POINT('',(19.3976758166529,-36.3762394690826,18.55));
#10361=CARTESIAN_POINT('',(-19.3976758166529,36.3762394690826,20.));
#10362=CARTESIAN_POINT('',(-29.2990290312991,29.0011641632382,20.));
#10363=CARTESIAN_POINT('Ctrl Pts',(-19.3976758166529,36.3762394690826,20.));
#10364=CARTESIAN_POINT('Ctrl Pts',(-19.4408758207277,36.3532030121384,20.452581985554));
#10365=CARTESIAN_POINT('Ctrl Pts',(-19.5629958661582,36.2880956640064,20.8980923845308));
#10366=CARTESIAN_POINT('Ctrl Pts',(-19.9585456444354,36.0724961564542,21.8817438239863));
#10367=CARTESIAN_POINT('Ctrl Pts',(-20.3020208033459,35.8828671498883,22.4698135885553));
#10368=CARTESIAN_POINT('Ctrl Pts',(-21.2046681245805,35.35756360003,23.5450293655546));
#10369=CARTESIAN_POINT('Ctrl Pts',(-21.7472771920513,35.0295364695924,23.9821434147841));
#10370=CARTESIAN_POINT('Ctrl Pts',(-22.9302454680862,34.2663653088613,24.6011353808019));
#10371=CARTESIAN_POINT('Ctrl Pts',(-23.584515275453,33.8231517546443,24.8008164577706));
#10372=CARTESIAN_POINT('Ctrl Pts',(-25.0155107975568,32.7804756365047,24.9068588073614));
#10373=CARTESIAN_POINT('Ctrl Pts',(-25.748524748142,32.2068073115632,24.7891453423265));
#10374=CARTESIAN_POINT('Ctrl Pts',(-27.239379694551,30.9621878495181,24.182079000488));
#10375=CARTESIAN_POINT('Ctrl Pts',(-27.8229986814164,30.4245795427202,23.6754049155505));
#10376=CARTESIAN_POINT('Ctrl Pts',(-28.5276440450337,29.7635752992417,22.8763082446884));
#10377=CARTESIAN_POINT('Ctrl Pts',(-28.8118772365701,29.4864434436865,22.440448514707));
#10378=CARTESIAN_POINT('Ctrl Pts',(-29.133931190581,29.1675763219913,21.5987533979537));
#10379=CARTESIAN_POINT('Ctrl Pts',(-29.2062459007825,29.0946626122331,21.2745225025725));
#10380=CARTESIAN_POINT('Ctrl Pts',(-29.2973204589854,29.0029734747749,20.6685129411097));
#10381=CARTESIAN_POINT('Ctrl Pts',(-29.3147854647313,28.9852458987864,20.3326448350029));
#10382=CARTESIAN_POINT('Ctrl Pts',(-29.2990290312991,29.0011641632382,20.));
#10383=CARTESIAN_POINT('',(-29.2990290312991,29.0011641632382,12.));
#10384=CARTESIAN_POINT('',(-29.2990290312991,29.0011641632382,18.55));
#10385=CARTESIAN_POINT('',(-19.3976758166529,36.3762394690826,12.));
#10386=CARTESIAN_POINT('Ctrl Pts',(-29.2990290312991,29.0011641632382,12.));
#10387=CARTESIAN_POINT('Ctrl Pts',(-29.3208470956511,28.9791220101281,11.5393839317966));
#10388=CARTESIAN_POINT('Ctrl Pts',(-29.2789719232946,29.0217673737902,11.0717577684841));
#10389=CARTESIAN_POINT('Ctrl Pts',(-29.0838904380909,29.2172136355721,10.2282677974903));
#10390=CARTESIAN_POINT('Ctrl Pts',(-28.9331769871998,29.3682520893917,9.82060287004455));
#10391=CARTESIAN_POINT('Ctrl Pts',(-28.3720303488191,29.9117815272583,8.89299642327516));
#10392=CARTESIAN_POINT('Ctrl Pts',(-27.993698188283,30.2655143176589,8.51269141198971));
#10393=CARTESIAN_POINT('Ctrl Pts',(-27.1567584198613,31.0252692880452,7.7985466479368));
#10394=CARTESIAN_POINT('Ctrl Pts',(-26.5212900152822,31.5731969474547,7.47126049915243));
#10395=CARTESIAN_POINT('Ctrl Pts',(-25.2084058814566,32.6299395349225,7.12373708246008));
#10396=CARTESIAN_POINT('Ctrl Pts',(-24.418868715976,33.2314181566104,7.05905929234445));
#10397=CARTESIAN_POINT('Ctrl Pts',(-22.8816874295188,34.301637872858,7.41116432858339));
#10398=CARTESIAN_POINT('Ctrl Pts',(-22.2147106984847,34.7347283063599,7.7132530568322));
#10399=CARTESIAN_POINT('Ctrl Pts',(-21.0647149752794,35.4428811641679,8.58996451445518));
#10400=CARTESIAN_POINT('Ctrl Pts',(-20.5861037217723,35.7198981714939,9.12933574689121));
#10401=CARTESIAN_POINT('Ctrl Pts',(-19.9921691523873,36.0537039033048,10.0974110633688));
#10402=CARTESIAN_POINT('Ctrl Pts',(-19.8100585831818,36.1536644302222,10.4618848146072));
#10403=CARTESIAN_POINT('Ctrl Pts',(-19.5344892770844,36.3032819001361,11.2106243576904));
#10404=CARTESIAN_POINT('Ctrl Pts',(-19.4356248032342,36.3560031238743,11.6024299519276));
#10405=CARTESIAN_POINT('Ctrl Pts',(-19.3976758166529,36.3762394690826,12.));
#10406=CARTESIAN_POINT('',(-19.3976758166529,36.3762394690826,18.55));
#10407=CARTESIAN_POINT('Origin',(-30.65,0.,1.38777878078145E-16));
#10408=CARTESIAN_POINT('',(-30.65,0.,1.38777878078145E-16));
#10409=CARTESIAN_POINT('',(30.65,-3.75354243938664E-15,0.));
#10410=CARTESIAN_POINT('Origin',(0.,0.,0.));
#10411=CARTESIAN_POINT('Origin',(0.,0.,0.));
#10412=CARTESIAN_POINT('Origin',(-35.7392555726955,9.57630466879328,10.4869975317218));
#10413=CARTESIAN_POINT('',(-35.7392555726955,9.57630466879328,10.9739950634437));
#10414=CARTESIAN_POINT('',(-34.9287555726955,9.57630466879328,10.4869975317218));
#10415=CARTESIAN_POINT('Origin',(26.1629509039023,26.1629509039022,10.4869975317218));
#10416=CARTESIAN_POINT('',(26.1629509039023,26.1629509039022,10.9739950634437));
#10417=CARTESIAN_POINT('',(26.9734509039023,26.1629509039022,10.4869975317218));
#10418=CARTESIAN_POINT('Origin',(9.57630466879326,-35.7392555726955,10.4869975317218));
#10419=CARTESIAN_POINT('',(9.57630466879326,-35.7392555726955,10.9739950634437));
#10420=CARTESIAN_POINT('',(10.3868046687933,-35.7392555726955,10.4869975317218));
#10421=CARTESIAN_POINT('Origin',(35.7392555726955,-9.57630466879328,10.4869975317218));
#10422=CARTESIAN_POINT('',(35.7392555726955,-9.57630466879328,10.9739950634437));
#10423=CARTESIAN_POINT('',(36.5497555726955,-9.57630466879328,10.4869975317218));
#10424=CARTESIAN_POINT('Origin',(-9.57630466879324,35.7392555726955,10.4869975317218));
#10425=CARTESIAN_POINT('',(-9.57630466879324,35.7392555726955,10.9739950634437));
#10426=CARTESIAN_POINT('',(-8.76580466879324,35.7392555726955,10.4869975317218));
#10427=CARTESIAN_POINT('Origin',(-26.1629509039023,-26.1629509039023,10.4869975317218));
#10428=CARTESIAN_POINT('',(-26.1629509039023,-26.1629509039023,10.9739950634437));
#10429=CARTESIAN_POINT('',(-25.3524509039023,-26.1629509039023,10.4869975317218));
#10430=CARTESIAN_POINT('Ctrl Pts',(-22.,31.8688817657602,20.));
#10431=CARTESIAN_POINT('Ctrl Pts',(-22.,31.8688817657602,20.277364060584));
#10432=CARTESIAN_POINT('Ctrl Pts',(-22.0611808699948,31.8269834215297,20.7349851778683));
#10433=CARTESIAN_POINT('Ctrl Pts',(-22.3953404764989,31.5934622921523,21.5797943752492));
#10434=CARTESIAN_POINT('Ctrl Pts',(-22.9926327260871,31.1668767545662,22.3266636016355));
#10435=CARTESIAN_POINT('Ctrl Pts',(-23.9767684134792,30.4192852390841,22.8903230832257));
#10436=CARTESIAN_POINT('Ctrl Pts',(-24.6819499351804,29.8430715334085,23.0001605560126));
#10437=CARTESIAN_POINT('Ctrl Pts',(-25.3107009959576,29.311385848685,22.9989438437773));
#10438=CARTESIAN_POINT('Ctrl Pts',(-26.0079546505303,28.7040397469317,22.9004476756978));
#10439=CARTESIAN_POINT('Ctrl Pts',(-26.853771692436,27.9070008818976,22.4139350015651));
#10440=CARTESIAN_POINT('Ctrl Pts',(-27.3881989368331,27.3788262011912,21.8476240906355));
#10441=CARTESIAN_POINT('Ctrl Pts',(-27.6731918455653,27.0898847611671,21.3930401594074));
#10442=CARTESIAN_POINT('Ctrl Pts',(-27.9244035947325,26.8307538970547,20.7780526516197));
#10443=CARTESIAN_POINT('Ctrl Pts',(-28.,26.7511798805211,20.3261654008145));
#10444=CARTESIAN_POINT('Ctrl Pts',(-28.,26.7511798805211,20.));
#10445=CARTESIAN_POINT('Ctrl Pts',(-21.132558605551,33.3713343335343,20.));
#10446=CARTESIAN_POINT('Ctrl Pts',(-21.1401925629115,33.3766550143665,20.3469593033257));
#10447=CARTESIAN_POINT('Ctrl Pts',(-21.2315427584475,33.3333941271952,20.9093583115484));
#10448=CARTESIAN_POINT('Ctrl Pts',(-21.6693074921056,33.0713545113184,21.9355261728519));
#10449=CARTESIAN_POINT('Ctrl Pts',(-22.4460168847662,32.5758658948428,22.8535181908366));
#10450=CARTESIAN_POINT('Ctrl Pts',(-23.7071352401557,31.7007687907136,23.5423521201537));
#10451=CARTESIAN_POINT('Ctrl Pts',(-24.5977190507145,31.0270390767271,23.6674754089819));
#10452=CARTESIAN_POINT('Ctrl Pts',(-25.3926666964057,30.4005767207032,23.6436006332124));
#10453=CARTESIAN_POINT('Ctrl Pts',(-26.2472397340569,29.7110295306175,23.4919135323333));
#10454=CARTESIAN_POINT('Ctrl Pts',(-27.2480943109102,28.850857470461,22.8778937696907));
#10455=CARTESIAN_POINT('Ctrl Pts',(-27.8719559812231,28.2996347469483,22.1821741346843));
#10456=CARTESIAN_POINT('Ctrl Pts',(-28.1956801781375,28.0083098409035,21.6398675538789));
#10457=CARTESIAN_POINT('Ctrl Pts',(-28.477168314884,27.7572849782616,20.9147915716622));
#10458=CARTESIAN_POINT('Ctrl Pts',(-28.5585239591987,27.6927995283321,20.3855702104272));
#10459=CARTESIAN_POINT('Ctrl Pts',(-28.5536072955366,27.7100558438314,20.));
#10460=CARTESIAN_POINT('Ctrl Pts',(-20.2651172111019,34.8737869013084,20.));
#10461=CARTESIAN_POINT('Ctrl Pts',(-20.2813589565306,34.8837204748535,20.4175847095239));
#10462=CARTESIAN_POINT('Ctrl Pts',(-20.4199851189322,34.8414187620015,21.092320125802));
#10463=CARTESIAN_POINT('Ctrl Pts',(-20.9862353608354,34.5623568348016,22.3199630822761));
#10464=CARTESIAN_POINT('Ctrl Pts',(-21.9530362071717,33.9836666655159,23.4390854490584));
#10465=CARTESIAN_POINT('Ctrl Pts',(-23.4732961997387,32.9698167052583,24.2159942281286));
#10466=CARTESIAN_POINT('Ctrl Pts',(-24.5131298208342,32.2112949537984,24.3351734024294));
#10467=CARTESIAN_POINT('Ctrl Pts',(-25.4743161099465,31.4899860744478,24.2886338039802));
#10468=CARTESIAN_POINT('Ctrl Pts',(-26.4619152407922,30.7212235874152,24.0869041061456));
#10469=CARTESIAN_POINT('Ctrl Pts',(-27.5961852376848,29.7911220745487,23.3828067329618));
#10470=CARTESIAN_POINT('Ctrl Pts',(-28.3487874804857,29.1634172405549,22.5497046536481));
#10471=CARTESIAN_POINT('Ctrl Pts',(-28.7205787826735,28.8666793499646,21.9167151569704));
#10472=CARTESIAN_POINT('Ctrl Pts',(-29.0321520778723,28.6552545934098,21.0649311169375));
#10473=CARTESIAN_POINT('Ctrl Pts',(-29.1174020241973,28.6340324685005,20.4452217870709));
#10474=CARTESIAN_POINT('Ctrl Pts',(-29.1072145910732,28.6689318071416,20.));
#10475=CARTESIAN_POINT('Ctrl Pts',(-19.3976758166529,36.3762394690826,20.));
#10476=CARTESIAN_POINT('Ctrl Pts',(-19.4205776887346,36.3922015115791,20.486149788809));
#10477=CARTESIAN_POINT('Ctrl Pts',(-19.6011775757737,36.3481457604165,21.2720654537327));
#10478=CARTESIAN_POINT('Ctrl Pts',(-20.2825961057776,36.0485908226182,22.690201159428));
#10479=CARTESIAN_POINT('Ctrl Pts',(-21.4362490015443,35.3919535086831,23.9985643860521));
#10480=CARTESIAN_POINT('Ctrl Pts',(-23.2233789032804,34.2445263159716,24.8797511402903));
#10481=CARTESIAN_POINT('Ctrl Pts',(-24.428249400399,33.3956786127746,25.0019513195802));
#10482=CARTESIAN_POINT('Ctrl Pts',(-25.5565684811283,32.579012174865,24.9337693676435));
#10483=CARTESIAN_POINT('Ctrl Pts',(-26.6872776736697,31.7301299175715,24.6799059757315));
#10484=CARTESIAN_POINT('Ctrl Pts',(-27.9646973446574,30.733164766701,23.8693380683511));
#10485=CARTESIAN_POINT('Ctrl Pts',(-28.8284899769816,30.0528077632939,22.9026287663018));
#10486=CARTESIAN_POINT('Ctrl Pts',(-29.2443214974694,29.7518798766629,22.1800137956176));
#10487=CARTESIAN_POINT('Ctrl Pts',(-29.5860042531182,29.5661126738775,21.2093514424492));
#10488=CARTESIAN_POINT('Ctrl Pts',(-29.6755718775961,29.576038823954,20.5043798296525));
#10489=CARTESIAN_POINT('Ctrl Pts',(-29.6608218866099,29.6278077704518,20.));
#10490=CARTESIAN_POINT('',(-22.,31.8688817657601,20.));
#10491=CARTESIAN_POINT('',(-22.,31.8688817657601,20.));
#10492=CARTESIAN_POINT('',(-28.,26.7511798805211,20.));
#10493=CARTESIAN_POINT('Ctrl Pts',(-28.,26.7511798805211,20.));
#10494=CARTESIAN_POINT('Ctrl Pts',(-28.,26.7511798805211,20.3261654008145));
#10495=CARTESIAN_POINT('Ctrl Pts',(-27.9244035947325,26.8307538970547,20.7780526516197));
#10496=CARTESIAN_POINT('Ctrl Pts',(-27.6731918455653,27.0898847611671,21.3930401594074));
#10497=CARTESIAN_POINT('Ctrl Pts',(-27.3881989368331,27.3788262011912,21.8476240906355));
#10498=CARTESIAN_POINT('Ctrl Pts',(-26.853771692436,27.9070008818976,22.4139350015651));
#10499=CARTESIAN_POINT('Ctrl Pts',(-26.0079546505303,28.7040397469317,22.9004476756978));
#10500=CARTESIAN_POINT('Ctrl Pts',(-25.3107009959576,29.311385848685,22.9989438437773));
#10501=CARTESIAN_POINT('Ctrl Pts',(-24.6819499351804,29.8430715334085,23.0001605560126));
#10502=CARTESIAN_POINT('Ctrl Pts',(-23.9767684134792,30.4192852390841,22.8903230832257));
#10503=CARTESIAN_POINT('Ctrl Pts',(-22.9926327260871,31.1668767545662,22.3266636016355));
#10504=CARTESIAN_POINT('Ctrl Pts',(-22.3953404764989,31.5934622921523,21.5797943752492));
#10505=CARTESIAN_POINT('Ctrl Pts',(-22.0611808699948,31.8269834215297,20.7349851778683));
#10506=CARTESIAN_POINT('Ctrl Pts',(-22.,31.8688817657602,20.277364060584));
#10507=CARTESIAN_POINT('Ctrl Pts',(-22.,31.8688817657602,20.));
#10508=CARTESIAN_POINT('',(-29.8169253974767,29.898186982513,20.));
#10509=CARTESIAN_POINT('Origin',(-25.,41.225,20.));
#10510=CARTESIAN_POINT('',(-22.,17.3205080756888,20.));
#10511=CARTESIAN_POINT('',(-22.,41.225,20.));
#10512=CARTESIAN_POINT('',(-23.5033370452904,15.2181847713674,22.6));
#10513=CARTESIAN_POINT('Ctrl Pts',(-23.5033370452904,15.2181847713674,22.6));
#10514=CARTESIAN_POINT('Ctrl Pts',(-23.2022560979029,15.6831815558511,22.4266858844908));
#10515=CARTESIAN_POINT('Ctrl Pts',(-22.9055931932693,16.1098969852339,22.1883707791608));
#10516=CARTESIAN_POINT('Ctrl Pts',(-22.4760701382538,16.7005887839825,21.6446408491965));
#10517=CARTESIAN_POINT('Ctrl Pts',(-22.3076519416642,16.9235629766734,21.3669392526831));
#10518=CARTESIAN_POINT('Ctrl Pts',(-22.1285584187692,17.1562373527627,20.8855168500002));
#10519=CARTESIAN_POINT('Ctrl Pts',(-22.0807777163858,17.2174904058917,20.7143406118858));
#10520=CARTESIAN_POINT('Ctrl Pts',(-22.0164799819284,17.2996338006303,20.361593084905));
#10521=CARTESIAN_POINT('Ctrl Pts',(-22.,17.3205080756888,20.1800113025102));
#10522=CARTESIAN_POINT('Ctrl Pts',(-22.,17.3205080756888,20.));
#10523=CARTESIAN_POINT('',(-25.,11.694443124835,23.));
#10524=CARTESIAN_POINT('Ctrl Pts',(-25.,11.694443124835,23.));
#10525=CARTESIAN_POINT('Ctrl Pts',(-24.9976203733973,11.7015809395457,23.));
#10526=CARTESIAN_POINT('Ctrl Pts',(-24.9952385895071,11.7087180607142,22.9999971686885));
#10527=CARTESIAN_POINT('Ctrl Pts',(-24.7527392515499,12.4346471313436,22.9994195866922));
#10528=CARTESIAN_POINT('Ctrl Pts',(-24.4768676580232,13.1878575563128,22.9698799333954));
#10529=CARTESIAN_POINT('Ctrl Pts',(-23.9179432601099,14.4883976266321,22.8115020937487));
#10530=CARTESIAN_POINT('Ctrl Pts',(-23.6890293215571,14.931397074847,22.7068918272554));
#10531=CARTESIAN_POINT('Ctrl Pts',(-23.5033370452905,15.2181847713674,22.6));
#10532=CARTESIAN_POINT('',(-26.4966629547096,9.05134532898398,22.6));
#10533=CARTESIAN_POINT('Ctrl Pts',(-26.4966629547096,9.05134532898398,22.6));
#10534=CARTESIAN_POINT('Ctrl Pts',(-26.1384362911169,10.1000083532762,22.8062094526109));
#10535=CARTESIAN_POINT('Ctrl Pts',(-25.6313253505854,10.8878548291564,22.9984086565853));
#10536=CARTESIAN_POINT('Ctrl Pts',(-25.0050728320906,11.6879682202864,22.9999967820201));
#10537=CARTESIAN_POINT('Ctrl Pts',(-25.0025369195138,11.6912060598952,23.));
#10538=CARTESIAN_POINT('Ctrl Pts',(-25.,11.694443124835,23.));
#10539=CARTESIAN_POINT('',(-28.,-3.42901103761259E-15,20.));
#10540=CARTESIAN_POINT('Ctrl Pts',(-28.,0.,20.));
#10541=CARTESIAN_POINT('Ctrl Pts',(-28.,2.03140188537607,20.6649323504723));
#10542=CARTESIAN_POINT('Ctrl Pts',(-27.7661234156078,4.24281687176765,21.3954671344499));
#10543=CARTESIAN_POINT('Ctrl Pts',(-27.0465940648785,7.30209022322557,22.2164097413107));
#10544=CARTESIAN_POINT('Ctrl Pts',(-26.7920240682258,8.18671321184383,22.429978447361));
#10545=CARTESIAN_POINT('Ctrl Pts',(-26.4966629547096,9.05134532898399,22.6));
#10546=CARTESIAN_POINT('',(-28.,41.225,20.));
#10547=CARTESIAN_POINT('Ctrl Pts',(-22.,31.8688817657602,12.));
#10548=CARTESIAN_POINT('Ctrl Pts',(-22.,31.8688817657602,11.722635939416));
#10549=CARTESIAN_POINT('Ctrl Pts',(-22.0612035085632,31.8269656062533,11.2649791457721));
#10550=CARTESIAN_POINT('Ctrl Pts',(-22.3953851593213,31.5934281672564,10.4201473827744));
#10551=CARTESIAN_POINT('Ctrl Pts',(-22.9926884178059,31.1668335900004,9.67325950960439));
#10552=CARTESIAN_POINT('Ctrl Pts',(-23.976811942764,30.4192515180963,9.10960981080954));
#10553=CARTESIAN_POINT('Ctrl Pts',(-24.6819865864593,29.8430417320081,8.99977603862479));
#10554=CARTESIAN_POINT('Ctrl Pts',(-25.3107254550515,29.3113629670616,9.00101196439853));
#10555=CARTESIAN_POINT('Ctrl Pts',(-26.0079787253379,28.7040160154344,9.09951204273466));
#10556=CARTESIAN_POINT('Ctrl Pts',(-26.8537980179002,27.9069725318821,9.58604149390928));
#10557=CARTESIAN_POINT('Ctrl Pts',(-27.3882243340728,27.3787973309938,10.1523602075568));
#10558=CARTESIAN_POINT('Ctrl Pts',(-27.6732119564842,27.089861887679,10.6069467503984));
#10559=CARTESIAN_POINT('Ctrl Pts',(-27.924422341856,26.8307322325273,11.2219384679244));
#10560=CARTESIAN_POINT('Ctrl Pts',(-28.,26.7511798805211,11.6738345991855));
#10561=CARTESIAN_POINT('Ctrl Pts',(-28.,26.7511798805211,12.));
#10562=CARTESIAN_POINT('Ctrl Pts',(-21.132558605551,33.3713343335343,12.));
#10563=CARTESIAN_POINT('Ctrl Pts',(-21.1401925629115,33.3766550143665,11.6530406966744));
#10564=CARTESIAN_POINT('Ctrl Pts',(-21.2315653970159,33.3333763119189,11.090606012092));
#10565=CARTESIAN_POINT('Ctrl Pts',(-21.6693521749281,33.0713203864226,10.0644155851717));
#10566=CARTESIAN_POINT('Ctrl Pts',(-22.446072576485,32.575822730277,9.14640492040328));
#10567=CARTESIAN_POINT('Ctrl Pts',(-23.7071787694405,31.7007350697258,8.45758077388153));
#10568=CARTESIAN_POINT('Ctrl Pts',(-24.5977557019934,31.0270092753267,8.33246118565542));
#10569=CARTESIAN_POINT('Ctrl Pts',(-25.3926911554996,30.4005538390798,8.3563551749634));
#10570=CARTESIAN_POINT('Ctrl Pts',(-26.2472638088645,29.7110057991202,8.50804618609913));
#10571=CARTESIAN_POINT('Ctrl Pts',(-27.2481206363745,28.8508291204456,9.12208272578367));
#10572=CARTESIAN_POINT('Ctrl Pts',(-27.8719813784628,28.2996058767508,9.81781016350798));
#10573=CARTESIAN_POINT('Ctrl Pts',(-28.1957002890564,28.0082869674154,10.3601193559268));
#10574=CARTESIAN_POINT('Ctrl Pts',(-28.4771870620075,27.7572633137342,11.085199547882));
#10575=CARTESIAN_POINT('Ctrl Pts',(-28.5585239591987,27.6927995283321,11.6144297895728));
#10576=CARTESIAN_POINT('Ctrl Pts',(-28.5536072955366,27.7100558438314,12.));
#10577=CARTESIAN_POINT('Ctrl Pts',(-20.2651172111019,34.8737869013084,12.));
#10578=CARTESIAN_POINT('Ctrl Pts',(-20.2813589565306,34.8837204748535,11.5824152904761));
#10579=CARTESIAN_POINT('Ctrl Pts',(-20.419985638004,34.8414170467032,10.9076730730371));
#10580=CARTESIAN_POINT('Ctrl Pts',(-20.9862389134225,34.5623526514063,9.68002545578936));
#10581=CARTESIAN_POINT('Ctrl Pts',(-21.9530401958284,33.9836614571335,8.56089953090638));
#10582=CARTESIAN_POINT('Ctrl Pts',(-23.4732989254939,32.969812723265,7.78399257770901));
#10583=CARTESIAN_POINT('Ctrl Pts',(-24.5131338646464,32.2112905424952,7.66481364902966));
#10584=CARTESIAN_POINT('Ctrl Pts',(-25.4743193146305,31.489982501772,7.71135722864651));
#10585=CARTESIAN_POINT('Ctrl Pts',(-26.4619191660858,30.7212195619508,7.91308788948015));
#10586=CARTESIAN_POINT('Ctrl Pts',(-27.5961898243874,29.7911169940941,8.61718860127122));
#10587=CARTESIAN_POINT('Ctrl Pts',(-28.3487920799806,29.1634119648508,9.45029223658283));
#10588=CARTESIAN_POINT('Ctrl Pts',(-28.7205824071173,28.8666751754867,10.0832822526033));
#10589=CARTESIAN_POINT('Ctrl Pts',(-29.0321555086162,28.6552506040906,10.9350671245095));
#10590=CARTESIAN_POINT('Ctrl Pts',(-29.1174020241973,28.6340324685005,11.5547782129291));
#10591=CARTESIAN_POINT('Ctrl Pts',(-29.1072145910732,28.6689318071416,12.));
#10592=CARTESIAN_POINT('Ctrl Pts',(-19.3976758166529,36.3762394690826,12.));
#10593=CARTESIAN_POINT('Ctrl Pts',(-19.4205776887346,36.3922015115791,11.5138502111911));
#10594=CARTESIAN_POINT('Ctrl Pts',(-19.6011780948456,36.3481440451182,10.7279277451064));
#10595=CARTESIAN_POINT('Ctrl Pts',(-20.2825996583647,36.0485866392229,9.30978737863744));
#10596=CARTESIAN_POINT('Ctrl Pts',(-21.436252990201,35.3919483003007,8.00142059391268));
#10597=CARTESIAN_POINT('Ctrl Pts',(-23.2233816290356,34.2445223339784,7.12023566554729));
#10598=CARTESIAN_POINT('Ctrl Pts',(-24.4282534442112,33.3956742014714,6.99803573187887));
#10599=CARTESIAN_POINT('Ctrl Pts',(-25.5565716858123,32.5790086021893,7.06622166498318));
#10600=CARTESIAN_POINT('Ctrl Pts',(-26.6872815989633,31.7301258921072,7.32008601989426));
#10601=CARTESIAN_POINT('Ctrl Pts',(-27.96470193136,30.7331596862464,8.13065726588199));
#10602=CARTESIAN_POINT('Ctrl Pts',(-28.8284945764764,30.0528024875897,9.0973681239291));
#10603=CARTESIAN_POINT('Ctrl Pts',(-29.2443251219132,29.7518757021849,9.81998361395602));
#10604=CARTESIAN_POINT('Ctrl Pts',(-29.5860076838621,29.5661086845584,10.7906467989977));
#10605=CARTESIAN_POINT('Ctrl Pts',(-29.6755718775961,29.576038823954,11.4956201703475));
#10606=CARTESIAN_POINT('Ctrl Pts',(-29.6608218866098,29.6278077704518,12.));
#10607=CARTESIAN_POINT('',(-28.,26.7511798805211,12.));
#10608=CARTESIAN_POINT('',(-29.8169253974767,29.898186982513,12.));
#10609=CARTESIAN_POINT('',(-22.,31.8688817657601,12.));
#10610=CARTESIAN_POINT('Ctrl Pts',(-22.,31.8688817657602,12.));
#10611=CARTESIAN_POINT('Ctrl Pts',(-22.,31.8688817657602,11.722635939416));
#10612=CARTESIAN_POINT('Ctrl Pts',(-22.0612035085632,31.8269656062533,11.2649791457721));
#10613=CARTESIAN_POINT('Ctrl Pts',(-22.3953851593213,31.5934281672564,10.4201473827744));
#10614=CARTESIAN_POINT('Ctrl Pts',(-22.9926884178059,31.1668335900004,9.67325950960439));
#10615=CARTESIAN_POINT('Ctrl Pts',(-23.976811942764,30.4192515180963,9.10960981080954));
#10616=CARTESIAN_POINT('Ctrl Pts',(-24.6819865864593,29.8430417320081,8.99977603862479));
#10617=CARTESIAN_POINT('Ctrl Pts',(-25.3107254550515,29.3113629670616,9.00101196439853));
#10618=CARTESIAN_POINT('Ctrl Pts',(-26.0079787253379,28.7040160154344,9.09951204273466));
#10619=CARTESIAN_POINT('Ctrl Pts',(-26.8537980179002,27.9069725318821,9.58604149390928));
#10620=CARTESIAN_POINT('Ctrl Pts',(-27.3882243340728,27.3787973309938,10.1523602075568));
#10621=CARTESIAN_POINT('Ctrl Pts',(-27.6732119564842,27.089861887679,10.6069467503984));
#10622=CARTESIAN_POINT('Ctrl Pts',(-27.924422341856,26.8307322325273,11.2219384679244));
#10623=CARTESIAN_POINT('Ctrl Pts',(-28.,26.7511798805211,11.6738345991855));
#10624=CARTESIAN_POINT('Ctrl Pts',(-28.,26.7511798805211,12.));
#10625=CARTESIAN_POINT('',(-22.,31.8688817657601,12.));
#10626=CARTESIAN_POINT('Origin',(-25.,41.225,12.));
#10627=CARTESIAN_POINT('',(-28.,-3.42901103761259E-15,12.));
#10628=CARTESIAN_POINT('',(-28.,41.225,12.));
#10629=CARTESIAN_POINT('',(-22.,17.3205080756888,12.));
#10630=CARTESIAN_POINT('Ctrl Pts',(-22.,17.3205080756888,12.));
#10631=CARTESIAN_POINT('Ctrl Pts',(-22.,17.3205080756888,11.8199886974898));
#10632=CARTESIAN_POINT('Ctrl Pts',(-22.0164799819284,17.2996338006303,11.6384069150951));
#10633=CARTESIAN_POINT('Ctrl Pts',(-22.0807777163858,17.2174904058917,11.2856593881143));
#10634=CARTESIAN_POINT('Ctrl Pts',(-22.1285584187692,17.1562373527627,11.1144831499998));
#10635=CARTESIAN_POINT('Ctrl Pts',(-22.3076519416642,16.9235629766734,10.6330607473169));
#10636=CARTESIAN_POINT('Ctrl Pts',(-22.4760701382538,16.7005887839825,10.3553591508035));
#10637=CARTESIAN_POINT('Ctrl Pts',(-23.0028815851387,15.9761033401206,9.68847259425111));
#10638=CARTESIAN_POINT('Ctrl Pts',(-23.4284264491516,15.3535826483303,9.40546646624801));
#10639=CARTESIAN_POINT('Ctrl Pts',(-24.2565744911021,14.0086496463712,9.05912213500397));
#10640=CARTESIAN_POINT('Ctrl Pts',(-24.6592120370382,13.2851762989698,9.00000000000001));
#10641=CARTESIAN_POINT('Ctrl Pts',(-25.9625830572749,10.7010751630254,9.00000000000001));
#10642=CARTESIAN_POINT('Ctrl Pts',(-26.7463859826623,8.57850595926948,9.44106968553205));
#10643=CARTESIAN_POINT('Ctrl Pts',(-27.7661234156078,4.24281687176766,10.6045328655501));
#10644=CARTESIAN_POINT('Ctrl Pts',(-28.,2.03140188537607,11.3350676495277));
#10645=CARTESIAN_POINT('Ctrl Pts',(-28.,0.,12.));
#10646=CARTESIAN_POINT('',(-22.,41.225,12.));
#10647=CARTESIAN_POINT('Origin',(-29.8169253974767,29.898186982513,12.));
#10648=CARTESIAN_POINT('',(-28.,26.7511798805211,16.));
#10649=CARTESIAN_POINT('Origin',(-22.,31.8688817657601,12.));
#10650=CARTESIAN_POINT('',(-22.,31.8688817657601,12.));
#10651=CARTESIAN_POINT('Origin',(-28.,41.225,20.));
#10652=CARTESIAN_POINT('',(-28.,-4.44089209850063E-15,8.55));
#10653=CARTESIAN_POINT('Origin',(-22.,41.225,12.));
#10654=CARTESIAN_POINT('',(-22.,17.3205080756888,8.55));
#10655=CARTESIAN_POINT('Origin',(0.,0.,22.6));
#10656=CARTESIAN_POINT('Origin',(0.,0.,22.6));
#10657=CARTESIAN_POINT('',(25.,-11.694443124835,23.));
#10658=CARTESIAN_POINT('Ctrl Pts',(26.4966629547096,-9.05134532898389,22.6));
#10659=CARTESIAN_POINT('Ctrl Pts',(26.1383904558435,-10.1001425302131,22.8062358372093));
#10660=CARTESIAN_POINT('Ctrl Pts',(25.6312567054904,-10.8879424760492,22.9984087456701));
#10661=CARTESIAN_POINT('Ctrl Pts',(25.005073104679,-11.6879678722485,22.9999967816743));
#10662=CARTESIAN_POINT('Ctrl Pts',(25.0025370559933,-11.6912058857497,23.));
#10663=CARTESIAN_POINT('Ctrl Pts',(25.,-11.694443124835,23.));
#10664=CARTESIAN_POINT('Origin',(0.,0.,23.));
#10665=CARTESIAN_POINT('Origin',(0.,0.,22.6));
#10666=CARTESIAN_POINT('Origin',(0.,0.,23.));
#10667=CARTESIAN_POINT('',(23.5033370452904,-15.2181847713674,22.6));
#10668=CARTESIAN_POINT('Ctrl Pts',(25.,-11.694443124835,23.));
#10669=CARTESIAN_POINT('Ctrl Pts',(24.9976198457272,-11.70158252232,23.));
#10670=CARTESIAN_POINT('Ctrl Pts',(24.9952375334807,-11.7087212251459,22.9999971674332));
#10671=CARTESIAN_POINT('Ctrl Pts',(24.7540064838897,-12.4308533141779,22.9994224787304));
#10672=CARTESIAN_POINT('Ctrl Pts',(24.4799141874623,-13.1794920874047,22.9701939899084));
#10673=CARTESIAN_POINT('Ctrl Pts',(23.9208308056797,-14.482818968025,22.8128108679867));
#10674=CARTESIAN_POINT('Ctrl Pts',(23.6902000763583,-14.9295889324763,22.7075657600785));
#10675=CARTESIAN_POINT('Ctrl Pts',(23.5033370452904,-15.2181847713674,22.6));
#10676=CARTESIAN_POINT('Origin',(0.,0.,22.6));
#10677=CARTESIAN_POINT('Ctrl Pts',(22.,-31.8688817657601,20.));
#10678=CARTESIAN_POINT('Ctrl Pts',(22.,-31.8688817657601,20.277364060584));
#10679=CARTESIAN_POINT('Ctrl Pts',(22.0611808699948,-31.8269834215297,20.7349851778683));
#10680=CARTESIAN_POINT('Ctrl Pts',(22.3953404764989,-31.5934622921523,21.5797943752492));
#10681=CARTESIAN_POINT('Ctrl Pts',(22.9926327260871,-31.1668767545662,22.3266636016355));
#10682=CARTESIAN_POINT('Ctrl Pts',(23.9767684134792,-30.4192852390841,22.8903230832257));
#10683=CARTESIAN_POINT('Ctrl Pts',(24.6819499351804,-29.8430715334085,23.0001605560126));
#10684=CARTESIAN_POINT('Ctrl Pts',(25.3107009959576,-29.311385848685,22.9989438437773));
#10685=CARTESIAN_POINT('Ctrl Pts',(26.0079546505303,-28.7040397469317,22.9004476756978));
#10686=CARTESIAN_POINT('Ctrl Pts',(26.853771692436,-27.9070008818976,22.4139350015651));
#10687=CARTESIAN_POINT('Ctrl Pts',(27.3881989368331,-27.3788262011912,21.8476240906356));
#10688=CARTESIAN_POINT('Ctrl Pts',(27.6731918455653,-27.0898847611671,21.3930401594074));
#10689=CARTESIAN_POINT('Ctrl Pts',(27.9244035947326,-26.8307538970547,20.7780526516197));
#10690=CARTESIAN_POINT('Ctrl Pts',(28.,-26.7511798805211,20.3261654008145));
#10691=CARTESIAN_POINT('Ctrl Pts',(28.,-26.7511798805211,20.));
#10692=CARTESIAN_POINT('Ctrl Pts',(21.132558605551,-33.3713343335343,20.));
#10693=CARTESIAN_POINT('Ctrl Pts',(21.1401925629115,-33.3766550143665,20.3469593033257));
#10694=CARTESIAN_POINT('Ctrl Pts',(21.2315427584475,-33.3333941271952,20.9093583115484));
#10695=CARTESIAN_POINT('Ctrl Pts',(21.6693074921056,-33.0713545113184,21.9355261728519));
#10696=CARTESIAN_POINT('Ctrl Pts',(22.4460168847662,-32.5758658948428,22.8535181908366));
#10697=CARTESIAN_POINT('Ctrl Pts',(23.7071352401557,-31.7007687907136,23.5423521201537));
#10698=CARTESIAN_POINT('Ctrl Pts',(24.5977190507145,-31.0270390767271,23.6674754089819));
#10699=CARTESIAN_POINT('Ctrl Pts',(25.3926666964057,-30.4005767207032,23.6436006332124));
#10700=CARTESIAN_POINT('Ctrl Pts',(26.2472397340569,-29.7110295306175,23.4919135323334));
#10701=CARTESIAN_POINT('Ctrl Pts',(27.2480943109102,-28.850857470461,22.8778937696907));
#10702=CARTESIAN_POINT('Ctrl Pts',(27.8719559812231,-28.2996347469483,22.1821741346844));
#10703=CARTESIAN_POINT('Ctrl Pts',(28.1956801781375,-28.0083098409035,21.6398675538789));
#10704=CARTESIAN_POINT('Ctrl Pts',(28.4771683148841,-27.7572849782616,20.9147915716622));
#10705=CARTESIAN_POINT('Ctrl Pts',(28.5585239591987,-27.6927995283321,20.3855702104272));
#10706=CARTESIAN_POINT('Ctrl Pts',(28.5536072955366,-27.7100558438314,20.));
#10707=CARTESIAN_POINT('Ctrl Pts',(20.2651172111019,-34.8737869013084,20.));
#10708=CARTESIAN_POINT('Ctrl Pts',(20.2813589565306,-34.8837204748535,20.4175847095239));
#10709=CARTESIAN_POINT('Ctrl Pts',(20.4199851189322,-34.8414187620015,21.092320125802));
#10710=CARTESIAN_POINT('Ctrl Pts',(20.9862353608354,-34.5623568348016,22.3199630822761));
#10711=CARTESIAN_POINT('Ctrl Pts',(21.9530362071717,-33.9836666655159,23.4390854490584));
#10712=CARTESIAN_POINT('Ctrl Pts',(23.4732961997387,-32.9698167052582,24.2159942281286));
#10713=CARTESIAN_POINT('Ctrl Pts',(24.5131298208342,-32.2112949537984,24.3351734024294));
#10714=CARTESIAN_POINT('Ctrl Pts',(25.4743161099465,-31.4899860744478,24.2886338039802));
#10715=CARTESIAN_POINT('Ctrl Pts',(26.4619152407922,-30.7212235874152,24.0869041061457));
#10716=CARTESIAN_POINT('Ctrl Pts',(27.5961852376848,-29.7911220745488,23.3828067329618));
#10717=CARTESIAN_POINT('Ctrl Pts',(28.3487874804857,-29.1634172405549,22.5497046536481));
#10718=CARTESIAN_POINT('Ctrl Pts',(28.7205787826735,-28.8666793499646,21.9167151569704));
#10719=CARTESIAN_POINT('Ctrl Pts',(29.0321520778723,-28.6552545934098,21.0649311169375));
#10720=CARTESIAN_POINT('Ctrl Pts',(29.1174020241973,-28.6340324685005,20.4452217870709));
#10721=CARTESIAN_POINT('Ctrl Pts',(29.1072145910732,-28.6689318071416,20.));
#10722=CARTESIAN_POINT('Ctrl Pts',(19.3976758166529,-36.3762394690826,20.));
#10723=CARTESIAN_POINT('Ctrl Pts',(19.4205776887346,-36.3922015115791,20.486149788809));
#10724=CARTESIAN_POINT('Ctrl Pts',(19.6011775757737,-36.3481457604165,21.2720654537327));
#10725=CARTESIAN_POINT('Ctrl Pts',(20.2825961057776,-36.0485908226182,22.690201159428));
#10726=CARTESIAN_POINT('Ctrl Pts',(21.4362490015443,-35.3919535086831,23.9985643860521));
#10727=CARTESIAN_POINT('Ctrl Pts',(23.2233789032804,-34.2445263159716,24.8797511402903));
#10728=CARTESIAN_POINT('Ctrl Pts',(24.4282494003991,-33.3956786127746,25.0019513195802));
#10729=CARTESIAN_POINT('Ctrl Pts',(25.5565684811283,-32.579012174865,24.9337693676435));
#10730=CARTESIAN_POINT('Ctrl Pts',(26.6872776736697,-31.7301299175715,24.6799059757315));
#10731=CARTESIAN_POINT('Ctrl Pts',(27.9646973446574,-30.7331647667011,23.8693380683511));
#10732=CARTESIAN_POINT('Ctrl Pts',(28.8284899769816,-30.0528077632939,22.9026287663018));
#10733=CARTESIAN_POINT('Ctrl Pts',(29.2443214974694,-29.7518798766629,22.1800137956176));
#10734=CARTESIAN_POINT('Ctrl Pts',(29.5860042531182,-29.5661126738775,21.2093514424493));
#10735=CARTESIAN_POINT('Ctrl Pts',(29.6755718775961,-29.576038823954,20.5043798296525));
#10736=CARTESIAN_POINT('Ctrl Pts',(29.6608218866098,-29.6278077704518,20.));
#10737=CARTESIAN_POINT('',(22.,-31.8688817657602,20.));
#10738=CARTESIAN_POINT('',(22.,-31.8688817657602,20.));
#10739=CARTESIAN_POINT('',(28.,-26.7511798805211,20.));
#10740=CARTESIAN_POINT('Ctrl Pts',(28.,-26.7511798805211,20.));
#10741=CARTESIAN_POINT('Ctrl Pts',(28.,-26.7511798805211,20.3261654008145));
#10742=CARTESIAN_POINT('Ctrl Pts',(27.9244035947326,-26.8307538970547,20.7780526516197));
#10743=CARTESIAN_POINT('Ctrl Pts',(27.6731918455653,-27.0898847611671,21.3930401594074));
#10744=CARTESIAN_POINT('Ctrl Pts',(27.3881989368331,-27.3788262011912,21.8476240906356));
#10745=CARTESIAN_POINT('Ctrl Pts',(26.853771692436,-27.9070008818976,22.4139350015651));
#10746=CARTESIAN_POINT('Ctrl Pts',(26.0079546505303,-28.7040397469317,22.9004476756978));
#10747=CARTESIAN_POINT('Ctrl Pts',(25.3107009959576,-29.311385848685,22.9989438437773));
#10748=CARTESIAN_POINT('Ctrl Pts',(24.6819499351804,-29.8430715334085,23.0001605560126));
#10749=CARTESIAN_POINT('Ctrl Pts',(23.9767684134792,-30.4192852390841,22.8903230832257));
#10750=CARTESIAN_POINT('Ctrl Pts',(22.9926327260871,-31.1668767545662,22.3266636016355));
#10751=CARTESIAN_POINT('Ctrl Pts',(22.3953404764989,-31.5934622921523,21.5797943752492));
#10752=CARTESIAN_POINT('Ctrl Pts',(22.0611808699948,-31.8269834215297,20.7349851778683));
#10753=CARTESIAN_POINT('Ctrl Pts',(22.,-31.8688817657601,20.277364060584));
#10754=CARTESIAN_POINT('Ctrl Pts',(22.,-31.8688817657601,20.));
#10755=CARTESIAN_POINT('',(29.8169253974767,-29.898186982513,20.));
#10756=CARTESIAN_POINT('Ctrl Pts',(22.,-31.8688817657601,12.));
#10757=CARTESIAN_POINT('Ctrl Pts',(22.,-31.8688817657601,11.722635939416));
#10758=CARTESIAN_POINT('Ctrl Pts',(22.0612035085632,-31.8269656062533,11.2649791457721));
#10759=CARTESIAN_POINT('Ctrl Pts',(22.3953851593213,-31.5934281672564,10.4201473827744));
#10760=CARTESIAN_POINT('Ctrl Pts',(22.9926884178059,-31.1668335900004,9.67325950960439));
#10761=CARTESIAN_POINT('Ctrl Pts',(23.976811942764,-30.4192515180963,9.10960981080954));
#10762=CARTESIAN_POINT('Ctrl Pts',(24.6819865864593,-29.8430417320081,8.99977603862478));
#10763=CARTESIAN_POINT('Ctrl Pts',(25.3107254550515,-29.3113629670616,9.00101196439853));
#10764=CARTESIAN_POINT('Ctrl Pts',(26.0079787253379,-28.7040160154344,9.09951204273466));
#10765=CARTESIAN_POINT('Ctrl Pts',(26.8537980179002,-27.9069725318821,9.58604149390927));
#10766=CARTESIAN_POINT('Ctrl Pts',(27.3882243340728,-27.3787973309938,10.1523602075568));
#10767=CARTESIAN_POINT('Ctrl Pts',(27.6732119564842,-27.089861887679,10.6069467503984));
#10768=CARTESIAN_POINT('Ctrl Pts',(27.924422341856,-26.8307322325273,11.2219384679244));
#10769=CARTESIAN_POINT('Ctrl Pts',(28.,-26.7511798805211,11.6738345991855));
#10770=CARTESIAN_POINT('Ctrl Pts',(28.,-26.7511798805211,12.));
#10771=CARTESIAN_POINT('Ctrl Pts',(21.132558605551,-33.3713343335343,12.));
#10772=CARTESIAN_POINT('Ctrl Pts',(21.1401925629115,-33.3766550143665,11.6530406966744));
#10773=CARTESIAN_POINT('Ctrl Pts',(21.2315653970158,-33.3333763119189,11.090606012092));
#10774=CARTESIAN_POINT('Ctrl Pts',(21.6693521749281,-33.0713203864226,10.0644155851717));
#10775=CARTESIAN_POINT('Ctrl Pts',(22.446072576485,-32.575822730277,9.14640492040328));
#10776=CARTESIAN_POINT('Ctrl Pts',(23.7071787694405,-31.7007350697258,8.45758077388153));
#10777=CARTESIAN_POINT('Ctrl Pts',(24.5977557019934,-31.0270092753267,8.33246118565541));
#10778=CARTESIAN_POINT('Ctrl Pts',(25.3926911554996,-30.4005538390798,8.3563551749634));
#10779=CARTESIAN_POINT('Ctrl Pts',(26.2472638088645,-29.7110057991203,8.50804618609913));
#10780=CARTESIAN_POINT('Ctrl Pts',(27.2481206363744,-28.8508291204456,9.12208272578366));
#10781=CARTESIAN_POINT('Ctrl Pts',(27.8719813784628,-28.2996058767509,9.81781016350797));
#10782=CARTESIAN_POINT('Ctrl Pts',(28.1957002890564,-28.0082869674154,10.3601193559268));
#10783=CARTESIAN_POINT('Ctrl Pts',(28.4771870620075,-27.7572633137342,11.085199547882));
#10784=CARTESIAN_POINT('Ctrl Pts',(28.5585239591987,-27.6927995283321,11.6144297895728));
#10785=CARTESIAN_POINT('Ctrl Pts',(28.5536072955366,-27.7100558438314,12.));
#10786=CARTESIAN_POINT('Ctrl Pts',(20.2651172111019,-34.8737869013084,12.));
#10787=CARTESIAN_POINT('Ctrl Pts',(20.2813589565306,-34.8837204748535,11.5824152904761));
#10788=CARTESIAN_POINT('Ctrl Pts',(20.419985638004,-34.8414170467031,10.9076730730371));
#10789=CARTESIAN_POINT('Ctrl Pts',(20.9862389134225,-34.5623526514063,9.68002545578936));
#10790=CARTESIAN_POINT('Ctrl Pts',(21.9530401958284,-33.9836614571335,8.56089953090639));
#10791=CARTESIAN_POINT('Ctrl Pts',(23.4732989254939,-32.969812723265,7.78399257770901));
#10792=CARTESIAN_POINT('Ctrl Pts',(24.5131338646464,-32.2112905424952,7.66481364902965));
#10793=CARTESIAN_POINT('Ctrl Pts',(25.4743193146305,-31.489982501772,7.71135722864651));
#10794=CARTESIAN_POINT('Ctrl Pts',(26.4619191660858,-30.7212195619509,7.91308788948015));
#10795=CARTESIAN_POINT('Ctrl Pts',(27.5961898243874,-29.7911169940941,8.61718860127122));
#10796=CARTESIAN_POINT('Ctrl Pts',(28.3487920799806,-29.1634119648508,9.45029223658283));
#10797=CARTESIAN_POINT('Ctrl Pts',(28.7205824071173,-28.8666751754866,10.0832822526033));
#10798=CARTESIAN_POINT('Ctrl Pts',(29.0321555086162,-28.6552506040906,10.9350671245095));
#10799=CARTESIAN_POINT('Ctrl Pts',(29.1174020241973,-28.6340324685005,11.5547782129291));
#10800=CARTESIAN_POINT('Ctrl Pts',(29.1072145910732,-28.6689318071416,12.));
#10801=CARTESIAN_POINT('Ctrl Pts',(19.3976758166529,-36.3762394690826,12.));
#10802=CARTESIAN_POINT('Ctrl Pts',(19.4205776887346,-36.3922015115791,11.5138502111911));
#10803=CARTESIAN_POINT('Ctrl Pts',(19.6011780948456,-36.3481440451182,10.7279277451064));
#10804=CARTESIAN_POINT('Ctrl Pts',(20.2825996583647,-36.0485866392229,9.30978737863744));
#10805=CARTESIAN_POINT('Ctrl Pts',(21.436252990201,-35.3919483003007,8.00142059391269));
#10806=CARTESIAN_POINT('Ctrl Pts',(23.2233816290356,-34.2445223339784,7.12023566554729));
#10807=CARTESIAN_POINT('Ctrl Pts',(24.4282534442112,-33.3956742014714,6.99803573187887));
#10808=CARTESIAN_POINT('Ctrl Pts',(25.5565716858123,-32.5790086021893,7.06622166498318));
#10809=CARTESIAN_POINT('Ctrl Pts',(26.6872815989633,-31.7301258921072,7.32008601989426));
#10810=CARTESIAN_POINT('Ctrl Pts',(27.96470193136,-30.7331596862464,8.13065726588199));
#10811=CARTESIAN_POINT('Ctrl Pts',(28.8284945764764,-30.0528024875897,9.0973681239291));
#10812=CARTESIAN_POINT('Ctrl Pts',(29.2443251219132,-29.7518757021849,9.81998361395602));
#10813=CARTESIAN_POINT('Ctrl Pts',(29.5860076838621,-29.5661086845584,10.7906467989977));
#10814=CARTESIAN_POINT('Ctrl Pts',(29.6755718775961,-29.576038823954,11.4956201703475));
#10815=CARTESIAN_POINT('Ctrl Pts',(29.6608218866099,-29.6278077704518,12.));
#10816=CARTESIAN_POINT('',(28.,-26.7511798805211,12.));
#10817=CARTESIAN_POINT('',(29.8169253974767,-29.898186982513,12.));
#10818=CARTESIAN_POINT('',(22.,-31.8688817657602,12.));
#10819=CARTESIAN_POINT('Ctrl Pts',(22.,-31.8688817657601,12.));
#10820=CARTESIAN_POINT('Ctrl Pts',(22.,-31.8688817657601,11.722635939416));
#10821=CARTESIAN_POINT('Ctrl Pts',(22.0612035085632,-31.8269656062533,11.2649791457721));
#10822=CARTESIAN_POINT('Ctrl Pts',(22.3953851593213,-31.5934281672564,10.4201473827744));
#10823=CARTESIAN_POINT('Ctrl Pts',(22.9926884178059,-31.1668335900004,9.67325950960439));
#10824=CARTESIAN_POINT('Ctrl Pts',(23.976811942764,-30.4192515180963,9.10960981080954));
#10825=CARTESIAN_POINT('Ctrl Pts',(24.6819865864593,-29.8430417320081,8.99977603862478));
#10826=CARTESIAN_POINT('Ctrl Pts',(25.3107254550515,-29.3113629670616,9.00101196439853));
#10827=CARTESIAN_POINT('Ctrl Pts',(26.0079787253379,-28.7040160154344,9.09951204273466));
#10828=CARTESIAN_POINT('Ctrl Pts',(26.8537980179002,-27.9069725318821,9.58604149390927));
#10829=CARTESIAN_POINT('Ctrl Pts',(27.3882243340728,-27.3787973309938,10.1523602075568));
#10830=CARTESIAN_POINT('Ctrl Pts',(27.6732119564842,-27.089861887679,10.6069467503984));
#10831=CARTESIAN_POINT('Ctrl Pts',(27.924422341856,-26.8307322325273,11.2219384679244));
#10832=CARTESIAN_POINT('Ctrl Pts',(28.,-26.7511798805211,11.6738345991855));
#10833=CARTESIAN_POINT('Ctrl Pts',(28.,-26.7511798805211,12.));
#10834=CARTESIAN_POINT('',(22.,-31.8688817657602,12.));
#10835=CARTESIAN_POINT('Origin',(25.,-41.225,12.));
#10836=CARTESIAN_POINT('',(28.,0.,12.));
#10837=CARTESIAN_POINT('',(28.,-41.225,12.));
#10838=CARTESIAN_POINT('',(22.,-17.3205080756888,12.));
#10839=CARTESIAN_POINT('Ctrl Pts',(22.,-17.3205080756888,12.));
#10840=CARTESIAN_POINT('Ctrl Pts',(22.,-17.3205080756888,11.8199886974898));
#10841=CARTESIAN_POINT('Ctrl Pts',(22.0164799819284,-17.2996338006302,11.6384069150951));
#10842=CARTESIAN_POINT('Ctrl Pts',(22.0807777163858,-17.2174904058917,11.2856593881143));
#10843=CARTESIAN_POINT('Ctrl Pts',(22.1285584187692,-17.1562373527627,11.1144831499998));
#10844=CARTESIAN_POINT('Ctrl Pts',(22.3076519416642,-16.9235629766734,10.6330607473169));
#10845=CARTESIAN_POINT('Ctrl Pts',(22.4760701382538,-16.7005887839825,10.3553591508035));
#10846=CARTESIAN_POINT('Ctrl Pts',(23.0028815851387,-15.9761033401206,9.6884725942511));
#10847=CARTESIAN_POINT('Ctrl Pts',(23.4284264491516,-15.3535826483303,9.40546646624801));
#10848=CARTESIAN_POINT('Ctrl Pts',(24.2565744911021,-14.0086496463712,9.05912213500397));
#10849=CARTESIAN_POINT('Ctrl Pts',(24.6592120370382,-13.2851762989698,9.00000000000001));
#10850=CARTESIAN_POINT('Ctrl Pts',(25.9625830572749,-10.7010751630254,9.00000000000001));
#10851=CARTESIAN_POINT('Ctrl Pts',(26.7463859826623,-8.57850595926947,9.44106968553205));
#10852=CARTESIAN_POINT('Ctrl Pts',(27.7661234156078,-4.24281687176765,10.6045328655501));
#10853=CARTESIAN_POINT('Ctrl Pts',(28.,-2.03140188537607,11.3350676495277));
#10854=CARTESIAN_POINT('Ctrl Pts',(28.,0.,12.));
#10855=CARTESIAN_POINT('',(22.,-41.225,12.));
#10856=CARTESIAN_POINT('Origin',(29.8169253974767,-29.898186982513,12.));
#10857=CARTESIAN_POINT('',(28.,-26.7511798805211,16.));
#10858=CARTESIAN_POINT('Origin',(22.,-31.8688817657602,12.));
#10859=CARTESIAN_POINT('',(22.,-31.8688817657602,12.));
#10860=CARTESIAN_POINT('Origin',(28.,-41.225,20.));
#10861=CARTESIAN_POINT('',(28.,-41.225,20.));
#10862=CARTESIAN_POINT('',(28.,0.,8.55));
#10863=CARTESIAN_POINT('Origin',(22.,-41.225,12.));
#10864=CARTESIAN_POINT('',(22.,-17.3205080756888,20.));
#10865=CARTESIAN_POINT('',(22.,-17.3205080756888,8.55));
#10866=CARTESIAN_POINT('',(22.,-41.225,20.));
#10867=CARTESIAN_POINT('Origin',(25.,-41.225,20.));
#10868=CARTESIAN_POINT('Ctrl Pts',(23.5033370452904,-15.2181847713674,22.6));
#10869=CARTESIAN_POINT('Ctrl Pts',(23.2022560979028,-15.6831815558512,22.4266858844908));
#10870=CARTESIAN_POINT('Ctrl Pts',(22.9055931932693,-16.109896985234,22.1883707791608));
#10871=CARTESIAN_POINT('Ctrl Pts',(22.4760701382538,-16.7005887839825,21.6446408491965));
#10872=CARTESIAN_POINT('Ctrl Pts',(22.3076519416642,-16.9235629766733,21.3669392526831));
#10873=CARTESIAN_POINT('Ctrl Pts',(22.1285584187692,-17.1562373527627,20.8855168500002));
#10874=CARTESIAN_POINT('Ctrl Pts',(22.0807777163858,-17.2174904058917,20.7143406118858));
#10875=CARTESIAN_POINT('Ctrl Pts',(22.0164799819284,-17.2996338006303,20.3615930849049));
#10876=CARTESIAN_POINT('Ctrl Pts',(22.,-17.3205080756888,20.1800113025102));
#10877=CARTESIAN_POINT('Ctrl Pts',(22.,-17.3205080756888,20.));
#10878=CARTESIAN_POINT('Origin',(0.,0.,8.55));
#10879=CARTESIAN_POINT('',(28.,-3.42901103761259E-15,8.55));
#10880=CARTESIAN_POINT('Origin',(-38.795,0.,41.9));
#10881=CARTESIAN_POINT('',(-38.795,0.,41.9));
#10882=CARTESIAN_POINT('',(38.795,-4.75101725729216E-15,41.9));
#10883=CARTESIAN_POINT('Origin',(0.,0.,41.9));
#10884=CARTESIAN_POINT('Origin',(0.,0.,41.9));
#10885=CARTESIAN_POINT('Origin',(0.,0.,41.5));
#10886=CARTESIAN_POINT('',(38.395,-4.70203138532626E-15,41.5));
#10887=CARTESIAN_POINT('Origin',(38.795,-4.75101725729216E-15,41.5));
#10888=CARTESIAN_POINT('',(-38.395,0.,41.5));
#10889=CARTESIAN_POINT('Origin',(0.,0.,41.5));
#10890=CARTESIAN_POINT('Origin',(0.,0.,41.5));
#10891=CARTESIAN_POINT('Origin',(0.,0.,39.5));
#10892=CARTESIAN_POINT('',(-38.395,0.,37.5));
#10893=CARTESIAN_POINT('',(38.395,-4.70203138532626E-15,37.5));
#10894=CARTESIAN_POINT('Origin',(0.,0.,37.5));
#10895=CARTESIAN_POINT('Origin',(0.,0.,37.5));
#10896=CARTESIAN_POINT('',(38.395,-4.70203138532626E-15,39.5));
#10897=CARTESIAN_POINT('Origin',(0.,0.,37.5));
#10898=CARTESIAN_POINT('',(38.795,-4.75101725729216E-15,37.1));
#10899=CARTESIAN_POINT('Origin',(38.795,-4.75101725729216E-15,37.5));
#10900=CARTESIAN_POINT('',(-38.795,0.,37.1));
#10901=CARTESIAN_POINT('Origin',(0.,0.,37.1));
#10902=CARTESIAN_POINT('Origin',(0.,0.,37.1));
#10903=CARTESIAN_POINT('Origin',(-41.225,0.,37.1));
#10904=CARTESIAN_POINT('Origin',(0.,0.,-0.4));
#10905=CARTESIAN_POINT('Origin',(30.65,-3.75354243938664E-15,-0.4));
#10906=CARTESIAN_POINT('Origin',(-1.5,0.,23.));
#10907=CARTESIAN_POINT('',(-1.5,0.,23.));
#10908=CARTESIAN_POINT('',(1.5,-1.83697019872103E-16,23.));
#10909=CARTESIAN_POINT('Origin',(0.,0.,23.));
#10910=CARTESIAN_POINT('Origin',(0.,0.,23.));
#10911=CARTESIAN_POINT('Origin',(0.,0.,30.5));
#10912=CARTESIAN_POINT('',(1.5,-1.83697019872103E-16,30.5));
#10913=CARTESIAN_POINT('Origin',(-32.1,0.,38.));
#10914=CARTESIAN_POINT('Origin',(0.,0.,38.4));
#10915=CARTESIAN_POINT('Origin',(32.1,-3.931116225263E-15,38.4));
#10916=UNCERTAINTY_MEASURE_WITH_UNIT(LENGTH_MEASURE(0.01),#10920,
'DISTANCE_ACCURACY_VALUE',
'Maximum model space distance between geometric entities at asserted c
onnectivities');
#10917=UNCERTAINTY_MEASURE_WITH_UNIT(LENGTH_MEASURE(0.01),#10920,
'DISTANCE_ACCURACY_VALUE',
'Maximum model space distance between geometric entities at asserted c
onnectivities');
#10918=(
GEOMETRIC_REPRESENTATION_CONTEXT(3)
GLOBAL_UNCERTAINTY_ASSIGNED_CONTEXT((#10916))
GLOBAL_UNIT_ASSIGNED_CONTEXT((#10920,#10922,#10923))
REPRESENTATION_CONTEXT('','3D')
);
#10919=(
GEOMETRIC_REPRESENTATION_CONTEXT(3)
GLOBAL_UNCERTAINTY_ASSIGNED_CONTEXT((#10917))
GLOBAL_UNIT_ASSIGNED_CONTEXT((#10920,#10922,#10923))
REPRESENTATION_CONTEXT('','3D')
);
#10920=(
LENGTH_UNIT()
NAMED_UNIT(*)
SI_UNIT(.MILLI.,.METRE.)
);
#10921=(
LENGTH_UNIT()
NAMED_UNIT(*)
SI_UNIT(.CENTI.,.METRE.)
);
#10922=(
NAMED_UNIT(*)
PLANE_ANGLE_UNIT()
SI_UNIT($,.RADIAN.)
);
#10923=(
NAMED_UNIT(*)
SI_UNIT($,.STERADIAN.)
SOLID_ANGLE_UNIT()
);
#10924=SHAPE_DEFINITION_REPRESENTATION(#10925,#10926);
#10925=PRODUCT_DEFINITION_SHAPE('',$,#10928);
#10926=SHAPE_REPRESENTATION('',(#5496),#10918);
#10927=PRODUCT_DEFINITION_CONTEXT('part definition',#10932,'design');
#10928=PRODUCT_DEFINITION('LIN090 (LINER HEAD, M28 PEROXIDE) Rev B',
'LIN090 (LINER HEAD, M28 PEROXIDE) Rev B',#10929,#10927);
#10929=PRODUCT_DEFINITION_FORMATION('',$,#10934);
#10930=PRODUCT_RELATED_PRODUCT_CATEGORY(
'LIN090 (LINER HEAD, M28 PEROXIDE) Rev B',
'LIN090 (LINER HEAD, M28 PEROXIDE) Rev B',(#10934));
#10931=APPLICATION_PROTOCOL_DEFINITION('international standard',
'automotive_design',2009,#10932);
#10932=APPLICATION_CONTEXT(
'Core Data for Automotive Mechanical Design Process');
#10933=PRODUCT_CONTEXT('part definition',#10932,'mechanical');
#10934=PRODUCT('LIN090 (LINER HEAD, M28 PEROXIDE) Rev B',
'LIN090 (LINER HEAD, M28 PEROXIDE) Rev B',
'LINER HEAD, STD FLOW, M28 PEROXIDE (SS 316)',(#10933));
#10935=PRESENTATION_STYLE_ASSIGNMENT((#10937));
#10936=PRESENTATION_STYLE_ASSIGNMENT((#10938));
#10937=SURFACE_STYLE_USAGE(.BOTH.,#10943);
#10938=SURFACE_STYLE_USAGE(.BOTH.,#10944);
#10939=SURFACE_STYLE_RENDERING_WITH_PROPERTIES($,#10951,(#10941));
#10940=SURFACE_STYLE_RENDERING_WITH_PROPERTIES($,#10952,(#10942));
#10941=SURFACE_STYLE_TRANSPARENT(0.);
#10942=SURFACE_STYLE_TRANSPARENT(0.);
#10943=SURFACE_SIDE_STYLE('',(#10945,#10939));
#10944=SURFACE_SIDE_STYLE('',(#10946,#10940));
#10945=SURFACE_STYLE_FILL_AREA(#10947);
#10946=SURFACE_STYLE_FILL_AREA(#10948);
#10947=FILL_AREA_STYLE('',(#10949));
#10948=FILL_AREA_STYLE('',(#10950));
#10949=FILL_AREA_STYLE_COLOUR('',#10951);
#10950=FILL_AREA_STYLE_COLOUR('',#10952);
#10951=COLOUR_RGB('',0.956862745098039,0.956862745098039,0.956862745098039);
#10952=COLOUR_RGB('',0.0392156862745098,0.0392156862745098,0.0392156862745098);
ENDSEC;
END-ISO-10303-21;
