ISO-10303-21;
HEADER;
/* Generated by software containing ST-Developer
 * from STEP Tools, Inc. (www.steptools.com) 
 */

FILE_DESCRIPTION(
/* description */ ('LINER HEAD, HIGH FLOW, M28 PEROXIDE (SS 316)'),
/* implementation_level */ '2;1');

FILE_NAME(
/* name */ 
'C:\\Users\\LylePrendergast\\UltraSpin\\UltraSpin - Files\\Drawings - 
Ultraspin\\Parts - By SAP no\\LIN & SUBLN\\LIN091 (LINER HEAD, HIGH FL
OW, M28 PEROXIDE)\\LIN091 (LINER HEAD, HIGH FLOW, M28 PEROXIDE) Rev B.
stp',
/* time_stamp */ '2020-06-18T16:50:06+10:00',
/* author */ ('LylePrendergast'),
/* organization */ (''),
/* preprocessor_version */ 'ST-DEVELOPER v17.2',
/* originating_system */ 'Autodesk Inventor 2019',
/* authorisation */ '');

FILE_SCHEMA (('AUTOMOTIVE_DESIGN { 1 0 10303 214 3 1 1 }'));
ENDSEC;

DATA;
#10=MECHANICAL_DESIGN_GEOMETRIC_PRESENTATION_REPRESENTATION('',(#342,#343,
#344,#345,#346,#347,#348,#349,#350,#351,#352,#353,#354,#355,#356,#357,#358),
#11712);
#11=SHAPE_REPRESENTATION_RELATIONSHIP('SRR','None',#11719,#12);
#12=ADVANCED_BREP_SHAPE_REPRESENTATION('',(#13),#11711);
#13=MANIFOLD_SOLID_BREP('Solid1',#5987);
#14=TOROIDAL_SURFACE('',#6233,27.6,0.4);
#15=TOROIDAL_SURFACE('',#6236,27.6,0.4);
#16=TOROIDAL_SURFACE('',#6249,38.795,0.399999999999996);
#17=TOROIDAL_SURFACE('',#6256,38.795,0.399999999999996);
#18=TOROIDAL_SURFACE('',#6261,30.65,0.399999999999999);
#19=TOROIDAL_SURFACE('',#6268,32.1,0.4);
#20=CONICAL_SURFACE('',#6170,41.025,0.785398163397448);
#21=CONICAL_SURFACE('',#6179,32.7,0.785398163397448);
#22=CONICAL_SURFACE('',#6185,5.25,0.785398163397448);
#23=CONICAL_SURFACE('',#6189,5.25,0.785398163397448);
#24=CONICAL_SURFACE('',#6193,5.25,0.785398163397448);
#25=CONICAL_SURFACE('',#6197,5.25,0.785398163397448);
#26=CONICAL_SURFACE('',#6201,30.075,0.349065850398866);
#27=CONICAL_SURFACE('',#6211,41.05,0.349065850398866);
#28=CONICAL_SURFACE('',#6221,0.8105,1.02974425867665);
#29=CONICAL_SURFACE('',#6222,0.8105,1.02974425867665);
#30=CONICAL_SURFACE('',#6223,0.8105,1.02974425867665);
#31=CONICAL_SURFACE('',#6224,0.8105,1.02974425867665);
#32=CONICAL_SURFACE('',#6225,0.8105,1.02974425867665);
#33=CONICAL_SURFACE('',#6226,0.8105,1.02974425867665);
#34=FACE_BOUND('',#794,.T.);
#35=FACE_BOUND('',#894,.T.);
#36=FACE_BOUND('',#918,.T.);
#37=FACE_BOUND('',#919,.T.);
#38=FACE_BOUND('',#920,.T.);
#39=FACE_BOUND('',#921,.T.);
#40=FACE_BOUND('',#922,.T.);
#41=FACE_BOUND('',#923,.T.);
#42=FACE_BOUND('',#924,.T.);
#43=FACE_BOUND('',#925,.T.);
#44=FACE_BOUND('',#926,.T.);
#45=FACE_BOUND('',#927,.T.);
#46=FACE_BOUND('',#928,.T.);
#47=FACE_BOUND('',#929,.T.);
#48=FACE_BOUND('',#930,.T.);
#49=FACE_BOUND('',#931,.T.);
#50=FACE_BOUND('',#932,.T.);
#51=FACE_BOUND('',#933,.T.);
#52=FACE_BOUND('',#934,.T.);
#53=FACE_BOUND('',#950,.T.);
#54=FACE_BOUND('',#952,.T.);
#55=FACE_BOUND('',#953,.T.);
#56=FACE_BOUND('',#954,.T.);
#57=FACE_BOUND('',#957,.T.);
#58=FACE_BOUND('',#958,.T.);
#59=FACE_BOUND('',#959,.T.);
#60=FACE_BOUND('',#971,.T.);
#61=FACE_BOUND('',#974,.T.);
#62=FACE_BOUND('',#975,.T.);
#63=FACE_BOUND('',#976,.T.);
#64=FACE_BOUND('',#977,.T.);
#65=FACE_BOUND('',#978,.T.);
#66=FACE_BOUND('',#979,.T.);
#67=FACE_BOUND('',#980,.T.);
#68=FACE_BOUND('',#981,.T.);
#69=FACE_BOUND('',#983,.T.);
#70=FACE_BOUND('',#984,.T.);
#71=FACE_BOUND('',#985,.T.);
#72=FACE_BOUND('',#986,.T.);
#73=FACE_BOUND('',#987,.T.);
#74=FACE_BOUND('',#988,.T.);
#75=FACE_BOUND('',#989,.T.);
#76=FACE_BOUND('',#1016,.T.);
#77=FACE_BOUND('',#1021,.T.);
#78=FACE_BOUND('',#1024,.T.);
#79=B_SPLINE_SURFACE_WITH_KNOTS('',2,1,((#7436,#7437),(#7438,#7439),(#7440,
#7441)),.UNSPECIFIED.,.F.,.F.,.F.,(3,3),(2,2),(-1.,0.),(0.,26.947383025819),
 .UNSPECIFIED.);
#80=B_SPLINE_SURFACE_WITH_KNOTS('',2,1,((#7449,#7450),(#7451,#7452),(#7453,
#7454)),.UNSPECIFIED.,.F.,.F.,.F.,(3,3),(2,2),(-1.,0.),(0.,26.947383025819),
 .UNSPECIFIED.);
#81=B_SPLINE_SURFACE_WITH_KNOTS('',2,1,((#7460,#7461),(#7462,#7463),(#7464,
#7465)),.UNSPECIFIED.,.F.,.F.,.F.,(3,3),(2,2),(-1.,0.),(0.,26.947383025819),
 .UNSPECIFIED.);
#82=B_SPLINE_SURFACE_WITH_KNOTS('',2,1,((#7479,#7480),(#7481,#7482),(#7483,
#7484)),.UNSPECIFIED.,.F.,.F.,.F.,(3,3),(2,2),(-1.,0.),(0.,26.947383025819),
 .UNSPECIFIED.);
#83=B_SPLINE_SURFACE_WITH_KNOTS('',2,1,((#7490,#7491),(#7492,#7493),(#7494,
#7495)),.UNSPECIFIED.,.F.,.F.,.F.,(3,3),(2,2),(-1.,0.),(0.,26.947383025819),
 .UNSPECIFIED.);
#84=B_SPLINE_SURFACE_WITH_KNOTS('',2,1,((#7509,#7510),(#7511,#7512),(#7513,
#7514)),.UNSPECIFIED.,.F.,.F.,.F.,(3,3),(2,2),(-1.,0.),(0.,26.947383025819),
 .UNSPECIFIED.);
#85=B_SPLINE_SURFACE_WITH_KNOTS('',2,1,((#7520,#7521),(#7522,#7523),(#7524,
#7525)),.UNSPECIFIED.,.F.,.F.,.F.,(3,3),(2,2),(-1.,0.),(0.,26.947383025819),
 .UNSPECIFIED.);
#86=B_SPLINE_SURFACE_WITH_KNOTS('',2,1,((#7531,#7532),(#7533,#7534),(#7535,
#7536)),.UNSPECIFIED.,.F.,.F.,.F.,(3,3),(2,2),(-1.,0.),(0.,26.947383025819),
 .UNSPECIFIED.);
#87=B_SPLINE_SURFACE_WITH_KNOTS('',2,1,((#7546,#7547),(#7548,#7549),(#7550,
#7551)),.UNSPECIFIED.,.F.,.F.,.F.,(3,3),(2,2),(-1.,0.),(0.,26.947383025819),
 .UNSPECIFIED.);
#88=B_SPLINE_SURFACE_WITH_KNOTS('',2,1,((#7557,#7558),(#7559,#7560),(#7561,
#7562)),.UNSPECIFIED.,.F.,.F.,.F.,(3,3),(2,2),(-1.,0.),(0.,26.947383025819),
 .UNSPECIFIED.);
#89=B_SPLINE_SURFACE_WITH_KNOTS('',2,1,((#7576,#7577),(#7578,#7579),(#7580,
#7581)),.UNSPECIFIED.,.F.,.F.,.F.,(3,3),(2,2),(-1.,0.),(0.,26.947383025819),
 .UNSPECIFIED.);
#90=B_SPLINE_SURFACE_WITH_KNOTS('',2,1,((#7587,#7588),(#7589,#7590),(#7591,
#7592)),.UNSPECIFIED.,.F.,.F.,.F.,(3,3),(2,2),(-1.,0.),(0.,26.947383025819),
 .UNSPECIFIED.);
#91=B_SPLINE_SURFACE_WITH_KNOTS('',2,1,((#7600,#7601),(#7602,#7603),(#7604,
#7605)),.UNSPECIFIED.,.F.,.F.,.F.,(3,3),(2,2),(-1.,0.),(0.,26.947383025819),
 .UNSPECIFIED.);
#92=B_SPLINE_SURFACE_WITH_KNOTS('',2,1,((#7625,#7626),(#7627,#7628),(#7629,
#7630)),.UNSPECIFIED.,.F.,.F.,.F.,(3,3),(2,2),(-1.,0.),(0.,26.947383025819),
 .UNSPECIFIED.);
#93=B_SPLINE_SURFACE_WITH_KNOTS('',2,1,((#7641,#7642),(#7643,#7644),(#7645,
#7646)),.UNSPECIFIED.,.F.,.F.,.F.,(3,3),(2,2),(-1.,0.),(0.,26.947383025819),
 .UNSPECIFIED.);
#94=B_SPLINE_SURFACE_WITH_KNOTS('',2,1,((#7683,#7684),(#7685,#7686),(#7687,
#7688)),.UNSPECIFIED.,.F.,.F.,.F.,(3,3),(2,2),(-1.,0.),(0.,26.947383025819),
 .UNSPECIFIED.);
#95=B_SPLINE_SURFACE_WITH_KNOTS('',2,1,((#7699,#7700),(#7701,#7702),(#7703,
#7704)),.UNSPECIFIED.,.F.,.F.,.F.,(3,3),(2,2),(-1.,0.),(0.,26.947383025819),
 .UNSPECIFIED.);
#96=B_SPLINE_SURFACE_WITH_KNOTS('',2,1,((#7721,#7722),(#7723,#7724),(#7725,
#7726)),.UNSPECIFIED.,.F.,.F.,.F.,(3,3),(2,2),(-1.,0.),(0.,26.947383025819),
 .UNSPECIFIED.);
#97=B_SPLINE_SURFACE_WITH_KNOTS('',2,1,((#7737,#7738),(#7739,#7740),(#7741,
#7742)),.UNSPECIFIED.,.F.,.F.,.F.,(3,3),(2,2),(-1.,0.),(0.,26.947383025819),
 .UNSPECIFIED.);
#98=B_SPLINE_SURFACE_WITH_KNOTS('',2,1,((#7771,#7772),(#7773,#7774),(#7775,
#7776)),.UNSPECIFIED.,.F.,.F.,.F.,(3,3),(2,2),(-1.,0.),(0.,26.947383025819),
 .UNSPECIFIED.);
#99=B_SPLINE_SURFACE_WITH_KNOTS('',2,1,((#7810,#7811),(#7812,#7813),(#7814,
#7815)),.UNSPECIFIED.,.F.,.F.,.F.,(3,3),(2,2),(-1.,0.),(0.,26.947383025819),
 .UNSPECIFIED.);
#100=B_SPLINE_SURFACE_WITH_KNOTS('',2,1,((#7823,#7824),(#7825,#7826),(#7827,
#7828)),.UNSPECIFIED.,.F.,.F.,.F.,(3,3),(2,2),(-1.,0.),(0.,26.947383025819),
 .UNSPECIFIED.);
#101=B_SPLINE_SURFACE_WITH_KNOTS('',2,1,((#7838,#7839),(#7840,#7841),(#7842,
#7843)),.UNSPECIFIED.,.F.,.F.,.F.,(3,3),(2,2),(-1.,0.),(0.,26.947383025819),
 .UNSPECIFIED.);
#102=B_SPLINE_SURFACE_WITH_KNOTS('',2,1,((#7849,#7850),(#7851,#7852),(#7853,
#7854)),.UNSPECIFIED.,.F.,.F.,.F.,(3,3),(2,2),(-1.,0.),(0.,26.947383025819),
 .UNSPECIFIED.);
#103=B_SPLINE_SURFACE_WITH_KNOTS('',2,1,((#7871,#7872),(#7873,#7874),(#7875,
#7876),(#7877,#7878)),.UNSPECIFIED.,.F.,.F.,.F.,(3,1,3),(2,2),(-2.,-1.,
0.),(0.,26.947383025819),.UNSPECIFIED.);
#104=B_SPLINE_SURFACE_WITH_KNOTS('',2,1,((#7899,#7900),(#7901,#7902),(#7903,
#7904)),.UNSPECIFIED.,.F.,.F.,.F.,(3,3),(2,2),(-1.,0.),(0.,26.947383025819),
 .UNSPECIFIED.);
#105=B_SPLINE_SURFACE_WITH_KNOTS('',2,1,((#7921,#7922),(#7923,#7924),(#7925,
#7926)),.UNSPECIFIED.,.F.,.F.,.F.,(3,3),(2,2),(-1.,0.),(0.,26.947383025819),
 .UNSPECIFIED.);
#106=B_SPLINE_SURFACE_WITH_KNOTS('',2,1,((#7943,#7944),(#7945,#7946),(#7947,
#7948)),.UNSPECIFIED.,.F.,.F.,.F.,(3,3),(2,2),(-1.,0.),(0.,26.947383025819),
 .UNSPECIFIED.);
#107=B_SPLINE_SURFACE_WITH_KNOTS('',2,1,((#7959,#7960),(#7961,#7962),(#7963,
#7964)),.UNSPECIFIED.,.F.,.F.,.F.,(3,3),(2,2),(-1.,0.),(0.,26.947383025819),
 .UNSPECIFIED.);
#108=B_SPLINE_SURFACE_WITH_KNOTS('',2,1,((#7993,#7994),(#7995,#7996),(#7997,
#7998),(#7999,#8000)),.UNSPECIFIED.,.F.,.F.,.F.,(3,1,3),(2,2),(-2.,-1.,
0.),(0.,26.947383025819),.UNSPECIFIED.);
#109=B_SPLINE_SURFACE_WITH_KNOTS('',2,1,((#8021,#8022),(#8023,#8024),(#8025,
#8026),(#8027,#8028)),.UNSPECIFIED.,.F.,.F.,.F.,(3,1,3),(2,2),(-2.,-1.,
0.),(0.,26.947383025819),.UNSPECIFIED.);
#110=B_SPLINE_SURFACE_WITH_KNOTS('',2,1,((#8049,#8050),(#8051,#8052),(#8053,
#8054)),.UNSPECIFIED.,.F.,.F.,.F.,(3,3),(2,2),(-1.,0.),(0.,26.947383025819),
 .UNSPECIFIED.);
#111=B_SPLINE_SURFACE_WITH_KNOTS('',2,1,((#8065,#8066),(#8067,#8068),(#8069,
#8070)),.UNSPECIFIED.,.F.,.F.,.F.,(3,3),(2,2),(-1.,0.),(0.,26.947383025819),
 .UNSPECIFIED.);
#112=B_SPLINE_SURFACE_WITH_KNOTS('',2,1,((#8087,#8088),(#8089,#8090),(#8091,
#8092),(#8093,#8094)),.UNSPECIFIED.,.F.,.F.,.F.,(3,1,3),(2,2),(-2.,-1.,
0.),(0.,26.947383025819),.UNSPECIFIED.);
#113=B_SPLINE_SURFACE_WITH_KNOTS('',2,1,((#8188,#8189),(#8190,#8191),(#8192,
#8193)),.UNSPECIFIED.,.F.,.F.,.F.,(3,3),(2,2),(-1.,0.),(0.,26.947383025819),
 .UNSPECIFIED.);
#114=B_SPLINE_SURFACE_WITH_KNOTS('',2,1,((#8213,#8214),(#8215,#8216),(#8217,
#8218)),.UNSPECIFIED.,.F.,.F.,.F.,(3,3),(2,2),(-1.,0.),(0.,26.947383025819),
 .UNSPECIFIED.);
#115=B_SPLINE_SURFACE_WITH_KNOTS('',2,1,((#8224,#8225),(#8226,#8227),(#8228,
#8229)),.UNSPECIFIED.,.F.,.F.,.F.,(3,3),(2,2),(-1.,0.),(0.,26.947383025819),
 .UNSPECIFIED.);
#116=B_SPLINE_SURFACE_WITH_KNOTS('',2,1,((#8239,#8240),(#8241,#8242),(#8243,
#8244)),.UNSPECIFIED.,.F.,.F.,.F.,(3,3),(2,2),(-1.,0.),(0.,26.947383025819),
 .UNSPECIFIED.);
#117=B_SPLINE_SURFACE_WITH_KNOTS('',2,1,((#8250,#8251),(#8252,#8253),(#8254,
#8255)),.UNSPECIFIED.,.F.,.F.,.F.,(3,3),(2,2),(-1.,0.),(0.,26.947383025819),
 .UNSPECIFIED.);
#118=B_SPLINE_SURFACE_WITH_KNOTS('',2,1,((#8273,#8274),(#8275,#8276),(#8277,
#8278)),.UNSPECIFIED.,.F.,.F.,.F.,(3,3),(2,2),(-1.,0.),(0.,26.947383025819),
 .UNSPECIFIED.);
#119=B_SPLINE_SURFACE_WITH_KNOTS('',2,1,((#8284,#8285),(#8286,#8287),(#8288,
#8289)),.UNSPECIFIED.,.F.,.F.,.F.,(3,3),(2,2),(-1.,0.),(0.,26.947383025819),
 .UNSPECIFIED.);
#120=B_SPLINE_SURFACE_WITH_KNOTS('',2,1,((#8299,#8300),(#8301,#8302),(#8303,
#8304)),.UNSPECIFIED.,.F.,.F.,.F.,(3,3),(2,2),(-1.,0.),(0.,26.947383025819),
 .UNSPECIFIED.);
#121=B_SPLINE_SURFACE_WITH_KNOTS('',2,1,((#8308,#8309),(#8310,#8311),(#8312,
#8313)),.UNSPECIFIED.,.F.,.F.,.F.,(3,3),(2,2),(-1.,0.),(0.,26.947383025819),
 .UNSPECIFIED.);
#122=B_SPLINE_SURFACE_WITH_KNOTS('',2,1,((#8345,#8346),(#8347,#8348),(#8349,
#8350)),.UNSPECIFIED.,.F.,.F.,.F.,(3,3),(2,2),(-1.,0.),(0.,26.947383025819),
 .UNSPECIFIED.);
#123=B_SPLINE_SURFACE_WITH_KNOTS('',2,1,((#8361,#8362),(#8363,#8364),(#8365,
#8366)),.UNSPECIFIED.,.F.,.F.,.F.,(3,3),(2,2),(-1.,0.),(0.,26.947383025819),
 .UNSPECIFIED.);
#124=B_SPLINE_SURFACE_WITH_KNOTS('',2,1,((#8383,#8384),(#8385,#8386),(#8387,
#8388)),.UNSPECIFIED.,.F.,.F.,.F.,(3,3),(2,2),(-1.,0.),(0.,26.947383025819),
 .UNSPECIFIED.);
#125=B_SPLINE_SURFACE_WITH_KNOTS('',2,1,((#8413,#8414),(#8415,#8416),(#8417,
#8418)),.UNSPECIFIED.,.F.,.F.,.F.,(3,3),(2,2),(-1.,0.),(0.,26.947383025819),
 .UNSPECIFIED.);
#126=B_SPLINE_SURFACE_WITH_KNOTS('',2,1,((#8429,#8430),(#8431,#8432),(#8433,
#8434)),.UNSPECIFIED.,.F.,.F.,.F.,(3,3),(2,2),(-1.,0.),(0.,26.947383025819),
 .UNSPECIFIED.);
#127=B_SPLINE_SURFACE_WITH_KNOTS('',2,1,((#8457,#8458),(#8459,#8460),(#8461,
#8462)),.UNSPECIFIED.,.F.,.F.,.F.,(3,3),(2,2),(-1.,0.),(0.,26.947383025819),
 .UNSPECIFIED.);
#128=B_SPLINE_SURFACE_WITH_KNOTS('',2,1,((#8519,#8520),(#8521,#8522),(#8523,
#8524)),.UNSPECIFIED.,.F.,.F.,.F.,(3,3),(2,2),(-1.,0.),(0.,26.947383025819),
 .UNSPECIFIED.);
#129=B_SPLINE_SURFACE_WITH_KNOTS('',2,1,((#8534,#8535),(#8536,#8537),(#8538,
#8539)),.UNSPECIFIED.,.F.,.F.,.F.,(3,3),(2,2),(-1.,0.),(0.,26.947383025819),
 .UNSPECIFIED.);
#130=B_SPLINE_SURFACE_WITH_KNOTS('',2,1,((#8545,#8546),(#8547,#8548),(#8549,
#8550)),.UNSPECIFIED.,.F.,.F.,.F.,(3,3),(2,2),(-1.,0.),(0.,26.947383025819),
 .UNSPECIFIED.);
#131=B_SPLINE_SURFACE_WITH_KNOTS('',2,1,((#8564,#8565),(#8566,#8567),(#8568,
#8569)),.UNSPECIFIED.,.F.,.F.,.F.,(3,3),(2,2),(-1.,0.),(0.,26.947383025819),
 .UNSPECIFIED.);
#132=B_SPLINE_SURFACE_WITH_KNOTS('',2,1,((#8575,#8576),(#8577,#8578),(#8579,
#8580)),.UNSPECIFIED.,.F.,.F.,.F.,(3,3),(2,2),(-1.,0.),(0.,26.947383025819),
 .UNSPECIFIED.);
#133=B_SPLINE_SURFACE_WITH_KNOTS('',2,1,((#8584,#8585),(#8586,#8587),(#8588,
#8589),(#8590,#8591)),.UNSPECIFIED.,.F.,.F.,.F.,(3,1,3),(2,2),(-2.,-1.,
0.),(0.,26.947383025819),.UNSPECIFIED.);
#134=B_SPLINE_SURFACE_WITH_KNOTS('',2,1,((#8609,#8610),(#8611,#8612),(#8613,
#8614),(#8615,#8616)),.UNSPECIFIED.,.F.,.F.,.F.,(3,1,3),(2,2),(-2.,-1.,
0.),(0.,26.947383025819),.UNSPECIFIED.);
#135=B_SPLINE_SURFACE_WITH_KNOTS('',2,1,((#8646,#8647),(#8648,#8649),(#8650,
#8651),(#8652,#8653)),.UNSPECIFIED.,.F.,.F.,.F.,(3,1,3),(2,2),(0.,1.,2.),
(0.,26.947383025819),.UNSPECIFIED.);
#136=B_SPLINE_SURFACE_WITH_KNOTS('',2,1,((#8668,#8669),(#8670,#8671),(#8672,
#8673),(#8674,#8675)),.UNSPECIFIED.,.F.,.F.,.F.,(3,1,3),(2,2),(0.,1.,2.),
(0.,26.947383025819),.UNSPECIFIED.);
#137=B_SPLINE_SURFACE_WITH_KNOTS('',2,1,((#8690,#8691),(#8692,#8693),(#8694,
#8695),(#8696,#8697)),.UNSPECIFIED.,.F.,.F.,.F.,(3,1,3),(2,2),(-2.,-1.,
0.),(0.,26.947383025819),.UNSPECIFIED.);
#138=B_SPLINE_SURFACE_WITH_KNOTS('',2,1,((#8712,#8713),(#8714,#8715),(#8716,
#8717),(#8718,#8719)),.UNSPECIFIED.,.F.,.F.,.F.,(3,1,3),(2,2),(-2.,-1.,
0.),(0.,26.947383025819),.UNSPECIFIED.);
#139=B_SPLINE_SURFACE_WITH_KNOTS('',2,1,((#8737,#8738),(#8739,#8740),(#8741,
#8742),(#8743,#8744)),.UNSPECIFIED.,.F.,.F.,.F.,(3,1,3),(2,2),(0.,1.,2.),
(0.,26.947383025819),.UNSPECIFIED.);
#140=B_SPLINE_SURFACE_WITH_KNOTS('',2,1,((#8759,#8760),(#8761,#8762),(#8763,
#8764),(#8765,#8766)),.UNSPECIFIED.,.F.,.F.,.F.,(3,1,3),(2,2),(0.,1.,2.),
(0.,26.947383025819),.UNSPECIFIED.);
#141=B_SPLINE_SURFACE_WITH_KNOTS('',2,1,((#8850,#8851),(#8852,#8853),(#8854,
#8855)),.UNSPECIFIED.,.F.,.F.,.F.,(3,3),(2,2),(-1.,0.),(0.,26.947383025819),
 .UNSPECIFIED.);
#142=B_SPLINE_SURFACE_WITH_KNOTS('',2,1,((#8875,#8876),(#8877,#8878),(#8879,
#8880)),.UNSPECIFIED.,.F.,.F.,.F.,(3,3),(2,2),(-1.,0.),(0.,26.947383025819),
 .UNSPECIFIED.);
#143=B_SPLINE_SURFACE_WITH_KNOTS('',2,1,((#8886,#8887),(#8888,#8889),(#8890,
#8891)),.UNSPECIFIED.,.F.,.F.,.F.,(3,3),(2,2),(-1.,0.),(0.,26.947383025819),
 .UNSPECIFIED.);
#144=B_SPLINE_SURFACE_WITH_KNOTS('',2,1,((#8901,#8902),(#8903,#8904),(#8905,
#8906)),.UNSPECIFIED.,.F.,.F.,.F.,(3,3),(2,2),(-1.,0.),(0.,26.947383025819),
 .UNSPECIFIED.);
#145=B_SPLINE_SURFACE_WITH_KNOTS('',2,1,((#8912,#8913),(#8914,#8915),(#8916,
#8917)),.UNSPECIFIED.,.F.,.F.,.F.,(3,3),(2,2),(-1.,0.),(0.,26.947383025819),
 .UNSPECIFIED.);
#146=B_SPLINE_SURFACE_WITH_KNOTS('',2,1,((#8935,#8936),(#8937,#8938),(#8939,
#8940)),.UNSPECIFIED.,.F.,.F.,.F.,(3,3),(2,2),(-1.,0.),(0.,26.947383025819),
 .UNSPECIFIED.);
#147=B_SPLINE_SURFACE_WITH_KNOTS('',2,1,((#8946,#8947),(#8948,#8949),(#8950,
#8951)),.UNSPECIFIED.,.F.,.F.,.F.,(3,3),(2,2),(-1.,0.),(0.,26.947383025819),
 .UNSPECIFIED.);
#148=B_SPLINE_SURFACE_WITH_KNOTS('',2,1,((#8961,#8962),(#8963,#8964),(#8965,
#8966)),.UNSPECIFIED.,.F.,.F.,.F.,(3,3),(2,2),(-1.,0.),(0.,26.947383025819),
 .UNSPECIFIED.);
#149=B_SPLINE_SURFACE_WITH_KNOTS('',2,1,((#8979,#8980),(#8981,#8982),(#8983,
#8984)),.UNSPECIFIED.,.F.,.F.,.F.,(3,3),(2,2),(-1.,0.),(0.,26.947383025819),
 .UNSPECIFIED.);
#150=B_SPLINE_SURFACE_WITH_KNOTS('',2,1,((#8995,#8996),(#8997,#8998),(#8999,
#9000)),.UNSPECIFIED.,.F.,.F.,.F.,(3,3),(2,2),(-1.,0.),(0.,26.947383025819),
 .UNSPECIFIED.);
#151=B_SPLINE_SURFACE_WITH_KNOTS('',2,1,((#9023,#9024),(#9025,#9026),(#9027,
#9028)),.UNSPECIFIED.,.F.,.F.,.F.,(3,3),(2,2),(-1.,0.),(0.,26.947383025819),
 .UNSPECIFIED.);
#152=B_SPLINE_SURFACE_WITH_KNOTS('',2,1,((#9039,#9040),(#9041,#9042),(#9043,
#9044)),.UNSPECIFIED.,.F.,.F.,.F.,(3,3),(2,2),(-1.,0.),(0.,26.947383025819),
 .UNSPECIFIED.);
#153=B_SPLINE_SURFACE_WITH_KNOTS('',2,1,((#9061,#9062),(#9063,#9064),(#9065,
#9066)),.UNSPECIFIED.,.F.,.F.,.F.,(3,3),(2,2),(-1.,0.),(0.,26.947383025819),
 .UNSPECIFIED.);
#154=B_SPLINE_SURFACE_WITH_KNOTS('',2,1,((#9077,#9078),(#9079,#9080),(#9081,
#9082)),.UNSPECIFIED.,.F.,.F.,.F.,(3,3),(2,2),(-1.,0.),(0.,26.947383025819),
 .UNSPECIFIED.);
#155=B_SPLINE_SURFACE_WITH_KNOTS('',2,1,((#9093,#9094),(#9095,#9096),(#9097,
#9098)),.UNSPECIFIED.,.F.,.F.,.F.,(3,3),(2,2),(-1.,0.),(0.,26.947383025819),
 .UNSPECIFIED.);
#156=B_SPLINE_SURFACE_WITH_KNOTS('',2,1,((#9121,#9122),(#9123,#9124),(#9125,
#9126)),.UNSPECIFIED.,.F.,.F.,.F.,(3,3),(2,2),(-1.,0.),(0.,26.947383025819),
 .UNSPECIFIED.);
#157=B_SPLINE_SURFACE_WITH_KNOTS('',2,1,((#9137,#9138),(#9139,#9140),(#9141,
#9142)),.UNSPECIFIED.,.F.,.F.,.F.,(3,3),(2,2),(-1.,0.),(0.,26.947383025819),
 .UNSPECIFIED.);
#158=B_SPLINE_SURFACE_WITH_KNOTS('',2,1,((#9165,#9166),(#9167,#9168),(#9169,
#9170)),.UNSPECIFIED.,.F.,.F.,.F.,(3,3),(2,2),(-1.,0.),(0.,26.947383025819),
 .UNSPECIFIED.);
#159=B_SPLINE_SURFACE_WITH_KNOTS('',2,1,((#9181,#9182),(#9183,#9184),(#9185,
#9186)),.UNSPECIFIED.,.F.,.F.,.F.,(3,3),(2,2),(-1.,0.),(0.,26.947383025819),
 .UNSPECIFIED.);
#160=B_SPLINE_SURFACE_WITH_KNOTS('',2,1,((#9197,#9198),(#9199,#9200),(#9201,
#9202)),.UNSPECIFIED.,.F.,.F.,.F.,(3,3),(2,2),(-1.,0.),(0.,26.947383025819),
 .UNSPECIFIED.);
#161=B_SPLINE_SURFACE_WITH_KNOTS('',2,1,((#9299,#9300),(#9301,#9302),(#9303,
#9304),(#9305,#9306)),.UNSPECIFIED.,.F.,.F.,.F.,(3,1,3),(2,2),(-2.,-1.,
0.),(0.,26.947383025819),.UNSPECIFIED.);
#162=B_SPLINE_SURFACE_WITH_KNOTS('',2,1,((#9319,#9320),(#9321,#9322),(#9323,
#9324)),.UNSPECIFIED.,.F.,.F.,.F.,(3,3),(2,2),(-1.,0.),(0.,26.947383025819),
 .UNSPECIFIED.);
#163=B_SPLINE_SURFACE_WITH_KNOTS('',2,1,((#9330,#9331),(#9332,#9333),(#9334,
#9335)),.UNSPECIFIED.,.F.,.F.,.F.,(3,3),(2,2),(-1.,0.),(0.,26.947383025819),
 .UNSPECIFIED.);
#164=B_SPLINE_SURFACE_WITH_KNOTS('',2,1,((#9345,#9346),(#9347,#9348),(#9349,
#9350),(#9351,#9352)),.UNSPECIFIED.,.F.,.F.,.F.,(3,1,3),(2,2),(-2.,-1.,
0.),(0.,26.947383025819),.UNSPECIFIED.);
#165=B_SPLINE_SURFACE_WITH_KNOTS('',2,1,((#9363,#9364),(#9365,#9366),(#9367,
#9368),(#9369,#9370)),.UNSPECIFIED.,.F.,.F.,.F.,(3,1,3),(2,2),(-2.,-1.,
0.),(0.,26.947383025819),.UNSPECIFIED.);
#166=B_SPLINE_SURFACE_WITH_KNOTS('',2,1,((#9389,#9390),(#9391,#9392),(#9393,
#9394)),.UNSPECIFIED.,.F.,.F.,.F.,(3,3),(2,2),(-1.,0.),(0.,26.947383025819),
 .UNSPECIFIED.);
#167=B_SPLINE_SURFACE_WITH_KNOTS('',2,1,((#9400,#9401),(#9402,#9403),(#9404,
#9405)),.UNSPECIFIED.,.F.,.F.,.F.,(3,3),(2,2),(-1.,0.),(0.,26.947383025819),
 .UNSPECIFIED.);
#168=B_SPLINE_SURFACE_WITH_KNOTS('',2,1,((#9415,#9416),(#9417,#9418),(#9419,
#9420)),.UNSPECIFIED.,.F.,.F.,.F.,(3,3),(2,2),(-1.,0.),(0.,26.947383025819),
 .UNSPECIFIED.);
#169=B_SPLINE_SURFACE_WITH_KNOTS('',2,1,((#9430,#9431),(#9432,#9433),(#9434,
#9435)),.UNSPECIFIED.,.F.,.F.,.F.,(3,3),(2,2),(-1.,0.),(0.,26.947383025819),
 .UNSPECIFIED.);
#170=B_SPLINE_SURFACE_WITH_KNOTS('',2,1,((#9445,#9446),(#9447,#9448),(#9449,
#9450),(#9451,#9452)),.UNSPECIFIED.,.F.,.F.,.F.,(3,1,3),(2,2),(-2.,-1.,
0.),(0.,26.947383025819),.UNSPECIFIED.);
#171=B_SPLINE_SURFACE_WITH_KNOTS('',2,1,((#9470,#9471),(#9472,#9473),(#9474,
#9475)),.UNSPECIFIED.,.F.,.F.,.F.,(3,3),(2,2),(-1.,0.),(0.,26.947383025819),
 .UNSPECIFIED.);
#172=B_SPLINE_SURFACE_WITH_KNOTS('',2,1,((#9486,#9487),(#9488,#9489),(#9490,
#9491)),.UNSPECIFIED.,.F.,.F.,.F.,(3,3),(2,2),(-1.,0.),(0.,26.947383025819),
 .UNSPECIFIED.);
#173=B_SPLINE_SURFACE_WITH_KNOTS('',2,1,((#9516,#9517),(#9518,#9519),(#9520,
#9521)),.UNSPECIFIED.,.F.,.F.,.F.,(3,3),(2,2),(-1.,0.),(0.,26.947383025819),
 .UNSPECIFIED.);
#174=B_SPLINE_SURFACE_WITH_KNOTS('',2,1,((#9532,#9533),(#9534,#9535),(#9536,
#9537)),.UNSPECIFIED.,.F.,.F.,.F.,(3,3),(2,2),(-1.,0.),(0.,26.947383025819),
 .UNSPECIFIED.);
#175=B_SPLINE_SURFACE_WITH_KNOTS('',2,1,((#9596,#9597),(#9598,#9599),(#9600,
#9601)),.UNSPECIFIED.,.F.,.F.,.F.,(3,3),(2,2),(-1.,0.),(0.,26.947383025819),
 .UNSPECIFIED.);
#176=B_SPLINE_SURFACE_WITH_KNOTS('',2,1,((#9617,#9618),(#9619,#9620),(#9621,
#9622)),.UNSPECIFIED.,.F.,.F.,.F.,(3,3),(2,2),(-1.,0.),(0.,26.947383025819),
 .UNSPECIFIED.);
#177=B_SPLINE_SURFACE_WITH_KNOTS('',2,1,((#9628,#9629),(#9630,#9631),(#9632,
#9633)),.UNSPECIFIED.,.F.,.F.,.F.,(3,3),(2,2),(-1.,0.),(0.,26.947383025819),
 .UNSPECIFIED.);
#178=B_SPLINE_SURFACE_WITH_KNOTS('',2,1,((#9643,#9644),(#9645,#9646),(#9647,
#9648)),.UNSPECIFIED.,.F.,.F.,.F.,(3,3),(2,2),(-1.,0.),(0.,26.947383025819),
 .UNSPECIFIED.);
#179=B_SPLINE_SURFACE_WITH_KNOTS('',2,1,((#9658,#9659),(#9660,#9661),(#9662,
#9663)),.UNSPECIFIED.,.F.,.F.,.F.,(3,3),(2,2),(-1.,0.),(0.,26.947383025819),
 .UNSPECIFIED.);
#180=B_SPLINE_SURFACE_WITH_KNOTS('',2,1,((#9669,#9670),(#9671,#9672),(#9673,
#9674)),.UNSPECIFIED.,.F.,.F.,.F.,(3,3),(2,2),(-1.,0.),(0.,26.947383025819),
 .UNSPECIFIED.);
#181=B_SPLINE_SURFACE_WITH_KNOTS('',2,1,((#9692,#9693),(#9694,#9695),(#9696,
#9697)),.UNSPECIFIED.,.F.,.F.,.F.,(3,3),(2,2),(-1.,0.),(0.,26.947383025819),
 .UNSPECIFIED.);
#182=B_SPLINE_SURFACE_WITH_KNOTS('',2,1,((#9701,#9702),(#9703,#9704),(#9705,
#9706)),.UNSPECIFIED.,.F.,.F.,.F.,(3,3),(2,2),(-1.,0.),(0.,26.947383025819),
 .UNSPECIFIED.);
#183=B_SPLINE_SURFACE_WITH_KNOTS('',2,1,((#9726,#9727),(#9728,#9729),(#9730,
#9731)),.UNSPECIFIED.,.F.,.F.,.F.,(3,3),(2,2),(-1.,0.),(0.,26.947383025819),
 .UNSPECIFIED.);
#184=B_SPLINE_SURFACE_WITH_KNOTS('',2,1,((#9750,#9751),(#9752,#9753),(#9754,
#9755)),.UNSPECIFIED.,.F.,.F.,.F.,(3,3),(2,2),(-1.,0.),(0.,26.947383025819),
 .UNSPECIFIED.);
#185=B_SPLINE_SURFACE_WITH_KNOTS('',2,1,((#9784,#9785),(#9786,#9787),(#9788,
#9789)),.UNSPECIFIED.,.F.,.F.,.F.,(3,3),(2,2),(-1.,0.),(0.,26.947383025819),
 .UNSPECIFIED.);
#186=B_SPLINE_SURFACE_WITH_KNOTS('',2,1,((#9800,#9801),(#9802,#9803),(#9804,
#9805)),.UNSPECIFIED.,.F.,.F.,.F.,(3,3),(2,2),(-1.,0.),(0.,26.947383025819),
 .UNSPECIFIED.);
#187=B_SPLINE_SURFACE_WITH_KNOTS('',2,1,((#9822,#9823),(#9824,#9825),(#9826,
#9827)),.UNSPECIFIED.,.F.,.F.,.F.,(3,3),(2,2),(-1.,0.),(0.,26.947383025819),
 .UNSPECIFIED.);
#188=B_SPLINE_SURFACE_WITH_KNOTS('',2,1,((#9846,#9847),(#9848,#9849),(#9850,
#9851)),.UNSPECIFIED.,.F.,.F.,.F.,(3,3),(2,2),(-1.,0.),(0.,26.947383025819),
 .UNSPECIFIED.);
#189=B_SPLINE_SURFACE_WITH_KNOTS('',2,1,((#9880,#9881),(#9882,#9883),(#9884,
#9885)),.UNSPECIFIED.,.F.,.F.,.F.,(3,3),(2,2),(-1.,0.),(0.,26.947383025819),
 .UNSPECIFIED.);
#190=B_SPLINE_SURFACE_WITH_KNOTS('',2,1,((#9973,#9974),(#9975,#9976),(#9977,
#9978),(#9979,#9980)),.UNSPECIFIED.,.F.,.F.,.F.,(3,1,3),(2,2),(0.,1.,2.),
(0.,26.947383025819),.UNSPECIFIED.);
#191=B_SPLINE_SURFACE_WITH_KNOTS('',2,1,((#9987,#9988),(#9989,#9990),(#9991,
#9992),(#9993,#9994)),.UNSPECIFIED.,.F.,.F.,.F.,(3,1,3),(2,2),(0.,1.,2.),
(0.,26.947383025819),.UNSPECIFIED.);
#192=B_SPLINE_SURFACE_WITH_KNOTS('',2,1,((#10007,#10008),(#10009,#10010),
(#10011,#10012),(#10013,#10014)),.UNSPECIFIED.,.F.,.F.,.F.,(3,1,3),(2,2),
(-2.,-1.,0.),(0.,26.947383025819),.UNSPECIFIED.);
#193=B_SPLINE_SURFACE_WITH_KNOTS('',2,1,((#10021,#10022),(#10023,#10024),
(#10025,#10026),(#10027,#10028)),.UNSPECIFIED.,.F.,.F.,.F.,(3,1,3),(2,2),
(-2.,-1.,0.),(0.,26.947383025819),.UNSPECIFIED.);
#194=B_SPLINE_SURFACE_WITH_KNOTS('',2,1,((#10035,#10036),(#10037,#10038),
(#10039,#10040),(#10041,#10042)),.UNSPECIFIED.,.F.,.F.,.F.,(3,1,3),(2,2),
(0.,1.,2.),(0.,26.947383025819),.UNSPECIFIED.);
#195=B_SPLINE_SURFACE_WITH_KNOTS('',2,1,((#10049,#10050),(#10051,#10052),
(#10053,#10054),(#10055,#10056)),.UNSPECIFIED.,.F.,.F.,.F.,(3,1,3),(2,2),
(0.,1.,2.),(0.,26.947383025819),.UNSPECIFIED.);
#196=B_SPLINE_SURFACE_WITH_KNOTS('',2,1,((#10069,#10070),(#10071,#10072),
(#10073,#10074),(#10075,#10076)),.UNSPECIFIED.,.F.,.F.,.F.,(3,1,3),(2,2),
(-2.,-1.,0.),(0.,26.947383025819),.UNSPECIFIED.);
#197=B_SPLINE_SURFACE_WITH_KNOTS('',2,1,((#10083,#10084),(#10085,#10086),
(#10087,#10088),(#10089,#10090)),.UNSPECIFIED.,.F.,.F.,.F.,(3,1,3),(2,2),
(-2.,-1.,0.),(0.,26.947383025819),.UNSPECIFIED.);
#198=B_SPLINE_SURFACE_WITH_KNOTS('',2,1,((#10095,#10096),(#10097,#10098),
(#10099,#10100)),.UNSPECIFIED.,.F.,.F.,.F.,(3,3),(2,2),(-1.,0.),(0.,26.947383025819),
 .UNSPECIFIED.);
#199=B_SPLINE_SURFACE_WITH_KNOTS('',2,1,((#10114,#10115),(#10116,#10117),
(#10118,#10119)),.UNSPECIFIED.,.F.,.F.,.F.,(3,3),(2,2),(-1.,0.),(0.,26.947383025819),
 .UNSPECIFIED.);
#200=B_SPLINE_SURFACE_WITH_KNOTS('',2,1,((#10142,#10143),(#10144,#10145),
(#10146,#10147)),.UNSPECIFIED.,.F.,.F.,.F.,(3,3),(2,2),(-1.,0.),(0.,26.947383025819),
 .UNSPECIFIED.);
#201=B_SPLINE_SURFACE_WITH_KNOTS('',2,1,((#10158,#10159),(#10160,#10161),
(#10162,#10163)),.UNSPECIFIED.,.F.,.F.,.F.,(3,3),(2,2),(-1.,0.),(0.,26.947383025819),
 .UNSPECIFIED.);
#202=B_SPLINE_SURFACE_WITH_KNOTS('',2,1,((#10180,#10181),(#10182,#10183),
(#10184,#10185)),.UNSPECIFIED.,.F.,.F.,.F.,(3,3),(2,2),(-1.,0.),(0.,26.947383025819),
 .UNSPECIFIED.);
#203=B_SPLINE_SURFACE_WITH_KNOTS('',3,3,((#11207,#11208,#11209,#11210,#11211,
#11212,#11213,#11214,#11215,#11216,#11217,#11218,#11219,#11220,#11221,#11222),
(#11223,#11224,#11225,#11226,#11227,#11228,#11229,#11230,#11231,#11232,
#11233,#11234,#11235,#11236,#11237,#11238),(#11239,#11240,#11241,#11242,
#11243,#11244,#11245,#11246,#11247,#11248,#11249,#11250,#11251,#11252,#11253,
#11254),(#11255,#11256,#11257,#11258,#11259,#11260,#11261,#11262,#11263,
#11264,#11265,#11266,#11267,#11268,#11269,#11270)),.UNSPECIFIED.,.F.,.F.,
 .F.,(4,4),(4,1,1,1,1,1,2,1,1,1,1,1,4),(0.,0.70322793370658),(0.,0.0644146195107728,
0.128829239021546,0.253288728416837,0.284409016077106,0.377769879057912,
0.50132702481272,0.626273034438101,0.754438050590208,0.816375751893202,
0.878313453196197,0.939156726598098,1.),.UNSPECIFIED.);
#204=B_SPLINE_SURFACE_WITH_KNOTS('',3,3,((#11327,#11328,#11329,#11330,#11331,
#11332,#11333,#11334,#11335,#11336,#11337,#11338,#11339,#11340,#11341,#11342),
(#11343,#11344,#11345,#11346,#11347,#11348,#11349,#11350,#11351,#11352,
#11353,#11354,#11355,#11356,#11357,#11358),(#11359,#11360,#11361,#11362,
#11363,#11364,#11365,#11366,#11367,#11368,#11369,#11370,#11371,#11372,#11373,
#11374),(#11375,#11376,#11377,#11378,#11379,#11380,#11381,#11382,#11383,
#11384,#11385,#11386,#11387,#11388,#11389,#11390)),.UNSPECIFIED.,.F.,.F.,
 .F.,(4,4),(4,1,1,1,1,1,2,1,1,1,1,1,4),(0.,0.70322793370658),(0.,0.0644146195107728,
0.128829239021546,0.253288728416837,0.284409016077106,0.377769879057912,
0.50132702481272,0.626273034438101,0.754438050590208,0.816375751893202,
0.878313453196197,0.939156726598098,1.),.UNSPECIFIED.);
#205=B_SPLINE_SURFACE_WITH_KNOTS('',3,3,((#11462,#11463,#11464,#11465,#11466,
#11467,#11468,#11469,#11470,#11471,#11472,#11473,#11474,#11475,#11476,#11477),
(#11478,#11479,#11480,#11481,#11482,#11483,#11484,#11485,#11486,#11487,
#11488,#11489,#11490,#11491,#11492,#11493),(#11494,#11495,#11496,#11497,
#11498,#11499,#11500,#11501,#11502,#11503,#11504,#11505,#11506,#11507,#11508,
#11509),(#11510,#11511,#11512,#11513,#11514,#11515,#11516,#11517,#11518,
#11519,#11520,#11521,#11522,#11523,#11524,#11525)),.UNSPECIFIED.,.F.,.F.,
 .F.,(4,4),(4,1,1,1,1,1,2,1,1,1,1,1,4),(0.,0.70322793370658),(0.,0.0644146195107728,
0.128829239021546,0.253288728416837,0.284409016077106,0.377769879057912,
0.50132702481272,0.626273034438101,0.754438050590208,0.816375751893202,
0.878313453196197,0.939156726598098,1.),.UNSPECIFIED.);
#206=B_SPLINE_SURFACE_WITH_KNOTS('',3,3,((#11546,#11547,#11548,#11549,#11550,
#11551,#11552,#11553,#11554,#11555,#11556,#11557,#11558,#11559,#11560,#11561),
(#11562,#11563,#11564,#11565,#11566,#11567,#11568,#11569,#11570,#11571,
#11572,#11573,#11574,#11575,#11576,#11577),(#11578,#11579,#11580,#11581,
#11582,#11583,#11584,#11585,#11586,#11587,#11588,#11589,#11590,#11591,#11592,
#11593),(#11594,#11595,#11596,#11597,#11598,#11599,#11600,#11601,#11602,
#11603,#11604,#11605,#11606,#11607,#11608,#11609)),.UNSPECIFIED.,.F.,.F.,
 .F.,(4,4),(4,1,1,1,1,1,2,1,1,1,1,1,4),(0.,0.70322793370658),(0.,0.0644146195107728,
0.128829239021546,0.253288728416837,0.284409016077106,0.377769879057912,
0.50132702481272,0.626273034438101,0.754438050590208,0.816375751893202,
0.878313453196197,0.939156726598098,1.),.UNSPECIFIED.);
#207=PLANE('',#6013);
#208=PLANE('',#6014);
#209=PLANE('',#6015);
#210=PLANE('',#6016);
#211=PLANE('',#6017);
#212=PLANE('',#6018);
#213=PLANE('',#6019);
#214=PLANE('',#6020);
#215=PLANE('',#6021);
#216=PLANE('',#6022);
#217=PLANE('',#6023);
#218=PLANE('',#6024);
#219=PLANE('',#6025);
#220=PLANE('',#6026);
#221=PLANE('',#6027);
#222=PLANE('',#6028);
#223=PLANE('',#6029);
#224=PLANE('',#6030);
#225=PLANE('',#6031);
#226=PLANE('',#6032);
#227=PLANE('',#6033);
#228=PLANE('',#6034);
#229=PLANE('',#6035);
#230=PLANE('',#6036);
#231=PLANE('',#6037);
#232=PLANE('',#6038);
#233=PLANE('',#6039);
#234=PLANE('',#6040);
#235=PLANE('',#6041);
#236=PLANE('',#6042);
#237=PLANE('',#6043);
#238=PLANE('',#6044);
#239=PLANE('',#6045);
#240=PLANE('',#6046);
#241=PLANE('',#6047);
#242=PLANE('',#6048);
#243=PLANE('',#6049);
#244=PLANE('',#6050);
#245=PLANE('',#6051);
#246=PLANE('',#6052);
#247=PLANE('',#6053);
#248=PLANE('',#6054);
#249=PLANE('',#6055);
#250=PLANE('',#6056);
#251=PLANE('',#6057);
#252=PLANE('',#6058);
#253=PLANE('',#6059);
#254=PLANE('',#6060);
#255=PLANE('',#6061);
#256=PLANE('',#6062);
#257=PLANE('',#6063);
#258=PLANE('',#6064);
#259=PLANE('',#6065);
#260=PLANE('',#6066);
#261=PLANE('',#6067);
#262=PLANE('',#6068);
#263=PLANE('',#6069);
#264=PLANE('',#6070);
#265=PLANE('',#6071);
#266=PLANE('',#6072);
#267=PLANE('',#6073);
#268=PLANE('',#6074);
#269=PLANE('',#6075);
#270=PLANE('',#6076);
#271=PLANE('',#6077);
#272=PLANE('',#6078);
#273=PLANE('',#6079);
#274=PLANE('',#6080);
#275=PLANE('',#6081);
#276=PLANE('',#6082);
#277=PLANE('',#6083);
#278=PLANE('',#6084);
#279=PLANE('',#6085);
#280=PLANE('',#6086);
#281=PLANE('',#6087);
#282=PLANE('',#6088);
#283=PLANE('',#6089);
#284=PLANE('',#6090);
#285=PLANE('',#6091);
#286=PLANE('',#6092);
#287=PLANE('',#6093);
#288=PLANE('',#6094);
#289=PLANE('',#6095);
#290=PLANE('',#6096);
#291=PLANE('',#6097);
#292=PLANE('',#6098);
#293=PLANE('',#6099);
#294=PLANE('',#6100);
#295=PLANE('',#6101);
#296=PLANE('',#6102);
#297=PLANE('',#6103);
#298=PLANE('',#6104);
#299=PLANE('',#6105);
#300=PLANE('',#6106);
#301=PLANE('',#6107);
#302=PLANE('',#6108);
#303=PLANE('',#6109);
#304=PLANE('',#6110);
#305=PLANE('',#6111);
#306=PLANE('',#6112);
#307=PLANE('',#6113);
#308=PLANE('',#6114);
#309=PLANE('',#6115);
#310=PLANE('',#6116);
#311=PLANE('',#6117);
#312=PLANE('',#6118);
#313=PLANE('',#6119);
#314=PLANE('',#6120);
#315=PLANE('',#6121);
#316=PLANE('',#6122);
#317=PLANE('',#6123);
#318=PLANE('',#6124);
#319=PLANE('',#6125);
#320=PLANE('',#6126);
#321=PLANE('',#6127);
#322=PLANE('',#6128);
#323=PLANE('',#6129);
#324=PLANE('',#6130);
#325=PLANE('',#6131);
#326=PLANE('',#6136);
#327=PLANE('',#6174);
#328=PLANE('',#6208);
#329=PLANE('',#6218);
#330=PLANE('',#6229);
#331=PLANE('',#6230);
#332=PLANE('',#6231);
#333=PLANE('',#6232);
#334=PLANE('',#6240);
#335=PLANE('',#6241);
#336=PLANE('',#6242);
#337=PLANE('',#6243);
#338=PLANE('',#6246);
#339=PLANE('',#6260);
#340=PLANE('',#6263);
#341=PLANE('',#6267);
#342=STYLED_ITEM('',(#11729),#5677);
#343=STYLED_ITEM('',(#11729),#5714);
#344=STYLED_ITEM('',(#11729),#5715);
#345=STYLED_ITEM('',(#11729),#5742);
#346=STYLED_ITEM('',(#11729),#5743);
#347=STYLED_ITEM('',(#11729),#5774);
#348=STYLED_ITEM('',(#11729),#5775);
#349=STYLED_ITEM('',(#11729),#5797);
#350=STYLED_ITEM('',(#11729),#5798);
#351=STYLED_ITEM('',(#11729),#5835);
#352=STYLED_ITEM('',(#11729),#5836);
#353=STYLED_ITEM('',(#11729),#5863);
#354=STYLED_ITEM('',(#11729),#5864);
#355=STYLED_ITEM('',(#11729),#5895);
#356=STYLED_ITEM('',(#11729),#5896);
#357=STYLED_ITEM('',(#11729),#5918);
#358=STYLED_ITEM('',(#11728),#13);
#359=FACE_OUTER_BOUND('',#671,.T.);
#360=FACE_OUTER_BOUND('',#672,.T.);
#361=FACE_OUTER_BOUND('',#673,.T.);
#362=FACE_OUTER_BOUND('',#674,.T.);
#363=FACE_OUTER_BOUND('',#675,.T.);
#364=FACE_OUTER_BOUND('',#676,.T.);
#365=FACE_OUTER_BOUND('',#677,.T.);
#366=FACE_OUTER_BOUND('',#678,.T.);
#367=FACE_OUTER_BOUND('',#679,.T.);
#368=FACE_OUTER_BOUND('',#680,.T.);
#369=FACE_OUTER_BOUND('',#681,.T.);
#370=FACE_OUTER_BOUND('',#682,.T.);
#371=FACE_OUTER_BOUND('',#683,.T.);
#372=FACE_OUTER_BOUND('',#684,.T.);
#373=FACE_OUTER_BOUND('',#685,.T.);
#374=FACE_OUTER_BOUND('',#686,.T.);
#375=FACE_OUTER_BOUND('',#687,.T.);
#376=FACE_OUTER_BOUND('',#688,.T.);
#377=FACE_OUTER_BOUND('',#689,.T.);
#378=FACE_OUTER_BOUND('',#690,.T.);
#379=FACE_OUTER_BOUND('',#691,.T.);
#380=FACE_OUTER_BOUND('',#692,.T.);
#381=FACE_OUTER_BOUND('',#693,.T.);
#382=FACE_OUTER_BOUND('',#694,.T.);
#383=FACE_OUTER_BOUND('',#695,.T.);
#384=FACE_OUTER_BOUND('',#696,.T.);
#385=FACE_OUTER_BOUND('',#697,.T.);
#386=FACE_OUTER_BOUND('',#698,.T.);
#387=FACE_OUTER_BOUND('',#699,.T.);
#388=FACE_OUTER_BOUND('',#700,.T.);
#389=FACE_OUTER_BOUND('',#701,.T.);
#390=FACE_OUTER_BOUND('',#702,.T.);
#391=FACE_OUTER_BOUND('',#703,.T.);
#392=FACE_OUTER_BOUND('',#704,.T.);
#393=FACE_OUTER_BOUND('',#705,.T.);
#394=FACE_OUTER_BOUND('',#706,.T.);
#395=FACE_OUTER_BOUND('',#707,.T.);
#396=FACE_OUTER_BOUND('',#708,.T.);
#397=FACE_OUTER_BOUND('',#709,.T.);
#398=FACE_OUTER_BOUND('',#710,.T.);
#399=FACE_OUTER_BOUND('',#711,.T.);
#400=FACE_OUTER_BOUND('',#712,.T.);
#401=FACE_OUTER_BOUND('',#713,.T.);
#402=FACE_OUTER_BOUND('',#714,.T.);
#403=FACE_OUTER_BOUND('',#715,.T.);
#404=FACE_OUTER_BOUND('',#716,.T.);
#405=FACE_OUTER_BOUND('',#717,.T.);
#406=FACE_OUTER_BOUND('',#718,.T.);
#407=FACE_OUTER_BOUND('',#719,.T.);
#408=FACE_OUTER_BOUND('',#720,.T.);
#409=FACE_OUTER_BOUND('',#721,.T.);
#410=FACE_OUTER_BOUND('',#722,.T.);
#411=FACE_OUTER_BOUND('',#723,.T.);
#412=FACE_OUTER_BOUND('',#724,.T.);
#413=FACE_OUTER_BOUND('',#725,.T.);
#414=FACE_OUTER_BOUND('',#726,.T.);
#415=FACE_OUTER_BOUND('',#727,.T.);
#416=FACE_OUTER_BOUND('',#728,.T.);
#417=FACE_OUTER_BOUND('',#729,.T.);
#418=FACE_OUTER_BOUND('',#730,.T.);
#419=FACE_OUTER_BOUND('',#731,.T.);
#420=FACE_OUTER_BOUND('',#732,.T.);
#421=FACE_OUTER_BOUND('',#733,.T.);
#422=FACE_OUTER_BOUND('',#734,.T.);
#423=FACE_OUTER_BOUND('',#735,.T.);
#424=FACE_OUTER_BOUND('',#736,.T.);
#425=FACE_OUTER_BOUND('',#737,.T.);
#426=FACE_OUTER_BOUND('',#738,.T.);
#427=FACE_OUTER_BOUND('',#739,.T.);
#428=FACE_OUTER_BOUND('',#740,.T.);
#429=FACE_OUTER_BOUND('',#741,.T.);
#430=FACE_OUTER_BOUND('',#742,.T.);
#431=FACE_OUTER_BOUND('',#743,.T.);
#432=FACE_OUTER_BOUND('',#744,.T.);
#433=FACE_OUTER_BOUND('',#745,.T.);
#434=FACE_OUTER_BOUND('',#746,.T.);
#435=FACE_OUTER_BOUND('',#747,.T.);
#436=FACE_OUTER_BOUND('',#748,.T.);
#437=FACE_OUTER_BOUND('',#749,.T.);
#438=FACE_OUTER_BOUND('',#750,.T.);
#439=FACE_OUTER_BOUND('',#751,.T.);
#440=FACE_OUTER_BOUND('',#752,.T.);
#441=FACE_OUTER_BOUND('',#753,.T.);
#442=FACE_OUTER_BOUND('',#754,.T.);
#443=FACE_OUTER_BOUND('',#755,.T.);
#444=FACE_OUTER_BOUND('',#756,.T.);
#445=FACE_OUTER_BOUND('',#757,.T.);
#446=FACE_OUTER_BOUND('',#758,.T.);
#447=FACE_OUTER_BOUND('',#759,.T.);
#448=FACE_OUTER_BOUND('',#760,.T.);
#449=FACE_OUTER_BOUND('',#761,.T.);
#450=FACE_OUTER_BOUND('',#762,.T.);
#451=FACE_OUTER_BOUND('',#763,.T.);
#452=FACE_OUTER_BOUND('',#764,.T.);
#453=FACE_OUTER_BOUND('',#765,.T.);
#454=FACE_OUTER_BOUND('',#766,.T.);
#455=FACE_OUTER_BOUND('',#767,.T.);
#456=FACE_OUTER_BOUND('',#768,.T.);
#457=FACE_OUTER_BOUND('',#769,.T.);
#458=FACE_OUTER_BOUND('',#770,.T.);
#459=FACE_OUTER_BOUND('',#771,.T.);
#460=FACE_OUTER_BOUND('',#772,.T.);
#461=FACE_OUTER_BOUND('',#773,.T.);
#462=FACE_OUTER_BOUND('',#774,.T.);
#463=FACE_OUTER_BOUND('',#775,.T.);
#464=FACE_OUTER_BOUND('',#776,.T.);
#465=FACE_OUTER_BOUND('',#777,.T.);
#466=FACE_OUTER_BOUND('',#778,.T.);
#467=FACE_OUTER_BOUND('',#779,.T.);
#468=FACE_OUTER_BOUND('',#780,.T.);
#469=FACE_OUTER_BOUND('',#781,.T.);
#470=FACE_OUTER_BOUND('',#782,.T.);
#471=FACE_OUTER_BOUND('',#783,.T.);
#472=FACE_OUTER_BOUND('',#784,.T.);
#473=FACE_OUTER_BOUND('',#785,.T.);
#474=FACE_OUTER_BOUND('',#786,.T.);
#475=FACE_OUTER_BOUND('',#787,.T.);
#476=FACE_OUTER_BOUND('',#788,.T.);
#477=FACE_OUTER_BOUND('',#789,.T.);
#478=FACE_OUTER_BOUND('',#790,.T.);
#479=FACE_OUTER_BOUND('',#791,.T.);
#480=FACE_OUTER_BOUND('',#792,.T.);
#481=FACE_OUTER_BOUND('',#793,.T.);
#482=FACE_OUTER_BOUND('',#795,.T.);
#483=FACE_OUTER_BOUND('',#796,.T.);
#484=FACE_OUTER_BOUND('',#797,.T.);
#485=FACE_OUTER_BOUND('',#798,.T.);
#486=FACE_OUTER_BOUND('',#799,.T.);
#487=FACE_OUTER_BOUND('',#800,.T.);
#488=FACE_OUTER_BOUND('',#801,.T.);
#489=FACE_OUTER_BOUND('',#802,.T.);
#490=FACE_OUTER_BOUND('',#803,.T.);
#491=FACE_OUTER_BOUND('',#804,.T.);
#492=FACE_OUTER_BOUND('',#805,.T.);
#493=FACE_OUTER_BOUND('',#806,.T.);
#494=FACE_OUTER_BOUND('',#807,.T.);
#495=FACE_OUTER_BOUND('',#808,.T.);
#496=FACE_OUTER_BOUND('',#809,.T.);
#497=FACE_OUTER_BOUND('',#810,.T.);
#498=FACE_OUTER_BOUND('',#811,.T.);
#499=FACE_OUTER_BOUND('',#812,.T.);
#500=FACE_OUTER_BOUND('',#813,.T.);
#501=FACE_OUTER_BOUND('',#814,.T.);
#502=FACE_OUTER_BOUND('',#815,.T.);
#503=FACE_OUTER_BOUND('',#816,.T.);
#504=FACE_OUTER_BOUND('',#817,.T.);
#505=FACE_OUTER_BOUND('',#818,.T.);
#506=FACE_OUTER_BOUND('',#819,.T.);
#507=FACE_OUTER_BOUND('',#820,.T.);
#508=FACE_OUTER_BOUND('',#821,.T.);
#509=FACE_OUTER_BOUND('',#822,.T.);
#510=FACE_OUTER_BOUND('',#823,.T.);
#511=FACE_OUTER_BOUND('',#824,.T.);
#512=FACE_OUTER_BOUND('',#825,.T.);
#513=FACE_OUTER_BOUND('',#826,.T.);
#514=FACE_OUTER_BOUND('',#827,.T.);
#515=FACE_OUTER_BOUND('',#828,.T.);
#516=FACE_OUTER_BOUND('',#829,.T.);
#517=FACE_OUTER_BOUND('',#830,.T.);
#518=FACE_OUTER_BOUND('',#831,.T.);
#519=FACE_OUTER_BOUND('',#832,.T.);
#520=FACE_OUTER_BOUND('',#833,.T.);
#521=FACE_OUTER_BOUND('',#834,.T.);
#522=FACE_OUTER_BOUND('',#835,.T.);
#523=FACE_OUTER_BOUND('',#836,.T.);
#524=FACE_OUTER_BOUND('',#837,.T.);
#525=FACE_OUTER_BOUND('',#838,.T.);
#526=FACE_OUTER_BOUND('',#839,.T.);
#527=FACE_OUTER_BOUND('',#840,.T.);
#528=FACE_OUTER_BOUND('',#841,.T.);
#529=FACE_OUTER_BOUND('',#842,.T.);
#530=FACE_OUTER_BOUND('',#843,.T.);
#531=FACE_OUTER_BOUND('',#844,.T.);
#532=FACE_OUTER_BOUND('',#845,.T.);
#533=FACE_OUTER_BOUND('',#846,.T.);
#534=FACE_OUTER_BOUND('',#847,.T.);
#535=FACE_OUTER_BOUND('',#848,.T.);
#536=FACE_OUTER_BOUND('',#849,.T.);
#537=FACE_OUTER_BOUND('',#850,.T.);
#538=FACE_OUTER_BOUND('',#851,.T.);
#539=FACE_OUTER_BOUND('',#852,.T.);
#540=FACE_OUTER_BOUND('',#853,.T.);
#541=FACE_OUTER_BOUND('',#854,.T.);
#542=FACE_OUTER_BOUND('',#855,.T.);
#543=FACE_OUTER_BOUND('',#856,.T.);
#544=FACE_OUTER_BOUND('',#857,.T.);
#545=FACE_OUTER_BOUND('',#858,.T.);
#546=FACE_OUTER_BOUND('',#859,.T.);
#547=FACE_OUTER_BOUND('',#860,.T.);
#548=FACE_OUTER_BOUND('',#861,.T.);
#549=FACE_OUTER_BOUND('',#862,.T.);
#550=FACE_OUTER_BOUND('',#863,.T.);
#551=FACE_OUTER_BOUND('',#864,.T.);
#552=FACE_OUTER_BOUND('',#865,.T.);
#553=FACE_OUTER_BOUND('',#866,.T.);
#554=FACE_OUTER_BOUND('',#867,.T.);
#555=FACE_OUTER_BOUND('',#868,.T.);
#556=FACE_OUTER_BOUND('',#869,.T.);
#557=FACE_OUTER_BOUND('',#870,.T.);
#558=FACE_OUTER_BOUND('',#871,.T.);
#559=FACE_OUTER_BOUND('',#872,.T.);
#560=FACE_OUTER_BOUND('',#873,.T.);
#561=FACE_OUTER_BOUND('',#874,.T.);
#562=FACE_OUTER_BOUND('',#875,.T.);
#563=FACE_OUTER_BOUND('',#876,.T.);
#564=FACE_OUTER_BOUND('',#877,.T.);
#565=FACE_OUTER_BOUND('',#878,.T.);
#566=FACE_OUTER_BOUND('',#879,.T.);
#567=FACE_OUTER_BOUND('',#880,.T.);
#568=FACE_OUTER_BOUND('',#881,.T.);
#569=FACE_OUTER_BOUND('',#882,.T.);
#570=FACE_OUTER_BOUND('',#883,.T.);
#571=FACE_OUTER_BOUND('',#884,.T.);
#572=FACE_OUTER_BOUND('',#885,.T.);
#573=FACE_OUTER_BOUND('',#886,.T.);
#574=FACE_OUTER_BOUND('',#887,.T.);
#575=FACE_OUTER_BOUND('',#888,.T.);
#576=FACE_OUTER_BOUND('',#889,.T.);
#577=FACE_OUTER_BOUND('',#890,.T.);
#578=FACE_OUTER_BOUND('',#891,.T.);
#579=FACE_OUTER_BOUND('',#892,.T.);
#580=FACE_OUTER_BOUND('',#893,.T.);
#581=FACE_OUTER_BOUND('',#895,.T.);
#582=FACE_OUTER_BOUND('',#896,.T.);
#583=FACE_OUTER_BOUND('',#897,.T.);
#584=FACE_OUTER_BOUND('',#898,.T.);
#585=FACE_OUTER_BOUND('',#899,.T.);
#586=FACE_OUTER_BOUND('',#900,.T.);
#587=FACE_OUTER_BOUND('',#901,.T.);
#588=FACE_OUTER_BOUND('',#902,.T.);
#589=FACE_OUTER_BOUND('',#903,.T.);
#590=FACE_OUTER_BOUND('',#904,.T.);
#591=FACE_OUTER_BOUND('',#905,.T.);
#592=FACE_OUTER_BOUND('',#906,.T.);
#593=FACE_OUTER_BOUND('',#907,.T.);
#594=FACE_OUTER_BOUND('',#908,.T.);
#595=FACE_OUTER_BOUND('',#909,.T.);
#596=FACE_OUTER_BOUND('',#910,.T.);
#597=FACE_OUTER_BOUND('',#911,.T.);
#598=FACE_OUTER_BOUND('',#912,.T.);
#599=FACE_OUTER_BOUND('',#913,.T.);
#600=FACE_OUTER_BOUND('',#914,.T.);
#601=FACE_OUTER_BOUND('',#915,.T.);
#602=FACE_OUTER_BOUND('',#916,.T.);
#603=FACE_OUTER_BOUND('',#917,.T.);
#604=FACE_OUTER_BOUND('',#935,.T.);
#605=FACE_OUTER_BOUND('',#936,.T.);
#606=FACE_OUTER_BOUND('',#937,.T.);
#607=FACE_OUTER_BOUND('',#938,.T.);
#608=FACE_OUTER_BOUND('',#939,.T.);
#609=FACE_OUTER_BOUND('',#940,.T.);
#610=FACE_OUTER_BOUND('',#941,.T.);
#611=FACE_OUTER_BOUND('',#942,.T.);
#612=FACE_OUTER_BOUND('',#943,.T.);
#613=FACE_OUTER_BOUND('',#944,.T.);
#614=FACE_OUTER_BOUND('',#945,.T.);
#615=FACE_OUTER_BOUND('',#946,.T.);
#616=FACE_OUTER_BOUND('',#947,.T.);
#617=FACE_OUTER_BOUND('',#948,.T.);
#618=FACE_OUTER_BOUND('',#949,.T.);
#619=FACE_OUTER_BOUND('',#951,.T.);
#620=FACE_OUTER_BOUND('',#955,.T.);
#621=FACE_OUTER_BOUND('',#956,.T.);
#622=FACE_OUTER_BOUND('',#960,.T.);
#623=FACE_OUTER_BOUND('',#961,.T.);
#624=FACE_OUTER_BOUND('',#962,.T.);
#625=FACE_OUTER_BOUND('',#963,.T.);
#626=FACE_OUTER_BOUND('',#964,.T.);
#627=FACE_OUTER_BOUND('',#965,.T.);
#628=FACE_OUTER_BOUND('',#966,.T.);
#629=FACE_OUTER_BOUND('',#967,.T.);
#630=FACE_OUTER_BOUND('',#968,.T.);
#631=FACE_OUTER_BOUND('',#969,.T.);
#632=FACE_OUTER_BOUND('',#970,.T.);
#633=FACE_OUTER_BOUND('',#972,.T.);
#634=FACE_OUTER_BOUND('',#973,.T.);
#635=FACE_OUTER_BOUND('',#982,.T.);
#636=FACE_OUTER_BOUND('',#990,.T.);
#637=FACE_OUTER_BOUND('',#991,.T.);
#638=FACE_OUTER_BOUND('',#992,.T.);
#639=FACE_OUTER_BOUND('',#993,.T.);
#640=FACE_OUTER_BOUND('',#994,.T.);
#641=FACE_OUTER_BOUND('',#995,.T.);
#642=FACE_OUTER_BOUND('',#996,.T.);
#643=FACE_OUTER_BOUND('',#997,.T.);
#644=FACE_OUTER_BOUND('',#998,.T.);
#645=FACE_OUTER_BOUND('',#999,.T.);
#646=FACE_OUTER_BOUND('',#1000,.T.);
#647=FACE_OUTER_BOUND('',#1001,.T.);
#648=FACE_OUTER_BOUND('',#1002,.T.);
#649=FACE_OUTER_BOUND('',#1003,.T.);
#650=FACE_OUTER_BOUND('',#1004,.T.);
#651=FACE_OUTER_BOUND('',#1005,.T.);
#652=FACE_OUTER_BOUND('',#1006,.T.);
#653=FACE_OUTER_BOUND('',#1007,.T.);
#654=FACE_OUTER_BOUND('',#1008,.T.);
#655=FACE_OUTER_BOUND('',#1009,.T.);
#656=FACE_OUTER_BOUND('',#1010,.T.);
#657=FACE_OUTER_BOUND('',#1011,.T.);
#658=FACE_OUTER_BOUND('',#1012,.T.);
#659=FACE_OUTER_BOUND('',#1013,.T.);
#660=FACE_OUTER_BOUND('',#1014,.T.);
#661=FACE_OUTER_BOUND('',#1015,.T.);
#662=FACE_OUTER_BOUND('',#1017,.T.);
#663=FACE_OUTER_BOUND('',#1018,.T.);
#664=FACE_OUTER_BOUND('',#1019,.T.);
#665=FACE_OUTER_BOUND('',#1020,.T.);
#666=FACE_OUTER_BOUND('',#1022,.T.);
#667=FACE_OUTER_BOUND('',#1023,.T.);
#668=FACE_OUTER_BOUND('',#1025,.T.);
#669=FACE_OUTER_BOUND('',#1026,.T.);
#670=FACE_OUTER_BOUND('',#1027,.T.);
#671=EDGE_LOOP('',(#3882,#3883,#3884));
#672=EDGE_LOOP('',(#3885,#3886,#3887,#3888,#3889,#3890,#3891,#3892));
#673=EDGE_LOOP('',(#3893,#3894,#3895,#3896,#3897,#3898,#3899,#3900,#3901,
#3902,#3903,#3904,#3905,#3906,#3907,#3908,#3909,#3910,#3911,#3912));
#674=EDGE_LOOP('',(#3913,#3914,#3915,#3916));
#675=EDGE_LOOP('',(#3917,#3918,#3919,#3920));
#676=EDGE_LOOP('',(#3921,#3922,#3923,#3924));
#677=EDGE_LOOP('',(#3925,#3926,#3927,#3928));
#678=EDGE_LOOP('',(#3929,#3930,#3931,#3932));
#679=EDGE_LOOP('',(#3933,#3934,#3935,#3936));
#680=EDGE_LOOP('',(#3937,#3938,#3939,#3940));
#681=EDGE_LOOP('',(#3941,#3942,#3943,#3944));
#682=EDGE_LOOP('',(#3945,#3946,#3947,#3948));
#683=EDGE_LOOP('',(#3949,#3950,#3951,#3952));
#684=EDGE_LOOP('',(#3953,#3954,#3955,#3956));
#685=EDGE_LOOP('',(#3957,#3958,#3959,#3960));
#686=EDGE_LOOP('',(#3961,#3962,#3963,#3964));
#687=EDGE_LOOP('',(#3965,#3966,#3967,#3968));
#688=EDGE_LOOP('',(#3969,#3970,#3971,#3972));
#689=EDGE_LOOP('',(#3973,#3974,#3975,#3976));
#690=EDGE_LOOP('',(#3977,#3978,#3979,#3980));
#691=EDGE_LOOP('',(#3981,#3982,#3983,#3984));
#692=EDGE_LOOP('',(#3985,#3986,#3987,#3988));
#693=EDGE_LOOP('',(#3989,#3990,#3991,#3992));
#694=EDGE_LOOP('',(#3993,#3994,#3995,#3996));
#695=EDGE_LOOP('',(#3997,#3998,#3999,#4000));
#696=EDGE_LOOP('',(#4001,#4002,#4003,#4004));
#697=EDGE_LOOP('',(#4005,#4006,#4007,#4008));
#698=EDGE_LOOP('',(#4009,#4010,#4011,#4012));
#699=EDGE_LOOP('',(#4013,#4014,#4015,#4016));
#700=EDGE_LOOP('',(#4017,#4018,#4019,#4020));
#701=EDGE_LOOP('',(#4021,#4022,#4023,#4024));
#702=EDGE_LOOP('',(#4025,#4026,#4027,#4028));
#703=EDGE_LOOP('',(#4029,#4030,#4031,#4032));
#704=EDGE_LOOP('',(#4033,#4034,#4035,#4036));
#705=EDGE_LOOP('',(#4037,#4038,#4039,#4040));
#706=EDGE_LOOP('',(#4041,#4042,#4043,#4044));
#707=EDGE_LOOP('',(#4045,#4046,#4047,#4048));
#708=EDGE_LOOP('',(#4049,#4050,#4051,#4052));
#709=EDGE_LOOP('',(#4053,#4054,#4055,#4056));
#710=EDGE_LOOP('',(#4057,#4058,#4059,#4060,#4061,#4062,#4063,#4064,#4065,
#4066,#4067,#4068,#4069,#4070,#4071,#4072));
#711=EDGE_LOOP('',(#4073,#4074,#4075,#4076,#4077,#4078));
#712=EDGE_LOOP('',(#4079,#4080,#4081,#4082));
#713=EDGE_LOOP('',(#4083,#4084,#4085,#4086));
#714=EDGE_LOOP('',(#4087,#4088,#4089,#4090));
#715=EDGE_LOOP('',(#4091,#4092,#4093,#4094));
#716=EDGE_LOOP('',(#4095,#4096,#4097,#4098));
#717=EDGE_LOOP('',(#4099,#4100,#4101,#4102));
#718=EDGE_LOOP('',(#4103,#4104,#4105,#4106));
#719=EDGE_LOOP('',(#4107,#4108,#4109,#4110));
#720=EDGE_LOOP('',(#4111,#4112,#4113,#4114));
#721=EDGE_LOOP('',(#4115,#4116,#4117,#4118));
#722=EDGE_LOOP('',(#4119,#4120,#4121,#4122));
#723=EDGE_LOOP('',(#4123,#4124,#4125,#4126));
#724=EDGE_LOOP('',(#4127,#4128,#4129,#4130));
#725=EDGE_LOOP('',(#4131,#4132,#4133,#4134));
#726=EDGE_LOOP('',(#4135,#4136,#4137,#4138));
#727=EDGE_LOOP('',(#4139,#4140,#4141,#4142));
#728=EDGE_LOOP('',(#4143,#4144,#4145,#4146));
#729=EDGE_LOOP('',(#4147,#4148,#4149,#4150));
#730=EDGE_LOOP('',(#4151,#4152,#4153,#4154));
#731=EDGE_LOOP('',(#4155,#4156,#4157,#4158));
#732=EDGE_LOOP('',(#4159,#4160,#4161,#4162));
#733=EDGE_LOOP('',(#4163,#4164,#4165,#4166));
#734=EDGE_LOOP('',(#4167,#4168,#4169,#4170));
#735=EDGE_LOOP('',(#4171,#4172,#4173,#4174));
#736=EDGE_LOOP('',(#4175,#4176,#4177,#4178));
#737=EDGE_LOOP('',(#4179,#4180,#4181,#4182));
#738=EDGE_LOOP('',(#4183,#4184,#4185,#4186,#4187,#4188,#4189,#4190,#4191,
#4192,#4193,#4194,#4195,#4196,#4197,#4198,#4199,#4200,#4201,#4202));
#739=EDGE_LOOP('',(#4203,#4204,#4205,#4206,#4207,#4208,#4209,#4210,#4211,
#4212,#4213,#4214,#4215,#4216,#4217,#4218));
#740=EDGE_LOOP('',(#4219,#4220,#4221,#4222));
#741=EDGE_LOOP('',(#4223,#4224,#4225,#4226));
#742=EDGE_LOOP('',(#4227,#4228,#4229,#4230));
#743=EDGE_LOOP('',(#4231,#4232,#4233,#4234));
#744=EDGE_LOOP('',(#4235,#4236,#4237,#4238));
#745=EDGE_LOOP('',(#4239,#4240,#4241,#4242));
#746=EDGE_LOOP('',(#4243,#4244,#4245,#4246));
#747=EDGE_LOOP('',(#4247,#4248,#4249,#4250));
#748=EDGE_LOOP('',(#4251,#4252,#4253,#4254));
#749=EDGE_LOOP('',(#4255,#4256,#4257,#4258));
#750=EDGE_LOOP('',(#4259,#4260,#4261,#4262));
#751=EDGE_LOOP('',(#4263,#4264,#4265,#4266));
#752=EDGE_LOOP('',(#4267,#4268,#4269,#4270));
#753=EDGE_LOOP('',(#4271,#4272,#4273,#4274));
#754=EDGE_LOOP('',(#4275,#4276,#4277,#4278));
#755=EDGE_LOOP('',(#4279,#4280,#4281,#4282));
#756=EDGE_LOOP('',(#4283,#4284,#4285,#4286));
#757=EDGE_LOOP('',(#4287,#4288,#4289,#4290));
#758=EDGE_LOOP('',(#4291,#4292,#4293,#4294));
#759=EDGE_LOOP('',(#4295,#4296,#4297,#4298));
#760=EDGE_LOOP('',(#4299,#4300,#4301,#4302));
#761=EDGE_LOOP('',(#4303,#4304,#4305,#4306));
#762=EDGE_LOOP('',(#4307,#4308,#4309,#4310));
#763=EDGE_LOOP('',(#4311,#4312,#4313,#4314));
#764=EDGE_LOOP('',(#4315,#4316,#4317,#4318));
#765=EDGE_LOOP('',(#4319,#4320,#4321,#4322));
#766=EDGE_LOOP('',(#4323,#4324,#4325,#4326));
#767=EDGE_LOOP('',(#4327,#4328,#4329,#4330));
#768=EDGE_LOOP('',(#4331,#4332,#4333,#4334));
#769=EDGE_LOOP('',(#4335,#4336,#4337,#4338));
#770=EDGE_LOOP('',(#4339,#4340,#4341,#4342,#4343,#4344,#4345,#4346,#4347,
#4348,#4349,#4350,#4351,#4352));
#771=EDGE_LOOP('',(#4353,#4354,#4355,#4356,#4357,#4358,#4359,#4360,#4361));
#772=EDGE_LOOP('',(#4362,#4363,#4364,#4365));
#773=EDGE_LOOP('',(#4366,#4367,#4368,#4369));
#774=EDGE_LOOP('',(#4370,#4371,#4372,#4373));
#775=EDGE_LOOP('',(#4374,#4375,#4376,#4377));
#776=EDGE_LOOP('',(#4378,#4379,#4380,#4381));
#777=EDGE_LOOP('',(#4382,#4383,#4384,#4385));
#778=EDGE_LOOP('',(#4386,#4387,#4388,#4389));
#779=EDGE_LOOP('',(#4390,#4391,#4392,#4393));
#780=EDGE_LOOP('',(#4394,#4395,#4396,#4397));
#781=EDGE_LOOP('',(#4398,#4399,#4400,#4401));
#782=EDGE_LOOP('',(#4402,#4403,#4404,#4405));
#783=EDGE_LOOP('',(#4406,#4407,#4408,#4409));
#784=EDGE_LOOP('',(#4410,#4411,#4412,#4413));
#785=EDGE_LOOP('',(#4414,#4415,#4416,#4417));
#786=EDGE_LOOP('',(#4418,#4419,#4420,#4421));
#787=EDGE_LOOP('',(#4422,#4423,#4424,#4425));
#788=EDGE_LOOP('',(#4426,#4427,#4428,#4429));
#789=EDGE_LOOP('',(#4430,#4431,#4432,#4433));
#790=EDGE_LOOP('',(#4434,#4435,#4436,#4437));
#791=EDGE_LOOP('',(#4438,#4439,#4440,#4441));
#792=EDGE_LOOP('',(#4442,#4443,#4444,#4445));
#793=EDGE_LOOP('',(#4446,#4447,#4448,#4449,#4450,#4451));
#794=EDGE_LOOP('',(#4452,#4453,#4454,#4455,#4456,#4457));
#795=EDGE_LOOP('',(#4458,#4459,#4460,#4461,#4462,#4463,#4464,#4465,#4466,
#4467,#4468,#4469,#4470,#4471,#4472,#4473));
#796=EDGE_LOOP('',(#4474,#4475,#4476,#4477));
#797=EDGE_LOOP('',(#4478,#4479,#4480,#4481));
#798=EDGE_LOOP('',(#4482,#4483,#4484,#4485));
#799=EDGE_LOOP('',(#4486,#4487,#4488,#4489));
#800=EDGE_LOOP('',(#4490,#4491,#4492,#4493));
#801=EDGE_LOOP('',(#4494,#4495,#4496,#4497));
#802=EDGE_LOOP('',(#4498,#4499,#4500,#4501));
#803=EDGE_LOOP('',(#4502,#4503,#4504,#4505));
#804=EDGE_LOOP('',(#4506,#4507,#4508,#4509));
#805=EDGE_LOOP('',(#4510,#4511,#4512,#4513));
#806=EDGE_LOOP('',(#4514,#4515,#4516,#4517));
#807=EDGE_LOOP('',(#4518,#4519,#4520,#4521));
#808=EDGE_LOOP('',(#4522,#4523,#4524,#4525));
#809=EDGE_LOOP('',(#4526,#4527,#4528,#4529));
#810=EDGE_LOOP('',(#4530,#4531,#4532,#4533));
#811=EDGE_LOOP('',(#4534,#4535,#4536,#4537));
#812=EDGE_LOOP('',(#4538,#4539,#4540,#4541));
#813=EDGE_LOOP('',(#4542,#4543,#4544,#4545));
#814=EDGE_LOOP('',(#4546,#4547,#4548,#4549));
#815=EDGE_LOOP('',(#4550,#4551,#4552,#4553));
#816=EDGE_LOOP('',(#4554,#4555,#4556,#4557));
#817=EDGE_LOOP('',(#4558,#4559,#4560,#4561));
#818=EDGE_LOOP('',(#4562,#4563,#4564,#4565));
#819=EDGE_LOOP('',(#4566,#4567,#4568,#4569));
#820=EDGE_LOOP('',(#4570,#4571,#4572,#4573));
#821=EDGE_LOOP('',(#4574,#4575,#4576,#4577));
#822=EDGE_LOOP('',(#4578,#4579,#4580,#4581));
#823=EDGE_LOOP('',(#4582,#4583,#4584,#4585));
#824=EDGE_LOOP('',(#4586,#4587,#4588,#4589));
#825=EDGE_LOOP('',(#4590,#4591,#4592,#4593));
#826=EDGE_LOOP('',(#4594,#4595,#4596,#4597));
#827=EDGE_LOOP('',(#4598,#4599,#4600,#4601));
#828=EDGE_LOOP('',(#4602,#4603,#4604,#4605));
#829=EDGE_LOOP('',(#4606,#4607,#4608,#4609));
#830=EDGE_LOOP('',(#4610,#4611,#4612,#4613));
#831=EDGE_LOOP('',(#4614,#4615,#4616,#4617));
#832=EDGE_LOOP('',(#4618,#4619,#4620,#4621,#4622,#4623,#4624,#4625,#4626,
#4627,#4628,#4629,#4630,#4631,#4632,#4633,#4634,#4635,#4636,#4637));
#833=EDGE_LOOP('',(#4638,#4639,#4640,#4641,#4642,#4643,#4644,#4645,#4646,
#4647,#4648,#4649,#4650,#4651,#4652,#4653,#4654,#4655,#4656,#4657));
#834=EDGE_LOOP('',(#4658,#4659,#4660,#4661));
#835=EDGE_LOOP('',(#4662,#4663,#4664,#4665));
#836=EDGE_LOOP('',(#4666,#4667,#4668,#4669));
#837=EDGE_LOOP('',(#4670,#4671,#4672,#4673));
#838=EDGE_LOOP('',(#4674,#4675,#4676,#4677));
#839=EDGE_LOOP('',(#4678,#4679,#4680,#4681));
#840=EDGE_LOOP('',(#4682,#4683,#4684,#4685));
#841=EDGE_LOOP('',(#4686,#4687,#4688,#4689));
#842=EDGE_LOOP('',(#4690,#4691,#4692,#4693));
#843=EDGE_LOOP('',(#4694,#4695,#4696,#4697));
#844=EDGE_LOOP('',(#4698,#4699,#4700,#4701));
#845=EDGE_LOOP('',(#4702,#4703,#4704,#4705));
#846=EDGE_LOOP('',(#4706,#4707,#4708,#4709));
#847=EDGE_LOOP('',(#4710,#4711,#4712,#4713));
#848=EDGE_LOOP('',(#4714,#4715,#4716,#4717));
#849=EDGE_LOOP('',(#4718,#4719,#4720,#4721));
#850=EDGE_LOOP('',(#4722,#4723,#4724,#4725));
#851=EDGE_LOOP('',(#4726,#4727,#4728,#4729));
#852=EDGE_LOOP('',(#4730,#4731,#4732,#4733));
#853=EDGE_LOOP('',(#4734,#4735,#4736,#4737));
#854=EDGE_LOOP('',(#4738,#4739,#4740,#4741));
#855=EDGE_LOOP('',(#4742,#4743,#4744,#4745));
#856=EDGE_LOOP('',(#4746,#4747,#4748,#4749));
#857=EDGE_LOOP('',(#4750,#4751,#4752,#4753));
#858=EDGE_LOOP('',(#4754,#4755,#4756,#4757));
#859=EDGE_LOOP('',(#4758,#4759,#4760,#4761));
#860=EDGE_LOOP('',(#4762,#4763,#4764,#4765,#4766,#4767));
#861=EDGE_LOOP('',(#4768,#4769,#4770,#4771,#4772,#4773,#4774,#4775,#4776,
#4777,#4778,#4779,#4780,#4781));
#862=EDGE_LOOP('',(#4782,#4783,#4784,#4785));
#863=EDGE_LOOP('',(#4786,#4787,#4788,#4789));
#864=EDGE_LOOP('',(#4790,#4791,#4792,#4793));
#865=EDGE_LOOP('',(#4794,#4795,#4796,#4797));
#866=EDGE_LOOP('',(#4798,#4799,#4800,#4801));
#867=EDGE_LOOP('',(#4802,#4803,#4804,#4805));
#868=EDGE_LOOP('',(#4806,#4807,#4808,#4809));
#869=EDGE_LOOP('',(#4810,#4811,#4812,#4813));
#870=EDGE_LOOP('',(#4814,#4815,#4816,#4817));
#871=EDGE_LOOP('',(#4818,#4819,#4820,#4821));
#872=EDGE_LOOP('',(#4822,#4823,#4824,#4825));
#873=EDGE_LOOP('',(#4826,#4827,#4828,#4829));
#874=EDGE_LOOP('',(#4830,#4831,#4832,#4833));
#875=EDGE_LOOP('',(#4834,#4835,#4836,#4837));
#876=EDGE_LOOP('',(#4838,#4839,#4840,#4841));
#877=EDGE_LOOP('',(#4842,#4843,#4844,#4845));
#878=EDGE_LOOP('',(#4846,#4847,#4848,#4849));
#879=EDGE_LOOP('',(#4850,#4851,#4852,#4853));
#880=EDGE_LOOP('',(#4854,#4855,#4856,#4857));
#881=EDGE_LOOP('',(#4858,#4859,#4860,#4861));
#882=EDGE_LOOP('',(#4862,#4863,#4864,#4865));
#883=EDGE_LOOP('',(#4866,#4867,#4868,#4869));
#884=EDGE_LOOP('',(#4870,#4871,#4872,#4873));
#885=EDGE_LOOP('',(#4874,#4875,#4876,#4877));
#886=EDGE_LOOP('',(#4878,#4879,#4880,#4881));
#887=EDGE_LOOP('',(#4882,#4883,#4884,#4885));
#888=EDGE_LOOP('',(#4886,#4887,#4888,#4889));
#889=EDGE_LOOP('',(#4890,#4891,#4892,#4893));
#890=EDGE_LOOP('',(#4894,#4895,#4896,#4897));
#891=EDGE_LOOP('',(#4898,#4899,#4900,#4901));
#892=EDGE_LOOP('',(#4902,#4903,#4904,#4905,#4906,#4907,#4908,#4909,#4910,
#4911,#4912,#4913,#4914,#4915,#4916,#4917));
#893=EDGE_LOOP('',(#4918,#4919,#4920,#4921,#4922,#4923));
#894=EDGE_LOOP('',(#4924,#4925,#4926,#4927,#4928,#4929));
#895=EDGE_LOOP('',(#4930,#4931,#4932,#4933));
#896=EDGE_LOOP('',(#4934,#4935,#4936,#4937));
#897=EDGE_LOOP('',(#4938,#4939,#4940,#4941));
#898=EDGE_LOOP('',(#4942,#4943,#4944,#4945));
#899=EDGE_LOOP('',(#4946,#4947,#4948,#4949));
#900=EDGE_LOOP('',(#4950,#4951,#4952,#4953));
#901=EDGE_LOOP('',(#4954,#4955,#4956,#4957));
#902=EDGE_LOOP('',(#4958,#4959,#4960,#4961));
#903=EDGE_LOOP('',(#4962,#4963,#4964,#4965));
#904=EDGE_LOOP('',(#4966,#4967,#4968,#4969));
#905=EDGE_LOOP('',(#4970,#4971,#4972,#4973));
#906=EDGE_LOOP('',(#4974,#4975,#4976,#4977));
#907=EDGE_LOOP('',(#4978,#4979,#4980,#4981));
#908=EDGE_LOOP('',(#4982,#4983,#4984,#4985));
#909=EDGE_LOOP('',(#4986,#4987,#4988,#4989));
#910=EDGE_LOOP('',(#4990,#4991,#4992,#4993));
#911=EDGE_LOOP('',(#4994,#4995,#4996,#4997));
#912=EDGE_LOOP('',(#4998,#4999,#5000,#5001));
#913=EDGE_LOOP('',(#5002,#5003,#5004,#5005));
#914=EDGE_LOOP('',(#5006,#5007,#5008,#5009));
#915=EDGE_LOOP('',(#5010,#5011,#5012,#5013));
#916=EDGE_LOOP('',(#5014,#5015,#5016,#5017,#5018,#5019,#5020,#5021,#5022));
#917=EDGE_LOOP('',(#5023,#5024));
#918=EDGE_LOOP('',(#5025,#5026));
#919=EDGE_LOOP('',(#5027,#5028,#5029,#5030,#5031,#5032,#5033,#5034,#5035));
#920=EDGE_LOOP('',(#5036,#5037,#5038,#5039,#5040,#5041));
#921=EDGE_LOOP('',(#5042,#5043,#5044,#5045,#5046,#5047,#5048,#5049,#5050,
#5051,#5052,#5053,#5054,#5055,#5056,#5057));
#922=EDGE_LOOP('',(#5058,#5059,#5060,#5061,#5062,#5063,#5064,#5065,#5066,
#5067,#5068,#5069,#5070,#5071));
#923=EDGE_LOOP('',(#5072,#5073,#5074,#5075,#5076,#5077));
#924=EDGE_LOOP('',(#5078,#5079,#5080,#5081,#5082,#5083,#5084,#5085,#5086,
#5087,#5088,#5089,#5090,#5091,#5092,#5093,#5094,#5095,#5096,#5097));
#925=EDGE_LOOP('',(#5098,#5099,#5100,#5101,#5102,#5103,#5104,#5105,#5106,
#5107,#5108,#5109,#5110,#5111,#5112,#5113,#5114,#5115,#5116,#5117));
#926=EDGE_LOOP('',(#5118,#5119,#5120,#5121,#5122,#5123,#5124,#5125,#5126,
#5127,#5128,#5129,#5130,#5131,#5132,#5133));
#927=EDGE_LOOP('',(#5134,#5135,#5136,#5137,#5138,#5139));
#928=EDGE_LOOP('',(#5140,#5141,#5142,#5143,#5144,#5145,#5146,#5147,#5148));
#929=EDGE_LOOP('',(#5149,#5150,#5151,#5152,#5153,#5154,#5155,#5156,#5157,
#5158,#5159,#5160,#5161,#5162));
#930=EDGE_LOOP('',(#5163,#5164,#5165,#5166,#5167,#5168,#5169,#5170,#5171,
#5172,#5173,#5174,#5175,#5176,#5177,#5178));
#931=EDGE_LOOP('',(#5179,#5180,#5181,#5182,#5183,#5184,#5185,#5186,#5187,
#5188,#5189,#5190,#5191,#5192,#5193,#5194,#5195,#5196,#5197,#5198));
#932=EDGE_LOOP('',(#5199,#5200,#5201,#5202,#5203,#5204));
#933=EDGE_LOOP('',(#5205,#5206,#5207,#5208,#5209,#5210,#5211,#5212,#5213,
#5214,#5215,#5216,#5217,#5218,#5219,#5220));
#934=EDGE_LOOP('',(#5221,#5222,#5223,#5224,#5225,#5226,#5227,#5228,#5229,
#5230,#5231,#5232,#5233,#5234,#5235,#5236,#5237,#5238,#5239,#5240));
#935=EDGE_LOOP('',(#5241,#5242,#5243,#5244,#5245,#5246));
#936=EDGE_LOOP('',(#5247,#5248,#5249,#5250,#5251));
#937=EDGE_LOOP('',(#5252,#5253,#5254,#5255,#5256));
#938=EDGE_LOOP('',(#5257,#5258,#5259,#5260,#5261));
#939=EDGE_LOOP('',(#5262,#5263,#5264,#5265,#5266,#5267,#5268));
#940=EDGE_LOOP('',(#5269,#5270,#5271,#5272,#5273));
#941=EDGE_LOOP('',(#5274,#5275,#5276,#5277,#5278,#5279,#5280));
#942=EDGE_LOOP('',(#5281,#5282,#5283,#5284,#5285,#5286,#5287));
#943=EDGE_LOOP('',(#5288,#5289,#5290,#5291,#5292,#5293,#5294));
#944=EDGE_LOOP('',(#5295,#5296,#5297));
#945=EDGE_LOOP('',(#5298,#5299,#5300,#5301,#5302,#5303,#5304));
#946=EDGE_LOOP('',(#5305,#5306,#5307,#5308,#5309));
#947=EDGE_LOOP('',(#5310,#5311,#5312,#5313,#5314,#5315,#5316));
#948=EDGE_LOOP('',(#5317,#5318,#5319,#5320,#5321));
#949=EDGE_LOOP('',(#5322));
#950=EDGE_LOOP('',(#5323));
#951=EDGE_LOOP('',(#5324,#5325,#5326,#5327,#5328,#5329,#5330,#5331,#5332,
#5333,#5334));
#952=EDGE_LOOP('',(#5335,#5336,#5337));
#953=EDGE_LOOP('',(#5338,#5339,#5340));
#954=EDGE_LOOP('',(#5341,#5342,#5343));
#955=EDGE_LOOP('',(#5344,#5345,#5346,#5347,#5348));
#956=EDGE_LOOP('',(#5349,#5350,#5351,#5352,#5353,#5354,#5355,#5356,#5357,
#5358,#5359));
#957=EDGE_LOOP('',(#5360));
#958=EDGE_LOOP('',(#5361));
#959=EDGE_LOOP('',(#5362));
#960=EDGE_LOOP('',(#5363,#5364,#5365,#5366,#5367,#5368,#5369));
#961=EDGE_LOOP('',(#5370,#5371,#5372,#5373,#5374,#5375,#5376));
#962=EDGE_LOOP('',(#5377,#5378,#5379,#5380,#5381,#5382,#5383));
#963=EDGE_LOOP('',(#5384,#5385,#5386,#5387,#5388));
#964=EDGE_LOOP('',(#5389,#5390,#5391,#5392,#5393,#5394,#5395));
#965=EDGE_LOOP('',(#5396,#5397,#5398,#5399,#5400));
#966=EDGE_LOOP('',(#5401,#5402,#5403,#5404,#5405,#5406,#5407));
#967=EDGE_LOOP('',(#5408,#5409,#5410,#5411,#5412));
#968=EDGE_LOOP('',(#5413,#5414,#5415,#5416,#5417));
#969=EDGE_LOOP('',(#5418,#5419,#5420,#5421,#5422,#5423));
#970=EDGE_LOOP('',(#5424));
#971=EDGE_LOOP('',(#5425,#5426));
#972=EDGE_LOOP('',(#5427,#5428,#5429,#5430,#5431));
#973=EDGE_LOOP('',(#5432,#5433,#5434,#5435,#5436,#5437));
#974=EDGE_LOOP('',(#5438,#5439));
#975=EDGE_LOOP('',(#5440,#5441));
#976=EDGE_LOOP('',(#5442,#5443));
#977=EDGE_LOOP('',(#5444,#5445));
#978=EDGE_LOOP('',(#5446,#5447));
#979=EDGE_LOOP('',(#5448,#5449));
#980=EDGE_LOOP('',(#5450,#5451,#5452,#5453));
#981=EDGE_LOOP('',(#5454,#5455,#5456,#5457));
#982=EDGE_LOOP('',(#5458));
#983=EDGE_LOOP('',(#5459,#5460));
#984=EDGE_LOOP('',(#5461,#5462));
#985=EDGE_LOOP('',(#5463,#5464));
#986=EDGE_LOOP('',(#5465,#5466));
#987=EDGE_LOOP('',(#5467,#5468));
#988=EDGE_LOOP('',(#5469,#5470));
#989=EDGE_LOOP('',(#5471,#5472));
#990=EDGE_LOOP('',(#5473,#5474,#5475,#5476));
#991=EDGE_LOOP('',(#5477,#5478,#5479,#5480));
#992=EDGE_LOOP('',(#5481,#5482,#5483,#5484));
#993=EDGE_LOOP('',(#5485,#5486,#5487,#5488));
#994=EDGE_LOOP('',(#5489,#5490,#5491,#5492));
#995=EDGE_LOOP('',(#5493,#5494,#5495,#5496));
#996=EDGE_LOOP('',(#5497,#5498,#5499,#5500));
#997=EDGE_LOOP('',(#5501,#5502,#5503,#5504,#5505,#5506,#5507));
#998=EDGE_LOOP('',(#5508,#5509,#5510,#5511));
#999=EDGE_LOOP('',(#5512,#5513,#5514,#5515));
#1000=EDGE_LOOP('',(#5516,#5517,#5518,#5519));
#1001=EDGE_LOOP('',(#5520,#5521,#5522,#5523));
#1002=EDGE_LOOP('',(#5524,#5525,#5526,#5527));
#1003=EDGE_LOOP('',(#5528,#5529,#5530,#5531));
#1004=EDGE_LOOP('',(#5532,#5533,#5534,#5535,#5536));
#1005=EDGE_LOOP('',(#5537,#5538,#5539,#5540));
#1006=EDGE_LOOP('',(#5541,#5542,#5543,#5544));
#1007=EDGE_LOOP('',(#5545,#5546,#5547,#5548));
#1008=EDGE_LOOP('',(#5549,#5550,#5551,#5552));
#1009=EDGE_LOOP('',(#5553,#5554,#5555,#5556));
#1010=EDGE_LOOP('',(#5557,#5558,#5559,#5560));
#1011=EDGE_LOOP('',(#5561,#5562,#5563,#5564));
#1012=EDGE_LOOP('',(#5565,#5566,#5567,#5568));
#1013=EDGE_LOOP('',(#5569,#5570,#5571,#5572,#5573,#5574,#5575));
#1014=EDGE_LOOP('',(#5576,#5577,#5578,#5579,#5580,#5581,#5582,#5583,#5584,
#5585,#5586,#5587,#5588,#5589,#5590,#5591));
#1015=EDGE_LOOP('',(#5592,#5593));
#1016=EDGE_LOOP('',(#5594,#5595));
#1017=EDGE_LOOP('',(#5596,#5597,#5598,#5599,#5600,#5601));
#1018=EDGE_LOOP('',(#5602,#5603,#5604,#5605,#5606,#5607));
#1019=EDGE_LOOP('',(#5608,#5609,#5610,#5611,#5612,#5613));
#1020=EDGE_LOOP('',(#5614,#5615));
#1021=EDGE_LOOP('',(#5616,#5617));
#1022=EDGE_LOOP('',(#5618,#5619,#5620,#5621,#5622,#5623));
#1023=EDGE_LOOP('',(#5624,#5625));
#1024=EDGE_LOOP('',(#5626,#5627));
#1025=EDGE_LOOP('',(#5628,#5629,#5630,#5631,#5632,#5633));
#1026=EDGE_LOOP('',(#5634,#5635,#5636,#5637,#5638,#5639));
#1027=EDGE_LOOP('',(#5640,#5641,#5642,#5643,#5644,#5645));
#1028=CIRCLE('',#6008,28.);
#1029=CIRCLE('',#6010,1.621);
#1030=CIRCLE('',#6011,1.621);
#1031=CIRCLE('',#6012,1.621);
#1032=CIRCLE('',#6132,32.1);
#1033=CIRCLE('',#6133,32.1);
#1034=CIRCLE('',#6134,1.5);
#1035=CIRCLE('',#6135,1.5);
#1036=CIRCLE('',#6143,1.621);
#1037=CIRCLE('',#6144,1.621);
#1038=CIRCLE('',#6145,1.621);
#1039=CIRCLE('',#6146,1.621);
#1040=CIRCLE('',#6148,1.621);
#1041=CIRCLE('',#6149,1.621);
#1042=CIRCLE('',#6150,1.621);
#1043=CIRCLE('',#6151,1.621);
#1044=CIRCLE('',#6153,1.621);
#1045=CIRCLE('',#6154,1.621);
#1046=CIRCLE('',#6155,1.621);
#1047=CIRCLE('',#6156,1.621);
#1048=CIRCLE('',#6158,1.621);
#1049=CIRCLE('',#6160,1.621);
#1050=CIRCLE('',#6161,1.621);
#1051=CIRCLE('',#6162,1.621);
#1052=CIRCLE('',#6163,1.621);
#1053=CIRCLE('',#6166,1.621);
#1054=CIRCLE('',#6167,1.621);
#1055=CIRCLE('',#6168,1.621);
#1056=CIRCLE('',#6169,1.621);
#1057=CIRCLE('',#6171,41.225);
#1058=CIRCLE('',#6172,41.225);
#1059=CIRCLE('',#6173,40.825);
#1060=CIRCLE('',#6175,32.9);
#1061=CIRCLE('',#6177,41.225);
#1062=CIRCLE('',#6178,41.225);
#1063=CIRCLE('',#6180,32.5);
#1064=CIRCLE('',#6181,32.5);
#1065=CIRCLE('',#6183,32.5);
#1066=CIRCLE('',#6184,32.5);
#1067=CIRCLE('',#6186,5.);
#1068=CIRCLE('',#6187,5.);
#1069=CIRCLE('',#6190,5.);
#1070=CIRCLE('',#6191,5.);
#1071=CIRCLE('',#6194,5.);
#1072=CIRCLE('',#6195,5.);
#1073=CIRCLE('',#6198,5.);
#1074=CIRCLE('',#6199,5.);
#1075=CIRCLE('',#6202,29.9);
#1076=CIRCLE('',#6203,30.25);
#1077=CIRCLE('',#6204,30.25);
#1078=CIRCLE('',#6206,30.25);
#1079=CIRCLE('',#6207,30.25);
#1080=CIRCLE('',#6209,28.);
#1081=CIRCLE('',#6210,28.);
#1082=CIRCLE('',#6212,40.875);
#1083=CIRCLE('',#6213,41.225);
#1084=CIRCLE('',#6214,41.225);
#1085=CIRCLE('',#6216,41.225);
#1086=CIRCLE('',#6217,41.225);
#1087=CIRCLE('',#6219,30.65);
#1088=CIRCLE('',#6220,30.65);
#1089=CIRCLE('',#6234,28.);
#1090=CIRCLE('',#6235,27.6);
#1091=CIRCLE('',#6237,27.6);
#1092=CIRCLE('',#6238,28.);
#1093=CIRCLE('',#6247,38.795);
#1094=CIRCLE('',#6248,38.795);
#1095=CIRCLE('',#6250,0.399999999999996);
#1096=CIRCLE('',#6251,38.395);
#1097=CIRCLE('',#6252,38.395);
#1098=CIRCLE('',#6254,38.395);
#1099=CIRCLE('',#6255,38.395);
#1100=CIRCLE('',#6257,0.399999999999996);
#1101=CIRCLE('',#6258,38.795);
#1102=CIRCLE('',#6259,38.795);
#1103=CIRCLE('',#6262,0.399999999999999);
#1104=CIRCLE('',#6264,1.5);
#1105=CIRCLE('',#6265,1.5);
#1106=CIRCLE('',#6269,0.4);
#1107=B_SPLINE_CURVE_WITH_KNOTS('',3,(#7303,#7304,#7305,#7306,#7307,#7308),
 .UNSPECIFIED.,.F.,.F.,(4,2,4),(0.,0.753317310844758,1.12854553406256),
 .UNSPECIFIED.);
#1108=B_SPLINE_CURVE_WITH_KNOTS('',3,(#7318,#7319,#7320,#7321,#7322,#7323,
#7324,#7325,#7326,#7327,#7328,#7329,#7330,#7331),.UNSPECIFIED.,.F.,.F.,
(4,2,2,2,2,2,4),(0.82113558978602,0.856556083148207,0.89564831076971,0.934740538391214,
0.973832766012717,1.01292499363422,1.04834548699641),.UNSPECIFIED.);
#1109=B_SPLINE_CURVE_WITH_KNOTS('',3,(#7336,#7337,#7338,#7339,#7340,#7341,
#7342,#7343,#7344,#7345,#7346,#7347,#7348,#7349,#7350,#7351,#7352,#7353,
#7354,#7355,#7356,#7357,#7358),.UNSPECIFIED.,.F.,.F.,(4,2,2,2,3,2,2,2,2,
2,4),(0.467370269195607,0.506173086440038,0.544975903684469,0.584068131305972,
0.623160358927476,0.662252586548979,0.701344814170482,0.740147631414914,
0.778950448659345,0.817753265903776,0.82113558978602),.UNSPECIFIED.);
#1110=B_SPLINE_CURVE_WITH_KNOTS('',3,(#7362,#7363,#7364,#7365),
 .UNSPECIFIED.,.F.,.F.,(4,4),(-0.0344777896878593,0.),.UNSPECIFIED.);
#1111=B_SPLINE_CURVE_WITH_KNOTS('',3,(#7371,#7372,#7373,#7374),
 .UNSPECIFIED.,.F.,.F.,(4,4),(-0.0348759802288761,0.),.UNSPECIFIED.);
#1112=B_SPLINE_CURVE_WITH_KNOTS('',3,(#7376,#7377,#7378,#7379),
 .UNSPECIFIED.,.F.,.F.,(4,4),(-0.034719562166456,0.),.UNSPECIFIED.);
#1113=B_SPLINE_CURVE_WITH_KNOTS('',3,(#7385,#7386,#7387,#7388),
 .UNSPECIFIED.,.F.,.F.,(4,4),(-0.0344748895821686,0.),.UNSPECIFIED.);
#1114=B_SPLINE_CURVE_WITH_KNOTS('',3,(#7390,#7391,#7392,#7393),
 .UNSPECIFIED.,.F.,.F.,(4,4),(-0.0406129251070946,0.),.UNSPECIFIED.);
#1115=B_SPLINE_CURVE_WITH_KNOTS('',3,(#7395,#7396,#7397,#7398),
 .UNSPECIFIED.,.F.,.F.,(4,4),(-0.00554261627531801,0.),.UNSPECIFIED.);
#1116=B_SPLINE_CURVE_WITH_KNOTS('',3,(#7402,#7403,#7404,#7405),
 .UNSPECIFIED.,.F.,.F.,(4,4),(-0.0360211644363342,0.),.UNSPECIFIED.);
#1117=B_SPLINE_CURVE_WITH_KNOTS('',3,(#7407,#7408,#7409,#7410),
 .UNSPECIFIED.,.F.,.F.,(4,4),(-0.0363054500239873,0.),.UNSPECIFIED.);
#1118=B_SPLINE_CURVE_WITH_KNOTS('',3,(#7416,#7417,#7418,#7419),
 .UNSPECIFIED.,.F.,.F.,(4,4),(-0.0356803482556233,0.),.UNSPECIFIED.);
#1119=B_SPLINE_CURVE_WITH_KNOTS('',3,(#7421,#7422,#7423,#7424),
 .UNSPECIFIED.,.F.,.F.,(4,4),(-0.0356678364614071,0.),.UNSPECIFIED.);
#1120=B_SPLINE_CURVE_WITH_KNOTS('',3,(#7428,#7429,#7430,#7431),
 .UNSPECIFIED.,.F.,.F.,(4,4),(-0.00560383488671137,0.),.UNSPECIFIED.);
#1121=B_SPLINE_CURVE_WITH_KNOTS('',3,(#7432,#7433,#7434,#7435),
 .UNSPECIFIED.,.F.,.F.,(4,4),(-0.0406129251070949,0.),.UNSPECIFIED.);
#1122=B_SPLINE_CURVE_WITH_KNOTS('',2,(#7444,#7445,#7446),.UNSPECIFIED.,
 .F.,.F.,(3,3),(0.,1.),.UNSPECIFIED.);
#1123=B_SPLINE_CURVE_WITH_KNOTS('',2,(#7456,#7457,#7458),.UNSPECIFIED.,
 .F.,.F.,(3,3),(0.,1.),.UNSPECIFIED.);
#1124=B_SPLINE_CURVE_WITH_KNOTS('',2,(#7467,#7468,#7469),.UNSPECIFIED.,
 .F.,.F.,(3,3),(0.,1.),.UNSPECIFIED.);
#1125=B_SPLINE_CURVE_WITH_KNOTS('',2,(#7486,#7487,#7488),.UNSPECIFIED.,
 .F.,.F.,(3,3),(0.,1.),.UNSPECIFIED.);
#1126=B_SPLINE_CURVE_WITH_KNOTS('',2,(#7497,#7498,#7499),.UNSPECIFIED.,
 .F.,.F.,(3,3),(0.,1.),.UNSPECIFIED.);
#1127=B_SPLINE_CURVE_WITH_KNOTS('',2,(#7516,#7517,#7518),.UNSPECIFIED.,
 .F.,.F.,(3,3),(0.,1.),.UNSPECIFIED.);
#1128=B_SPLINE_CURVE_WITH_KNOTS('',2,(#7527,#7528,#7529),.UNSPECIFIED.,
 .F.,.F.,(3,3),(0.,1.),.UNSPECIFIED.);
#1129=B_SPLINE_CURVE_WITH_KNOTS('',2,(#7538,#7539,#7540),.UNSPECIFIED.,
 .F.,.F.,(3,3),(0.,1.),.UNSPECIFIED.);
#1130=B_SPLINE_CURVE_WITH_KNOTS('',2,(#7553,#7554,#7555),.UNSPECIFIED.,
 .F.,.F.,(3,3),(0.,1.),.UNSPECIFIED.);
#1131=B_SPLINE_CURVE_WITH_KNOTS('',2,(#7564,#7565,#7566),.UNSPECIFIED.,
 .F.,.F.,(3,3),(0.,1.),.UNSPECIFIED.);
#1132=B_SPLINE_CURVE_WITH_KNOTS('',2,(#7583,#7584,#7585),.UNSPECIFIED.,
 .F.,.F.,(3,3),(0.,1.),.UNSPECIFIED.);
#1133=B_SPLINE_CURVE_WITH_KNOTS('',2,(#7594,#7595,#7596),.UNSPECIFIED.,
 .F.,.F.,(3,3),(0.,1.),.UNSPECIFIED.);
#1134=B_SPLINE_CURVE_WITH_KNOTS('',2,(#7608,#7609,#7610),.UNSPECIFIED.,
 .F.,.F.,(3,3),(0.,1.),.UNSPECIFIED.);
#1135=B_SPLINE_CURVE_WITH_KNOTS('',3,(#7614,#7615,#7616,#7617),
 .UNSPECIFIED.,.F.,.F.,(4,4),(-0.0406129251070871,0.),.UNSPECIFIED.);
#1136=B_SPLINE_CURVE_WITH_KNOTS('',2,(#7632,#7633,#7634),.UNSPECIFIED.,
 .F.,.F.,(3,3),(0.,1.),.UNSPECIFIED.);
#1137=B_SPLINE_CURVE_WITH_KNOTS('',3,(#7637,#7638,#7639,#7640),
 .UNSPECIFIED.,.F.,.F.,(4,4),(-0.0406129251071008,0.),.UNSPECIFIED.);
#1138=B_SPLINE_CURVE_WITH_KNOTS('',2,(#7648,#7649,#7650),.UNSPECIFIED.,
 .F.,.F.,(3,3),(0.,1.),.UNSPECIFIED.);
#1139=B_SPLINE_CURVE_WITH_KNOTS('',3,(#7653,#7654,#7655,#7656,#7657,#7658,
#7659,#7660,#7661,#7662,#7663,#7664),.UNSPECIFIED.,.F.,.F.,(4,2,2,2,2,4),
(-0.0406129251071003,-0.0331858567048698,-0.0267446269070795,-0.0196446529522831,
-0.0118426062048684,0.),.UNSPECIFIED.);
#1140=B_SPLINE_CURVE_WITH_KNOTS('',2,(#7690,#7691,#7692),.UNSPECIFIED.,
 .F.,.F.,(3,3),(0.,1.),.UNSPECIFIED.);
#1141=B_SPLINE_CURVE_WITH_KNOTS('',3,(#7695,#7696,#7697,#7698),
 .UNSPECIFIED.,.F.,.F.,(4,4),(-0.0406129251071142,0.),.UNSPECIFIED.);
#1142=B_SPLINE_CURVE_WITH_KNOTS('',2,(#7706,#7707,#7708),.UNSPECIFIED.,
 .F.,.F.,(3,3),(0.,1.),.UNSPECIFIED.);
#1143=B_SPLINE_CURVE_WITH_KNOTS('',3,(#7711,#7712,#7713,#7714),
 .UNSPECIFIED.,.F.,.F.,(4,4),(-0.0406129251070979,0.),.UNSPECIFIED.);
#1144=B_SPLINE_CURVE_WITH_KNOTS('',2,(#7728,#7729,#7730),.UNSPECIFIED.,
 .F.,.F.,(3,3),(0.,1.),.UNSPECIFIED.);
#1145=B_SPLINE_CURVE_WITH_KNOTS('',3,(#7733,#7734,#7735,#7736),
 .UNSPECIFIED.,.F.,.F.,(4,4),(-0.0406129251070936,0.),.UNSPECIFIED.);
#1146=B_SPLINE_CURVE_WITH_KNOTS('',2,(#7744,#7745,#7746),.UNSPECIFIED.,
 .F.,.F.,(3,3),(0.,1.),.UNSPECIFIED.);
#1147=B_SPLINE_CURVE_WITH_KNOTS('',3,(#7749,#7750,#7751,#7752),
 .UNSPECIFIED.,.F.,.F.,(4,4),(-0.0406129251070978,0.),.UNSPECIFIED.);
#1148=B_SPLINE_CURVE_WITH_KNOTS('',2,(#7777,#7778,#7779),.UNSPECIFIED.,
 .F.,.F.,(3,3),(0.,1.),.UNSPECIFIED.);
#1149=B_SPLINE_CURVE_WITH_KNOTS('',3,(#7780,#7781,#7782,#7783),
 .UNSPECIFIED.,.F.,.F.,(4,4),(-0.040612925107098,0.),.UNSPECIFIED.);
#1150=B_SPLINE_CURVE_WITH_KNOTS('',3,(#7790,#7791,#7792,#7793),
 .UNSPECIFIED.,.F.,.F.,(4,4),(-0.0406129251071022,0.),.UNSPECIFIED.);
#1151=B_SPLINE_CURVE_WITH_KNOTS('',3,(#7795,#7796,#7797,#7798),
 .UNSPECIFIED.,.F.,.F.,(4,4),(-0.0406129251070969,0.),.UNSPECIFIED.);
#1152=B_SPLINE_CURVE_WITH_KNOTS('',3,(#7802,#7803,#7804,#7805),
 .UNSPECIFIED.,.F.,.F.,(4,4),(-0.0406129251071105,0.),.UNSPECIFIED.);
#1153=B_SPLINE_CURVE_WITH_KNOTS('',3,(#7806,#7807,#7808,#7809),
 .UNSPECIFIED.,.F.,.F.,(4,4),(-0.040612925107088,0.),.UNSPECIFIED.);
#1154=B_SPLINE_CURVE_WITH_KNOTS('',2,(#7818,#7819,#7820),.UNSPECIFIED.,
 .F.,.F.,(3,3),(0.,1.),.UNSPECIFIED.);
#1155=B_SPLINE_CURVE_WITH_KNOTS('',2,(#7830,#7831,#7832),.UNSPECIFIED.,
 .F.,.F.,(3,3),(0.,1.),.UNSPECIFIED.);
#1156=B_SPLINE_CURVE_WITH_KNOTS('',2,(#7845,#7846,#7847),.UNSPECIFIED.,
 .F.,.F.,(3,3),(0.,1.),.UNSPECIFIED.);
#1157=B_SPLINE_CURVE_WITH_KNOTS('',2,(#7856,#7857,#7858),.UNSPECIFIED.,
 .F.,.F.,(3,3),(0.,1.),.UNSPECIFIED.);
#1158=B_SPLINE_CURVE_WITH_KNOTS('',2,(#7880,#7881,#7882,#7883),
 .UNSPECIFIED.,.F.,.F.,(3,1,3),(0.,1.,2.),.UNSPECIFIED.);
#1159=B_SPLINE_CURVE_WITH_KNOTS('',3,(#7886,#7887,#7888,#7889,#7890,#7891,
#7892),.UNSPECIFIED.,.F.,.F.,(4,3,4),(-0.183588424967995,-0.0917942124839977,
0.),.UNSPECIFIED.);
#1160=B_SPLINE_CURVE_WITH_KNOTS('',2,(#7906,#7907,#7908),.UNSPECIFIED.,
 .F.,.F.,(3,3),(0.,1.),.UNSPECIFIED.);
#1161=B_SPLINE_CURVE_WITH_KNOTS('',3,(#7911,#7912,#7913,#7914),
 .UNSPECIFIED.,.F.,.F.,(4,4),(-0.0406129251070931,0.),.UNSPECIFIED.);
#1162=B_SPLINE_CURVE_WITH_KNOTS('',2,(#7928,#7929,#7930),.UNSPECIFIED.,
 .F.,.F.,(3,3),(0.,1.),.UNSPECIFIED.);
#1163=B_SPLINE_CURVE_WITH_KNOTS('',3,(#7933,#7934,#7935,#7936),
 .UNSPECIFIED.,.F.,.F.,(4,4),(-0.0406129251071114,0.),.UNSPECIFIED.);
#1164=B_SPLINE_CURVE_WITH_KNOTS('',2,(#7950,#7951,#7952),.UNSPECIFIED.,
 .F.,.F.,(3,3),(0.,1.),.UNSPECIFIED.);
#1165=B_SPLINE_CURVE_WITH_KNOTS('',3,(#7955,#7956,#7957,#7958),
 .UNSPECIFIED.,.F.,.F.,(4,4),(-0.0406129251071017,0.),.UNSPECIFIED.);
#1166=B_SPLINE_CURVE_WITH_KNOTS('',2,(#7966,#7967,#7968),.UNSPECIFIED.,
 .F.,.F.,(3,3),(0.,1.),.UNSPECIFIED.);
#1167=B_SPLINE_CURVE_WITH_KNOTS('',3,(#7971,#7972,#7973,#7974),
 .UNSPECIFIED.,.F.,.F.,(4,4),(-0.0406129251071029,0.),.UNSPECIFIED.);
#1168=B_SPLINE_CURVE_WITH_KNOTS('',2,(#8002,#8003,#8004,#8005),
 .UNSPECIFIED.,.F.,.F.,(3,1,3),(0.,1.,2.),.UNSPECIFIED.);
#1169=B_SPLINE_CURVE_WITH_KNOTS('',3,(#8008,#8009,#8010,#8011,#8012,#8013,
#8014),.UNSPECIFIED.,.F.,.F.,(4,3,4),(-0.122950314756878,-0.061475157378439,
0.),.UNSPECIFIED.);
#1170=B_SPLINE_CURVE_WITH_KNOTS('',2,(#8030,#8031,#8032,#8033),
 .UNSPECIFIED.,.F.,.F.,(3,1,3),(0.,1.,2.),.UNSPECIFIED.);
#1171=B_SPLINE_CURVE_WITH_KNOTS('',3,(#8036,#8037,#8038,#8039,#8040,#8041,
#8042),.UNSPECIFIED.,.F.,.F.,(4,3,4),(-0.123933293386038,-0.0619666466930191,
0.),.UNSPECIFIED.);
#1172=B_SPLINE_CURVE_WITH_KNOTS('',2,(#8056,#8057,#8058),.UNSPECIFIED.,
 .F.,.F.,(3,3),(0.,1.),.UNSPECIFIED.);
#1173=B_SPLINE_CURVE_WITH_KNOTS('',3,(#8061,#8062,#8063,#8064),
 .UNSPECIFIED.,.F.,.F.,(4,4),(-0.0406129251070841,0.),.UNSPECIFIED.);
#1174=B_SPLINE_CURVE_WITH_KNOTS('',2,(#8072,#8073,#8074),.UNSPECIFIED.,
 .F.,.F.,(3,3),(0.,1.),.UNSPECIFIED.);
#1175=B_SPLINE_CURVE_WITH_KNOTS('',3,(#8077,#8078,#8079,#8080),
 .UNSPECIFIED.,.F.,.F.,(4,4),(-0.0406129251070857,0.),.UNSPECIFIED.);
#1176=B_SPLINE_CURVE_WITH_KNOTS('',2,(#8095,#8096,#8097,#8098),
 .UNSPECIFIED.,.F.,.F.,(3,1,3),(0.,1.,2.),.UNSPECIFIED.);
#1177=B_SPLINE_CURVE_WITH_KNOTS('',3,(#8099,#8100,#8101,#8102,#8103,#8104,
#8105),.UNSPECIFIED.,.F.,.F.,(4,3,4),(-0.158132844411733,-0.0790664222058666,
0.),.UNSPECIFIED.);
#1178=B_SPLINE_CURVE_WITH_KNOTS('',3,(#8110,#8111,#8112,#8113,#8114,#8115,
#8116,#8117,#8118,#8119,#8120,#8121),.UNSPECIFIED.,.F.,.F.,(4,2,2,2,2,4),
(-0.0406129251070847,-0.0331858567048622,-0.0267446269070738,-0.0196446529522802,
-0.0118426062048685,0.),.UNSPECIFIED.);
#1179=B_SPLINE_CURVE_WITH_KNOTS('',3,(#8125,#8126,#8127,#8128),
 .UNSPECIFIED.,.F.,.F.,(4,4),(-0.0406129251071059,0.),.UNSPECIFIED.);
#1180=B_SPLINE_CURVE_WITH_KNOTS('',3,(#8130,#8131,#8132,#8133,#8134,#8135,
#8136,#8137,#8138,#8139,#8140,#8141),.UNSPECIFIED.,.F.,.F.,(4,2,2,2,2,4),
(-0.0406129251070937,-0.0331858567048684,-0.0267446269070781,-0.019644652952284,
-0.0118426062048715,0.),.UNSPECIFIED.);
#1181=B_SPLINE_CURVE_WITH_KNOTS('',3,(#8149,#8150,#8151,#8152),
 .UNSPECIFIED.,.F.,.F.,(4,4),(-0.0406129251070973,0.),.UNSPECIFIED.);
#1182=B_SPLINE_CURVE_WITH_KNOTS('',3,(#8154,#8155,#8156,#8157),
 .UNSPECIFIED.,.F.,.F.,(4,4),(-0.0406129251071021,0.),.UNSPECIFIED.);
#1183=B_SPLINE_CURVE_WITH_KNOTS('',3,(#8161,#8162,#8163,#8164),
 .UNSPECIFIED.,.F.,.F.,(4,4),(-0.0406129251070925,0.),.UNSPECIFIED.);
#1184=B_SPLINE_CURVE_WITH_KNOTS('',3,(#8166,#8167,#8168,#8169),
 .UNSPECIFIED.,.F.,.F.,(4,4),(-0.0406129251070937,0.),.UNSPECIFIED.);
#1185=B_SPLINE_CURVE_WITH_KNOTS('',3,(#8176,#8177,#8178,#8179,#8180,#8181,
#8182,#8183,#8184,#8185,#8186,#8187),.UNSPECIFIED.,.F.,.F.,(4,2,2,2,2,4),
(-0.0406129251071002,-0.0331858567048707,-0.026744626907079,-0.0196446529522846,
-0.0118426062048715,0.),.UNSPECIFIED.);
#1186=B_SPLINE_CURVE_WITH_KNOTS('',2,(#8196,#8197,#8198),.UNSPECIFIED.,
 .F.,.F.,(3,3),(0.,1.),.UNSPECIFIED.);
#1187=B_SPLINE_CURVE_WITH_KNOTS('',2,(#8220,#8221,#8222),.UNSPECIFIED.,
 .F.,.F.,(3,3),(0.,1.),.UNSPECIFIED.);
#1188=B_SPLINE_CURVE_WITH_KNOTS('',2,(#8231,#8232,#8233),.UNSPECIFIED.,
 .F.,.F.,(3,3),(0.,1.),.UNSPECIFIED.);
#1189=B_SPLINE_CURVE_WITH_KNOTS('',2,(#8246,#8247,#8248),.UNSPECIFIED.,
 .F.,.F.,(3,3),(0.,1.),.UNSPECIFIED.);
#1190=B_SPLINE_CURVE_WITH_KNOTS('',2,(#8257,#8258,#8259),.UNSPECIFIED.,
 .F.,.F.,(3,3),(0.,1.),.UNSPECIFIED.);
#1191=B_SPLINE_CURVE_WITH_KNOTS('',2,(#8280,#8281,#8282),.UNSPECIFIED.,
 .F.,.F.,(3,3),(0.,1.),.UNSPECIFIED.);
#1192=B_SPLINE_CURVE_WITH_KNOTS('',2,(#8291,#8292,#8293),.UNSPECIFIED.,
 .F.,.F.,(3,3),(0.,1.),.UNSPECIFIED.);
#1193=B_SPLINE_CURVE_WITH_KNOTS('',2,(#8305,#8306,#8307),.UNSPECIFIED.,
 .F.,.F.,(3,3),(0.,1.),.UNSPECIFIED.);
#1194=B_SPLINE_CURVE_WITH_KNOTS('',2,(#8316,#8317,#8318),.UNSPECIFIED.,
 .F.,.F.,(3,3),(0.,1.),.UNSPECIFIED.);
#1195=B_SPLINE_CURVE_WITH_KNOTS('',3,(#8322,#8323,#8324,#8325),
 .UNSPECIFIED.,.F.,.F.,(4,4),(-0.0406129251070986,0.),.UNSPECIFIED.);
#1196=B_SPLINE_CURVE_WITH_KNOTS('',2,(#8352,#8353,#8354),.UNSPECIFIED.,
 .F.,.F.,(3,3),(0.,1.),.UNSPECIFIED.);
#1197=B_SPLINE_CURVE_WITH_KNOTS('',3,(#8357,#8358,#8359,#8360),
 .UNSPECIFIED.,.F.,.F.,(4,4),(-0.0406129251070873,0.),.UNSPECIFIED.);
#1198=B_SPLINE_CURVE_WITH_KNOTS('',2,(#8368,#8369,#8370),.UNSPECIFIED.,
 .F.,.F.,(3,3),(0.,1.),.UNSPECIFIED.);
#1199=B_SPLINE_CURVE_WITH_KNOTS('',3,(#8373,#8374,#8375,#8376),
 .UNSPECIFIED.,.F.,.F.,(4,4),(-0.040612925107092,0.),.UNSPECIFIED.);
#1200=B_SPLINE_CURVE_WITH_KNOTS('',2,(#8390,#8391,#8392),.UNSPECIFIED.,
 .F.,.F.,(3,3),(0.,1.),.UNSPECIFIED.);
#1201=B_SPLINE_CURVE_WITH_KNOTS('',3,(#8395,#8396,#8397,#8398,#8399,#8400,
#8401,#8402,#8403,#8404,#8405,#8406),.UNSPECIFIED.,.F.,.F.,(4,2,2,2,2,4),
(-0.0406129251070891,-0.0331858567048662,-0.026744626907075,-0.0196446529522798,
-0.0118426062048682,0.),.UNSPECIFIED.);
#1202=B_SPLINE_CURVE_WITH_KNOTS('',2,(#8420,#8421,#8422),.UNSPECIFIED.,
 .F.,.F.,(3,3),(0.,1.),.UNSPECIFIED.);
#1203=B_SPLINE_CURVE_WITH_KNOTS('',3,(#8425,#8426,#8427,#8428),
 .UNSPECIFIED.,.F.,.F.,(4,4),(-0.0406129251070983,0.),.UNSPECIFIED.);
#1204=B_SPLINE_CURVE_WITH_KNOTS('',2,(#8436,#8437,#8438),.UNSPECIFIED.,
 .F.,.F.,(3,3),(0.,1.),.UNSPECIFIED.);
#1205=B_SPLINE_CURVE_WITH_KNOTS('',3,(#8441,#8442,#8443,#8444),
 .UNSPECIFIED.,.F.,.F.,(4,4),(-0.0406129251071005,0.),.UNSPECIFIED.);
#1206=B_SPLINE_CURVE_WITH_KNOTS('',2,(#8463,#8464,#8465),.UNSPECIFIED.,
 .F.,.F.,(3,3),(0.,1.),.UNSPECIFIED.);
#1207=B_SPLINE_CURVE_WITH_KNOTS('',3,(#8466,#8467,#8468,#8469),
 .UNSPECIFIED.,.F.,.F.,(4,4),(-0.040612925107119,0.),.UNSPECIFIED.);
#1208=B_SPLINE_CURVE_WITH_KNOTS('',3,(#8474,#8475,#8476,#8477),
 .UNSPECIFIED.,.F.,.F.,(4,4),(-0.0406129251071032,0.),.UNSPECIFIED.);
#1209=B_SPLINE_CURVE_WITH_KNOTS('',3,(#8479,#8480,#8481,#8482),
 .UNSPECIFIED.,.F.,.F.,(4,4),(-0.040612925107115,0.),.UNSPECIFIED.);
#1210=B_SPLINE_CURVE_WITH_KNOTS('',3,(#8486,#8487,#8488,#8489),
 .UNSPECIFIED.,.F.,.F.,(4,4),(-0.0406129251071,0.),.UNSPECIFIED.);
#1211=B_SPLINE_CURVE_WITH_KNOTS('',3,(#8493,#8494,#8495,#8496,#8497,#8498,
#8499,#8500,#8501,#8502,#8503,#8504),.UNSPECIFIED.,.F.,.F.,(4,2,2,2,2,4),
(-0.0406129251071078,-0.0331858567048785,-0.0267446269070856,-0.0196446529522895,
-0.0118426062048747,0.),.UNSPECIFIED.);
#1212=B_SPLINE_CURVE_WITH_KNOTS('',3,(#8506,#8507,#8508,#8509),
 .UNSPECIFIED.,.F.,.F.,(4,4),(-0.0406129251071025,0.),.UNSPECIFIED.);
#1213=B_SPLINE_CURVE_WITH_KNOTS('',2,(#8526,#8527,#8528),.UNSPECIFIED.,
 .F.,.F.,(3,3),(0.,1.),.UNSPECIFIED.);
#1214=B_SPLINE_CURVE_WITH_KNOTS('',2,(#8541,#8542,#8543),.UNSPECIFIED.,
 .F.,.F.,(3,3),(0.,1.),.UNSPECIFIED.);
#1215=B_SPLINE_CURVE_WITH_KNOTS('',2,(#8552,#8553,#8554),.UNSPECIFIED.,
 .F.,.F.,(3,3),(0.,1.),.UNSPECIFIED.);
#1216=B_SPLINE_CURVE_WITH_KNOTS('',2,(#8571,#8572,#8573),.UNSPECIFIED.,
 .F.,.F.,(3,3),(0.,1.),.UNSPECIFIED.);
#1217=B_SPLINE_CURVE_WITH_KNOTS('',2,(#8581,#8582,#8583),.UNSPECIFIED.,
 .F.,.F.,(3,3),(0.,1.),.UNSPECIFIED.);
#1218=B_SPLINE_CURVE_WITH_KNOTS('',2,(#8594,#8595,#8596,#8597),
 .UNSPECIFIED.,.F.,.F.,(3,1,3),(0.,1.,2.),.UNSPECIFIED.);
#1219=B_SPLINE_CURVE_WITH_KNOTS('',3,(#8601,#8602,#8603,#8604,#8605,#8606,
#8607),.UNSPECIFIED.,.F.,.F.,(4,3,4),(-0.246860955002305,-0.123430477501152,
0.),.UNSPECIFIED.);
#1220=B_SPLINE_CURVE_WITH_KNOTS('',2,(#8618,#8619,#8620,#8621),
 .UNSPECIFIED.,.F.,.F.,(3,1,3),(0.,1.,2.),.UNSPECIFIED.);
#1221=B_SPLINE_CURVE_WITH_KNOTS('',3,(#8624,#8625,#8626,#8627,#8628,#8629,
#8630),.UNSPECIFIED.,.F.,.F.,(4,3,4),(-0.194364999316722,-0.097182499658361,
0.),.UNSPECIFIED.);
#1222=B_SPLINE_CURVE_WITH_KNOTS('',2,(#8655,#8656,#8657,#8658),
 .UNSPECIFIED.,.F.,.F.,(3,1,3),(0.,1.,2.),.UNSPECIFIED.);
#1223=B_SPLINE_CURVE_WITH_KNOTS('',3,(#8660,#8661,#8662,#8663,#8664,#8665,
#8666),.UNSPECIFIED.,.F.,.F.,(4,3,4),(-0.144900785902914,-0.0724503929514569,
0.),.UNSPECIFIED.);
#1224=B_SPLINE_CURVE_WITH_KNOTS('',2,(#8677,#8678,#8679,#8680),
 .UNSPECIFIED.,.F.,.F.,(3,1,3),(0.,1.,2.),.UNSPECIFIED.);
#1225=B_SPLINE_CURVE_WITH_KNOTS('',3,(#8682,#8683,#8684,#8685,#8686,#8687,
#8688),.UNSPECIFIED.,.F.,.F.,(4,3,4),(-0.144900785902867,-0.0724503929514334,
0.),.UNSPECIFIED.);
#1226=B_SPLINE_CURVE_WITH_KNOTS('',2,(#8699,#8700,#8701,#8702),
 .UNSPECIFIED.,.F.,.F.,(3,1,3),(0.,1.,2.),.UNSPECIFIED.);
#1227=B_SPLINE_CURVE_WITH_KNOTS('',3,(#8705,#8706,#8707,#8708,#8709,#8710,
#8711),.UNSPECIFIED.,.F.,.F.,(4,3,4),(-0.194364999316688,-0.097182499658344,
0.),.UNSPECIFIED.);
#1228=B_SPLINE_CURVE_WITH_KNOTS('',2,(#8721,#8722,#8723,#8724),
 .UNSPECIFIED.,.F.,.F.,(3,1,3),(0.,1.,2.),.UNSPECIFIED.);
#1229=B_SPLINE_CURVE_WITH_KNOTS('',3,(#8727,#8728,#8729,#8730,#8731,#8732,
#8733),.UNSPECIFIED.,.F.,.F.,(4,3,4),(-0.194364999316732,-0.0971824996583658,
0.),.UNSPECIFIED.);
#1230=B_SPLINE_CURVE_WITH_KNOTS('',2,(#8746,#8747,#8748,#8749),
 .UNSPECIFIED.,.F.,.F.,(3,1,3),(0.,1.,2.),.UNSPECIFIED.);
#1231=B_SPLINE_CURVE_WITH_KNOTS('',3,(#8752,#8753,#8754,#8755,#8756,#8757,
#8758),.UNSPECIFIED.,.F.,.F.,(4,3,4),(-0.144177041207608,-0.0720885206038041,
0.),.UNSPECIFIED.);
#1232=B_SPLINE_CURVE_WITH_KNOTS('',2,(#8768,#8769,#8770,#8771),
 .UNSPECIFIED.,.F.,.F.,(3,1,3),(0.,1.,2.),.UNSPECIFIED.);
#1233=B_SPLINE_CURVE_WITH_KNOTS('',3,(#8774,#8775,#8776,#8777,#8778,#8779,
#8780),.UNSPECIFIED.,.F.,.F.,(4,3,4),(-0.164042758001589,-0.0820213790007945,
0.),.UNSPECIFIED.);
#1234=B_SPLINE_CURVE_WITH_KNOTS('',3,(#8788,#8789,#8790,#8791),
 .UNSPECIFIED.,.F.,.F.,(4,4),(-0.0406129251071112,0.),.UNSPECIFIED.);
#1235=B_SPLINE_CURVE_WITH_KNOTS('',3,(#8795,#8796,#8797,#8798),
 .UNSPECIFIED.,.F.,.F.,(4,4),(-0.0406129251070934,0.),.UNSPECIFIED.);
#1236=B_SPLINE_CURVE_WITH_KNOTS('',3,(#8800,#8801,#8802,#8803),
 .UNSPECIFIED.,.F.,.F.,(4,4),(-0.0406129251070995,0.),.UNSPECIFIED.);
#1237=B_SPLINE_CURVE_WITH_KNOTS('',3,(#8811,#8812,#8813,#8814),
 .UNSPECIFIED.,.F.,.F.,(4,4),(-0.0406129251070957,0.),.UNSPECIFIED.);
#1238=B_SPLINE_CURVE_WITH_KNOTS('',3,(#8816,#8817,#8818,#8819),
 .UNSPECIFIED.,.F.,.F.,(4,4),(-0.0406129251071217,0.),.UNSPECIFIED.);
#1239=B_SPLINE_CURVE_WITH_KNOTS('',3,(#8823,#8824,#8825,#8826),
 .UNSPECIFIED.,.F.,.F.,(4,4),(-0.0406129251070977,0.),.UNSPECIFIED.);
#1240=B_SPLINE_CURVE_WITH_KNOTS('',3,(#8828,#8829,#8830,#8831),
 .UNSPECIFIED.,.F.,.F.,(4,4),(-0.0406129251070895,0.),.UNSPECIFIED.);
#1241=B_SPLINE_CURVE_WITH_KNOTS('',3,(#8838,#8839,#8840,#8841,#8842,#8843,
#8844,#8845,#8846,#8847,#8848,#8849),.UNSPECIFIED.,.F.,.F.,(4,2,2,2,2,4),
(-0.0406129251070948,-0.0331858567048694,-0.0267446269070793,-0.0196446529522833,
-0.0118426062048689,0.),.UNSPECIFIED.);
#1242=B_SPLINE_CURVE_WITH_KNOTS('',2,(#8858,#8859,#8860),.UNSPECIFIED.,
 .F.,.F.,(3,3),(0.,1.),.UNSPECIFIED.);
#1243=B_SPLINE_CURVE_WITH_KNOTS('',2,(#8882,#8883,#8884),.UNSPECIFIED.,
 .F.,.F.,(3,3),(0.,1.),.UNSPECIFIED.);
#1244=B_SPLINE_CURVE_WITH_KNOTS('',2,(#8893,#8894,#8895),.UNSPECIFIED.,
 .F.,.F.,(3,3),(0.,1.),.UNSPECIFIED.);
#1245=B_SPLINE_CURVE_WITH_KNOTS('',2,(#8908,#8909,#8910),.UNSPECIFIED.,
 .F.,.F.,(3,3),(0.,1.),.UNSPECIFIED.);
#1246=B_SPLINE_CURVE_WITH_KNOTS('',2,(#8919,#8920,#8921),.UNSPECIFIED.,
 .F.,.F.,(3,3),(0.,1.),.UNSPECIFIED.);
#1247=B_SPLINE_CURVE_WITH_KNOTS('',2,(#8942,#8943,#8944),.UNSPECIFIED.,
 .F.,.F.,(3,3),(0.,1.),.UNSPECIFIED.);
#1248=B_SPLINE_CURVE_WITH_KNOTS('',2,(#8953,#8954,#8955),.UNSPECIFIED.,
 .F.,.F.,(3,3),(0.,1.),.UNSPECIFIED.);
#1249=B_SPLINE_CURVE_WITH_KNOTS('',2,(#8967,#8968,#8969),.UNSPECIFIED.,
 .F.,.F.,(3,3),(0.,1.),.UNSPECIFIED.);
#1250=B_SPLINE_CURVE_WITH_KNOTS('',2,(#8986,#8987,#8988),.UNSPECIFIED.,
 .F.,.F.,(3,3),(0.,1.),.UNSPECIFIED.);
#1251=B_SPLINE_CURVE_WITH_KNOTS('',3,(#8991,#8992,#8993,#8994),
 .UNSPECIFIED.,.F.,.F.,(4,4),(-0.0360211644363279,0.),.UNSPECIFIED.);
#1252=B_SPLINE_CURVE_WITH_KNOTS('',2,(#9002,#9003,#9004),.UNSPECIFIED.,
 .F.,.F.,(3,3),(0.,1.),.UNSPECIFIED.);
#1253=B_SPLINE_CURVE_WITH_KNOTS('',3,(#9007,#9008,#9009,#9010),
 .UNSPECIFIED.,.F.,.F.,(4,4),(-0.0363054500239724,0.),.UNSPECIFIED.);
#1254=B_SPLINE_CURVE_WITH_KNOTS('',2,(#9030,#9031,#9032),.UNSPECIFIED.,
 .F.,.F.,(3,3),(0.,1.),.UNSPECIFIED.);
#1255=B_SPLINE_CURVE_WITH_KNOTS('',3,(#9035,#9036,#9037,#9038),
 .UNSPECIFIED.,.F.,.F.,(4,4),(-0.0356803482556258,0.),.UNSPECIFIED.);
#1256=B_SPLINE_CURVE_WITH_KNOTS('',2,(#9046,#9047,#9048),.UNSPECIFIED.,
 .F.,.F.,(3,3),(0.,1.),.UNSPECIFIED.);
#1257=B_SPLINE_CURVE_WITH_KNOTS('',3,(#9051,#9052,#9053,#9054),
 .UNSPECIFIED.,.F.,.F.,(4,4),(-0.0356678364614132,0.),.UNSPECIFIED.);
#1258=B_SPLINE_CURVE_WITH_KNOTS('',2,(#9068,#9069,#9070),.UNSPECIFIED.,
 .F.,.F.,(3,3),(0.,1.),.UNSPECIFIED.);
#1259=B_SPLINE_CURVE_WITH_KNOTS('',3,(#9073,#9074,#9075,#9076),
 .UNSPECIFIED.,.F.,.F.,(4,4),(-0.00560383488670431,0.),.UNSPECIFIED.);
#1260=B_SPLINE_CURVE_WITH_KNOTS('',2,(#9084,#9085,#9086),.UNSPECIFIED.,
 .F.,.F.,(3,3),(0.,1.),.UNSPECIFIED.);
#1261=B_SPLINE_CURVE_WITH_KNOTS('',3,(#9089,#9090,#9091,#9092),
 .UNSPECIFIED.,.F.,.F.,(4,4),(-0.040612925107089,0.),.UNSPECIFIED.);
#1262=B_SPLINE_CURVE_WITH_KNOTS('',2,(#9100,#9101,#9102),.UNSPECIFIED.,
 .F.,.F.,(3,3),(0.,1.),.UNSPECIFIED.);
#1263=B_SPLINE_CURVE_WITH_KNOTS('',3,(#9105,#9106,#9107,#9108),
 .UNSPECIFIED.,.F.,.F.,(4,4),(-0.0344777896878554,0.),.UNSPECIFIED.);
#1264=B_SPLINE_CURVE_WITH_KNOTS('',2,(#9128,#9129,#9130),.UNSPECIFIED.,
 .F.,.F.,(3,3),(0.,1.),.UNSPECIFIED.);
#1265=B_SPLINE_CURVE_WITH_KNOTS('',3,(#9133,#9134,#9135,#9136),
 .UNSPECIFIED.,.F.,.F.,(4,4),(-0.0348759802289011,0.),.UNSPECIFIED.);
#1266=B_SPLINE_CURVE_WITH_KNOTS('',2,(#9144,#9145,#9146),.UNSPECIFIED.,
 .F.,.F.,(3,3),(0.,1.),.UNSPECIFIED.);
#1267=B_SPLINE_CURVE_WITH_KNOTS('',3,(#9149,#9150,#9151,#9152),
 .UNSPECIFIED.,.F.,.F.,(4,4),(-0.0347195621664489,0.),.UNSPECIFIED.);
#1268=B_SPLINE_CURVE_WITH_KNOTS('',2,(#9172,#9173,#9174),.UNSPECIFIED.,
 .F.,.F.,(3,3),(0.,1.),.UNSPECIFIED.);
#1269=B_SPLINE_CURVE_WITH_KNOTS('',3,(#9177,#9178,#9179,#9180),
 .UNSPECIFIED.,.F.,.F.,(4,4),(-0.0344748895821787,0.),.UNSPECIFIED.);
#1270=B_SPLINE_CURVE_WITH_KNOTS('',2,(#9188,#9189,#9190),.UNSPECIFIED.,
 .F.,.F.,(3,3),(0.,1.),.UNSPECIFIED.);
#1271=B_SPLINE_CURVE_WITH_KNOTS('',3,(#9193,#9194,#9195,#9196),
 .UNSPECIFIED.,.F.,.F.,(4,4),(-0.0406129251071124,0.),.UNSPECIFIED.);
#1272=B_SPLINE_CURVE_WITH_KNOTS('',2,(#9203,#9204,#9205),.UNSPECIFIED.,
 .F.,.F.,(3,3),(0.,1.),.UNSPECIFIED.);
#1273=B_SPLINE_CURVE_WITH_KNOTS('',3,(#9206,#9207,#9208,#9209),
 .UNSPECIFIED.,.F.,.F.,(4,4),(-0.00554261627532031,0.),.UNSPECIFIED.);
#1274=B_SPLINE_CURVE_WITH_KNOTS('',3,(#9218,#9219,#9220,#9221,#9222,#9223,
#9224),.UNSPECIFIED.,.F.,.F.,(4,3,4),(-0.122950314756965,-0.0614751573784824,
0.),.UNSPECIFIED.);
#1275=B_SPLINE_CURVE_WITH_KNOTS('',3,(#9228,#9229,#9230,#9231,#9232,#9233,
#9234,#9235,#9236,#9237,#9238,#9239),.UNSPECIFIED.,.F.,.F.,(4,2,2,2,2,4),
(-0.123933293386066,-0.1066519840836,-0.0900509084083977,-0.0583042130611822,
-0.0301626881400692,0.),.UNSPECIFIED.);
#1276=B_SPLINE_CURVE_WITH_KNOTS('',3,(#9243,#9244,#9245,#9246),
 .UNSPECIFIED.,.F.,.F.,(4,4),(-0.0406129251071021,0.),.UNSPECIFIED.);
#1277=B_SPLINE_CURVE_WITH_KNOTS('',3,(#9248,#9249,#9250,#9251),
 .UNSPECIFIED.,.F.,.F.,(4,4),(-0.040612925107109,0.),.UNSPECIFIED.);
#1278=B_SPLINE_CURVE_WITH_KNOTS('',3,(#9255,#9256,#9257,#9258,#9259,#9260,
#9261),.UNSPECIFIED.,.F.,.F.,(4,3,4),(-0.158132844411724,-0.079066422205862,
0.),.UNSPECIFIED.);
#1279=B_SPLINE_CURVE_WITH_KNOTS('',3,(#9265,#9266,#9267,#9268,#9269,#9270,
#9271),.UNSPECIFIED.,.F.,.F.,(4,3,4),(-0.183588424967852,-0.091794212483926,
0.),.UNSPECIFIED.);
#1280=B_SPLINE_CURVE_WITH_KNOTS('',3,(#9275,#9276,#9277,#9278),
 .UNSPECIFIED.,.F.,.F.,(4,4),(-0.0406129251071157,0.),.UNSPECIFIED.);
#1281=B_SPLINE_CURVE_WITH_KNOTS('',3,(#9282,#9283,#9284,#9285),
 .UNSPECIFIED.,.F.,.F.,(4,4),(-0.0406129251070907,0.),.UNSPECIFIED.);
#1282=B_SPLINE_CURVE_WITH_KNOTS('',3,(#9289,#9290,#9291,#9292),
 .UNSPECIFIED.,.F.,.F.,(4,4),(-0.0406129251071009,0.),.UNSPECIFIED.);
#1283=B_SPLINE_CURVE_WITH_KNOTS('',3,(#9294,#9295,#9296,#9297),
 .UNSPECIFIED.,.F.,.F.,(4,4),(-0.0406129251070958,0.),.UNSPECIFIED.);
#1284=B_SPLINE_CURVE_WITH_KNOTS('',2,(#9309,#9310,#9311,#9312),
 .UNSPECIFIED.,.F.,.F.,(3,1,3),(0.,1.,2.),.UNSPECIFIED.);
#1285=B_SPLINE_CURVE_WITH_KNOTS('',2,(#9326,#9327,#9328),.UNSPECIFIED.,
 .F.,.F.,(3,3),(0.,1.),.UNSPECIFIED.);
#1286=B_SPLINE_CURVE_WITH_KNOTS('',2,(#9337,#9338,#9339),.UNSPECIFIED.,
 .F.,.F.,(3,3),(0.,1.),.UNSPECIFIED.);
#1287=B_SPLINE_CURVE_WITH_KNOTS('',2,(#9354,#9355,#9356,#9357),
 .UNSPECIFIED.,.F.,.F.,(3,1,3),(0.,1.,2.),.UNSPECIFIED.);
#1288=B_SPLINE_CURVE_WITH_KNOTS('',2,(#9372,#9373,#9374,#9375),
 .UNSPECIFIED.,.F.,.F.,(3,1,3),(0.,1.,2.),.UNSPECIFIED.);
#1289=B_SPLINE_CURVE_WITH_KNOTS('',2,(#9396,#9397,#9398),.UNSPECIFIED.,
 .F.,.F.,(3,3),(0.,1.),.UNSPECIFIED.);
#1290=B_SPLINE_CURVE_WITH_KNOTS('',2,(#9407,#9408,#9409),.UNSPECIFIED.,
 .F.,.F.,(3,3),(0.,1.),.UNSPECIFIED.);
#1291=B_SPLINE_CURVE_WITH_KNOTS('',2,(#9422,#9423,#9424),.UNSPECIFIED.,
 .F.,.F.,(3,3),(0.,1.),.UNSPECIFIED.);
#1292=B_SPLINE_CURVE_WITH_KNOTS('',2,(#9437,#9438,#9439),.UNSPECIFIED.,
 .F.,.F.,(3,3),(0.,1.),.UNSPECIFIED.);
#1293=B_SPLINE_CURVE_WITH_KNOTS('',2,(#9454,#9455,#9456,#9457),
 .UNSPECIFIED.,.F.,.F.,(3,1,3),(0.,1.,2.),.UNSPECIFIED.);
#1294=B_SPLINE_CURVE_WITH_KNOTS('',2,(#9477,#9478,#9479),.UNSPECIFIED.,
 .F.,.F.,(3,3),(0.,1.),.UNSPECIFIED.);
#1295=B_SPLINE_CURVE_WITH_KNOTS('',3,(#9482,#9483,#9484,#9485),
 .UNSPECIFIED.,.F.,.F.,(4,4),(-0.0406129251071001,0.),.UNSPECIFIED.);
#1296=B_SPLINE_CURVE_WITH_KNOTS('',2,(#9493,#9494,#9495),.UNSPECIFIED.,
 .F.,.F.,(3,3),(0.,1.),.UNSPECIFIED.);
#1297=B_SPLINE_CURVE_WITH_KNOTS('',3,(#9498,#9499,#9500,#9501,#9502,#9503,
#9504,#9505,#9506,#9507,#9508,#9509),.UNSPECIFIED.,.F.,.F.,(4,2,2,2,2,4),
(-0.0406129251070972,-0.0331858567048737,-0.0267446269070863,-0.0196446529522901,
-0.0118426062048743,0.),.UNSPECIFIED.);
#1298=B_SPLINE_CURVE_WITH_KNOTS('',2,(#9523,#9524,#9525),.UNSPECIFIED.,
 .F.,.F.,(3,3),(0.,1.),.UNSPECIFIED.);
#1299=B_SPLINE_CURVE_WITH_KNOTS('',3,(#9528,#9529,#9530,#9531),
 .UNSPECIFIED.,.F.,.F.,(4,4),(-0.0406129251071048,0.),.UNSPECIFIED.);
#1300=B_SPLINE_CURVE_WITH_KNOTS('',2,(#9538,#9539,#9540),.UNSPECIFIED.,
 .F.,.F.,(3,3),(0.,1.),.UNSPECIFIED.);
#1301=B_SPLINE_CURVE_WITH_KNOTS('',3,(#9541,#9542,#9543,#9544),
 .UNSPECIFIED.,.F.,.F.,(4,4),(-0.0406129251071065,0.),.UNSPECIFIED.);
#1302=B_SPLINE_CURVE_WITH_KNOTS('',3,(#9549,#9550,#9551,#9552),
 .UNSPECIFIED.,.F.,.F.,(4,4),(-0.0406129251071104,0.),.UNSPECIFIED.);
#1303=B_SPLINE_CURVE_WITH_KNOTS('',3,(#9556,#9557,#9558,#9559),
 .UNSPECIFIED.,.F.,.F.,(4,4),(-0.0406129251070984,0.),.UNSPECIFIED.);
#1304=B_SPLINE_CURVE_WITH_KNOTS('',3,(#9561,#9562,#9563,#9564),
 .UNSPECIFIED.,.F.,.F.,(4,4),(-0.0406129251071136,0.),.UNSPECIFIED.);
#1305=B_SPLINE_CURVE_WITH_KNOTS('',3,(#9570,#9571,#9572,#9573),
 .UNSPECIFIED.,.F.,.F.,(4,4),(-0.0406129251071074,0.),.UNSPECIFIED.);
#1306=B_SPLINE_CURVE_WITH_KNOTS('',3,(#9575,#9576,#9577,#9578),
 .UNSPECIFIED.,.F.,.F.,(4,4),(-0.0406129251071041,0.),.UNSPECIFIED.);
#1307=B_SPLINE_CURVE_WITH_KNOTS('',3,(#9586,#9587,#9588,#9589),
 .UNSPECIFIED.,.F.,.F.,(4,4),(-0.0406129251071021,0.),.UNSPECIFIED.);
#1308=B_SPLINE_CURVE_WITH_KNOTS('',3,(#9591,#9592,#9593,#9594),
 .UNSPECIFIED.,.F.,.F.,(4,4),(-0.0406129251071038,0.),.UNSPECIFIED.);
#1309=B_SPLINE_CURVE_WITH_KNOTS('',2,(#9604,#9605,#9606),.UNSPECIFIED.,
 .F.,.F.,(3,3),(0.,1.),.UNSPECIFIED.);
#1310=B_SPLINE_CURVE_WITH_KNOTS('',2,(#9624,#9625,#9626),.UNSPECIFIED.,
 .F.,.F.,(3,3),(0.,1.),.UNSPECIFIED.);
#1311=B_SPLINE_CURVE_WITH_KNOTS('',2,(#9635,#9636,#9637),.UNSPECIFIED.,
 .F.,.F.,(3,3),(0.,1.),.UNSPECIFIED.);
#1312=B_SPLINE_CURVE_WITH_KNOTS('',2,(#9650,#9651,#9652),.UNSPECIFIED.,
 .F.,.F.,(3,3),(0.,1.),.UNSPECIFIED.);
#1313=B_SPLINE_CURVE_WITH_KNOTS('',2,(#9665,#9666,#9667),.UNSPECIFIED.,
 .F.,.F.,(3,3),(0.,1.),.UNSPECIFIED.);
#1314=B_SPLINE_CURVE_WITH_KNOTS('',2,(#9676,#9677,#9678),.UNSPECIFIED.,
 .F.,.F.,(3,3),(0.,1.),.UNSPECIFIED.);
#1315=B_SPLINE_CURVE_WITH_KNOTS('',2,(#9698,#9699,#9700),.UNSPECIFIED.,
 .F.,.F.,(3,3),(0.,1.),.UNSPECIFIED.);
#1316=B_SPLINE_CURVE_WITH_KNOTS('',2,(#9709,#9710,#9711),.UNSPECIFIED.,
 .F.,.F.,(3,3),(0.,1.),.UNSPECIFIED.);
#1317=B_SPLINE_CURVE_WITH_KNOTS('',3,(#9715,#9716,#9717,#9718),
 .UNSPECIFIED.,.F.,.F.,(4,4),(-0.0406129251071037,0.),.UNSPECIFIED.);
#1318=B_SPLINE_CURVE_WITH_KNOTS('',2,(#9733,#9734,#9735),.UNSPECIFIED.,
 .F.,.F.,(3,3),(0.,1.),.UNSPECIFIED.);
#1319=B_SPLINE_CURVE_WITH_KNOTS('',3,(#9738,#9739,#9740,#9741,#9742,#9743,
#9744,#9745,#9746,#9747,#9748,#9749),.UNSPECIFIED.,.F.,.F.,(4,2,2,2,2,4),
(-0.0406129251070944,-0.033185856704869,-0.0267446269070799,-0.0196446529522857,
-0.0118426062048726,0.),.UNSPECIFIED.);
#1320=B_SPLINE_CURVE_WITH_KNOTS('',2,(#9757,#9758,#9759),.UNSPECIFIED.,
 .F.,.F.,(3,3),(0.,1.),.UNSPECIFIED.);
#1321=B_SPLINE_CURVE_WITH_KNOTS('',3,(#9762,#9763,#9764,#9765),
 .UNSPECIFIED.,.F.,.F.,(4,4),(-0.040612925107107,0.),.UNSPECIFIED.);
#1322=B_SPLINE_CURVE_WITH_KNOTS('',2,(#9791,#9792,#9793),.UNSPECIFIED.,
 .F.,.F.,(3,3),(0.,1.),.UNSPECIFIED.);
#1323=B_SPLINE_CURVE_WITH_KNOTS('',3,(#9796,#9797,#9798,#9799),
 .UNSPECIFIED.,.F.,.F.,(4,4),(-0.0406129251070961,0.),.UNSPECIFIED.);
#1324=B_SPLINE_CURVE_WITH_KNOTS('',2,(#9807,#9808,#9809),.UNSPECIFIED.,
 .F.,.F.,(3,3),(0.,1.),.UNSPECIFIED.);
#1325=B_SPLINE_CURVE_WITH_KNOTS('',3,(#9812,#9813,#9814,#9815),
 .UNSPECIFIED.,.F.,.F.,(4,4),(-0.0406129251071006,0.),.UNSPECIFIED.);
#1326=B_SPLINE_CURVE_WITH_KNOTS('',2,(#9829,#9830,#9831),.UNSPECIFIED.,
 .F.,.F.,(3,3),(0.,1.),.UNSPECIFIED.);
#1327=B_SPLINE_CURVE_WITH_KNOTS('',3,(#9834,#9835,#9836,#9837,#9838,#9839,
#9840,#9841,#9842,#9843,#9844,#9845),.UNSPECIFIED.,.F.,.F.,(4,2,2,2,2,4),
(-0.0406129251070993,-0.0331858567048733,-0.0267446269070804,-0.0196446529522843,
-0.011842606204871,0.),.UNSPECIFIED.);
#1328=B_SPLINE_CURVE_WITH_KNOTS('',2,(#9853,#9854,#9855),.UNSPECIFIED.,
 .F.,.F.,(3,3),(0.,1.),.UNSPECIFIED.);
#1329=B_SPLINE_CURVE_WITH_KNOTS('',3,(#9858,#9859,#9860,#9861),
 .UNSPECIFIED.,.F.,.F.,(4,4),(-0.0406129251071031,0.),.UNSPECIFIED.);
#1330=B_SPLINE_CURVE_WITH_KNOTS('',2,(#9886,#9887,#9888),.UNSPECIFIED.,
 .F.,.F.,(3,3),(0.,1.),.UNSPECIFIED.);
#1331=B_SPLINE_CURVE_WITH_KNOTS('',3,(#9889,#9890,#9891,#9892),
 .UNSPECIFIED.,.F.,.F.,(4,4),(-0.0406129251071081,0.),.UNSPECIFIED.);
#1332=B_SPLINE_CURVE_WITH_KNOTS('',3,(#9897,#9898,#9899,#9900,#9901,#9902,
#9903),.UNSPECIFIED.,.F.,.F.,(4,3,4),(-0.19436499931669,-0.0971824996583448,
0.),.UNSPECIFIED.);
#1333=B_SPLINE_CURVE_WITH_KNOTS('',3,(#9905,#9906,#9907,#9908,#9909,#9910,
#9911),.UNSPECIFIED.,.F.,.F.,(4,3,4),(-0.194364999316702,-0.097182499658351,
0.),.UNSPECIFIED.);
#1334=B_SPLINE_CURVE_WITH_KNOTS('',3,(#9915,#9916,#9917,#9918,#9919,#9920,
#9921),.UNSPECIFIED.,.F.,.F.,(4,3,4),(-0.246860955002322,-0.123430477501161,
0.),.UNSPECIFIED.);
#1335=B_SPLINE_CURVE_WITH_KNOTS('',3,(#9923,#9924,#9925,#9926,#9927,#9928,
#9929),.UNSPECIFIED.,.F.,.F.,(4,3,4),(-0.194364999316741,-0.0971824996583703,
0.),.UNSPECIFIED.);
#1336=B_SPLINE_CURVE_WITH_KNOTS('',3,(#9933,#9934,#9935,#9936,#9937,#9938,
#9939),.UNSPECIFIED.,.F.,.F.,(4,3,4),(-0.144177041207547,-0.0720885206037734,
0.),.UNSPECIFIED.);
#1337=B_SPLINE_CURVE_WITH_KNOTS('',3,(#9941,#9942,#9943,#9944,#9945,#9946,
#9947),.UNSPECIFIED.,.F.,.F.,(4,3,4),(-0.16404275800152,-0.0820213790007599,
0.),.UNSPECIFIED.);
#1338=B_SPLINE_CURVE_WITH_KNOTS('',3,(#9951,#9952,#9953,#9954,#9955,#9956,
#9957),.UNSPECIFIED.,.F.,.F.,(4,3,4),(-0.14490078590287,-0.0724503929514351,
0.),.UNSPECIFIED.);
#1339=B_SPLINE_CURVE_WITH_KNOTS('',3,(#9959,#9960,#9961,#9962,#9963,#9964,
#9965),.UNSPECIFIED.,.F.,.F.,(4,3,4),(-0.144900785902891,-0.0724503929514454,
0.),.UNSPECIFIED.);
#1340=B_SPLINE_CURVE_WITH_KNOTS('',2,(#9982,#9983,#9984,#9985),
 .UNSPECIFIED.,.F.,.F.,(3,1,3),(0.,1.,2.),.UNSPECIFIED.);
#1341=B_SPLINE_CURVE_WITH_KNOTS('',2,(#9996,#9997,#9998,#9999),
 .UNSPECIFIED.,.F.,.F.,(3,1,3),(0.,1.,2.),.UNSPECIFIED.);
#1342=B_SPLINE_CURVE_WITH_KNOTS('',2,(#10016,#10017,#10018,#10019),
 .UNSPECIFIED.,.F.,.F.,(3,1,3),(0.,1.,2.),.UNSPECIFIED.);
#1343=B_SPLINE_CURVE_WITH_KNOTS('',2,(#10030,#10031,#10032,#10033),
 .UNSPECIFIED.,.F.,.F.,(3,1,3),(0.,1.,2.),.UNSPECIFIED.);
#1344=B_SPLINE_CURVE_WITH_KNOTS('',2,(#10044,#10045,#10046,#10047),
 .UNSPECIFIED.,.F.,.F.,(3,1,3),(0.,1.,2.),.UNSPECIFIED.);
#1345=B_SPLINE_CURVE_WITH_KNOTS('',2,(#10058,#10059,#10060,#10061),
 .UNSPECIFIED.,.F.,.F.,(3,1,3),(0.,1.,2.),.UNSPECIFIED.);
#1346=B_SPLINE_CURVE_WITH_KNOTS('',2,(#10078,#10079,#10080,#10081),
 .UNSPECIFIED.,.F.,.F.,(3,1,3),(0.,1.,2.),.UNSPECIFIED.);
#1347=B_SPLINE_CURVE_WITH_KNOTS('',2,(#10091,#10092,#10093,#10094),
 .UNSPECIFIED.,.F.,.F.,(3,1,3),(0.,1.,2.),.UNSPECIFIED.);
#1348=B_SPLINE_CURVE_WITH_KNOTS('',2,(#10103,#10104,#10105),
 .UNSPECIFIED.,.F.,.F.,(3,3),(0.,1.),.UNSPECIFIED.);
#1349=B_SPLINE_CURVE_WITH_KNOTS('',3,(#10109,#10110,#10111,#10112),
 .UNSPECIFIED.,.F.,.F.,(4,4),(-0.0406129251070848,0.),.UNSPECIFIED.);
#1350=B_SPLINE_CURVE_WITH_KNOTS('',2,(#10121,#10122,#10123),
 .UNSPECIFIED.,.F.,.F.,(3,3),(0.,1.),.UNSPECIFIED.);
#1351=B_SPLINE_CURVE_WITH_KNOTS('',3,(#10126,#10127,#10128,#10129),
 .UNSPECIFIED.,.F.,.F.,(4,4),(-0.0406129251071021,0.),.UNSPECIFIED.);
#1352=B_SPLINE_CURVE_WITH_KNOTS('',2,(#10149,#10150,#10151),
 .UNSPECIFIED.,.F.,.F.,(3,3),(0.,1.),.UNSPECIFIED.);
#1353=B_SPLINE_CURVE_WITH_KNOTS('',3,(#10154,#10155,#10156,#10157),
 .UNSPECIFIED.,.F.,.F.,(4,4),(-0.0406129251070976,0.),.UNSPECIFIED.);
#1354=B_SPLINE_CURVE_WITH_KNOTS('',2,(#10165,#10166,#10167),
 .UNSPECIFIED.,.F.,.F.,(3,3),(0.,1.),.UNSPECIFIED.);
#1355=B_SPLINE_CURVE_WITH_KNOTS('',3,(#10170,#10171,#10172,#10173),
 .UNSPECIFIED.,.F.,.F.,(4,4),(-0.040612925107091,0.),.UNSPECIFIED.);
#1356=B_SPLINE_CURVE_WITH_KNOTS('',2,(#10187,#10188,#10189),
 .UNSPECIFIED.,.F.,.F.,(3,3),(0.,1.),.UNSPECIFIED.);
#1357=B_SPLINE_CURVE_WITH_KNOTS('',3,(#10192,#10193,#10194,#10195),
 .UNSPECIFIED.,.F.,.F.,(4,4),(-0.0406129251071016,0.),.UNSPECIFIED.);
#1358=B_SPLINE_CURVE_WITH_KNOTS('',3,(#10212,#10213,#10214,#10215,#10216,
#10217,#10218,#10219,#10220,#10221,#10222,#10223,#10224,#10225,#10226,#10227,
#10228,#10229,#10230,#10231,#10232,#10233,#10234,#10235,#10236,#10237,#10238,
#10239,#10240,#10241,#10242,#10243,#10244,#10245),.UNSPECIFIED.,.T.,.F.,
(4,2,2,2,2,2,2,2,2,2,2,2,2,2,2,2,4),(0.,0.0390922276215033,0.0781844552430065,
0.116987272487438,0.155790089731868,0.1945929069763,0.233395724220731,0.272487951842234,
0.311580179463738,0.350672407085241,0.389764634706744,0.428567451951176,
0.467370269195607,0.506173086440038,0.544975903684469,0.584068131305972,
0.623160358927475),.UNSPECIFIED.);
#1359=B_SPLINE_CURVE_WITH_KNOTS('',3,(#10249,#10250,#10251,#10252,#10253,
#10254,#10255,#10256,#10257,#10258),.UNSPECIFIED.,.F.,.F.,(4,2,2,2,4),(0.,
0.0376702543103431,0.0753405086206862,0.113010762490995,0.150681016361304),
 .UNSPECIFIED.);
#1360=B_SPLINE_CURVE_WITH_KNOTS('',3,(#10259,#10260,#10261,#10262,#10263,
#10264,#10265,#10266,#10267,#10268,#10269,#10270,#10271,#10272,#10273,#10274,
#10275,#10276,#10277,#10278,#10279,#10280,#10281,#10282,#10283,#10284),
 .UNSPECIFIED.,.F.,.F.,(4,2,2,2,2,2,2,2,2,2,2,2,4),(0.150681016361304,0.188351270231612,
0.226021524101921,0.263691778412265,0.301362032722608,0.339032287032951,
0.376702541343294,0.414372795213603,0.452043049083912,0.489713302954221,
0.527383556824529,0.565053811134872,0.602724065445216),.UNSPECIFIED.);
#1361=B_SPLINE_CURVE_WITH_KNOTS('',3,(#10287,#10288,#10289,#10290,#10291,
#10292,#10293,#10294,#10295,#10296,#10297,#10298,#10299,#10300,#10301,#10302,
#10303,#10304,#10305,#10306,#10307,#10308,#10309,#10310,#10311,#10312,#10313,
#10314,#10315,#10316,#10317,#10318,#10319,#10320),.UNSPECIFIED.,.T.,.F.,
(4,2,2,2,2,2,2,2,2,2,2,2,2,2,2,2,4),(0.,0.0390922276215032,0.0781844552430064,
0.116987272487437,0.155790089731868,0.194592906976299,0.23339572422073,
0.272487951842234,0.311580179463737,0.350672407085241,0.389764634706744,
0.428567451951175,0.467370269195606,0.506173086440037,0.544975903684468,
0.584068131305971,0.623160358927474),.UNSPECIFIED.);
#1362=B_SPLINE_CURVE_WITH_KNOTS('',3,(#10324,#10325,#10326,#10327,#10328,
#10329,#10330,#10331,#10332,#10333),.UNSPECIFIED.,.F.,.F.,(4,2,2,2,4),(0.,
0.0376702543103431,0.0753405086206863,0.113010762490995,0.150681016361303),
 .UNSPECIFIED.);
#1363=B_SPLINE_CURVE_WITH_KNOTS('',3,(#10334,#10335,#10336,#10337,#10338,
#10339,#10340,#10341,#10342,#10343,#10344,#10345,#10346,#10347,#10348,#10349,
#10350,#10351,#10352,#10353,#10354,#10355,#10356,#10357,#10358,#10359),
 .UNSPECIFIED.,.F.,.F.,(4,2,2,2,2,2,2,2,2,2,2,2,4),(0.150681016361303,0.188351270231612,
0.22602152410192,0.263691778412264,0.301362032722607,0.33903228703295,0.376702541343294,
0.414372795213602,0.452043049083911,0.489713302954219,0.527383556824528,
0.565053811134871,0.602724065445214),.UNSPECIFIED.);
#1364=B_SPLINE_CURVE_WITH_KNOTS('',3,(#10362,#10363,#10364,#10365,#10366,
#10367,#10368,#10369,#10370,#10371,#10372,#10373,#10374,#10375,#10376,#10377,
#10378,#10379,#10380,#10381,#10382,#10383,#10384,#10385,#10386,#10387,#10388,
#10389,#10390,#10391,#10392,#10393,#10394,#10395),.UNSPECIFIED.,.T.,.F.,
(4,2,2,2,2,2,2,2,2,2,2,2,2,2,2,2,4),(0.,0.0390922276215034,0.0781844552430068,
0.116987272487438,0.155790089731869,0.1945929069763,0.233395724220731,0.272487951842235,
0.311580179463738,0.350672407085241,0.389764634706745,0.428567451951176,
0.467370269195606,0.506173086440038,0.544975903684469,0.584068131305972,
0.623160358927475),.UNSPECIFIED.);
#1365=B_SPLINE_CURVE_WITH_KNOTS('',3,(#10399,#10400,#10401,#10402,#10403,
#10404,#10405,#10406,#10407,#10408),.UNSPECIFIED.,.F.,.F.,(4,2,2,2,4),(0.,
0.0376702543103431,0.0753405086206863,0.113010762490995,0.150681016361304),
 .UNSPECIFIED.);
#1366=B_SPLINE_CURVE_WITH_KNOTS('',3,(#10409,#10410,#10411,#10412,#10413,
#10414,#10415,#10416,#10417,#10418,#10419,#10420,#10421,#10422,#10423,#10424,
#10425,#10426,#10427,#10428,#10429,#10430,#10431,#10432,#10433,#10434),
 .UNSPECIFIED.,.F.,.F.,(4,2,2,2,2,2,2,2,2,2,2,2,4),(0.150681016361304,0.188351270231612,
0.226021524101921,0.263691778412264,0.301362032722608,0.339032287032951,
0.376702541343294,0.414372795213603,0.452043049083912,0.48971330295422,
0.527383556824529,0.565053811134872,0.602724065445215),.UNSPECIFIED.);
#1367=B_SPLINE_CURVE_WITH_KNOTS('',3,(#10439,#10440,#10441,#10442,#10443,
#10444,#10445,#10446,#10447,#10448),.UNSPECIFIED.,.F.,.F.,(4,2,2,2,4),(0.,
0.0376702543103432,0.0753405086206864,0.113010762490995,0.150681016361304),
 .UNSPECIFIED.);
#1368=B_SPLINE_CURVE_WITH_KNOTS('',3,(#10449,#10450,#10451,#10452,#10453,
#10454,#10455,#10456,#10457,#10458,#10459,#10460,#10461,#10462,#10463,#10464,
#10465,#10466,#10467,#10468,#10469,#10470,#10471,#10472,#10473,#10474),
 .UNSPECIFIED.,.F.,.F.,(4,2,2,2,2,2,2,2,2,2,2,2,4),(0.150681016361304,0.188351270231613,
0.226021524101921,0.263691778412264,0.301362032722608,0.339032287032951,
0.376702541343294,0.414372795213603,0.452043049083912,0.48971330295422,
0.527383556824529,0.565053811134872,0.602724065445215),.UNSPECIFIED.);
#1369=B_SPLINE_CURVE_WITH_KNOTS('',3,(#10475,#10476,#10477,#10478,#10479,
#10480),.UNSPECIFIED.,.F.,.F.,(4,2,4),(1.04834548699641,1.05172781087865,
1.09053062812308),.UNSPECIFIED.);
#1370=B_SPLINE_CURVE_WITH_KNOTS('',3,(#10483,#10484,#10485,#10486,#10487,
#10488,#10489,#10490,#10491,#10492,#10493,#10494,#10495,#10496,#10497,#10498,
#10499,#10500,#10501,#10502,#10503,#10504,#10505,#10506,#10507,#10508,#10509,
#10510,#10511,#10512,#10513,#10514,#10515,#10516),.UNSPECIFIED.,.T.,.F.,
(4,2,2,2,2,2,2,2,2,2,2,2,2,2,2,2,4),(0.,0.0390922276215033,0.0781844552430067,
0.116987272487437,0.155790089731868,0.194592906976299,0.233395724220731,
0.272487951842234,0.311580179463737,0.35067240708524,0.389764634706743,
0.428567451951175,0.467370269195606,0.506173086440037,0.544975903684467,
0.584068131305971,0.623160358927474),.UNSPECIFIED.);
#1371=B_SPLINE_CURVE_WITH_KNOTS('',3,(#10520,#10521,#10522,#10523,#10524,
#10525,#10526,#10527,#10528,#10529),.UNSPECIFIED.,.F.,.F.,(4,2,2,2,4),(0.,
0.0376702543103432,0.0753405086206865,0.113010762490995,0.150681016361304),
 .UNSPECIFIED.);
#1372=B_SPLINE_CURVE_WITH_KNOTS('',3,(#10530,#10531,#10532,#10533,#10534,
#10535,#10536,#10537,#10538,#10539,#10540,#10541,#10542,#10543,#10544,#10545,
#10546,#10547,#10548,#10549,#10550,#10551,#10552,#10553,#10554,#10555),
 .UNSPECIFIED.,.F.,.F.,(4,2,2,2,2,2,2,2,2,2,2,2,4),(0.150681016361304,0.188351270231612,
0.226021524101921,0.263691778412264,0.301362032722607,0.33903228703295,
0.376702541343294,0.414372795213602,0.452043049083911,0.489713302954219,
0.527383556824528,0.565053811134871,0.602724065445215),.UNSPECIFIED.);
#1373=B_SPLINE_CURVE_WITH_KNOTS('',3,(#10596,#10597,#10598,#10599,#10600,
#10601,#10602,#10603,#10604,#10605,#10606,#10607,#10608,#10609,#10610,#10611,
#10612,#10613,#10614,#10615,#10616,#10617,#10618,#10619,#10620,#10621,#10622,
#10623,#10624,#10625,#10626,#10627,#10628,#10629),.UNSPECIFIED.,.T.,.F.,
(4,2,2,2,2,2,2,2,2,2,2,2,2,2,2,2,4),(0.,0.0390922276215033,0.0781844552430065,
0.116987272487438,0.155790089731869,0.1945929069763,0.233395724220731,0.272487951842234,
0.311580179463738,0.350672407085241,0.389764634706744,0.428567451951175,
0.467370269195607,0.506173086440038,0.544975903684469,0.584068131305972,
0.623160358927475),.UNSPECIFIED.);
#1374=B_SPLINE_CURVE_WITH_KNOTS('',3,(#10633,#10634,#10635,#10636,#10637,
#10638,#10639,#10640,#10641,#10642),.UNSPECIFIED.,.F.,.F.,(4,2,2,2,4),(0.,
0.0376702543103431,0.0753405086206863,0.113010762490995,0.150681016361304),
 .UNSPECIFIED.);
#1375=B_SPLINE_CURVE_WITH_KNOTS('',3,(#10643,#10644,#10645,#10646,#10647,
#10648,#10649,#10650,#10651,#10652,#10653,#10654,#10655,#10656,#10657,#10658,
#10659,#10660,#10661,#10662,#10663,#10664,#10665,#10666,#10667,#10668),
 .UNSPECIFIED.,.F.,.F.,(4,2,2,2,2,2,2,2,2,2,2,2,4),(0.150681016361304,0.188351270231613,
0.226021524101921,0.263691778412264,0.301362032722608,0.339032287032951,
0.376702541343294,0.414372795213603,0.452043049083911,0.48971330295422,
0.527383556824529,0.565053811134872,0.602724065445215),.UNSPECIFIED.);
#1376=B_SPLINE_CURVE_WITH_KNOTS('',3,(#10697,#10698,#10699,#10700,#10701,
#10702,#10703,#10704,#10705,#10706,#10707,#10708,#10709,#10710,#10711,#10712,
#10713,#10714,#10715),.UNSPECIFIED.,.F.,.F.,(4,2,2,2,3,2,2,2,4),(2.41545836669472,
2.61817309154637,2.82088781639802,3.02074948599549,3.22061115559296,3.42047282519044,
3.62033449478791,3.82304921963956,4.0257639444912),.UNSPECIFIED.);
#1377=B_SPLINE_CURVE_WITH_KNOTS('',3,(#10718,#10719,#10720,#10721,#10722,
#10723,#10724,#10725,#10726,#10727),.UNSPECIFIED.,.F.,.F.,(4,2,2,2,4),(0.805152788898241,
1.00786751374989,1.21058223860153,1.41044390819901,1.61030557779648),
 .UNSPECIFIED.);
#1378=B_SPLINE_CURVE_WITH_KNOTS('',3,(#10728,#10729,#10730,#10731,#10732,
#10733,#10734,#10735,#10736,#10737),.UNSPECIFIED.,.F.,.F.,(4,2,2,2,4),(1.61030557779648,
1.81016724739396,2.01002891699143,2.21274364184308,2.41545836669472),
 .UNSPECIFIED.);
#1379=B_SPLINE_CURVE_WITH_KNOTS('',3,(#10740,#10741,#10742,#10743,#10744,
#10745,#10746,#10747,#10748,#10749),.UNSPECIFIED.,.F.,.F.,(4,2,2,2,4),(0.805152788898241,
1.00786751374989,1.21058223860153,1.41044390819901,1.61030557779648),
 .UNSPECIFIED.);
#1380=B_SPLINE_CURVE_WITH_KNOTS('',3,(#10751,#10752,#10753,#10754,#10755,
#10756,#10757,#10758,#10759,#10760),.UNSPECIFIED.,.F.,.F.,(4,2,2,2,4),(1.61030557779648,
1.81016724739395,2.01002891699143,2.21274364184308,2.41545836669472),
 .UNSPECIFIED.);
#1381=B_SPLINE_CURVE_WITH_KNOTS('',3,(#10761,#10762,#10763,#10764,#10765,
#10766,#10767,#10768,#10769,#10770,#10771,#10772,#10773,#10774,#10775,#10776,
#10777,#10778,#10779),.UNSPECIFIED.,.F.,.F.,(4,2,2,2,3,2,2,2,4),(2.41545836669472,
2.61817309154637,2.82088781639802,3.02074948599549,3.22061115559296,3.42047282519044,
3.62033449478791,3.82304921963956,4.0257639444912),.UNSPECIFIED.);
#1382=B_SPLINE_CURVE_WITH_KNOTS('',3,(#10782,#10783,#10784,#10785,#10786,
#10787,#10788,#10789,#10790,#10791),.UNSPECIFIED.,.F.,.F.,(4,2,2,2,4),(0.805152788898241,
1.00786751374989,1.21058223860153,1.41044390819901,1.61030557779648),
 .UNSPECIFIED.);
#1383=B_SPLINE_CURVE_WITH_KNOTS('',3,(#10793,#10794,#10795,#10796,#10797,
#10798,#10799,#10800,#10801,#10802),.UNSPECIFIED.,.F.,.F.,(4,2,2,2,4),(1.61030557779648,
1.81016724739396,2.01002891699143,2.21274364184308,2.41545836669472),
 .UNSPECIFIED.);
#1384=B_SPLINE_CURVE_WITH_KNOTS('',3,(#10803,#10804,#10805,#10806,#10807,
#10808,#10809,#10810,#10811,#10812,#10813,#10814,#10815,#10816,#10817,#10818,
#10819,#10820,#10821),.UNSPECIFIED.,.F.,.F.,(4,2,2,2,3,2,2,2,4),(2.41545836669472,
2.61817309154637,2.82088781639802,3.02074948599549,3.22061115559296,3.42047282519044,
3.62033449478791,3.82304921963956,4.0257639444912),.UNSPECIFIED.);
#1385=B_SPLINE_CURVE_WITH_KNOTS('',3,(#10824,#10825,#10826,#10827,#10828,
#10829,#10830,#10831,#10832,#10833),.UNSPECIFIED.,.F.,.F.,(4,2,2,2,4),(0.805152788898241,
1.00786751374989,1.21058223860153,1.41044390819901,1.61030557779648),
 .UNSPECIFIED.);
#1386=B_SPLINE_CURVE_WITH_KNOTS('',3,(#10835,#10836,#10837,#10838,#10839,
#10840,#10841,#10842,#10843,#10844),.UNSPECIFIED.,.F.,.F.,(4,2,2,2,4),(1.61030557779648,
1.81016724739396,2.01002891699143,2.21274364184308,2.41545836669472),
 .UNSPECIFIED.);
#1387=B_SPLINE_CURVE_WITH_KNOTS('',3,(#10845,#10846,#10847,#10848,#10849,
#10850,#10851,#10852,#10853,#10854,#10855,#10856,#10857,#10858,#10859,#10860,
#10861,#10862,#10863),.UNSPECIFIED.,.F.,.F.,(4,2,2,2,3,2,2,2,4),(2.41545836669472,
2.61817309154637,2.82088781639802,3.02074948599549,3.22061115559296,3.42047282519044,
3.62033449478791,3.82304921963956,4.0257639444912),.UNSPECIFIED.);
#1388=B_SPLINE_CURVE_WITH_KNOTS('',3,(#10877,#10878,#10879,#10880,#10881,
#10882,#10883,#10884,#10885,#10886),.UNSPECIFIED.,.F.,.F.,(4,2,2,2,4),(2.26398702271269,
2.45265078581416,2.64131454891564,2.82998195626628,3.01864936361692),
 .UNSPECIFIED.);
#1389=B_SPLINE_CURVE_WITH_KNOTS('',3,(#10888,#10889,#10890,#10891,#10892,
#10893,#10894,#10895,#10896,#10897),.UNSPECIFIED.,.F.,.F.,(4,2,2,2,4),(0.,
0.188667407350641,0.377334814701283,0.565998577802756,0.754662340904229),
 .UNSPECIFIED.);
#1390=B_SPLINE_CURVE_WITH_KNOTS('',3,(#10899,#10900,#10901,#10902,#10903,
#10904,#10905,#10906,#10907,#10908,#10909,#10910,#10911,#10912,#10913,#10914,
#10915,#10916),.UNSPECIFIED.,.F.,.F.,(4,2,2,2,2,2,2,2,4),(0.754662340904229,
0.943326104005703,1.13198986710718,1.32065727445782,1.50932468180846,1.6979920891591,
1.88665949650974,2.07532325961122,2.26398702271269),.UNSPECIFIED.);
#1391=B_SPLINE_CURVE_WITH_KNOTS('',3,(#10919,#10920,#10921,#10922,#10923,
#10924,#10925,#10926,#10927,#10928,#10929,#10930,#10931,#10932,#10933,#10934,
#10935,#10936,#10937,#10938,#10939,#10940,#10941,#10942,#10943,#10944,#10945,
#10946,#10947,#10948,#10949,#10950,#10951,#10952),.UNSPECIFIED.,.T.,.F.,
(4,2,2,2,2,2,2,2,2,2,2,2,2,2,2,2,4),(0.,0.188667407350642,0.377334814701283,
0.565998577802756,0.75466234090423,0.943326104005703,1.13198986710718,1.32065727445782,
1.50932468180846,1.6979920891591,1.88665949650974,2.07532325961122,2.26398702271269,
2.45265078581416,2.64131454891564,2.82998195626628,3.01864936361692),
 .UNSPECIFIED.);
#1392=B_SPLINE_CURVE_WITH_KNOTS('',3,(#10954,#10955,#10956,#10957,#10958,
#10959,#10960,#10961,#10962,#10963,#10964,#10965,#10966,#10967,#10968,#10969,
#10970,#10971,#10972,#10973,#10974,#10975,#10976,#10977,#10978,#10979,#10980,
#10981,#10982,#10983,#10984,#10985,#10986,#10987),.UNSPECIFIED.,.T.,.F.,
(4,2,2,2,2,2,2,2,2,2,2,2,2,2,2,2,4),(0.,0.188667407350642,0.377334814701283,
0.565998577802756,0.75466234090423,0.943326104005703,1.13198986710718,1.32065727445782,
1.50932468180846,1.6979920891591,1.88665949650974,2.07532325961122,2.26398702271269,
2.45265078581416,2.64131454891564,2.82998195626628,3.01864936361692),
 .UNSPECIFIED.);
#1393=B_SPLINE_CURVE_WITH_KNOTS('',3,(#10989,#10990,#10991,#10992,#10993,
#10994,#10995,#10996,#10997,#10998,#10999,#11000,#11001,#11002,#11003,#11004,
#11005,#11006,#11007,#11008,#11009,#11010,#11011,#11012,#11013,#11014,#11015,
#11016,#11017,#11018,#11019,#11020,#11021,#11022),.UNSPECIFIED.,.T.,.F.,
(4,2,2,2,2,2,2,2,2,2,2,2,2,2,2,2,4),(0.,0.188667407350641,0.377334814701283,
0.565998577802756,0.754662340904229,0.943326104005703,1.13198986710718,
1.32065727445782,1.50932468180846,1.6979920891591,1.88665949650974,2.07532325961122,
2.26398702271269,2.45265078581416,2.64131454891564,2.82998195626628,3.01864936361692),
 .UNSPECIFIED.);
#1394=B_SPLINE_CURVE_WITH_KNOTS('',3,(#11090,#11091,#11092,#11093,#11094,
#11095,#11096,#11097,#11098,#11099,#11100,#11101,#11102,#11103,#11104,#11105,
#11106,#11107,#11108,#11109),.UNSPECIFIED.,.F.,.F.,(4,2,2,2,2,2,2,2,2,4),
(0.,0.168399333097018,0.380162567143337,0.585779839454491,0.783451779484924,
0.990295805378668,1.24464135692294,1.45695449879586,1.57655138863767,1.69570317282321),
 .UNSPECIFIED.);
#1395=B_SPLINE_CURVE_WITH_KNOTS('',3,(#11113,#11114,#11115,#11116,#11117,
#11118,#11119,#11120,#11121,#11122,#11123,#11124,#11125,#11126,#11127,#11128,
#11129,#11130,#11131,#11132,#11133,#11134),.UNSPECIFIED.,.F.,.F.,(4,2,2,
2,2,2,2,2,2,2,4),(0.,0.161600619854965,0.248644705737617,0.421476742892491,
0.617502254858434,0.816809547814979,1.01767784140178,1.16288537348453,1.29208005292419,
1.39458385025853,1.49486376095695),.UNSPECIFIED.);
#1396=B_SPLINE_CURVE_WITH_KNOTS('',3,(#11138,#11139,#11140,#11141,#11142,
#11143,#11144,#11145,#11146,#11147,#11148,#11149,#11150,#11151,#11152,#11153,
#11154,#11155,#11156,#11157),.UNSPECIFIED.,.F.,.F.,(4,2,2,2,2,2,2,2,2,4),
(0.,0.168399333097028,0.380162567143325,0.585779839454387,0.783451779484808,
0.990295805378676,1.24464135692296,1.45695449879568,1.57655138863737,1.69570317282278),
 .UNSPECIFIED.);
#1397=B_SPLINE_CURVE_WITH_KNOTS('',3,(#11161,#11162,#11163,#11164,#11165,
#11166,#11167,#11168,#11169,#11170,#11171,#11172,#11173,#11174,#11175,#11176,
#11177,#11178,#11179,#11180,#11181,#11182),.UNSPECIFIED.,.F.,.F.,(4,2,2,
2,2,2,2,2,2,2,4),(0.,0.161600619854963,0.24864470573763,0.421476742892538,
0.617502254858394,0.816809547814766,1.01767784140161,1.16288537348377,1.29208005292301,
1.39458385025804,1.49486376095716),.UNSPECIFIED.);
#1398=B_SPLINE_CURVE_WITH_KNOTS('',3,(#11274,#11275,#11276,#11277,#11278,
#11279,#11280,#11281,#11282,#11283,#11284,#11285,#11286,#11287,#11288,#11289),
 .UNSPECIFIED.,.F.,.F.,(4,1,1,1,1,1,2,1,1,1,1,1,4),(-1.,-0.939156726598098,
-0.878313453196197,-0.816375751893202,-0.754438050590208,-0.626273034438101,
-0.50132702481272,-0.377769879057912,-0.284409016077106,-0.253288728416837,
-0.128829239021546,-0.0644146195107728,0.),.UNSPECIFIED.);
#1399=B_SPLINE_CURVE_WITH_KNOTS('',3,(#11295,#11296,#11297,#11298,#11299,
#11300,#11301,#11302),.UNSPECIFIED.,.F.,.F.,(4,2,2,4),(1.80509816987977,
2.03398269662484,2.17847287684868,2.32296305707253),.UNSPECIFIED.);
#1400=B_SPLINE_CURVE_WITH_KNOTS('',3,(#11304,#11305,#11306,#11307,#11308,
#11309,#11310,#11311),.UNSPECIFIED.,.F.,.F.,(4,2,2,4),(-0.237255817626595,
-0.236049735776032,-0.113321181468496,-0.000435190719091771),
 .UNSPECIFIED.);
#1401=B_SPLINE_CURVE_WITH_KNOTS('',3,(#11313,#11314,#11315,#11316,#11317,
#11318),.UNSPECIFIED.,.F.,.F.,(4,2,4),(-0.323501015189649,0.,0.00131585742553609),
 .UNSPECIFIED.);
#1402=B_SPLINE_CURVE_WITH_KNOTS('',3,(#11320,#11321,#11322,#11323,#11324,
#11325),.UNSPECIFIED.,.F.,.F.,(4,2,4),(0.,0.753317310844758,1.12854553406255),
 .UNSPECIFIED.);
#1403=B_SPLINE_CURVE_WITH_KNOTS('',3,(#11394,#11395,#11396,#11397,#11398,
#11399,#11400,#11401,#11402,#11403,#11404,#11405,#11406,#11407,#11408,#11409),
 .UNSPECIFIED.,.F.,.F.,(4,1,1,1,1,1,2,1,1,1,1,1,4),(0.,0.0644146195107728,
0.128829239021546,0.253288728416837,0.284409016077106,0.377769879057912,
0.50132702481272,0.626273034438101,0.754438050590208,0.816375751893202,
0.878313453196197,0.939156726598098,1.),.UNSPECIFIED.);
#1404=B_SPLINE_CURVE_WITH_KNOTS('',3,(#11415,#11416,#11417,#11418,#11419,
#11420,#11421,#11422,#11423,#11424,#11425,#11426,#11427,#11428,#11429,#11430),
 .UNSPECIFIED.,.F.,.F.,(4,2,2,2,2,2,2,4),(2.32296305707253,2.46745323729637,
2.61194341752021,2.87561745498787,3.13929149245554,3.51595014787791,3.89260880330029,
4.64592611414505),.UNSPECIFIED.);
#1405=B_SPLINE_CURVE_WITH_KNOTS('',3,(#11443,#11444,#11445,#11446,#11447,
#11448),.UNSPECIFIED.,.F.,.F.,(4,2,4),(-0.323447305087042,0.,0.00131596388087148),
 .UNSPECIFIED.);
#1406=B_SPLINE_CURVE_WITH_KNOTS('',3,(#11453,#11454,#11455,#11456,#11457,
#11458,#11459,#11460),.UNSPECIFIED.,.F.,.F.,(4,2,2,4),(-0.237476613197796,
-0.236266994093939,-0.113250880332146,0.),.UNSPECIFIED.);
#1407=B_SPLINE_CURVE_WITH_KNOTS('',3,(#11529,#11530,#11531,#11532,#11533,
#11534,#11535,#11536,#11537,#11538,#11539,#11540,#11541,#11542,#11543,#11544),
 .UNSPECIFIED.,.F.,.F.,(4,1,1,1,1,1,2,1,1,1,1,1,4),(-1.,-0.939156726598098,
-0.878313453196197,-0.816375751893202,-0.754438050590208,-0.626273034438101,
-0.50132702481272,-0.377769879057912,-0.284409016077106,-0.253288728416837,
-0.128829239021546,-0.0644146195107728,0.),.UNSPECIFIED.);
#1408=B_SPLINE_CURVE_WITH_KNOTS('',3,(#11613,#11614,#11615,#11616,#11617,
#11618,#11619,#11620,#11621,#11622,#11623,#11624,#11625,#11626,#11627,#11628),
 .UNSPECIFIED.,.F.,.F.,(4,1,1,1,1,1,2,1,1,1,1,1,4),(0.,0.0644146195107728,
0.128829239021546,0.253288728416837,0.284409016077106,0.377769879057912,
0.50132702481272,0.626273034438101,0.754438050590208,0.816375751893202,
0.878313453196197,0.939156726598098,1.),.UNSPECIFIED.);
#1409=B_SPLINE_CURVE_WITH_KNOTS('',3,(#11634,#11635,#11636,#11637,#11638,
#11639,#11640,#11641,#11642,#11643,#11644,#11645,#11646,#11647,#11648,#11649),
 .UNSPECIFIED.,.F.,.F.,(4,2,2,2,2,2,2,4),(2.32296305707253,2.46745323729637,
2.61194341752021,2.87561745498787,3.13929149245553,3.51595014787791,3.89260880330029,
4.64592611414505),.UNSPECIFIED.);
#1410=B_SPLINE_CURVE_WITH_KNOTS('',3,(#11663,#11664,#11665,#11666,#11667,
#11668,#11669,#11670),.UNSPECIFIED.,.F.,.F.,(4,2,2,4),(1.80509816987977,
2.03398269662484,2.17847287684868,2.32296305707253),.UNSPECIFIED.);
#1411=LINE('',#7301,#1910);
#1412=LINE('',#7316,#1911);
#1413=LINE('',#7333,#1912);
#1414=LINE('',#7367,#1913);
#1415=LINE('',#7369,#1914);
#1416=LINE('',#7381,#1915);
#1417=LINE('',#7383,#1916);
#1418=LINE('',#7400,#1917);
#1419=LINE('',#7412,#1918);
#1420=LINE('',#7414,#1919);
#1421=LINE('',#7426,#1920);
#1422=LINE('',#7447,#1921);
#1423=LINE('',#7448,#1922);
#1424=LINE('',#7459,#1923);
#1425=LINE('',#7470,#1924);
#1426=LINE('',#7473,#1925);
#1427=LINE('',#7474,#1926);
#1428=LINE('',#7477,#1927);
#1429=LINE('',#7478,#1928);
#1430=LINE('',#7489,#1929);
#1431=LINE('',#7500,#1930);
#1432=LINE('',#7503,#1931);
#1433=LINE('',#7504,#1932);
#1434=LINE('',#7507,#1933);
#1435=LINE('',#7508,#1934);
#1436=LINE('',#7519,#1935);
#1437=LINE('',#7530,#1936);
#1438=LINE('',#7541,#1937);
#1439=LINE('',#7544,#1938);
#1440=LINE('',#7545,#1939);
#1441=LINE('',#7556,#1940);
#1442=LINE('',#7567,#1941);
#1443=LINE('',#7570,#1942);
#1444=LINE('',#7571,#1943);
#1445=LINE('',#7574,#1944);
#1446=LINE('',#7575,#1945);
#1447=LINE('',#7586,#1946);
#1448=LINE('',#7597,#1947);
#1449=LINE('',#7599,#1948);
#1450=LINE('',#7612,#1949);
#1451=LINE('',#7618,#1950);
#1452=LINE('',#7621,#1951);
#1453=LINE('',#7623,#1952);
#1454=LINE('',#7624,#1953);
#1455=LINE('',#7636,#1954);
#1456=LINE('',#7652,#1955);
#1457=LINE('',#7667,#1956);
#1458=LINE('',#7669,#1957);
#1459=LINE('',#7670,#1958);
#1460=LINE('',#7673,#1959);
#1461=LINE('',#7675,#1960);
#1462=LINE('',#7676,#1961);
#1463=LINE('',#7679,#1962);
#1464=LINE('',#7681,#1963);
#1465=LINE('',#7682,#1964);
#1466=LINE('',#7694,#1965);
#1467=LINE('',#7710,#1966);
#1468=LINE('',#7717,#1967);
#1469=LINE('',#7719,#1968);
#1470=LINE('',#7720,#1969);
#1471=LINE('',#7732,#1970);
#1472=LINE('',#7748,#1971);
#1473=LINE('',#7755,#1972);
#1474=LINE('',#7757,#1973);
#1475=LINE('',#7758,#1974);
#1476=LINE('',#7761,#1975);
#1477=LINE('',#7763,#1976);
#1478=LINE('',#7764,#1977);
#1479=LINE('',#7767,#1978);
#1480=LINE('',#7769,#1979);
#1481=LINE('',#7770,#1980);
#1482=LINE('',#7788,#1981);
#1483=LINE('',#7800,#1982);
#1484=LINE('',#7821,#1983);
#1485=LINE('',#7822,#1984);
#1486=LINE('',#7833,#1985);
#1487=LINE('',#7836,#1986);
#1488=LINE('',#7837,#1987);
#1489=LINE('',#7848,#1988);
#1490=LINE('',#7859,#1989);
#1491=LINE('',#7861,#1990);
#1492=LINE('',#7865,#1991);
#1493=LINE('',#7867,#1992);
#1494=LINE('',#7869,#1993);
#1495=LINE('',#7870,#1994);
#1496=LINE('',#7885,#1995);
#1497=LINE('',#7895,#1996);
#1498=LINE('',#7897,#1997);
#1499=LINE('',#7898,#1998);
#1500=LINE('',#7910,#1999);
#1501=LINE('',#7917,#2000);
#1502=LINE('',#7919,#2001);
#1503=LINE('',#7920,#2002);
#1504=LINE('',#7932,#2003);
#1505=LINE('',#7939,#2004);
#1506=LINE('',#7941,#2005);
#1507=LINE('',#7942,#2006);
#1508=LINE('',#7954,#2007);
#1509=LINE('',#7970,#2008);
#1510=LINE('',#7977,#2009);
#1511=LINE('',#7979,#2010);
#1512=LINE('',#7980,#2011);
#1513=LINE('',#7983,#2012);
#1514=LINE('',#7985,#2013);
#1515=LINE('',#7986,#2014);
#1516=LINE('',#7989,#2015);
#1517=LINE('',#7991,#2016);
#1518=LINE('',#7992,#2017);
#1519=LINE('',#8007,#2018);
#1520=LINE('',#8017,#2019);
#1521=LINE('',#8019,#2020);
#1522=LINE('',#8020,#2021);
#1523=LINE('',#8035,#2022);
#1524=LINE('',#8045,#2023);
#1525=LINE('',#8047,#2024);
#1526=LINE('',#8048,#2025);
#1527=LINE('',#8060,#2026);
#1528=LINE('',#8076,#2027);
#1529=LINE('',#8083,#2028);
#1530=LINE('',#8085,#2029);
#1531=LINE('',#8086,#2030);
#1532=LINE('',#8123,#2031);
#1533=LINE('',#8143,#2032);
#1534=LINE('',#8145,#2033);
#1535=LINE('',#8147,#2034);
#1536=LINE('',#8159,#2035);
#1537=LINE('',#8171,#2036);
#1538=LINE('',#8173,#2037);
#1539=LINE('',#8175,#2038);
#1540=LINE('',#8199,#2039);
#1541=LINE('',#8200,#2040);
#1542=LINE('',#8203,#2041);
#1543=LINE('',#8204,#2042);
#1544=LINE('',#8207,#2043);
#1545=LINE('',#8208,#2044);
#1546=LINE('',#8211,#2045);
#1547=LINE('',#8212,#2046);
#1548=LINE('',#8223,#2047);
#1549=LINE('',#8234,#2048);
#1550=LINE('',#8237,#2049);
#1551=LINE('',#8238,#2050);
#1552=LINE('',#8249,#2051);
#1553=LINE('',#8260,#2052);
#1554=LINE('',#8263,#2053);
#1555=LINE('',#8264,#2054);
#1556=LINE('',#8267,#2055);
#1557=LINE('',#8268,#2056);
#1558=LINE('',#8271,#2057);
#1559=LINE('',#8272,#2058);
#1560=LINE('',#8283,#2059);
#1561=LINE('',#8294,#2060);
#1562=LINE('',#8297,#2061);
#1563=LINE('',#8298,#2062);
#1564=LINE('',#8320,#2063);
#1565=LINE('',#8326,#2064);
#1566=LINE('',#8329,#2065);
#1567=LINE('',#8331,#2066);
#1568=LINE('',#8332,#2067);
#1569=LINE('',#8335,#2068);
#1570=LINE('',#8337,#2069);
#1571=LINE('',#8338,#2070);
#1572=LINE('',#8341,#2071);
#1573=LINE('',#8343,#2072);
#1574=LINE('',#8344,#2073);
#1575=LINE('',#8356,#2074);
#1576=LINE('',#8372,#2075);
#1577=LINE('',#8379,#2076);
#1578=LINE('',#8381,#2077);
#1579=LINE('',#8382,#2078);
#1580=LINE('',#8394,#2079);
#1581=LINE('',#8409,#2080);
#1582=LINE('',#8411,#2081);
#1583=LINE('',#8412,#2082);
#1584=LINE('',#8424,#2083);
#1585=LINE('',#8440,#2084);
#1586=LINE('',#8447,#2085);
#1587=LINE('',#8449,#2086);
#1588=LINE('',#8450,#2087);
#1589=LINE('',#8453,#2088);
#1590=LINE('',#8455,#2089);
#1591=LINE('',#8456,#2090);
#1592=LINE('',#8484,#2091);
#1593=LINE('',#8491,#2092);
#1594=LINE('',#8511,#2093);
#1595=LINE('',#8512,#2094);
#1596=LINE('',#8516,#2095);
#1597=LINE('',#8517,#2096);
#1598=LINE('',#8518,#2097);
#1599=LINE('',#8529,#2098);
#1600=LINE('',#8532,#2099);
#1601=LINE('',#8533,#2100);
#1602=LINE('',#8544,#2101);
#1603=LINE('',#8555,#2102);
#1604=LINE('',#8558,#2103);
#1605=LINE('',#8559,#2104);
#1606=LINE('',#8562,#2105);
#1607=LINE('',#8563,#2106);
#1608=LINE('',#8574,#2107);
#1609=LINE('',#8599,#2108);
#1610=LINE('',#8608,#2109);
#1611=LINE('',#8623,#2110);
#1612=LINE('',#8633,#2111);
#1613=LINE('',#8635,#2112);
#1614=LINE('',#8636,#2113);
#1615=LINE('',#8640,#2114);
#1616=LINE('',#8642,#2115);
#1617=LINE('',#8644,#2116);
#1618=LINE('',#8645,#2117);
#1619=LINE('',#8667,#2118);
#1620=LINE('',#8689,#2119);
#1621=LINE('',#8704,#2120);
#1622=LINE('',#8726,#2121);
#1623=LINE('',#8735,#2122);
#1624=LINE('',#8736,#2123);
#1625=LINE('',#8751,#2124);
#1626=LINE('',#8773,#2125);
#1627=LINE('',#8782,#2126);
#1628=LINE('',#8783,#2127);
#1629=LINE('',#8793,#2128);
#1630=LINE('',#8805,#2129);
#1631=LINE('',#8807,#2130);
#1632=LINE('',#8809,#2131);
#1633=LINE('',#8821,#2132);
#1634=LINE('',#8833,#2133);
#1635=LINE('',#8835,#2134);
#1636=LINE('',#8837,#2135);
#1637=LINE('',#8861,#2136);
#1638=LINE('',#8862,#2137);
#1639=LINE('',#8865,#2138);
#1640=LINE('',#8866,#2139);
#1641=LINE('',#8869,#2140);
#1642=LINE('',#8870,#2141);
#1643=LINE('',#8873,#2142);
#1644=LINE('',#8874,#2143);
#1645=LINE('',#8885,#2144);
#1646=LINE('',#8896,#2145);
#1647=LINE('',#8899,#2146);
#1648=LINE('',#8900,#2147);
#1649=LINE('',#8911,#2148);
#1650=LINE('',#8922,#2149);
#1651=LINE('',#8925,#2150);
#1652=LINE('',#8926,#2151);
#1653=LINE('',#8929,#2152);
#1654=LINE('',#8930,#2153);
#1655=LINE('',#8933,#2154);
#1656=LINE('',#8934,#2155);
#1657=LINE('',#8945,#2156);
#1658=LINE('',#8956,#2157);
#1659=LINE('',#8959,#2158);
#1660=LINE('',#8960,#2159);
#1661=LINE('',#8973,#2160);
#1662=LINE('',#8975,#2161);
#1663=LINE('',#8977,#2162);
#1664=LINE('',#8978,#2163);
#1665=LINE('',#8990,#2164);
#1666=LINE('',#9006,#2165);
#1667=LINE('',#9013,#2166);
#1668=LINE('',#9015,#2167);
#1669=LINE('',#9016,#2168);
#1670=LINE('',#9019,#2169);
#1671=LINE('',#9021,#2170);
#1672=LINE('',#9022,#2171);
#1673=LINE('',#9034,#2172);
#1674=LINE('',#9050,#2173);
#1675=LINE('',#9057,#2174);
#1676=LINE('',#9059,#2175);
#1677=LINE('',#9060,#2176);
#1678=LINE('',#9072,#2177);
#1679=LINE('',#9088,#2178);
#1680=LINE('',#9104,#2179);
#1681=LINE('',#9111,#2180);
#1682=LINE('',#9113,#2181);
#1683=LINE('',#9114,#2182);
#1684=LINE('',#9117,#2183);
#1685=LINE('',#9119,#2184);
#1686=LINE('',#9120,#2185);
#1687=LINE('',#9132,#2186);
#1688=LINE('',#9148,#2187);
#1689=LINE('',#9155,#2188);
#1690=LINE('',#9157,#2189);
#1691=LINE('',#9158,#2190);
#1692=LINE('',#9161,#2191);
#1693=LINE('',#9163,#2192);
#1694=LINE('',#9164,#2193);
#1695=LINE('',#9176,#2194);
#1696=LINE('',#9192,#2195);
#1697=LINE('',#9214,#2196);
#1698=LINE('',#9216,#2197);
#1699=LINE('',#9226,#2198);
#1700=LINE('',#9241,#2199);
#1701=LINE('',#9253,#2200);
#1702=LINE('',#9263,#2201);
#1703=LINE('',#9273,#2202);
#1704=LINE('',#9280,#2203);
#1705=LINE('',#9287,#2204);
#1706=LINE('',#9298,#2205);
#1707=LINE('',#9313,#2206);
#1708=LINE('',#9314,#2207);
#1709=LINE('',#9317,#2208);
#1710=LINE('',#9318,#2209);
#1711=LINE('',#9329,#2210);
#1712=LINE('',#9340,#2211);
#1713=LINE('',#9343,#2212);
#1714=LINE('',#9344,#2213);
#1715=LINE('',#9358,#2214);
#1716=LINE('',#9361,#2215);
#1717=LINE('',#9362,#2216);
#1718=LINE('',#9376,#2217);
#1719=LINE('',#9379,#2218);
#1720=LINE('',#9380,#2219);
#1721=LINE('',#9383,#2220);
#1722=LINE('',#9384,#2221);
#1723=LINE('',#9387,#2222);
#1724=LINE('',#9388,#2223);
#1725=LINE('',#9399,#2224);
#1726=LINE('',#9410,#2225);
#1727=LINE('',#9413,#2226);
#1728=LINE('',#9414,#2227);
#1729=LINE('',#9425,#2228);
#1730=LINE('',#9428,#2229);
#1731=LINE('',#9429,#2230);
#1732=LINE('',#9440,#2231);
#1733=LINE('',#9443,#2232);
#1734=LINE('',#9444,#2233);
#1735=LINE('',#9458,#2234);
#1736=LINE('',#9460,#2235);
#1737=LINE('',#9464,#2236);
#1738=LINE('',#9466,#2237);
#1739=LINE('',#9468,#2238);
#1740=LINE('',#9469,#2239);
#1741=LINE('',#9481,#2240);
#1742=LINE('',#9497,#2241);
#1743=LINE('',#9512,#2242);
#1744=LINE('',#9514,#2243);
#1745=LINE('',#9515,#2244);
#1746=LINE('',#9527,#2245);
#1747=LINE('',#9554,#2246);
#1748=LINE('',#9566,#2247);
#1749=LINE('',#9568,#2248);
#1750=LINE('',#9580,#2249);
#1751=LINE('',#9582,#2250);
#1752=LINE('',#9584,#2251);
#1753=LINE('',#9595,#2252);
#1754=LINE('',#9607,#2253);
#1755=LINE('',#9608,#2254);
#1756=LINE('',#9611,#2255);
#1757=LINE('',#9612,#2256);
#1758=LINE('',#9615,#2257);
#1759=LINE('',#9616,#2258);
#1760=LINE('',#9627,#2259);
#1761=LINE('',#9638,#2260);
#1762=LINE('',#9641,#2261);
#1763=LINE('',#9642,#2262);
#1764=LINE('',#9653,#2263);
#1765=LINE('',#9656,#2264);
#1766=LINE('',#9657,#2265);
#1767=LINE('',#9668,#2266);
#1768=LINE('',#9679,#2267);
#1769=LINE('',#9682,#2268);
#1770=LINE('',#9683,#2269);
#1771=LINE('',#9686,#2270);
#1772=LINE('',#9687,#2271);
#1773=LINE('',#9690,#2272);
#1774=LINE('',#9691,#2273);
#1775=LINE('',#9713,#2274);
#1776=LINE('',#9719,#2275);
#1777=LINE('',#9722,#2276);
#1778=LINE('',#9724,#2277);
#1779=LINE('',#9725,#2278);
#1780=LINE('',#9737,#2279);
#1781=LINE('',#9761,#2280);
#1782=LINE('',#9768,#2281);
#1783=LINE('',#9770,#2282);
#1784=LINE('',#9771,#2283);
#1785=LINE('',#9774,#2284);
#1786=LINE('',#9776,#2285);
#1787=LINE('',#9777,#2286);
#1788=LINE('',#9780,#2287);
#1789=LINE('',#9782,#2288);
#1790=LINE('',#9783,#2289);
#1791=LINE('',#9795,#2290);
#1792=LINE('',#9811,#2291);
#1793=LINE('',#9818,#2292);
#1794=LINE('',#9820,#2293);
#1795=LINE('',#9821,#2294);
#1796=LINE('',#9833,#2295);
#1797=LINE('',#9857,#2296);
#1798=LINE('',#9864,#2297);
#1799=LINE('',#9866,#2298);
#1800=LINE('',#9867,#2299);
#1801=LINE('',#9870,#2300);
#1802=LINE('',#9872,#2301);
#1803=LINE('',#9873,#2302);
#1804=LINE('',#9876,#2303);
#1805=LINE('',#9878,#2304);
#1806=LINE('',#9879,#2305);
#1807=LINE('',#9913,#2306);
#1808=LINE('',#9930,#2307);
#1809=LINE('',#9949,#2308);
#1810=LINE('',#9966,#2309);
#1811=LINE('',#9970,#2310);
#1812=LINE('',#9971,#2311);
#1813=LINE('',#9972,#2312);
#1814=LINE('',#9986,#2313);
#1815=LINE('',#10000,#2314);
#1816=LINE('',#10004,#2315);
#1817=LINE('',#10005,#2316);
#1818=LINE('',#10006,#2317);
#1819=LINE('',#10020,#2318);
#1820=LINE('',#10034,#2319);
#1821=LINE('',#10048,#2320);
#1822=LINE('',#10062,#2321);
#1823=LINE('',#10064,#2322);
#1824=LINE('',#10067,#2323);
#1825=LINE('',#10068,#2324);
#1826=LINE('',#10082,#2325);
#1827=LINE('',#10107,#2326);
#1828=LINE('',#10113,#2327);
#1829=LINE('',#10125,#2328);
#1830=LINE('',#10132,#2329);
#1831=LINE('',#10134,#2330);
#1832=LINE('',#10135,#2331);
#1833=LINE('',#10138,#2332);
#1834=LINE('',#10140,#2333);
#1835=LINE('',#10141,#2334);
#1836=LINE('',#10153,#2335);
#1837=LINE('',#10169,#2336);
#1838=LINE('',#10176,#2337);
#1839=LINE('',#10178,#2338);
#1840=LINE('',#10179,#2339);
#1841=LINE('',#10191,#2340);
#1842=LINE('',#10197,#2341);
#1843=LINE('',#10198,#2342);
#1844=LINE('',#10247,#2343);
#1845=LINE('',#10322,#2344);
#1846=LINE('',#10397,#2345);
#1847=LINE('',#10437,#2346);
#1848=LINE('',#10518,#2347);
#1849=LINE('',#10562,#2348);
#1850=LINE('',#10571,#2349);
#1851=LINE('',#10580,#2350);
#1852=LINE('',#10591,#2351);
#1853=LINE('',#10631,#2352);
#1854=LINE('',#10675,#2353);
#1855=LINE('',#10684,#2354);
#1856=LINE('',#10695,#2355);
#1857=LINE('',#10716,#2356);
#1858=LINE('',#10866,#2357);
#1859=LINE('',#10875,#2358);
#1860=LINE('',#10898,#2359);
#1861=LINE('',#11025,#2360);
#1862=LINE('',#11030,#2361);
#1863=LINE('',#11033,#2362);
#1864=LINE('',#11038,#2363);
#1865=LINE('',#11041,#2364);
#1866=LINE('',#11046,#2365);
#1867=LINE('',#11049,#2366);
#1868=LINE('',#11054,#2367);
#1869=LINE('',#11059,#2368);
#1870=LINE('',#11065,#2369);
#1871=LINE('',#11078,#2370);
#1872=LINE('',#11084,#2371);
#1873=LINE('',#11111,#2372);
#1874=LINE('',#11135,#2373);
#1875=LINE('',#11159,#2374);
#1876=LINE('',#11183,#2375);
#1877=LINE('',#11191,#2376);
#1878=LINE('',#11194,#2377);
#1879=LINE('',#11197,#2378);
#1880=LINE('',#11200,#2379);
#1881=LINE('',#11203,#2380);
#1882=LINE('',#11206,#2381);
#1883=LINE('',#11272,#2382);
#1884=LINE('',#11290,#2383);
#1885=LINE('',#11293,#2384);
#1886=LINE('',#11326,#2385);
#1887=LINE('',#11392,#2386);
#1888=LINE('',#11410,#2387);
#1889=LINE('',#11413,#2388);
#1890=LINE('',#11431,#2389);
#1891=LINE('',#11433,#2390);
#1892=LINE('',#11435,#2391);
#1893=LINE('',#11437,#2392);
#1894=LINE('',#11439,#2393);
#1895=LINE('',#11527,#2394);
#1896=LINE('',#11545,#2395);
#1897=LINE('',#11611,#2396);
#1898=LINE('',#11629,#2397);
#1899=LINE('',#11632,#2398);
#1900=LINE('',#11650,#2399);
#1901=LINE('',#11652,#2400);
#1902=LINE('',#11654,#2401);
#1903=LINE('',#11656,#2402);
#1904=LINE('',#11657,#2403);
#1905=LINE('',#11660,#2404);
#1906=LINE('',#11661,#2405);
#1907=LINE('',#11672,#2406);
#1908=LINE('',#11689,#2407);
#1909=LINE('',#11705,#2408);
#1910=VECTOR('',#6274,28.);
#1911=VECTOR('',#6283,1.621);
#1912=VECTOR('',#6284,1.621);
#1913=VECTOR('',#6289,10.);
#1914=VECTOR('',#6290,10.);
#1915=VECTOR('',#6291,10.);
#1916=VECTOR('',#6292,10.);
#1917=VECTOR('',#6293,10.);
#1918=VECTOR('',#6294,10.);
#1919=VECTOR('',#6295,10.);
#1920=VECTOR('',#6296,10.);
#1921=VECTOR('',#6297,10.);
#1922=VECTOR('',#6298,10.);
#1923=VECTOR('',#6299,10.);
#1924=VECTOR('',#6300,10.);
#1925=VECTOR('',#6303,10.);
#1926=VECTOR('',#6304,10.);
#1927=VECTOR('',#6307,10.);
#1928=VECTOR('',#6308,10.);
#1929=VECTOR('',#6309,10.);
#1930=VECTOR('',#6310,10.);
#1931=VECTOR('',#6313,10.);
#1932=VECTOR('',#6314,10.);
#1933=VECTOR('',#6317,10.);
#1934=VECTOR('',#6318,10.);
#1935=VECTOR('',#6319,10.);
#1936=VECTOR('',#6320,10.);
#1937=VECTOR('',#6321,10.);
#1938=VECTOR('',#6324,10.);
#1939=VECTOR('',#6325,10.);
#1940=VECTOR('',#6326,10.);
#1941=VECTOR('',#6327,10.);
#1942=VECTOR('',#6330,10.);
#1943=VECTOR('',#6331,10.);
#1944=VECTOR('',#6334,10.);
#1945=VECTOR('',#6335,10.);
#1946=VECTOR('',#6336,10.);
#1947=VECTOR('',#6337,10.);
#1948=VECTOR('',#6340,10.);
#1949=VECTOR('',#6341,10.);
#1950=VECTOR('',#6342,10.);
#1951=VECTOR('',#6345,10.);
#1952=VECTOR('',#6346,10.);
#1953=VECTOR('',#6347,10.);
#1954=VECTOR('',#6348,10.);
#1955=VECTOR('',#6349,10.);
#1956=VECTOR('',#6352,10.);
#1957=VECTOR('',#6353,10.);
#1958=VECTOR('',#6354,10.);
#1959=VECTOR('',#6357,10.);
#1960=VECTOR('',#6358,10.);
#1961=VECTOR('',#6359,10.);
#1962=VECTOR('',#6362,10.);
#1963=VECTOR('',#6363,10.);
#1964=VECTOR('',#6364,10.);
#1965=VECTOR('',#6365,10.);
#1966=VECTOR('',#6366,10.);
#1967=VECTOR('',#6369,10.);
#1968=VECTOR('',#6370,10.);
#1969=VECTOR('',#6371,10.);
#1970=VECTOR('',#6372,10.);
#1971=VECTOR('',#6373,10.);
#1972=VECTOR('',#6376,10.);
#1973=VECTOR('',#6377,10.);
#1974=VECTOR('',#6378,10.);
#1975=VECTOR('',#6381,10.);
#1976=VECTOR('',#6382,10.);
#1977=VECTOR('',#6383,10.);
#1978=VECTOR('',#6386,10.);
#1979=VECTOR('',#6387,10.);
#1980=VECTOR('',#6388,10.);
#1981=VECTOR('',#6393,10.);
#1982=VECTOR('',#6394,10.);
#1983=VECTOR('',#6395,10.);
#1984=VECTOR('',#6396,10.);
#1985=VECTOR('',#6397,10.);
#1986=VECTOR('',#6400,10.);
#1987=VECTOR('',#6401,10.);
#1988=VECTOR('',#6402,10.);
#1989=VECTOR('',#6403,10.);
#1990=VECTOR('',#6406,10.);
#1991=VECTOR('',#6409,10.);
#1992=VECTOR('',#6410,10.);
#1993=VECTOR('',#6411,10.);
#1994=VECTOR('',#6412,10.);
#1995=VECTOR('',#6413,10.);
#1996=VECTOR('',#6416,10.);
#1997=VECTOR('',#6417,10.);
#1998=VECTOR('',#6418,10.);
#1999=VECTOR('',#6419,10.);
#2000=VECTOR('',#6422,10.);
#2001=VECTOR('',#6423,10.);
#2002=VECTOR('',#6424,10.);
#2003=VECTOR('',#6425,10.);
#2004=VECTOR('',#6428,10.);
#2005=VECTOR('',#6429,10.);
#2006=VECTOR('',#6430,10.);
#2007=VECTOR('',#6431,10.);
#2008=VECTOR('',#6432,10.);
#2009=VECTOR('',#6435,10.);
#2010=VECTOR('',#6436,10.);
#2011=VECTOR('',#6437,10.);
#2012=VECTOR('',#6440,10.);
#2013=VECTOR('',#6441,10.);
#2014=VECTOR('',#6442,10.);
#2015=VECTOR('',#6445,10.);
#2016=VECTOR('',#6446,10.);
#2017=VECTOR('',#6447,10.);
#2018=VECTOR('',#6448,10.);
#2019=VECTOR('',#6451,10.);
#2020=VECTOR('',#6452,10.);
#2021=VECTOR('',#6453,10.);
#2022=VECTOR('',#6454,10.);
#2023=VECTOR('',#6457,10.);
#2024=VECTOR('',#6458,10.);
#2025=VECTOR('',#6459,10.);
#2026=VECTOR('',#6460,10.);
#2027=VECTOR('',#6461,10.);
#2028=VECTOR('',#6464,10.);
#2029=VECTOR('',#6465,10.);
#2030=VECTOR('',#6466,10.);
#2031=VECTOR('',#6471,10.);
#2032=VECTOR('',#6472,10.);
#2033=VECTOR('',#6473,10.);
#2034=VECTOR('',#6474,10.);
#2035=VECTOR('',#6475,10.);
#2036=VECTOR('',#6476,10.);
#2037=VECTOR('',#6477,10.);
#2038=VECTOR('',#6478,10.);
#2039=VECTOR('',#6479,10.);
#2040=VECTOR('',#6480,10.);
#2041=VECTOR('',#6483,10.);
#2042=VECTOR('',#6484,10.);
#2043=VECTOR('',#6487,10.);
#2044=VECTOR('',#6488,10.);
#2045=VECTOR('',#6491,10.);
#2046=VECTOR('',#6492,10.);
#2047=VECTOR('',#6493,10.);
#2048=VECTOR('',#6494,10.);
#2049=VECTOR('',#6497,10.);
#2050=VECTOR('',#6498,10.);
#2051=VECTOR('',#6499,10.);
#2052=VECTOR('',#6500,10.);
#2053=VECTOR('',#6503,10.);
#2054=VECTOR('',#6504,10.);
#2055=VECTOR('',#6507,10.);
#2056=VECTOR('',#6508,10.);
#2057=VECTOR('',#6511,10.);
#2058=VECTOR('',#6512,10.);
#2059=VECTOR('',#6513,10.);
#2060=VECTOR('',#6514,10.);
#2061=VECTOR('',#6517,10.);
#2062=VECTOR('',#6518,10.);
#2063=VECTOR('',#6519,10.);
#2064=VECTOR('',#6520,10.);
#2065=VECTOR('',#6523,10.);
#2066=VECTOR('',#6524,10.);
#2067=VECTOR('',#6525,10.);
#2068=VECTOR('',#6528,10.);
#2069=VECTOR('',#6529,10.);
#2070=VECTOR('',#6530,10.);
#2071=VECTOR('',#6533,10.);
#2072=VECTOR('',#6534,10.);
#2073=VECTOR('',#6535,10.);
#2074=VECTOR('',#6536,10.);
#2075=VECTOR('',#6537,10.);
#2076=VECTOR('',#6540,10.);
#2077=VECTOR('',#6541,10.);
#2078=VECTOR('',#6542,10.);
#2079=VECTOR('',#6543,10.);
#2080=VECTOR('',#6546,10.);
#2081=VECTOR('',#6547,10.);
#2082=VECTOR('',#6548,10.);
#2083=VECTOR('',#6549,10.);
#2084=VECTOR('',#6550,10.);
#2085=VECTOR('',#6553,10.);
#2086=VECTOR('',#6554,10.);
#2087=VECTOR('',#6555,10.);
#2088=VECTOR('',#6558,10.);
#2089=VECTOR('',#6559,10.);
#2090=VECTOR('',#6560,10.);
#2091=VECTOR('',#6565,10.);
#2092=VECTOR('',#6566,10.);
#2093=VECTOR('',#6567,10.);
#2094=VECTOR('',#6568,10.);
#2095=VECTOR('',#6571,10.);
#2096=VECTOR('',#6572,10.);
#2097=VECTOR('',#6573,10.);
#2098=VECTOR('',#6574,10.);
#2099=VECTOR('',#6577,10.);
#2100=VECTOR('',#6578,10.);
#2101=VECTOR('',#6579,10.);
#2102=VECTOR('',#6580,10.);
#2103=VECTOR('',#6583,10.);
#2104=VECTOR('',#6584,10.);
#2105=VECTOR('',#6587,10.);
#2106=VECTOR('',#6588,10.);
#2107=VECTOR('',#6589,10.);
#2108=VECTOR('',#6590,10.);
#2109=VECTOR('',#6591,10.);
#2110=VECTOR('',#6592,10.);
#2111=VECTOR('',#6595,10.);
#2112=VECTOR('',#6596,10.);
#2113=VECTOR('',#6597,10.);
#2114=VECTOR('',#6600,10.);
#2115=VECTOR('',#6601,10.);
#2116=VECTOR('',#6602,10.);
#2117=VECTOR('',#6603,10.);
#2118=VECTOR('',#6604,10.);
#2119=VECTOR('',#6605,10.);
#2120=VECTOR('',#6606,10.);
#2121=VECTOR('',#6607,10.);
#2122=VECTOR('',#6610,10.);
#2123=VECTOR('',#6611,10.);
#2124=VECTOR('',#6612,10.);
#2125=VECTOR('',#6613,10.);
#2126=VECTOR('',#6616,10.);
#2127=VECTOR('',#6617,10.);
#2128=VECTOR('',#6622,10.);
#2129=VECTOR('',#6623,10.);
#2130=VECTOR('',#6624,10.);
#2131=VECTOR('',#6625,10.);
#2132=VECTOR('',#6626,10.);
#2133=VECTOR('',#6627,10.);
#2134=VECTOR('',#6628,10.);
#2135=VECTOR('',#6629,10.);
#2136=VECTOR('',#6630,10.);
#2137=VECTOR('',#6631,10.);
#2138=VECTOR('',#6634,10.);
#2139=VECTOR('',#6635,10.);
#2140=VECTOR('',#6638,10.);
#2141=VECTOR('',#6639,10.);
#2142=VECTOR('',#6642,10.);
#2143=VECTOR('',#6643,10.);
#2144=VECTOR('',#6644,10.);
#2145=VECTOR('',#6645,10.);
#2146=VECTOR('',#6648,10.);
#2147=VECTOR('',#6649,10.);
#2148=VECTOR('',#6650,10.);
#2149=VECTOR('',#6651,10.);
#2150=VECTOR('',#6654,10.);
#2151=VECTOR('',#6655,10.);
#2152=VECTOR('',#6658,10.);
#2153=VECTOR('',#6659,10.);
#2154=VECTOR('',#6662,10.);
#2155=VECTOR('',#6663,10.);
#2156=VECTOR('',#6664,10.);
#2157=VECTOR('',#6665,10.);
#2158=VECTOR('',#6668,10.);
#2159=VECTOR('',#6669,10.);
#2160=VECTOR('',#6672,10.);
#2161=VECTOR('',#6673,10.);
#2162=VECTOR('',#6674,10.);
#2163=VECTOR('',#6675,10.);
#2164=VECTOR('',#6676,10.);
#2165=VECTOR('',#6677,10.);
#2166=VECTOR('',#6680,10.);
#2167=VECTOR('',#6681,10.);
#2168=VECTOR('',#6682,10.);
#2169=VECTOR('',#6685,10.);
#2170=VECTOR('',#6686,10.);
#2171=VECTOR('',#6687,10.);
#2172=VECTOR('',#6688,10.);
#2173=VECTOR('',#6689,10.);
#2174=VECTOR('',#6692,10.);
#2175=VECTOR('',#6693,10.);
#2176=VECTOR('',#6694,10.);
#2177=VECTOR('',#6695,10.);
#2178=VECTOR('',#6696,10.);
#2179=VECTOR('',#6697,10.);
#2180=VECTOR('',#6700,10.);
#2181=VECTOR('',#6701,10.);
#2182=VECTOR('',#6702,10.);
#2183=VECTOR('',#6705,10.);
#2184=VECTOR('',#6706,10.);
#2185=VECTOR('',#6707,10.);
#2186=VECTOR('',#6708,10.);
#2187=VECTOR('',#6709,10.);
#2188=VECTOR('',#6712,10.);
#2189=VECTOR('',#6713,10.);
#2190=VECTOR('',#6714,10.);
#2191=VECTOR('',#6717,10.);
#2192=VECTOR('',#6718,10.);
#2193=VECTOR('',#6719,10.);
#2194=VECTOR('',#6720,10.);
#2195=VECTOR('',#6721,10.);
#2196=VECTOR('',#6726,10.);
#2197=VECTOR('',#6727,10.);
#2198=VECTOR('',#6728,10.);
#2199=VECTOR('',#6729,10.);
#2200=VECTOR('',#6730,10.);
#2201=VECTOR('',#6731,10.);
#2202=VECTOR('',#6732,10.);
#2203=VECTOR('',#6733,10.);
#2204=VECTOR('',#6734,10.);
#2205=VECTOR('',#6735,10.);
#2206=VECTOR('',#6736,10.);
#2207=VECTOR('',#6737,10.);
#2208=VECTOR('',#6740,10.);
#2209=VECTOR('',#6741,10.);
#2210=VECTOR('',#6742,10.);
#2211=VECTOR('',#6743,10.);
#2212=VECTOR('',#6746,10.);
#2213=VECTOR('',#6747,10.);
#2214=VECTOR('',#6748,10.);
#2215=VECTOR('',#6751,10.);
#2216=VECTOR('',#6752,10.);
#2217=VECTOR('',#6753,10.);
#2218=VECTOR('',#6756,10.);
#2219=VECTOR('',#6757,10.);
#2220=VECTOR('',#6760,10.);
#2221=VECTOR('',#6761,10.);
#2222=VECTOR('',#6764,10.);
#2223=VECTOR('',#6765,10.);
#2224=VECTOR('',#6766,10.);
#2225=VECTOR('',#6767,10.);
#2226=VECTOR('',#6770,10.);
#2227=VECTOR('',#6771,10.);
#2228=VECTOR('',#6772,10.);
#2229=VECTOR('',#6775,10.);
#2230=VECTOR('',#6776,10.);
#2231=VECTOR('',#6777,10.);
#2232=VECTOR('',#6780,10.);
#2233=VECTOR('',#6781,10.);
#2234=VECTOR('',#6782,10.);
#2235=VECTOR('',#6785,10.);
#2236=VECTOR('',#6788,10.);
#2237=VECTOR('',#6789,10.);
#2238=VECTOR('',#6790,10.);
#2239=VECTOR('',#6791,10.);
#2240=VECTOR('',#6792,10.);
#2241=VECTOR('',#6793,10.);
#2242=VECTOR('',#6796,10.);
#2243=VECTOR('',#6797,10.);
#2244=VECTOR('',#6798,10.);
#2245=VECTOR('',#6799,10.);
#2246=VECTOR('',#6804,10.);
#2247=VECTOR('',#6805,10.);
#2248=VECTOR('',#6806,10.);
#2249=VECTOR('',#6807,10.);
#2250=VECTOR('',#6808,10.);
#2251=VECTOR('',#6809,10.);
#2252=VECTOR('',#6810,10.);
#2253=VECTOR('',#6811,10.);
#2254=VECTOR('',#6812,10.);
#2255=VECTOR('',#6815,10.);
#2256=VECTOR('',#6816,10.);
#2257=VECTOR('',#6819,10.);
#2258=VECTOR('',#6820,10.);
#2259=VECTOR('',#6821,10.);
#2260=VECTOR('',#6822,10.);
#2261=VECTOR('',#6825,10.);
#2262=VECTOR('',#6826,10.);
#2263=VECTOR('',#6827,10.);
#2264=VECTOR('',#6830,10.);
#2265=VECTOR('',#6831,10.);
#2266=VECTOR('',#6832,10.);
#2267=VECTOR('',#6833,10.);
#2268=VECTOR('',#6836,10.);
#2269=VECTOR('',#6837,10.);
#2270=VECTOR('',#6840,10.);
#2271=VECTOR('',#6841,10.);
#2272=VECTOR('',#6844,10.);
#2273=VECTOR('',#6845,10.);
#2274=VECTOR('',#6846,10.);
#2275=VECTOR('',#6847,10.);
#2276=VECTOR('',#6850,10.);
#2277=VECTOR('',#6851,10.);
#2278=VECTOR('',#6852,10.);
#2279=VECTOR('',#6853,10.);
#2280=VECTOR('',#6854,10.);
#2281=VECTOR('',#6857,10.);
#2282=VECTOR('',#6858,10.);
#2283=VECTOR('',#6859,10.);
#2284=VECTOR('',#6862,10.);
#2285=VECTOR('',#6863,10.);
#2286=VECTOR('',#6864,10.);
#2287=VECTOR('',#6867,10.);
#2288=VECTOR('',#6868,10.);
#2289=VECTOR('',#6869,10.);
#2290=VECTOR('',#6870,10.);
#2291=VECTOR('',#6871,10.);
#2292=VECTOR('',#6874,10.);
#2293=VECTOR('',#6875,10.);
#2294=VECTOR('',#6876,10.);
#2295=VECTOR('',#6877,10.);
#2296=VECTOR('',#6878,10.);
#2297=VECTOR('',#6881,10.);
#2298=VECTOR('',#6882,10.);
#2299=VECTOR('',#6883,10.);
#2300=VECTOR('',#6886,10.);
#2301=VECTOR('',#6887,10.);
#2302=VECTOR('',#6888,10.);
#2303=VECTOR('',#6891,10.);
#2304=VECTOR('',#6892,10.);
#2305=VECTOR('',#6893,10.);
#2306=VECTOR('',#6898,10.);
#2307=VECTOR('',#6899,10.);
#2308=VECTOR('',#6900,10.);
#2309=VECTOR('',#6901,10.);
#2310=VECTOR('',#6904,10.);
#2311=VECTOR('',#6905,10.);
#2312=VECTOR('',#6906,10.);
#2313=VECTOR('',#6907,10.);
#2314=VECTOR('',#6908,10.);
#2315=VECTOR('',#6911,10.);
#2316=VECTOR('',#6912,10.);
#2317=VECTOR('',#6913,10.);
#2318=VECTOR('',#6914,10.);
#2319=VECTOR('',#6915,10.);
#2320=VECTOR('',#6916,10.);
#2321=VECTOR('',#6917,10.);
#2322=VECTOR('',#6920,10.);
#2323=VECTOR('',#6923,10.);
#2324=VECTOR('',#6924,10.);
#2325=VECTOR('',#6925,10.);
#2326=VECTOR('',#6926,10.);
#2327=VECTOR('',#6927,10.);
#2328=VECTOR('',#6928,10.);
#2329=VECTOR('',#6931,10.);
#2330=VECTOR('',#6932,10.);
#2331=VECTOR('',#6933,10.);
#2332=VECTOR('',#6936,10.);
#2333=VECTOR('',#6937,10.);
#2334=VECTOR('',#6938,10.);
#2335=VECTOR('',#6939,10.);
#2336=VECTOR('',#6940,10.);
#2337=VECTOR('',#6943,10.);
#2338=VECTOR('',#6944,10.);
#2339=VECTOR('',#6945,10.);
#2340=VECTOR('',#6946,10.);
#2341=VECTOR('',#6949,10.);
#2342=VECTOR('',#6950,10.);
#2343=VECTOR('',#6967,1.);
#2344=VECTOR('',#6970,1.);
#2345=VECTOR('',#6973,1.);
#2346=VECTOR('',#6976,1.);
#2347=VECTOR('',#6979,1.);
#2348=VECTOR('',#6986,1.621);
#2349=VECTOR('',#6997,1.621);
#2350=VECTOR('',#7008,1.621);
#2351=VECTOR('',#7023,1.621);
#2352=VECTOR('',#7030,1.);
#2353=VECTOR('',#7037,1.621);
#2354=VECTOR('',#7048,41.025);
#2355=VECTOR('',#7061,41.225);
#2356=VECTOR('',#7062,41.225);
#2357=VECTOR('',#7065,32.7);
#2358=VECTOR('',#7074,32.5);
#2359=VECTOR('',#7075,32.5);
#2360=VECTOR('',#7080,5.25);
#2361=VECTOR('',#7087,5.);
#2362=VECTOR('',#7090,5.25);
#2363=VECTOR('',#7097,5.);
#2364=VECTOR('',#7100,5.25);
#2365=VECTOR('',#7107,5.);
#2366=VECTOR('',#7110,5.25);
#2367=VECTOR('',#7117,5.);
#2368=VECTOR('',#7122,30.075);
#2369=VECTOR('',#7129,30.25);
#2370=VECTOR('',#7144,41.05);
#2371=VECTOR('',#7151,41.225);
#2372=VECTOR('',#7156,10.);
#2373=VECTOR('',#7157,10.);
#2374=VECTOR('',#7158,10.);
#2375=VECTOR('',#7159,10.);
#2376=VECTOR('',#7168,0.8105);
#2377=VECTOR('',#7171,0.8105);
#2378=VECTOR('',#7174,0.8105);
#2379=VECTOR('',#7177,0.8105);
#2380=VECTOR('',#7180,0.8105);
#2381=VECTOR('',#7183,0.8105);
#2382=VECTOR('',#7184,10.);
#2383=VECTOR('',#7185,10.);
#2384=VECTOR('',#7188,10.);
#2385=VECTOR('',#7189,10.);
#2386=VECTOR('',#7190,10.);
#2387=VECTOR('',#7191,10.);
#2388=VECTOR('',#7194,10.);
#2389=VECTOR('',#7195,10.);
#2390=VECTOR('',#7198,10.);
#2391=VECTOR('',#7201,10.);
#2392=VECTOR('',#7204,10.);
#2393=VECTOR('',#7207,10.);
#2394=VECTOR('',#7220,10.);
#2395=VECTOR('',#7221,10.);
#2396=VECTOR('',#7222,10.);
#2397=VECTOR('',#7223,10.);
#2398=VECTOR('',#7226,10.);
#2399=VECTOR('',#7227,10.);
#2400=VECTOR('',#7230,10.);
#2401=VECTOR('',#7233,10.);
#2402=VECTOR('',#7236,10.);
#2403=VECTOR('',#7237,10.);
#2404=VECTOR('',#7240,10.);
#2405=VECTOR('',#7241,10.);
#2406=VECTOR('',#7246,28.);
#2407=VECTOR('',#7267,38.395);
#2408=VECTOR('',#7290,1.5);
#2409=VERTEX_POINT('',#7299);
#2410=VERTEX_POINT('',#7300);
#2411=VERTEX_POINT('',#7302);
#2412=VERTEX_POINT('',#7311);
#2413=VERTEX_POINT('',#7312);
#2414=VERTEX_POINT('',#7315);
#2415=VERTEX_POINT('',#7317);
#2416=VERTEX_POINT('',#7332);
#2417=VERTEX_POINT('',#7334);
#2418=VERTEX_POINT('',#7360);
#2419=VERTEX_POINT('',#7361);
#2420=VERTEX_POINT('',#7366);
#2421=VERTEX_POINT('',#7368);
#2422=VERTEX_POINT('',#7370);
#2423=VERTEX_POINT('',#7375);
#2424=VERTEX_POINT('',#7380);
#2425=VERTEX_POINT('',#7382);
#2426=VERTEX_POINT('',#7384);
#2427=VERTEX_POINT('',#7389);
#2428=VERTEX_POINT('',#7394);
#2429=VERTEX_POINT('',#7399);
#2430=VERTEX_POINT('',#7401);
#2431=VERTEX_POINT('',#7406);
#2432=VERTEX_POINT('',#7411);
#2433=VERTEX_POINT('',#7413);
#2434=VERTEX_POINT('',#7415);
#2435=VERTEX_POINT('',#7420);
#2436=VERTEX_POINT('',#7425);
#2437=VERTEX_POINT('',#7427);
#2438=VERTEX_POINT('',#7442);
#2439=VERTEX_POINT('',#7443);
#2440=VERTEX_POINT('',#7455);
#2441=VERTEX_POINT('',#7466);
#2442=VERTEX_POINT('',#7472);
#2443=VERTEX_POINT('',#7476);
#2444=VERTEX_POINT('',#7485);
#2445=VERTEX_POINT('',#7496);
#2446=VERTEX_POINT('',#7502);
#2447=VERTEX_POINT('',#7506);
#2448=VERTEX_POINT('',#7515);
#2449=VERTEX_POINT('',#7526);
#2450=VERTEX_POINT('',#7537);
#2451=VERTEX_POINT('',#7543);
#2452=VERTEX_POINT('',#7552);
#2453=VERTEX_POINT('',#7563);
#2454=VERTEX_POINT('',#7569);
#2455=VERTEX_POINT('',#7573);
#2456=VERTEX_POINT('',#7582);
#2457=VERTEX_POINT('',#7593);
#2458=VERTEX_POINT('',#7606);
#2459=VERTEX_POINT('',#7607);
#2460=VERTEX_POINT('',#7611);
#2461=VERTEX_POINT('',#7613);
#2462=VERTEX_POINT('',#7620);
#2463=VERTEX_POINT('',#7622);
#2464=VERTEX_POINT('',#7631);
#2465=VERTEX_POINT('',#7635);
#2466=VERTEX_POINT('',#7647);
#2467=VERTEX_POINT('',#7651);
#2468=VERTEX_POINT('',#7666);
#2469=VERTEX_POINT('',#7668);
#2470=VERTEX_POINT('',#7672);
#2471=VERTEX_POINT('',#7674);
#2472=VERTEX_POINT('',#7678);
#2473=VERTEX_POINT('',#7680);
#2474=VERTEX_POINT('',#7689);
#2475=VERTEX_POINT('',#7693);
#2476=VERTEX_POINT('',#7705);
#2477=VERTEX_POINT('',#7709);
#2478=VERTEX_POINT('',#7716);
#2479=VERTEX_POINT('',#7718);
#2480=VERTEX_POINT('',#7727);
#2481=VERTEX_POINT('',#7731);
#2482=VERTEX_POINT('',#7743);
#2483=VERTEX_POINT('',#7747);
#2484=VERTEX_POINT('',#7754);
#2485=VERTEX_POINT('',#7756);
#2486=VERTEX_POINT('',#7760);
#2487=VERTEX_POINT('',#7762);
#2488=VERTEX_POINT('',#7766);
#2489=VERTEX_POINT('',#7768);
#2490=VERTEX_POINT('',#7786);
#2491=VERTEX_POINT('',#7787);
#2492=VERTEX_POINT('',#7789);
#2493=VERTEX_POINT('',#7794);
#2494=VERTEX_POINT('',#7799);
#2495=VERTEX_POINT('',#7801);
#2496=VERTEX_POINT('',#7816);
#2497=VERTEX_POINT('',#7817);
#2498=VERTEX_POINT('',#7829);
#2499=VERTEX_POINT('',#7835);
#2500=VERTEX_POINT('',#7844);
#2501=VERTEX_POINT('',#7855);
#2502=VERTEX_POINT('',#7863);
#2503=VERTEX_POINT('',#7864);
#2504=VERTEX_POINT('',#7866);
#2505=VERTEX_POINT('',#7868);
#2506=VERTEX_POINT('',#7879);
#2507=VERTEX_POINT('',#7884);
#2508=VERTEX_POINT('',#7894);
#2509=VERTEX_POINT('',#7896);
#2510=VERTEX_POINT('',#7905);
#2511=VERTEX_POINT('',#7909);
#2512=VERTEX_POINT('',#7916);
#2513=VERTEX_POINT('',#7918);
#2514=VERTEX_POINT('',#7927);
#2515=VERTEX_POINT('',#7931);
#2516=VERTEX_POINT('',#7938);
#2517=VERTEX_POINT('',#7940);
#2518=VERTEX_POINT('',#7949);
#2519=VERTEX_POINT('',#7953);
#2520=VERTEX_POINT('',#7965);
#2521=VERTEX_POINT('',#7969);
#2522=VERTEX_POINT('',#7976);
#2523=VERTEX_POINT('',#7978);
#2524=VERTEX_POINT('',#7982);
#2525=VERTEX_POINT('',#7984);
#2526=VERTEX_POINT('',#7988);
#2527=VERTEX_POINT('',#7990);
#2528=VERTEX_POINT('',#8001);
#2529=VERTEX_POINT('',#8006);
#2530=VERTEX_POINT('',#8016);
#2531=VERTEX_POINT('',#8018);
#2532=VERTEX_POINT('',#8029);
#2533=VERTEX_POINT('',#8034);
#2534=VERTEX_POINT('',#8044);
#2535=VERTEX_POINT('',#8046);
#2536=VERTEX_POINT('',#8055);
#2537=VERTEX_POINT('',#8059);
#2538=VERTEX_POINT('',#8071);
#2539=VERTEX_POINT('',#8075);
#2540=VERTEX_POINT('',#8082);
#2541=VERTEX_POINT('',#8084);
#2542=VERTEX_POINT('',#8108);
#2543=VERTEX_POINT('',#8109);
#2544=VERTEX_POINT('',#8122);
#2545=VERTEX_POINT('',#8124);
#2546=VERTEX_POINT('',#8129);
#2547=VERTEX_POINT('',#8142);
#2548=VERTEX_POINT('',#8144);
#2549=VERTEX_POINT('',#8146);
#2550=VERTEX_POINT('',#8148);
#2551=VERTEX_POINT('',#8153);
#2552=VERTEX_POINT('',#8158);
#2553=VERTEX_POINT('',#8160);
#2554=VERTEX_POINT('',#8165);
#2555=VERTEX_POINT('',#8170);
#2556=VERTEX_POINT('',#8172);
#2557=VERTEX_POINT('',#8174);
#2558=VERTEX_POINT('',#8194);
#2559=VERTEX_POINT('',#8195);
#2560=VERTEX_POINT('',#8202);
#2561=VERTEX_POINT('',#8206);
#2562=VERTEX_POINT('',#8210);
#2563=VERTEX_POINT('',#8219);
#2564=VERTEX_POINT('',#8230);
#2565=VERTEX_POINT('',#8236);
#2566=VERTEX_POINT('',#8245);
#2567=VERTEX_POINT('',#8256);
#2568=VERTEX_POINT('',#8262);
#2569=VERTEX_POINT('',#8266);
#2570=VERTEX_POINT('',#8270);
#2571=VERTEX_POINT('',#8279);
#2572=VERTEX_POINT('',#8290);
#2573=VERTEX_POINT('',#8296);
#2574=VERTEX_POINT('',#8314);
#2575=VERTEX_POINT('',#8315);
#2576=VERTEX_POINT('',#8319);
#2577=VERTEX_POINT('',#8321);
#2578=VERTEX_POINT('',#8328);
#2579=VERTEX_POINT('',#8330);
#2580=VERTEX_POINT('',#8334);
#2581=VERTEX_POINT('',#8336);
#2582=VERTEX_POINT('',#8340);
#2583=VERTEX_POINT('',#8342);
#2584=VERTEX_POINT('',#8351);
#2585=VERTEX_POINT('',#8355);
#2586=VERTEX_POINT('',#8367);
#2587=VERTEX_POINT('',#8371);
#2588=VERTEX_POINT('',#8378);
#2589=VERTEX_POINT('',#8380);
#2590=VERTEX_POINT('',#8389);
#2591=VERTEX_POINT('',#8393);
#2592=VERTEX_POINT('',#8408);
#2593=VERTEX_POINT('',#8410);
#2594=VERTEX_POINT('',#8419);
#2595=VERTEX_POINT('',#8423);
#2596=VERTEX_POINT('',#8435);
#2597=VERTEX_POINT('',#8439);
#2598=VERTEX_POINT('',#8446);
#2599=VERTEX_POINT('',#8448);
#2600=VERTEX_POINT('',#8452);
#2601=VERTEX_POINT('',#8454);
#2602=VERTEX_POINT('',#8472);
#2603=VERTEX_POINT('',#8473);
#2604=VERTEX_POINT('',#8478);
#2605=VERTEX_POINT('',#8483);
#2606=VERTEX_POINT('',#8485);
#2607=VERTEX_POINT('',#8490);
#2608=VERTEX_POINT('',#8492);
#2609=VERTEX_POINT('',#8505);
#2610=VERTEX_POINT('',#8510);
#2611=VERTEX_POINT('',#8514);
#2612=VERTEX_POINT('',#8515);
#2613=VERTEX_POINT('',#8525);
#2614=VERTEX_POINT('',#8531);
#2615=VERTEX_POINT('',#8540);
#2616=VERTEX_POINT('',#8551);
#2617=VERTEX_POINT('',#8557);
#2618=VERTEX_POINT('',#8561);
#2619=VERTEX_POINT('',#8570);
#2620=VERTEX_POINT('',#8592);
#2621=VERTEX_POINT('',#8593);
#2622=VERTEX_POINT('',#8598);
#2623=VERTEX_POINT('',#8600);
#2624=VERTEX_POINT('',#8617);
#2625=VERTEX_POINT('',#8622);
#2626=VERTEX_POINT('',#8632);
#2627=VERTEX_POINT('',#8634);
#2628=VERTEX_POINT('',#8638);
#2629=VERTEX_POINT('',#8639);
#2630=VERTEX_POINT('',#8641);
#2631=VERTEX_POINT('',#8643);
#2632=VERTEX_POINT('',#8654);
#2633=VERTEX_POINT('',#8659);
#2634=VERTEX_POINT('',#8676);
#2635=VERTEX_POINT('',#8681);
#2636=VERTEX_POINT('',#8698);
#2637=VERTEX_POINT('',#8703);
#2638=VERTEX_POINT('',#8720);
#2639=VERTEX_POINT('',#8725);
#2640=VERTEX_POINT('',#8745);
#2641=VERTEX_POINT('',#8750);
#2642=VERTEX_POINT('',#8767);
#2643=VERTEX_POINT('',#8772);
#2644=VERTEX_POINT('',#8786);
#2645=VERTEX_POINT('',#8787);
#2646=VERTEX_POINT('',#8792);
#2647=VERTEX_POINT('',#8794);
#2648=VERTEX_POINT('',#8799);
#2649=VERTEX_POINT('',#8804);
#2650=VERTEX_POINT('',#8806);
#2651=VERTEX_POINT('',#8808);
#2652=VERTEX_POINT('',#8810);
#2653=VERTEX_POINT('',#8815);
#2654=VERTEX_POINT('',#8820);
#2655=VERTEX_POINT('',#8822);
#2656=VERTEX_POINT('',#8827);
#2657=VERTEX_POINT('',#8832);
#2658=VERTEX_POINT('',#8834);
#2659=VERTEX_POINT('',#8836);
#2660=VERTEX_POINT('',#8856);
#2661=VERTEX_POINT('',#8857);
#2662=VERTEX_POINT('',#8864);
#2663=VERTEX_POINT('',#8868);
#2664=VERTEX_POINT('',#8872);
#2665=VERTEX_POINT('',#8881);
#2666=VERTEX_POINT('',#8892);
#2667=VERTEX_POINT('',#8898);
#2668=VERTEX_POINT('',#8907);
#2669=VERTEX_POINT('',#8918);
#2670=VERTEX_POINT('',#8924);
#2671=VERTEX_POINT('',#8928);
#2672=VERTEX_POINT('',#8932);
#2673=VERTEX_POINT('',#8941);
#2674=VERTEX_POINT('',#8952);
#2675=VERTEX_POINT('',#8958);
#2676=VERTEX_POINT('',#8971);
#2677=VERTEX_POINT('',#8972);
#2678=VERTEX_POINT('',#8974);
#2679=VERTEX_POINT('',#8976);
#2680=VERTEX_POINT('',#8985);
#2681=VERTEX_POINT('',#8989);
#2682=VERTEX_POINT('',#9001);
#2683=VERTEX_POINT('',#9005);
#2684=VERTEX_POINT('',#9012);
#2685=VERTEX_POINT('',#9014);
#2686=VERTEX_POINT('',#9018);
#2687=VERTEX_POINT('',#9020);
#2688=VERTEX_POINT('',#9029);
#2689=VERTEX_POINT('',#9033);
#2690=VERTEX_POINT('',#9045);
#2691=VERTEX_POINT('',#9049);
#2692=VERTEX_POINT('',#9056);
#2693=VERTEX_POINT('',#9058);
#2694=VERTEX_POINT('',#9067);
#2695=VERTEX_POINT('',#9071);
#2696=VERTEX_POINT('',#9083);
#2697=VERTEX_POINT('',#9087);
#2698=VERTEX_POINT('',#9099);
#2699=VERTEX_POINT('',#9103);
#2700=VERTEX_POINT('',#9110);
#2701=VERTEX_POINT('',#9112);
#2702=VERTEX_POINT('',#9116);
#2703=VERTEX_POINT('',#9118);
#2704=VERTEX_POINT('',#9127);
#2705=VERTEX_POINT('',#9131);
#2706=VERTEX_POINT('',#9143);
#2707=VERTEX_POINT('',#9147);
#2708=VERTEX_POINT('',#9154);
#2709=VERTEX_POINT('',#9156);
#2710=VERTEX_POINT('',#9160);
#2711=VERTEX_POINT('',#9162);
#2712=VERTEX_POINT('',#9171);
#2713=VERTEX_POINT('',#9175);
#2714=VERTEX_POINT('',#9187);
#2715=VERTEX_POINT('',#9191);
#2716=VERTEX_POINT('',#9212);
#2717=VERTEX_POINT('',#9213);
#2718=VERTEX_POINT('',#9215);
#2719=VERTEX_POINT('',#9217);
#2720=VERTEX_POINT('',#9225);
#2721=VERTEX_POINT('',#9227);
#2722=VERTEX_POINT('',#9240);
#2723=VERTEX_POINT('',#9242);
#2724=VERTEX_POINT('',#9247);
#2725=VERTEX_POINT('',#9252);
#2726=VERTEX_POINT('',#9254);
#2727=VERTEX_POINT('',#9262);
#2728=VERTEX_POINT('',#9264);
#2729=VERTEX_POINT('',#9272);
#2730=VERTEX_POINT('',#9274);
#2731=VERTEX_POINT('',#9279);
#2732=VERTEX_POINT('',#9281);
#2733=VERTEX_POINT('',#9286);
#2734=VERTEX_POINT('',#9288);
#2735=VERTEX_POINT('',#9293);
#2736=VERTEX_POINT('',#9307);
#2737=VERTEX_POINT('',#9308);
#2738=VERTEX_POINT('',#9316);
#2739=VERTEX_POINT('',#9325);
#2740=VERTEX_POINT('',#9336);
#2741=VERTEX_POINT('',#9342);
#2742=VERTEX_POINT('',#9353);
#2743=VERTEX_POINT('',#9360);
#2744=VERTEX_POINT('',#9371);
#2745=VERTEX_POINT('',#9378);
#2746=VERTEX_POINT('',#9382);
#2747=VERTEX_POINT('',#9386);
#2748=VERTEX_POINT('',#9395);
#2749=VERTEX_POINT('',#9406);
#2750=VERTEX_POINT('',#9412);
#2751=VERTEX_POINT('',#9421);
#2752=VERTEX_POINT('',#9427);
#2753=VERTEX_POINT('',#9436);
#2754=VERTEX_POINT('',#9442);
#2755=VERTEX_POINT('',#9453);
#2756=VERTEX_POINT('',#9462);
#2757=VERTEX_POINT('',#9463);
#2758=VERTEX_POINT('',#9465);
#2759=VERTEX_POINT('',#9467);
#2760=VERTEX_POINT('',#9476);
#2761=VERTEX_POINT('',#9480);
#2762=VERTEX_POINT('',#9492);
#2763=VERTEX_POINT('',#9496);
#2764=VERTEX_POINT('',#9511);
#2765=VERTEX_POINT('',#9513);
#2766=VERTEX_POINT('',#9522);
#2767=VERTEX_POINT('',#9526);
#2768=VERTEX_POINT('',#9547);
#2769=VERTEX_POINT('',#9548);
#2770=VERTEX_POINT('',#9553);
#2771=VERTEX_POINT('',#9555);
#2772=VERTEX_POINT('',#9560);
#2773=VERTEX_POINT('',#9565);
#2774=VERTEX_POINT('',#9567);
#2775=VERTEX_POINT('',#9569);
#2776=VERTEX_POINT('',#9574);
#2777=VERTEX_POINT('',#9579);
#2778=VERTEX_POINT('',#9581);
#2779=VERTEX_POINT('',#9583);
#2780=VERTEX_POINT('',#9585);
#2781=VERTEX_POINT('',#9590);
#2782=VERTEX_POINT('',#9602);
#2783=VERTEX_POINT('',#9603);
#2784=VERTEX_POINT('',#9610);
#2785=VERTEX_POINT('',#9614);
#2786=VERTEX_POINT('',#9623);
#2787=VERTEX_POINT('',#9634);
#2788=VERTEX_POINT('',#9640);
#2789=VERTEX_POINT('',#9649);
#2790=VERTEX_POINT('',#9655);
#2791=VERTEX_POINT('',#9664);
#2792=VERTEX_POINT('',#9675);
#2793=VERTEX_POINT('',#9681);
#2794=VERTEX_POINT('',#9685);
#2795=VERTEX_POINT('',#9689);
#2796=VERTEX_POINT('',#9707);
#2797=VERTEX_POINT('',#9708);
#2798=VERTEX_POINT('',#9712);
#2799=VERTEX_POINT('',#9714);
#2800=VERTEX_POINT('',#9721);
#2801=VERTEX_POINT('',#9723);
#2802=VERTEX_POINT('',#9732);
#2803=VERTEX_POINT('',#9736);
#2804=VERTEX_POINT('',#9756);
#2805=VERTEX_POINT('',#9760);
#2806=VERTEX_POINT('',#9767);
#2807=VERTEX_POINT('',#9769);
#2808=VERTEX_POINT('',#9773);
#2809=VERTEX_POINT('',#9775);
#2810=VERTEX_POINT('',#9779);
#2811=VERTEX_POINT('',#9781);
#2812=VERTEX_POINT('',#9790);
#2813=VERTEX_POINT('',#9794);
#2814=VERTEX_POINT('',#9806);
#2815=VERTEX_POINT('',#9810);
#2816=VERTEX_POINT('',#9817);
#2817=VERTEX_POINT('',#9819);
#2818=VERTEX_POINT('',#9828);
#2819=VERTEX_POINT('',#9832);
#2820=VERTEX_POINT('',#9852);
#2821=VERTEX_POINT('',#9856);
#2822=VERTEX_POINT('',#9863);
#2823=VERTEX_POINT('',#9865);
#2824=VERTEX_POINT('',#9869);
#2825=VERTEX_POINT('',#9871);
#2826=VERTEX_POINT('',#9875);
#2827=VERTEX_POINT('',#9877);
#2828=VERTEX_POINT('',#9895);
#2829=VERTEX_POINT('',#9896);
#2830=VERTEX_POINT('',#9904);
#2831=VERTEX_POINT('',#9912);
#2832=VERTEX_POINT('',#9914);
#2833=VERTEX_POINT('',#9922);
#2834=VERTEX_POINT('',#9931);
#2835=VERTEX_POINT('',#9932);
#2836=VERTEX_POINT('',#9940);
#2837=VERTEX_POINT('',#9948);
#2838=VERTEX_POINT('',#9950);
#2839=VERTEX_POINT('',#9958);
#2840=VERTEX_POINT('',#9968);
#2841=VERTEX_POINT('',#9969);
#2842=VERTEX_POINT('',#9981);
#2843=VERTEX_POINT('',#9995);
#2844=VERTEX_POINT('',#10002);
#2845=VERTEX_POINT('',#10003);
#2846=VERTEX_POINT('',#10015);
#2847=VERTEX_POINT('',#10029);
#2848=VERTEX_POINT('',#10043);
#2849=VERTEX_POINT('',#10057);
#2850=VERTEX_POINT('',#10066);
#2851=VERTEX_POINT('',#10077);
#2852=VERTEX_POINT('',#10101);
#2853=VERTEX_POINT('',#10102);
#2854=VERTEX_POINT('',#10106);
#2855=VERTEX_POINT('',#10108);
#2856=VERTEX_POINT('',#10120);
#2857=VERTEX_POINT('',#10124);
#2858=VERTEX_POINT('',#10131);
#2859=VERTEX_POINT('',#10133);
#2860=VERTEX_POINT('',#10137);
#2861=VERTEX_POINT('',#10139);
#2862=VERTEX_POINT('',#10148);
#2863=VERTEX_POINT('',#10152);
#2864=VERTEX_POINT('',#10164);
#2865=VERTEX_POINT('',#10168);
#2866=VERTEX_POINT('',#10175);
#2867=VERTEX_POINT('',#10177);
#2868=VERTEX_POINT('',#10186);
#2869=VERTEX_POINT('',#10190);
#2870=VERTEX_POINT('',#10201);
#2871=VERTEX_POINT('',#10202);
#2872=VERTEX_POINT('',#10205);
#2873=VERTEX_POINT('',#10206);
#2874=VERTEX_POINT('',#10211);
#2875=VERTEX_POINT('',#10246);
#2876=VERTEX_POINT('',#10248);
#2877=VERTEX_POINT('',#10286);
#2878=VERTEX_POINT('',#10321);
#2879=VERTEX_POINT('',#10323);
#2880=VERTEX_POINT('',#10361);
#2881=VERTEX_POINT('',#10396);
#2882=VERTEX_POINT('',#10398);
#2883=VERTEX_POINT('',#10436);
#2884=VERTEX_POINT('',#10438);
#2885=VERTEX_POINT('',#10482);
#2886=VERTEX_POINT('',#10517);
#2887=VERTEX_POINT('',#10519);
#2888=VERTEX_POINT('',#10557);
#2889=VERTEX_POINT('',#10558);
#2890=VERTEX_POINT('',#10561);
#2891=VERTEX_POINT('',#10566);
#2892=VERTEX_POINT('',#10567);
#2893=VERTEX_POINT('',#10570);
#2894=VERTEX_POINT('',#10575);
#2895=VERTEX_POINT('',#10576);
#2896=VERTEX_POINT('',#10579);
#2897=VERTEX_POINT('',#10586);
#2898=VERTEX_POINT('',#10587);
#2899=VERTEX_POINT('',#10590);
#2900=VERTEX_POINT('',#10595);
#2901=VERTEX_POINT('',#10630);
#2902=VERTEX_POINT('',#10632);
#2903=VERTEX_POINT('',#10670);
#2904=VERTEX_POINT('',#10671);
#2905=VERTEX_POINT('',#10674);
#2906=VERTEX_POINT('',#10679);
#2907=VERTEX_POINT('',#10680);
#2908=VERTEX_POINT('',#10683);
#2909=VERTEX_POINT('',#10687);
#2910=VERTEX_POINT('',#10690);
#2911=VERTEX_POINT('',#10691);
#2912=VERTEX_POINT('',#10694);
#2913=VERTEX_POINT('',#10696);
#2914=VERTEX_POINT('',#10717);
#2915=VERTEX_POINT('',#10738);
#2916=VERTEX_POINT('',#10739);
#2917=VERTEX_POINT('',#10750);
#2918=VERTEX_POINT('',#10780);
#2919=VERTEX_POINT('',#10781);
#2920=VERTEX_POINT('',#10792);
#2921=VERTEX_POINT('',#10822);
#2922=VERTEX_POINT('',#10823);
#2923=VERTEX_POINT('',#10834);
#2924=VERTEX_POINT('',#10865);
#2925=VERTEX_POINT('',#10867);
#2926=VERTEX_POINT('',#10871);
#2927=VERTEX_POINT('',#10872);
#2928=VERTEX_POINT('',#10874);
#2929=VERTEX_POINT('',#10876);
#2930=VERTEX_POINT('',#10887);
#2931=VERTEX_POINT('',#10918);
#2932=VERTEX_POINT('',#10953);
#2933=VERTEX_POINT('',#10988);
#2934=VERTEX_POINT('',#11024);
#2935=VERTEX_POINT('',#11026);
#2936=VERTEX_POINT('',#11032);
#2937=VERTEX_POINT('',#11034);
#2938=VERTEX_POINT('',#11040);
#2939=VERTEX_POINT('',#11042);
#2940=VERTEX_POINT('',#11048);
#2941=VERTEX_POINT('',#11050);
#2942=VERTEX_POINT('',#11056);
#2943=VERTEX_POINT('',#11058);
#2944=VERTEX_POINT('',#11060);
#2945=VERTEX_POINT('',#11064);
#2946=VERTEX_POINT('',#11066);
#2947=VERTEX_POINT('',#11070);
#2948=VERTEX_POINT('',#11071);
#2949=VERTEX_POINT('',#11075);
#2950=VERTEX_POINT('',#11077);
#2951=VERTEX_POINT('',#11079);
#2952=VERTEX_POINT('',#11083);
#2953=VERTEX_POINT('',#11085);
#2954=VERTEX_POINT('',#11088);
#2955=VERTEX_POINT('',#11089);
#2956=VERTEX_POINT('',#11110);
#2957=VERTEX_POINT('',#11112);
#2958=VERTEX_POINT('',#11136);
#2959=VERTEX_POINT('',#11137);
#2960=VERTEX_POINT('',#11158);
#2961=VERTEX_POINT('',#11160);
#2962=VERTEX_POINT('',#11185);
#2963=VERTEX_POINT('',#11186);
#2964=VERTEX_POINT('',#11190);
#2965=VERTEX_POINT('',#11193);
#2966=VERTEX_POINT('',#11196);
#2967=VERTEX_POINT('',#11199);
#2968=VERTEX_POINT('',#11202);
#2969=VERTEX_POINT('',#11205);
#2970=VERTEX_POINT('',#11271);
#2971=VERTEX_POINT('',#11273);
#2972=VERTEX_POINT('',#11292);
#2973=VERTEX_POINT('',#11294);
#2974=VERTEX_POINT('',#11303);
#2975=VERTEX_POINT('',#11312);
#2976=VERTEX_POINT('',#11319);
#2977=VERTEX_POINT('',#11391);
#2978=VERTEX_POINT('',#11393);
#2979=VERTEX_POINT('',#11412);
#2980=VERTEX_POINT('',#11414);
#2981=VERTEX_POINT('',#11442);
#2982=VERTEX_POINT('',#11452);
#2983=VERTEX_POINT('',#11526);
#2984=VERTEX_POINT('',#11528);
#2985=VERTEX_POINT('',#11610);
#2986=VERTEX_POINT('',#11612);
#2987=VERTEX_POINT('',#11631);
#2988=VERTEX_POINT('',#11633);
#2989=VERTEX_POINT('',#11659);
#2990=VERTEX_POINT('',#11674);
#2991=VERTEX_POINT('',#11675);
#2992=VERTEX_POINT('',#11679);
#2993=VERTEX_POINT('',#11681);
#2994=VERTEX_POINT('',#11685);
#2995=VERTEX_POINT('',#11686);
#2996=VERTEX_POINT('',#11691);
#2997=VERTEX_POINT('',#11693);
#2998=VERTEX_POINT('',#11700);
#2999=VERTEX_POINT('',#11701);
#3000=EDGE_CURVE('',#2409,#2410,#1411,.T.);
#3001=EDGE_CURVE('',#2409,#2411,#1107,.T.);
#3002=EDGE_CURVE('',#2410,#2411,#1028,.T.);
#3003=EDGE_CURVE('',#2412,#2413,#1029,.T.);
#3004=EDGE_CURVE('',#2413,#2412,#1030,.T.);
#3005=EDGE_CURVE('',#2413,#2414,#1412,.T.);
#3006=EDGE_CURVE('',#2414,#2415,#1108,.T.);
#3007=EDGE_CURVE('',#2415,#2416,#1413,.T.);
#3008=EDGE_CURVE('',#2417,#2416,#1031,.T.);
#3009=EDGE_CURVE('',#2417,#2414,#1109,.T.);
#3010=EDGE_CURVE('',#2418,#2419,#1110,.T.);
#3011=EDGE_CURVE('',#2420,#2418,#1414,.T.);
#3012=EDGE_CURVE('',#2421,#2420,#1415,.T.);
#3013=EDGE_CURVE('',#2422,#2421,#1111,.T.);
#3014=EDGE_CURVE('',#2423,#2422,#1112,.T.);
#3015=EDGE_CURVE('',#2424,#2423,#1416,.T.);
#3016=EDGE_CURVE('',#2425,#2424,#1417,.T.);
#3017=EDGE_CURVE('',#2426,#2425,#1113,.T.);
#3018=EDGE_CURVE('',#2427,#2426,#1114,.T.);
#3019=EDGE_CURVE('',#2428,#2427,#1115,.T.);
#3020=EDGE_CURVE('',#2429,#2428,#1418,.T.);
#3021=EDGE_CURVE('',#2430,#2429,#1116,.T.);
#3022=EDGE_CURVE('',#2431,#2430,#1117,.T.);
#3023=EDGE_CURVE('',#2432,#2431,#1419,.T.);
#3024=EDGE_CURVE('',#2433,#2432,#1420,.T.);
#3025=EDGE_CURVE('',#2434,#2433,#1118,.T.);
#3026=EDGE_CURVE('',#2435,#2434,#1119,.T.);
#3027=EDGE_CURVE('',#2436,#2435,#1421,.T.);
#3028=EDGE_CURVE('',#2437,#2436,#1120,.T.);
#3029=EDGE_CURVE('',#2419,#2437,#1121,.T.);
#3030=EDGE_CURVE('',#2438,#2439,#1122,.T.);
#3031=EDGE_CURVE('',#2428,#2438,#1422,.T.);
#3032=EDGE_CURVE('',#2427,#2439,#1423,.T.);
#3033=EDGE_CURVE('',#2439,#2440,#1123,.T.);
#3034=EDGE_CURVE('',#2426,#2440,#1424,.T.);
#3035=EDGE_CURVE('',#2440,#2441,#1124,.T.);
#3036=EDGE_CURVE('',#2425,#2441,#1425,.T.);
#3037=EDGE_CURVE('',#2441,#2442,#1426,.T.);
#3038=EDGE_CURVE('',#2424,#2442,#1427,.T.);
#3039=EDGE_CURVE('',#2442,#2443,#1428,.T.);
#3040=EDGE_CURVE('',#2423,#2443,#1429,.T.);
#3041=EDGE_CURVE('',#2443,#2444,#1125,.T.);
#3042=EDGE_CURVE('',#2422,#2444,#1430,.T.);
#3043=EDGE_CURVE('',#2444,#2445,#1126,.T.);
#3044=EDGE_CURVE('',#2421,#2445,#1431,.T.);
#3045=EDGE_CURVE('',#2445,#2446,#1432,.T.);
#3046=EDGE_CURVE('',#2420,#2446,#1433,.T.);
#3047=EDGE_CURVE('',#2446,#2447,#1434,.T.);
#3048=EDGE_CURVE('',#2418,#2447,#1435,.T.);
#3049=EDGE_CURVE('',#2447,#2448,#1127,.T.);
#3050=EDGE_CURVE('',#2419,#2448,#1436,.T.);
#3051=EDGE_CURVE('',#2448,#2449,#1128,.T.);
#3052=EDGE_CURVE('',#2437,#2449,#1437,.T.);
#3053=EDGE_CURVE('',#2449,#2450,#1129,.T.);
#3054=EDGE_CURVE('',#2436,#2450,#1438,.T.);
#3055=EDGE_CURVE('',#2450,#2451,#1439,.T.);
#3056=EDGE_CURVE('',#2435,#2451,#1440,.T.);
#3057=EDGE_CURVE('',#2451,#2452,#1130,.T.);
#3058=EDGE_CURVE('',#2434,#2452,#1441,.T.);
#3059=EDGE_CURVE('',#2452,#2453,#1131,.T.);
#3060=EDGE_CURVE('',#2433,#2453,#1442,.T.);
#3061=EDGE_CURVE('',#2453,#2454,#1443,.T.);
#3062=EDGE_CURVE('',#2432,#2454,#1444,.T.);
#3063=EDGE_CURVE('',#2454,#2455,#1445,.T.);
#3064=EDGE_CURVE('',#2431,#2455,#1446,.T.);
#3065=EDGE_CURVE('',#2455,#2456,#1132,.T.);
#3066=EDGE_CURVE('',#2430,#2456,#1447,.T.);
#3067=EDGE_CURVE('',#2456,#2457,#1133,.T.);
#3068=EDGE_CURVE('',#2429,#2457,#1448,.T.);
#3069=EDGE_CURVE('',#2457,#2438,#1449,.T.);
#3070=EDGE_CURVE('',#2458,#2459,#1134,.T.);
#3071=EDGE_CURVE('',#2460,#2458,#1450,.T.);
#3072=EDGE_CURVE('',#2460,#2461,#1135,.T.);
#3073=EDGE_CURVE('',#2461,#2459,#1451,.T.);
#3074=EDGE_CURVE('',#2462,#2458,#1452,.T.);
#3075=EDGE_CURVE('',#2463,#2462,#1453,.T.);
#3076=EDGE_CURVE('',#2463,#2460,#1454,.T.);
#3077=EDGE_CURVE('',#2464,#2462,#1136,.T.);
#3078=EDGE_CURVE('',#2465,#2464,#1455,.T.);
#3079=EDGE_CURVE('',#2465,#2463,#1137,.T.);
#3080=EDGE_CURVE('',#2466,#2464,#1138,.T.);
#3081=EDGE_CURVE('',#2467,#2466,#1456,.T.);
#3082=EDGE_CURVE('',#2467,#2465,#1139,.T.);
#3083=EDGE_CURVE('',#2468,#2466,#1457,.T.);
#3084=EDGE_CURVE('',#2469,#2468,#1458,.T.);
#3085=EDGE_CURVE('',#2469,#2467,#1459,.T.);
#3086=EDGE_CURVE('',#2470,#2468,#1460,.T.);
#3087=EDGE_CURVE('',#2471,#2470,#1461,.T.);
#3088=EDGE_CURVE('',#2471,#2469,#1462,.T.);
#3089=EDGE_CURVE('',#2472,#2470,#1463,.T.);
#3090=EDGE_CURVE('',#2473,#2472,#1464,.T.);
#3091=EDGE_CURVE('',#2473,#2471,#1465,.T.);
#3092=EDGE_CURVE('',#2474,#2472,#1140,.T.);
#3093=EDGE_CURVE('',#2475,#2474,#1466,.T.);
#3094=EDGE_CURVE('',#2475,#2473,#1141,.T.);
#3095=EDGE_CURVE('',#2476,#2474,#1142,.T.);
#3096=EDGE_CURVE('',#2477,#2476,#1467,.T.);
#3097=EDGE_CURVE('',#2477,#2475,#1143,.T.);
#3098=EDGE_CURVE('',#2478,#2476,#1468,.T.);
#3099=EDGE_CURVE('',#2479,#2478,#1469,.T.);
#3100=EDGE_CURVE('',#2479,#2477,#1470,.T.);
#3101=EDGE_CURVE('',#2480,#2478,#1144,.T.);
#3102=EDGE_CURVE('',#2481,#2480,#1471,.T.);
#3103=EDGE_CURVE('',#2481,#2479,#1145,.T.);
#3104=EDGE_CURVE('',#2482,#2480,#1146,.T.);
#3105=EDGE_CURVE('',#2483,#2482,#1472,.T.);
#3106=EDGE_CURVE('',#2483,#2481,#1147,.T.);
#3107=EDGE_CURVE('',#2484,#2482,#1473,.T.);
#3108=EDGE_CURVE('',#2485,#2484,#1474,.T.);
#3109=EDGE_CURVE('',#2485,#2483,#1475,.T.);
#3110=EDGE_CURVE('',#2486,#2484,#1476,.T.);
#3111=EDGE_CURVE('',#2487,#2486,#1477,.T.);
#3112=EDGE_CURVE('',#2487,#2485,#1478,.T.);
#3113=EDGE_CURVE('',#2488,#2486,#1479,.T.);
#3114=EDGE_CURVE('',#2489,#2488,#1480,.T.);
#3115=EDGE_CURVE('',#2489,#2487,#1481,.T.);
#3116=EDGE_CURVE('',#2459,#2488,#1148,.T.);
#3117=EDGE_CURVE('',#2461,#2489,#1149,.T.);
#3118=EDGE_CURVE('',#2490,#2491,#1482,.T.);
#3119=EDGE_CURVE('',#2492,#2490,#1150,.T.);
#3120=EDGE_CURVE('',#2493,#2492,#1151,.T.);
#3121=EDGE_CURVE('',#2494,#2493,#1483,.T.);
#3122=EDGE_CURVE('',#2495,#2494,#1152,.T.);
#3123=EDGE_CURVE('',#2491,#2495,#1153,.T.);
#3124=EDGE_CURVE('',#2496,#2497,#1154,.T.);
#3125=EDGE_CURVE('',#2493,#2496,#1484,.T.);
#3126=EDGE_CURVE('',#2492,#2497,#1485,.T.);
#3127=EDGE_CURVE('',#2497,#2498,#1155,.T.);
#3128=EDGE_CURVE('',#2490,#2498,#1486,.T.);
#3129=EDGE_CURVE('',#2498,#2499,#1487,.T.);
#3130=EDGE_CURVE('',#2491,#2499,#1488,.T.);
#3131=EDGE_CURVE('',#2499,#2500,#1156,.T.);
#3132=EDGE_CURVE('',#2495,#2500,#1489,.T.);
#3133=EDGE_CURVE('',#2500,#2501,#1157,.T.);
#3134=EDGE_CURVE('',#2494,#2501,#1490,.T.);
#3135=EDGE_CURVE('',#2501,#2496,#1491,.T.);
#3136=EDGE_CURVE('',#2502,#2503,#1492,.T.);
#3137=EDGE_CURVE('',#2504,#2502,#1493,.T.);
#3138=EDGE_CURVE('',#2504,#2505,#1494,.T.);
#3139=EDGE_CURVE('',#2505,#2503,#1495,.T.);
#3140=EDGE_CURVE('',#2506,#2502,#1158,.T.);
#3141=EDGE_CURVE('',#2507,#2506,#1496,.T.);
#3142=EDGE_CURVE('',#2507,#2504,#1159,.T.);
#3143=EDGE_CURVE('',#2508,#2506,#1497,.T.);
#3144=EDGE_CURVE('',#2509,#2508,#1498,.T.);
#3145=EDGE_CURVE('',#2509,#2507,#1499,.T.);
#3146=EDGE_CURVE('',#2510,#2508,#1160,.T.);
#3147=EDGE_CURVE('',#2511,#2510,#1500,.T.);
#3148=EDGE_CURVE('',#2511,#2509,#1161,.T.);
#3149=EDGE_CURVE('',#2512,#2510,#1501,.T.);
#3150=EDGE_CURVE('',#2513,#2512,#1502,.T.);
#3151=EDGE_CURVE('',#2513,#2511,#1503,.T.);
#3152=EDGE_CURVE('',#2514,#2512,#1162,.T.);
#3153=EDGE_CURVE('',#2515,#2514,#1504,.T.);
#3154=EDGE_CURVE('',#2515,#2513,#1163,.T.);
#3155=EDGE_CURVE('',#2516,#2514,#1505,.T.);
#3156=EDGE_CURVE('',#2517,#2516,#1506,.T.);
#3157=EDGE_CURVE('',#2517,#2515,#1507,.T.);
#3158=EDGE_CURVE('',#2518,#2516,#1164,.T.);
#3159=EDGE_CURVE('',#2519,#2518,#1508,.T.);
#3160=EDGE_CURVE('',#2519,#2517,#1165,.T.);
#3161=EDGE_CURVE('',#2520,#2518,#1166,.T.);
#3162=EDGE_CURVE('',#2521,#2520,#1509,.T.);
#3163=EDGE_CURVE('',#2521,#2519,#1167,.T.);
#3164=EDGE_CURVE('',#2522,#2520,#1510,.T.);
#3165=EDGE_CURVE('',#2523,#2522,#1511,.T.);
#3166=EDGE_CURVE('',#2523,#2521,#1512,.T.);
#3167=EDGE_CURVE('',#2524,#2522,#1513,.T.);
#3168=EDGE_CURVE('',#2525,#2524,#1514,.T.);
#3169=EDGE_CURVE('',#2525,#2523,#1515,.T.);
#3170=EDGE_CURVE('',#2526,#2524,#1516,.T.);
#3171=EDGE_CURVE('',#2527,#2526,#1517,.T.);
#3172=EDGE_CURVE('',#2527,#2525,#1518,.T.);
#3173=EDGE_CURVE('',#2528,#2526,#1168,.T.);
#3174=EDGE_CURVE('',#2529,#2528,#1519,.T.);
#3175=EDGE_CURVE('',#2529,#2527,#1169,.T.);
#3176=EDGE_CURVE('',#2530,#2528,#1520,.T.);
#3177=EDGE_CURVE('',#2531,#2530,#1521,.T.);
#3178=EDGE_CURVE('',#2531,#2529,#1522,.T.);
#3179=EDGE_CURVE('',#2532,#2530,#1170,.T.);
#3180=EDGE_CURVE('',#2533,#2532,#1523,.T.);
#3181=EDGE_CURVE('',#2533,#2531,#1171,.T.);
#3182=EDGE_CURVE('',#2534,#2532,#1524,.T.);
#3183=EDGE_CURVE('',#2535,#2534,#1525,.T.);
#3184=EDGE_CURVE('',#2535,#2533,#1526,.T.);
#3185=EDGE_CURVE('',#2536,#2534,#1172,.T.);
#3186=EDGE_CURVE('',#2537,#2536,#1527,.T.);
#3187=EDGE_CURVE('',#2537,#2535,#1173,.T.);
#3188=EDGE_CURVE('',#2538,#2536,#1174,.T.);
#3189=EDGE_CURVE('',#2539,#2538,#1528,.T.);
#3190=EDGE_CURVE('',#2539,#2537,#1175,.T.);
#3191=EDGE_CURVE('',#2540,#2538,#1529,.T.);
#3192=EDGE_CURVE('',#2541,#2540,#1530,.T.);
#3193=EDGE_CURVE('',#2541,#2539,#1531,.T.);
#3194=EDGE_CURVE('',#2503,#2540,#1176,.T.);
#3195=EDGE_CURVE('',#2505,#2541,#1177,.T.);
#3196=EDGE_CURVE('',#2542,#2543,#1178,.T.);
#3197=EDGE_CURVE('',#2544,#2542,#1532,.T.);
#3198=EDGE_CURVE('',#2545,#2544,#1179,.T.);
#3199=EDGE_CURVE('',#2546,#2545,#1180,.T.);
#3200=EDGE_CURVE('',#2547,#2546,#1533,.T.);
#3201=EDGE_CURVE('',#2548,#2547,#1534,.T.);
#3202=EDGE_CURVE('',#2549,#2548,#1535,.T.);
#3203=EDGE_CURVE('',#2550,#2549,#1181,.T.);
#3204=EDGE_CURVE('',#2551,#2550,#1182,.T.);
#3205=EDGE_CURVE('',#2552,#2551,#1536,.T.);
#3206=EDGE_CURVE('',#2553,#2552,#1183,.T.);
#3207=EDGE_CURVE('',#2554,#2553,#1184,.T.);
#3208=EDGE_CURVE('',#2555,#2554,#1537,.T.);
#3209=EDGE_CURVE('',#2556,#2555,#1538,.T.);
#3210=EDGE_CURVE('',#2557,#2556,#1539,.T.);
#3211=EDGE_CURVE('',#2543,#2557,#1185,.T.);
#3212=EDGE_CURVE('',#2558,#2559,#1186,.T.);
#3213=EDGE_CURVE('',#2550,#2558,#1540,.T.);
#3214=EDGE_CURVE('',#2549,#2559,#1541,.T.);
#3215=EDGE_CURVE('',#2559,#2560,#1542,.T.);
#3216=EDGE_CURVE('',#2548,#2560,#1543,.T.);
#3217=EDGE_CURVE('',#2560,#2561,#1544,.T.);
#3218=EDGE_CURVE('',#2547,#2561,#1545,.T.);
#3219=EDGE_CURVE('',#2561,#2562,#1546,.T.);
#3220=EDGE_CURVE('',#2546,#2562,#1547,.T.);
#3221=EDGE_CURVE('',#2562,#2563,#1187,.T.);
#3222=EDGE_CURVE('',#2545,#2563,#1548,.T.);
#3223=EDGE_CURVE('',#2563,#2564,#1188,.T.);
#3224=EDGE_CURVE('',#2544,#2564,#1549,.T.);
#3225=EDGE_CURVE('',#2564,#2565,#1550,.T.);
#3226=EDGE_CURVE('',#2542,#2565,#1551,.T.);
#3227=EDGE_CURVE('',#2565,#2566,#1189,.T.);
#3228=EDGE_CURVE('',#2543,#2566,#1552,.T.);
#3229=EDGE_CURVE('',#2566,#2567,#1190,.T.);
#3230=EDGE_CURVE('',#2557,#2567,#1553,.T.);
#3231=EDGE_CURVE('',#2567,#2568,#1554,.T.);
#3232=EDGE_CURVE('',#2556,#2568,#1555,.T.);
#3233=EDGE_CURVE('',#2568,#2569,#1556,.T.);
#3234=EDGE_CURVE('',#2555,#2569,#1557,.T.);
#3235=EDGE_CURVE('',#2569,#2570,#1558,.T.);
#3236=EDGE_CURVE('',#2554,#2570,#1559,.T.);
#3237=EDGE_CURVE('',#2570,#2571,#1191,.T.);
#3238=EDGE_CURVE('',#2553,#2571,#1560,.T.);
#3239=EDGE_CURVE('',#2571,#2572,#1192,.T.);
#3240=EDGE_CURVE('',#2552,#2572,#1561,.T.);
#3241=EDGE_CURVE('',#2572,#2573,#1562,.T.);
#3242=EDGE_CURVE('',#2551,#2573,#1563,.T.);
#3243=EDGE_CURVE('',#2573,#2558,#1193,.T.);
#3244=EDGE_CURVE('',#2574,#2575,#1194,.T.);
#3245=EDGE_CURVE('',#2576,#2574,#1564,.T.);
#3246=EDGE_CURVE('',#2576,#2577,#1195,.T.);
#3247=EDGE_CURVE('',#2577,#2575,#1565,.T.);
#3248=EDGE_CURVE('',#2578,#2574,#1566,.T.);
#3249=EDGE_CURVE('',#2579,#2578,#1567,.T.);
#3250=EDGE_CURVE('',#2579,#2576,#1568,.T.);
#3251=EDGE_CURVE('',#2580,#2578,#1569,.T.);
#3252=EDGE_CURVE('',#2581,#2580,#1570,.T.);
#3253=EDGE_CURVE('',#2581,#2579,#1571,.T.);
#3254=EDGE_CURVE('',#2582,#2580,#1572,.T.);
#3255=EDGE_CURVE('',#2583,#2582,#1573,.T.);
#3256=EDGE_CURVE('',#2583,#2581,#1574,.T.);
#3257=EDGE_CURVE('',#2584,#2582,#1196,.T.);
#3258=EDGE_CURVE('',#2585,#2584,#1575,.T.);
#3259=EDGE_CURVE('',#2585,#2583,#1197,.T.);
#3260=EDGE_CURVE('',#2586,#2584,#1198,.T.);
#3261=EDGE_CURVE('',#2587,#2586,#1576,.T.);
#3262=EDGE_CURVE('',#2587,#2585,#1199,.T.);
#3263=EDGE_CURVE('',#2588,#2586,#1577,.T.);
#3264=EDGE_CURVE('',#2589,#2588,#1578,.T.);
#3265=EDGE_CURVE('',#2589,#2587,#1579,.T.);
#3266=EDGE_CURVE('',#2590,#2588,#1200,.T.);
#3267=EDGE_CURVE('',#2591,#2590,#1580,.T.);
#3268=EDGE_CURVE('',#2591,#2589,#1201,.T.);
#3269=EDGE_CURVE('',#2592,#2590,#1581,.T.);
#3270=EDGE_CURVE('',#2593,#2592,#1582,.T.);
#3271=EDGE_CURVE('',#2593,#2591,#1583,.T.);
#3272=EDGE_CURVE('',#2594,#2592,#1202,.T.);
#3273=EDGE_CURVE('',#2595,#2594,#1584,.T.);
#3274=EDGE_CURVE('',#2595,#2593,#1203,.T.);
#3275=EDGE_CURVE('',#2596,#2594,#1204,.T.);
#3276=EDGE_CURVE('',#2597,#2596,#1585,.T.);
#3277=EDGE_CURVE('',#2597,#2595,#1205,.T.);
#3278=EDGE_CURVE('',#2598,#2596,#1586,.T.);
#3279=EDGE_CURVE('',#2599,#2598,#1587,.T.);
#3280=EDGE_CURVE('',#2599,#2597,#1588,.T.);
#3281=EDGE_CURVE('',#2600,#2598,#1589,.T.);
#3282=EDGE_CURVE('',#2601,#2600,#1590,.T.);
#3283=EDGE_CURVE('',#2601,#2599,#1591,.T.);
#3284=EDGE_CURVE('',#2575,#2600,#1206,.T.);
#3285=EDGE_CURVE('',#2577,#2601,#1207,.T.);
#3286=EDGE_CURVE('',#2602,#2603,#1208,.T.);
#3287=EDGE_CURVE('',#2604,#2602,#1209,.T.);
#3288=EDGE_CURVE('',#2605,#2604,#1592,.T.);
#3289=EDGE_CURVE('',#2606,#2605,#1210,.T.);
#3290=EDGE_CURVE('',#2607,#2606,#1593,.T.);
#3291=EDGE_CURVE('',#2608,#2607,#1211,.T.);
#3292=EDGE_CURVE('',#2609,#2608,#1212,.T.);
#3293=EDGE_CURVE('',#2610,#2609,#1594,.T.);
#3294=EDGE_CURVE('',#2603,#2610,#1595,.T.);
#3295=EDGE_CURVE('',#2611,#2612,#1596,.T.);
#3296=EDGE_CURVE('',#2607,#2611,#1597,.T.);
#3297=EDGE_CURVE('',#2606,#2612,#1598,.T.);
#3298=EDGE_CURVE('',#2612,#2613,#1213,.T.);
#3299=EDGE_CURVE('',#2605,#2613,#1599,.T.);
#3300=EDGE_CURVE('',#2613,#2614,#1600,.T.);
#3301=EDGE_CURVE('',#2604,#2614,#1601,.T.);
#3302=EDGE_CURVE('',#2614,#2615,#1214,.T.);
#3303=EDGE_CURVE('',#2602,#2615,#1602,.T.);
#3304=EDGE_CURVE('',#2615,#2616,#1215,.T.);
#3305=EDGE_CURVE('',#2603,#2616,#1603,.T.);
#3306=EDGE_CURVE('',#2616,#2617,#1604,.T.);
#3307=EDGE_CURVE('',#2610,#2617,#1605,.T.);
#3308=EDGE_CURVE('',#2617,#2618,#1606,.T.);
#3309=EDGE_CURVE('',#2609,#2618,#1607,.T.);
#3310=EDGE_CURVE('',#2618,#2619,#1216,.T.);
#3311=EDGE_CURVE('',#2608,#2619,#1608,.T.);
#3312=EDGE_CURVE('',#2619,#2611,#1217,.T.);
#3313=EDGE_CURVE('',#2620,#2621,#1218,.T.);
#3314=EDGE_CURVE('',#2622,#2620,#1609,.T.);
#3315=EDGE_CURVE('',#2622,#2623,#1219,.T.);
#3316=EDGE_CURVE('',#2623,#2621,#1610,.T.);
#3317=EDGE_CURVE('',#2624,#2620,#1220,.T.);
#3318=EDGE_CURVE('',#2625,#2624,#1611,.T.);
#3319=EDGE_CURVE('',#2625,#2622,#1221,.T.);
#3320=EDGE_CURVE('',#2626,#2624,#1612,.T.);
#3321=EDGE_CURVE('',#2627,#2626,#1613,.T.);
#3322=EDGE_CURVE('',#2627,#2625,#1614,.T.);
#3323=EDGE_CURVE('',#2628,#2629,#1615,.T.);
#3324=EDGE_CURVE('',#2630,#2628,#1616,.T.);
#3325=EDGE_CURVE('',#2630,#2631,#1617,.T.);
#3326=EDGE_CURVE('',#2631,#2629,#1618,.T.);
#3327=EDGE_CURVE('',#2629,#2632,#1222,.T.);
#3328=EDGE_CURVE('',#2631,#2633,#1223,.T.);
#3329=EDGE_CURVE('',#2633,#2632,#1619,.T.);
#3330=EDGE_CURVE('',#2632,#2634,#1224,.T.);
#3331=EDGE_CURVE('',#2633,#2635,#1225,.T.);
#3332=EDGE_CURVE('',#2635,#2634,#1620,.T.);
#3333=EDGE_CURVE('',#2636,#2626,#1226,.T.);
#3334=EDGE_CURVE('',#2637,#2636,#1621,.T.);
#3335=EDGE_CURVE('',#2637,#2627,#1227,.T.);
#3336=EDGE_CURVE('',#2638,#2636,#1228,.T.);
#3337=EDGE_CURVE('',#2639,#2638,#1622,.T.);
#3338=EDGE_CURVE('',#2639,#2637,#1229,.T.);
#3339=EDGE_CURVE('',#2621,#2638,#1623,.T.);
#3340=EDGE_CURVE('',#2623,#2639,#1624,.T.);
#3341=EDGE_CURVE('',#2640,#2628,#1230,.T.);
#3342=EDGE_CURVE('',#2641,#2640,#1625,.T.);
#3343=EDGE_CURVE('',#2641,#2630,#1231,.T.);
#3344=EDGE_CURVE('',#2642,#2640,#1232,.T.);
#3345=EDGE_CURVE('',#2643,#2642,#1626,.T.);
#3346=EDGE_CURVE('',#2643,#2641,#1233,.T.);
#3347=EDGE_CURVE('',#2634,#2642,#1627,.T.);
#3348=EDGE_CURVE('',#2635,#2643,#1628,.T.);
#3349=EDGE_CURVE('',#2644,#2645,#1234,.T.);
#3350=EDGE_CURVE('',#2646,#2644,#1629,.T.);
#3351=EDGE_CURVE('',#2647,#2646,#1235,.T.);
#3352=EDGE_CURVE('',#2648,#2647,#1236,.T.);
#3353=EDGE_CURVE('',#2649,#2648,#1630,.T.);
#3354=EDGE_CURVE('',#2650,#2649,#1631,.T.);
#3355=EDGE_CURVE('',#2651,#2650,#1632,.T.);
#3356=EDGE_CURVE('',#2652,#2651,#1237,.T.);
#3357=EDGE_CURVE('',#2653,#2652,#1238,.T.);
#3358=EDGE_CURVE('',#2654,#2653,#1633,.T.);
#3359=EDGE_CURVE('',#2655,#2654,#1239,.T.);
#3360=EDGE_CURVE('',#2656,#2655,#1240,.T.);
#3361=EDGE_CURVE('',#2657,#2656,#1634,.T.);
#3362=EDGE_CURVE('',#2658,#2657,#1635,.T.);
#3363=EDGE_CURVE('',#2659,#2658,#1636,.T.);
#3364=EDGE_CURVE('',#2645,#2659,#1241,.T.);
#3365=EDGE_CURVE('',#2660,#2661,#1242,.T.);
#3366=EDGE_CURVE('',#2652,#2660,#1637,.T.);
#3367=EDGE_CURVE('',#2651,#2661,#1638,.T.);
#3368=EDGE_CURVE('',#2661,#2662,#1639,.T.);
#3369=EDGE_CURVE('',#2650,#2662,#1640,.T.);
#3370=EDGE_CURVE('',#2662,#2663,#1641,.T.);
#3371=EDGE_CURVE('',#2649,#2663,#1642,.T.);
#3372=EDGE_CURVE('',#2663,#2664,#1643,.T.);
#3373=EDGE_CURVE('',#2648,#2664,#1644,.T.);
#3374=EDGE_CURVE('',#2664,#2665,#1243,.T.);
#3375=EDGE_CURVE('',#2647,#2665,#1645,.T.);
#3376=EDGE_CURVE('',#2665,#2666,#1244,.T.);
#3377=EDGE_CURVE('',#2646,#2666,#1646,.T.);
#3378=EDGE_CURVE('',#2666,#2667,#1647,.T.);
#3379=EDGE_CURVE('',#2644,#2667,#1648,.T.);
#3380=EDGE_CURVE('',#2667,#2668,#1245,.T.);
#3381=EDGE_CURVE('',#2645,#2668,#1649,.T.);
#3382=EDGE_CURVE('',#2668,#2669,#1246,.T.);
#3383=EDGE_CURVE('',#2659,#2669,#1650,.T.);
#3384=EDGE_CURVE('',#2669,#2670,#1651,.T.);
#3385=EDGE_CURVE('',#2658,#2670,#1652,.T.);
#3386=EDGE_CURVE('',#2670,#2671,#1653,.T.);
#3387=EDGE_CURVE('',#2657,#2671,#1654,.T.);
#3388=EDGE_CURVE('',#2671,#2672,#1655,.T.);
#3389=EDGE_CURVE('',#2656,#2672,#1656,.T.);
#3390=EDGE_CURVE('',#2672,#2673,#1247,.T.);
#3391=EDGE_CURVE('',#2655,#2673,#1657,.T.);
#3392=EDGE_CURVE('',#2673,#2674,#1248,.T.);
#3393=EDGE_CURVE('',#2654,#2674,#1658,.T.);
#3394=EDGE_CURVE('',#2674,#2675,#1659,.T.);
#3395=EDGE_CURVE('',#2653,#2675,#1660,.T.);
#3396=EDGE_CURVE('',#2675,#2660,#1249,.T.);
#3397=EDGE_CURVE('',#2676,#2677,#1661,.T.);
#3398=EDGE_CURVE('',#2678,#2676,#1662,.T.);
#3399=EDGE_CURVE('',#2678,#2679,#1663,.T.);
#3400=EDGE_CURVE('',#2679,#2677,#1664,.T.);
#3401=EDGE_CURVE('',#2680,#2676,#1250,.T.);
#3402=EDGE_CURVE('',#2681,#2680,#1665,.T.);
#3403=EDGE_CURVE('',#2681,#2678,#1251,.T.);
#3404=EDGE_CURVE('',#2682,#2680,#1252,.T.);
#3405=EDGE_CURVE('',#2683,#2682,#1666,.T.);
#3406=EDGE_CURVE('',#2683,#2681,#1253,.T.);
#3407=EDGE_CURVE('',#2684,#2682,#1667,.T.);
#3408=EDGE_CURVE('',#2685,#2684,#1668,.T.);
#3409=EDGE_CURVE('',#2685,#2683,#1669,.T.);
#3410=EDGE_CURVE('',#2686,#2684,#1670,.T.);
#3411=EDGE_CURVE('',#2687,#2686,#1671,.T.);
#3412=EDGE_CURVE('',#2687,#2685,#1672,.T.);
#3413=EDGE_CURVE('',#2688,#2686,#1254,.T.);
#3414=EDGE_CURVE('',#2689,#2688,#1673,.T.);
#3415=EDGE_CURVE('',#2689,#2687,#1255,.T.);
#3416=EDGE_CURVE('',#2690,#2688,#1256,.T.);
#3417=EDGE_CURVE('',#2691,#2690,#1674,.T.);
#3418=EDGE_CURVE('',#2691,#2689,#1257,.T.);
#3419=EDGE_CURVE('',#2692,#2690,#1675,.T.);
#3420=EDGE_CURVE('',#2693,#2692,#1676,.T.);
#3421=EDGE_CURVE('',#2693,#2691,#1677,.T.);
#3422=EDGE_CURVE('',#2694,#2692,#1258,.T.);
#3423=EDGE_CURVE('',#2695,#2694,#1678,.T.);
#3424=EDGE_CURVE('',#2695,#2693,#1259,.T.);
#3425=EDGE_CURVE('',#2696,#2694,#1260,.T.);
#3426=EDGE_CURVE('',#2697,#2696,#1679,.T.);
#3427=EDGE_CURVE('',#2697,#2695,#1261,.T.);
#3428=EDGE_CURVE('',#2698,#2696,#1262,.T.);
#3429=EDGE_CURVE('',#2699,#2698,#1680,.T.);
#3430=EDGE_CURVE('',#2699,#2697,#1263,.T.);
#3431=EDGE_CURVE('',#2700,#2698,#1681,.T.);
#3432=EDGE_CURVE('',#2701,#2700,#1682,.T.);
#3433=EDGE_CURVE('',#2701,#2699,#1683,.T.);
#3434=EDGE_CURVE('',#2702,#2700,#1684,.T.);
#3435=EDGE_CURVE('',#2703,#2702,#1685,.T.);
#3436=EDGE_CURVE('',#2703,#2701,#1686,.T.);
#3437=EDGE_CURVE('',#2704,#2702,#1264,.T.);
#3438=EDGE_CURVE('',#2705,#2704,#1687,.T.);
#3439=EDGE_CURVE('',#2705,#2703,#1265,.T.);
#3440=EDGE_CURVE('',#2706,#2704,#1266,.T.);
#3441=EDGE_CURVE('',#2707,#2706,#1688,.T.);
#3442=EDGE_CURVE('',#2707,#2705,#1267,.T.);
#3443=EDGE_CURVE('',#2708,#2706,#1689,.T.);
#3444=EDGE_CURVE('',#2709,#2708,#1690,.T.);
#3445=EDGE_CURVE('',#2709,#2707,#1691,.T.);
#3446=EDGE_CURVE('',#2710,#2708,#1692,.T.);
#3447=EDGE_CURVE('',#2711,#2710,#1693,.T.);
#3448=EDGE_CURVE('',#2711,#2709,#1694,.T.);
#3449=EDGE_CURVE('',#2712,#2710,#1268,.T.);
#3450=EDGE_CURVE('',#2713,#2712,#1695,.T.);
#3451=EDGE_CURVE('',#2713,#2711,#1269,.T.);
#3452=EDGE_CURVE('',#2714,#2712,#1270,.T.);
#3453=EDGE_CURVE('',#2715,#2714,#1696,.T.);
#3454=EDGE_CURVE('',#2715,#2713,#1271,.T.);
#3455=EDGE_CURVE('',#2677,#2714,#1272,.T.);
#3456=EDGE_CURVE('',#2679,#2715,#1273,.T.);
#3457=EDGE_CURVE('',#2716,#2717,#1697,.T.);
#3458=EDGE_CURVE('',#2718,#2716,#1698,.T.);
#3459=EDGE_CURVE('',#2719,#2718,#1274,.T.);
#3460=EDGE_CURVE('',#2720,#2719,#1699,.T.);
#3461=EDGE_CURVE('',#2721,#2720,#1275,.T.);
#3462=EDGE_CURVE('',#2722,#2721,#1700,.T.);
#3463=EDGE_CURVE('',#2723,#2722,#1276,.T.);
#3464=EDGE_CURVE('',#2724,#2723,#1277,.T.);
#3465=EDGE_CURVE('',#2725,#2724,#1701,.T.);
#3466=EDGE_CURVE('',#2726,#2725,#1278,.T.);
#3467=EDGE_CURVE('',#2727,#2726,#1702,.T.);
#3468=EDGE_CURVE('',#2728,#2727,#1279,.T.);
#3469=EDGE_CURVE('',#2729,#2728,#1703,.T.);
#3470=EDGE_CURVE('',#2730,#2729,#1280,.T.);
#3471=EDGE_CURVE('',#2731,#2730,#1704,.T.);
#3472=EDGE_CURVE('',#2732,#2731,#1281,.T.);
#3473=EDGE_CURVE('',#2733,#2732,#1705,.T.);
#3474=EDGE_CURVE('',#2734,#2733,#1282,.T.);
#3475=EDGE_CURVE('',#2735,#2734,#1283,.T.);
#3476=EDGE_CURVE('',#2717,#2735,#1706,.T.);
#3477=EDGE_CURVE('',#2736,#2737,#1284,.T.);
#3478=EDGE_CURVE('',#2726,#2736,#1707,.T.);
#3479=EDGE_CURVE('',#2725,#2737,#1708,.T.);
#3480=EDGE_CURVE('',#2737,#2738,#1709,.T.);
#3481=EDGE_CURVE('',#2724,#2738,#1710,.T.);
#3482=EDGE_CURVE('',#2738,#2739,#1285,.T.);
#3483=EDGE_CURVE('',#2723,#2739,#1711,.T.);
#3484=EDGE_CURVE('',#2739,#2740,#1286,.T.);
#3485=EDGE_CURVE('',#2722,#2740,#1712,.T.);
#3486=EDGE_CURVE('',#2740,#2741,#1713,.T.);
#3487=EDGE_CURVE('',#2721,#2741,#1714,.T.);
#3488=EDGE_CURVE('',#2741,#2742,#1287,.T.);
#3489=EDGE_CURVE('',#2720,#2742,#1715,.T.);
#3490=EDGE_CURVE('',#2742,#2743,#1716,.T.);
#3491=EDGE_CURVE('',#2719,#2743,#1717,.T.);
#3492=EDGE_CURVE('',#2743,#2744,#1288,.T.);
#3493=EDGE_CURVE('',#2718,#2744,#1718,.T.);
#3494=EDGE_CURVE('',#2744,#2745,#1719,.T.);
#3495=EDGE_CURVE('',#2716,#2745,#1720,.T.);
#3496=EDGE_CURVE('',#2745,#2746,#1721,.T.);
#3497=EDGE_CURVE('',#2717,#2746,#1722,.T.);
#3498=EDGE_CURVE('',#2746,#2747,#1723,.T.);
#3499=EDGE_CURVE('',#2735,#2747,#1724,.T.);
#3500=EDGE_CURVE('',#2747,#2748,#1289,.T.);
#3501=EDGE_CURVE('',#2734,#2748,#1725,.T.);
#3502=EDGE_CURVE('',#2748,#2749,#1290,.T.);
#3503=EDGE_CURVE('',#2733,#2749,#1726,.T.);
#3504=EDGE_CURVE('',#2749,#2750,#1727,.T.);
#3505=EDGE_CURVE('',#2732,#2750,#1728,.T.);
#3506=EDGE_CURVE('',#2750,#2751,#1291,.T.);
#3507=EDGE_CURVE('',#2731,#2751,#1729,.T.);
#3508=EDGE_CURVE('',#2751,#2752,#1730,.T.);
#3509=EDGE_CURVE('',#2730,#2752,#1731,.T.);
#3510=EDGE_CURVE('',#2752,#2753,#1292,.T.);
#3511=EDGE_CURVE('',#2729,#2753,#1732,.T.);
#3512=EDGE_CURVE('',#2753,#2754,#1733,.T.);
#3513=EDGE_CURVE('',#2728,#2754,#1734,.T.);
#3514=EDGE_CURVE('',#2754,#2755,#1293,.T.);
#3515=EDGE_CURVE('',#2727,#2755,#1735,.T.);
#3516=EDGE_CURVE('',#2755,#2736,#1736,.T.);
#3517=EDGE_CURVE('',#2756,#2757,#1737,.T.);
#3518=EDGE_CURVE('',#2758,#2756,#1738,.T.);
#3519=EDGE_CURVE('',#2758,#2759,#1739,.T.);
#3520=EDGE_CURVE('',#2759,#2757,#1740,.T.);
#3521=EDGE_CURVE('',#2760,#2756,#1294,.T.);
#3522=EDGE_CURVE('',#2761,#2760,#1741,.T.);
#3523=EDGE_CURVE('',#2761,#2758,#1295,.T.);
#3524=EDGE_CURVE('',#2762,#2760,#1296,.T.);
#3525=EDGE_CURVE('',#2763,#2762,#1742,.T.);
#3526=EDGE_CURVE('',#2763,#2761,#1297,.T.);
#3527=EDGE_CURVE('',#2764,#2762,#1743,.T.);
#3528=EDGE_CURVE('',#2765,#2764,#1744,.T.);
#3529=EDGE_CURVE('',#2765,#2763,#1745,.T.);
#3530=EDGE_CURVE('',#2766,#2764,#1298,.T.);
#3531=EDGE_CURVE('',#2767,#2766,#1746,.T.);
#3532=EDGE_CURVE('',#2767,#2765,#1299,.T.);
#3533=EDGE_CURVE('',#2757,#2766,#1300,.T.);
#3534=EDGE_CURVE('',#2759,#2767,#1301,.T.);
#3535=EDGE_CURVE('',#2768,#2769,#1302,.T.);
#3536=EDGE_CURVE('',#2770,#2768,#1747,.T.);
#3537=EDGE_CURVE('',#2771,#2770,#1303,.T.);
#3538=EDGE_CURVE('',#2772,#2771,#1304,.T.);
#3539=EDGE_CURVE('',#2773,#2772,#1748,.T.);
#3540=EDGE_CURVE('',#2774,#2773,#1749,.T.);
#3541=EDGE_CURVE('',#2775,#2774,#1305,.T.);
#3542=EDGE_CURVE('',#2776,#2775,#1306,.T.);
#3543=EDGE_CURVE('',#2777,#2776,#1750,.T.);
#3544=EDGE_CURVE('',#2778,#2777,#1751,.T.);
#3545=EDGE_CURVE('',#2779,#2778,#1752,.T.);
#3546=EDGE_CURVE('',#2780,#2779,#1307,.T.);
#3547=EDGE_CURVE('',#2781,#2780,#1308,.T.);
#3548=EDGE_CURVE('',#2769,#2781,#1753,.T.);
#3549=EDGE_CURVE('',#2782,#2783,#1309,.T.);
#3550=EDGE_CURVE('',#2775,#2782,#1754,.T.);
#3551=EDGE_CURVE('',#2774,#2783,#1755,.T.);
#3552=EDGE_CURVE('',#2783,#2784,#1756,.T.);
#3553=EDGE_CURVE('',#2773,#2784,#1757,.T.);
#3554=EDGE_CURVE('',#2784,#2785,#1758,.T.);
#3555=EDGE_CURVE('',#2772,#2785,#1759,.T.);
#3556=EDGE_CURVE('',#2785,#2786,#1310,.T.);
#3557=EDGE_CURVE('',#2771,#2786,#1760,.T.);
#3558=EDGE_CURVE('',#2786,#2787,#1311,.T.);
#3559=EDGE_CURVE('',#2770,#2787,#1761,.T.);
#3560=EDGE_CURVE('',#2787,#2788,#1762,.T.);
#3561=EDGE_CURVE('',#2768,#2788,#1763,.T.);
#3562=EDGE_CURVE('',#2788,#2789,#1312,.T.);
#3563=EDGE_CURVE('',#2769,#2789,#1764,.T.);
#3564=EDGE_CURVE('',#2789,#2790,#1765,.T.);
#3565=EDGE_CURVE('',#2781,#2790,#1766,.T.);
#3566=EDGE_CURVE('',#2790,#2791,#1313,.T.);
#3567=EDGE_CURVE('',#2780,#2791,#1767,.T.);
#3568=EDGE_CURVE('',#2791,#2792,#1314,.T.);
#3569=EDGE_CURVE('',#2779,#2792,#1768,.T.);
#3570=EDGE_CURVE('',#2792,#2793,#1769,.T.);
#3571=EDGE_CURVE('',#2778,#2793,#1770,.T.);
#3572=EDGE_CURVE('',#2793,#2794,#1771,.T.);
#3573=EDGE_CURVE('',#2777,#2794,#1772,.T.);
#3574=EDGE_CURVE('',#2794,#2795,#1773,.T.);
#3575=EDGE_CURVE('',#2776,#2795,#1774,.T.);
#3576=EDGE_CURVE('',#2795,#2782,#1315,.T.);
#3577=EDGE_CURVE('',#2796,#2797,#1316,.T.);
#3578=EDGE_CURVE('',#2798,#2796,#1775,.T.);
#3579=EDGE_CURVE('',#2798,#2799,#1317,.T.);
#3580=EDGE_CURVE('',#2799,#2797,#1776,.T.);
#3581=EDGE_CURVE('',#2800,#2796,#1777,.T.);
#3582=EDGE_CURVE('',#2801,#2800,#1778,.T.);
#3583=EDGE_CURVE('',#2801,#2798,#1779,.T.);
#3584=EDGE_CURVE('',#2802,#2800,#1318,.T.);
#3585=EDGE_CURVE('',#2803,#2802,#1780,.T.);
#3586=EDGE_CURVE('',#2803,#2801,#1319,.T.);
#3587=EDGE_CURVE('',#2804,#2802,#1320,.T.);
#3588=EDGE_CURVE('',#2805,#2804,#1781,.T.);
#3589=EDGE_CURVE('',#2805,#2803,#1321,.T.);
#3590=EDGE_CURVE('',#2806,#2804,#1782,.T.);
#3591=EDGE_CURVE('',#2807,#2806,#1783,.T.);
#3592=EDGE_CURVE('',#2807,#2805,#1784,.T.);
#3593=EDGE_CURVE('',#2808,#2806,#1785,.T.);
#3594=EDGE_CURVE('',#2809,#2808,#1786,.T.);
#3595=EDGE_CURVE('',#2809,#2807,#1787,.T.);
#3596=EDGE_CURVE('',#2810,#2808,#1788,.T.);
#3597=EDGE_CURVE('',#2811,#2810,#1789,.T.);
#3598=EDGE_CURVE('',#2811,#2809,#1790,.T.);
#3599=EDGE_CURVE('',#2812,#2810,#1322,.T.);
#3600=EDGE_CURVE('',#2813,#2812,#1791,.T.);
#3601=EDGE_CURVE('',#2813,#2811,#1323,.T.);
#3602=EDGE_CURVE('',#2814,#2812,#1324,.T.);
#3603=EDGE_CURVE('',#2815,#2814,#1792,.T.);
#3604=EDGE_CURVE('',#2815,#2813,#1325,.T.);
#3605=EDGE_CURVE('',#2816,#2814,#1793,.T.);
#3606=EDGE_CURVE('',#2817,#2816,#1794,.T.);
#3607=EDGE_CURVE('',#2817,#2815,#1795,.T.);
#3608=EDGE_CURVE('',#2818,#2816,#1326,.T.);
#3609=EDGE_CURVE('',#2819,#2818,#1796,.T.);
#3610=EDGE_CURVE('',#2819,#2817,#1327,.T.);
#3611=EDGE_CURVE('',#2820,#2818,#1328,.T.);
#3612=EDGE_CURVE('',#2821,#2820,#1797,.T.);
#3613=EDGE_CURVE('',#2821,#2819,#1329,.T.);
#3614=EDGE_CURVE('',#2822,#2820,#1798,.T.);
#3615=EDGE_CURVE('',#2823,#2822,#1799,.T.);
#3616=EDGE_CURVE('',#2823,#2821,#1800,.T.);
#3617=EDGE_CURVE('',#2824,#2822,#1801,.T.);
#3618=EDGE_CURVE('',#2825,#2824,#1802,.T.);
#3619=EDGE_CURVE('',#2825,#2823,#1803,.T.);
#3620=EDGE_CURVE('',#2826,#2824,#1804,.T.);
#3621=EDGE_CURVE('',#2827,#2826,#1805,.T.);
#3622=EDGE_CURVE('',#2827,#2825,#1806,.T.);
#3623=EDGE_CURVE('',#2797,#2826,#1330,.T.);
#3624=EDGE_CURVE('',#2799,#2827,#1331,.T.);
#3625=EDGE_CURVE('',#2828,#2829,#1332,.T.);
#3626=EDGE_CURVE('',#2830,#2828,#1333,.T.);
#3627=EDGE_CURVE('',#2831,#2830,#1807,.T.);
#3628=EDGE_CURVE('',#2832,#2831,#1334,.T.);
#3629=EDGE_CURVE('',#2833,#2832,#1335,.T.);
#3630=EDGE_CURVE('',#2829,#2833,#1808,.T.);
#3631=EDGE_CURVE('',#2834,#2835,#1336,.T.);
#3632=EDGE_CURVE('',#2836,#2834,#1337,.T.);
#3633=EDGE_CURVE('',#2837,#2836,#1809,.T.);
#3634=EDGE_CURVE('',#2838,#2837,#1338,.T.);
#3635=EDGE_CURVE('',#2839,#2838,#1339,.T.);
#3636=EDGE_CURVE('',#2835,#2839,#1810,.T.);
#3637=EDGE_CURVE('',#2840,#2841,#1811,.T.);
#3638=EDGE_CURVE('',#2837,#2840,#1812,.T.);
#3639=EDGE_CURVE('',#2836,#2841,#1813,.T.);
#3640=EDGE_CURVE('',#2841,#2842,#1340,.T.);
#3641=EDGE_CURVE('',#2834,#2842,#1814,.T.);
#3642=EDGE_CURVE('',#2842,#2843,#1341,.T.);
#3643=EDGE_CURVE('',#2835,#2843,#1815,.T.);
#3644=EDGE_CURVE('',#2844,#2845,#1816,.T.);
#3645=EDGE_CURVE('',#2831,#2844,#1817,.T.);
#3646=EDGE_CURVE('',#2830,#2845,#1818,.T.);
#3647=EDGE_CURVE('',#2845,#2846,#1342,.T.);
#3648=EDGE_CURVE('',#2828,#2846,#1819,.T.);
#3649=EDGE_CURVE('',#2846,#2847,#1343,.T.);
#3650=EDGE_CURVE('',#2829,#2847,#1820,.T.);
#3651=EDGE_CURVE('',#2848,#2840,#1344,.T.);
#3652=EDGE_CURVE('',#2838,#2848,#1821,.T.);
#3653=EDGE_CURVE('',#2849,#2848,#1345,.T.);
#3654=EDGE_CURVE('',#2839,#2849,#1822,.T.);
#3655=EDGE_CURVE('',#2843,#2849,#1823,.T.);
#3656=EDGE_CURVE('',#2847,#2850,#1824,.T.);
#3657=EDGE_CURVE('',#2833,#2850,#1825,.T.);
#3658=EDGE_CURVE('',#2850,#2851,#1346,.T.);
#3659=EDGE_CURVE('',#2832,#2851,#1826,.T.);
#3660=EDGE_CURVE('',#2851,#2844,#1347,.T.);
#3661=EDGE_CURVE('',#2852,#2853,#1348,.T.);
#3662=EDGE_CURVE('',#2854,#2852,#1827,.T.);
#3663=EDGE_CURVE('',#2854,#2855,#1349,.T.);
#3664=EDGE_CURVE('',#2855,#2853,#1828,.T.);
#3665=EDGE_CURVE('',#2856,#2852,#1350,.T.);
#3666=EDGE_CURVE('',#2857,#2856,#1829,.T.);
#3667=EDGE_CURVE('',#2857,#2854,#1351,.T.);
#3668=EDGE_CURVE('',#2858,#2856,#1830,.T.);
#3669=EDGE_CURVE('',#2859,#2858,#1831,.T.);
#3670=EDGE_CURVE('',#2859,#2857,#1832,.T.);
#3671=EDGE_CURVE('',#2860,#2858,#1833,.T.);
#3672=EDGE_CURVE('',#2861,#2860,#1834,.T.);
#3673=EDGE_CURVE('',#2861,#2859,#1835,.T.);
#3674=EDGE_CURVE('',#2862,#2860,#1352,.T.);
#3675=EDGE_CURVE('',#2863,#2862,#1836,.T.);
#3676=EDGE_CURVE('',#2863,#2861,#1353,.T.);
#3677=EDGE_CURVE('',#2864,#2862,#1354,.T.);
#3678=EDGE_CURVE('',#2865,#2864,#1837,.T.);
#3679=EDGE_CURVE('',#2865,#2863,#1355,.T.);
#3680=EDGE_CURVE('',#2866,#2864,#1838,.T.);
#3681=EDGE_CURVE('',#2867,#2866,#1839,.T.);
#3682=EDGE_CURVE('',#2867,#2865,#1840,.T.);
#3683=EDGE_CURVE('',#2868,#2866,#1356,.T.);
#3684=EDGE_CURVE('',#2869,#2868,#1841,.T.);
#3685=EDGE_CURVE('',#2869,#2867,#1357,.T.);
#3686=EDGE_CURVE('',#2853,#2868,#1842,.T.);
#3687=EDGE_CURVE('',#2855,#2869,#1843,.T.);
#3688=EDGE_CURVE('',#2870,#2871,#1032,.T.);
#3689=EDGE_CURVE('',#2871,#2870,#1033,.T.);
#3690=EDGE_CURVE('',#2872,#2873,#1034,.T.);
#3691=EDGE_CURVE('',#2873,#2872,#1035,.T.);
#3692=EDGE_CURVE('',#2874,#2874,#1358,.T.);
#3693=EDGE_CURVE('',#2874,#2875,#1844,.T.);
#3694=EDGE_CURVE('',#2876,#2875,#1359,.T.);
#3695=EDGE_CURVE('',#2875,#2876,#1360,.T.);
#3696=EDGE_CURVE('',#2877,#2877,#1361,.T.);
#3697=EDGE_CURVE('',#2877,#2878,#1845,.T.);
#3698=EDGE_CURVE('',#2879,#2878,#1362,.T.);
#3699=EDGE_CURVE('',#2878,#2879,#1363,.T.);
#3700=EDGE_CURVE('',#2880,#2880,#1364,.T.);
#3701=EDGE_CURVE('',#2880,#2881,#1846,.T.);
#3702=EDGE_CURVE('',#2882,#2881,#1365,.T.);
#3703=EDGE_CURVE('',#2881,#2882,#1366,.T.);
#3704=EDGE_CURVE('',#2417,#2883,#1847,.T.);
#3705=EDGE_CURVE('',#2884,#2883,#1367,.T.);
#3706=EDGE_CURVE('',#2883,#2884,#1368,.T.);
#3707=EDGE_CURVE('',#2415,#2417,#1369,.T.);
#3708=EDGE_CURVE('',#2885,#2885,#1370,.T.);
#3709=EDGE_CURVE('',#2885,#2886,#1848,.T.);
#3710=EDGE_CURVE('',#2887,#2886,#1371,.T.);
#3711=EDGE_CURVE('',#2886,#2887,#1372,.T.);
#3712=EDGE_CURVE('',#2888,#2889,#1036,.T.);
#3713=EDGE_CURVE('',#2889,#2888,#1037,.T.);
#3714=EDGE_CURVE('',#2889,#2890,#1849,.T.);
#3715=EDGE_CURVE('',#2874,#2890,#1038,.T.);
#3716=EDGE_CURVE('',#2890,#2874,#1039,.T.);
#3717=EDGE_CURVE('',#2891,#2892,#1040,.T.);
#3718=EDGE_CURVE('',#2892,#2891,#1041,.T.);
#3719=EDGE_CURVE('',#2892,#2893,#1850,.T.);
#3720=EDGE_CURVE('',#2877,#2893,#1042,.T.);
#3721=EDGE_CURVE('',#2893,#2877,#1043,.T.);
#3722=EDGE_CURVE('',#2894,#2895,#1044,.T.);
#3723=EDGE_CURVE('',#2895,#2894,#1045,.T.);
#3724=EDGE_CURVE('',#2895,#2896,#1851,.T.);
#3725=EDGE_CURVE('',#2880,#2896,#1046,.T.);
#3726=EDGE_CURVE('',#2896,#2880,#1047,.T.);
#3727=EDGE_CURVE('',#2416,#2417,#1048,.T.);
#3728=EDGE_CURVE('',#2897,#2898,#1049,.T.);
#3729=EDGE_CURVE('',#2898,#2897,#1050,.T.);
#3730=EDGE_CURVE('',#2898,#2899,#1852,.T.);
#3731=EDGE_CURVE('',#2885,#2899,#1051,.T.);
#3732=EDGE_CURVE('',#2899,#2885,#1052,.T.);
#3733=EDGE_CURVE('',#2900,#2900,#1373,.T.);
#3734=EDGE_CURVE('',#2900,#2901,#1853,.T.);
#3735=EDGE_CURVE('',#2902,#2901,#1374,.T.);
#3736=EDGE_CURVE('',#2901,#2902,#1375,.T.);
#3737=EDGE_CURVE('',#2903,#2904,#1053,.T.);
#3738=EDGE_CURVE('',#2904,#2903,#1054,.T.);
#3739=EDGE_CURVE('',#2904,#2905,#1854,.T.);
#3740=EDGE_CURVE('',#2900,#2905,#1055,.T.);
#3741=EDGE_CURVE('',#2905,#2900,#1056,.T.);
#3742=EDGE_CURVE('',#2906,#2907,#1057,.T.);
#3743=EDGE_CURVE('',#2907,#2906,#1058,.T.);
#3744=EDGE_CURVE('',#2906,#2908,#1855,.T.);
#3745=EDGE_CURVE('',#2908,#2908,#1059,.T.);
#3746=EDGE_CURVE('',#2909,#2909,#1060,.T.);
#3747=EDGE_CURVE('',#2910,#2911,#1061,.T.);
#3748=EDGE_CURVE('',#2911,#2910,#1062,.T.);
#3749=EDGE_CURVE('',#2911,#2912,#1856,.T.);
#3750=EDGE_CURVE('',#2912,#2913,#1376,.T.);
#3751=EDGE_CURVE('',#2913,#2907,#1857,.T.);
#3752=EDGE_CURVE('',#2913,#2914,#1377,.T.);
#3753=EDGE_CURVE('',#2914,#2912,#1378,.T.);
#3754=EDGE_CURVE('',#2915,#2916,#1379,.T.);
#3755=EDGE_CURVE('',#2916,#2917,#1380,.T.);
#3756=EDGE_CURVE('',#2917,#2915,#1381,.T.);
#3757=EDGE_CURVE('',#2918,#2919,#1382,.T.);
#3758=EDGE_CURVE('',#2919,#2920,#1383,.T.);
#3759=EDGE_CURVE('',#2920,#2918,#1384,.T.);
#3760=EDGE_CURVE('',#2921,#2922,#1385,.T.);
#3761=EDGE_CURVE('',#2922,#2923,#1386,.T.);
#3762=EDGE_CURVE('',#2923,#2921,#1387,.T.);
#3763=EDGE_CURVE('',#2909,#2924,#1858,.T.);
#3764=EDGE_CURVE('',#2924,#2925,#1063,.T.);
#3765=EDGE_CURVE('',#2925,#2924,#1064,.T.);
#3766=EDGE_CURVE('',#2926,#2927,#1065,.T.);
#3767=EDGE_CURVE('',#2927,#2928,#1859,.T.);
#3768=EDGE_CURVE('',#2928,#2929,#1388,.T.);
#3769=EDGE_CURVE('',#2929,#2930,#1389,.T.);
#3770=EDGE_CURVE('',#2930,#2925,#1860,.T.);
#3771=EDGE_CURVE('',#2930,#2928,#1390,.T.);
#3772=EDGE_CURVE('',#2927,#2926,#1066,.T.);
#3773=EDGE_CURVE('',#2931,#2931,#1391,.T.);
#3774=EDGE_CURVE('',#2932,#2932,#1392,.T.);
#3775=EDGE_CURVE('',#2933,#2933,#1393,.T.);
#3776=EDGE_CURVE('',#2914,#2934,#1861,.T.);
#3777=EDGE_CURVE('',#2934,#2935,#1067,.T.);
#3778=EDGE_CURVE('',#2935,#2934,#1068,.T.);
#3779=EDGE_CURVE('',#2934,#2929,#1862,.T.);
#3780=EDGE_CURVE('',#2922,#2936,#1863,.T.);
#3781=EDGE_CURVE('',#2936,#2937,#1069,.T.);
#3782=EDGE_CURVE('',#2937,#2936,#1070,.T.);
#3783=EDGE_CURVE('',#2936,#2933,#1864,.T.);
#3784=EDGE_CURVE('',#2919,#2938,#1865,.T.);
#3785=EDGE_CURVE('',#2938,#2939,#1071,.T.);
#3786=EDGE_CURVE('',#2939,#2938,#1072,.T.);
#3787=EDGE_CURVE('',#2938,#2932,#1866,.T.);
#3788=EDGE_CURVE('',#2916,#2940,#1867,.T.);
#3789=EDGE_CURVE('',#2940,#2941,#1073,.T.);
#3790=EDGE_CURVE('',#2941,#2940,#1074,.T.);
#3791=EDGE_CURVE('',#2940,#2931,#1868,.T.);
#3792=EDGE_CURVE('',#2942,#2942,#1075,.T.);
#3793=EDGE_CURVE('',#2942,#2943,#1869,.T.);
#3794=EDGE_CURVE('',#2943,#2944,#1076,.T.);
#3795=EDGE_CURVE('',#2944,#2943,#1077,.T.);
#3796=EDGE_CURVE('',#2944,#2945,#1870,.T.);
#3797=EDGE_CURVE('',#2945,#2946,#1078,.T.);
#3798=EDGE_CURVE('',#2946,#2945,#1079,.T.);
#3799=EDGE_CURVE('',#2947,#2948,#1080,.T.);
#3800=EDGE_CURVE('',#2948,#2947,#1081,.T.);
#3801=EDGE_CURVE('',#2949,#2949,#1082,.T.);
#3802=EDGE_CURVE('',#2949,#2950,#1871,.T.);
#3803=EDGE_CURVE('',#2950,#2951,#1083,.T.);
#3804=EDGE_CURVE('',#2951,#2950,#1084,.T.);
#3805=EDGE_CURVE('',#2951,#2952,#1872,.T.);
#3806=EDGE_CURVE('',#2952,#2953,#1085,.T.);
#3807=EDGE_CURVE('',#2953,#2952,#1086,.T.);
#3808=EDGE_CURVE('',#2954,#2955,#1394,.T.);
#3809=EDGE_CURVE('',#2955,#2956,#1873,.T.);
#3810=EDGE_CURVE('',#2956,#2957,#1395,.T.);
#3811=EDGE_CURVE('',#2957,#2954,#1874,.T.);
#3812=EDGE_CURVE('',#2958,#2959,#1396,.T.);
#3813=EDGE_CURVE('',#2959,#2960,#1875,.T.);
#3814=EDGE_CURVE('',#2960,#2961,#1397,.T.);
#3815=EDGE_CURVE('',#2961,#2958,#1876,.T.);
#3816=EDGE_CURVE('',#2962,#2963,#1087,.T.);
#3817=EDGE_CURVE('',#2963,#2962,#1088,.T.);
#3818=EDGE_CURVE('',#2890,#2964,#1877,.T.);
#3819=EDGE_CURVE('',#2899,#2965,#1878,.T.);
#3820=EDGE_CURVE('',#2896,#2966,#1879,.T.);
#3821=EDGE_CURVE('',#2416,#2967,#1880,.T.);
#3822=EDGE_CURVE('',#2905,#2968,#1881,.T.);
#3823=EDGE_CURVE('',#2893,#2969,#1882,.T.);
#3824=EDGE_CURVE('',#2970,#2958,#1883,.T.);
#3825=EDGE_CURVE('',#2971,#2970,#1398,.T.);
#3826=EDGE_CURVE('',#2959,#2971,#1884,.T.);
#3827=EDGE_CURVE('',#2970,#2972,#1885,.T.);
#3828=EDGE_CURVE('',#2973,#2972,#1399,.T.);
#3829=EDGE_CURVE('',#2974,#2973,#1400,.T.);
#3830=EDGE_CURVE('',#2975,#2974,#1401,.T.);
#3831=EDGE_CURVE('',#2976,#2975,#1402,.T.);
#3832=EDGE_CURVE('',#2971,#2976,#1886,.T.);
#3833=EDGE_CURVE('',#2960,#2977,#1887,.T.);
#3834=EDGE_CURVE('',#2978,#2977,#1403,.T.);
#3835=EDGE_CURVE('',#2978,#2961,#1888,.T.);
#3836=EDGE_CURVE('',#2977,#2979,#1889,.T.);
#3837=EDGE_CURVE('',#2980,#2979,#1404,.T.);
#3838=EDGE_CURVE('',#2978,#2980,#1890,.T.);
#3839=EDGE_CURVE('',#2971,#2977,#1891,.T.);
#3840=EDGE_CURVE('',#2978,#2970,#1892,.T.);
#3841=EDGE_CURVE('',#2979,#2976,#1893,.T.);
#3842=EDGE_CURVE('',#2972,#2980,#1894,.T.);
#3843=EDGE_CURVE('',#2973,#2410,#1089,.T.);
#3844=EDGE_CURVE('',#2411,#2981,#1405,.T.);
#3845=EDGE_CURVE('',#2974,#2981,#1090,.T.);
#3846=EDGE_CURVE('',#2981,#2974,#1091,.T.);
#3847=EDGE_CURVE('',#2981,#2982,#1406,.T.);
#3848=EDGE_CURVE('',#2982,#2975,#1092,.T.);
#3849=EDGE_CURVE('',#2983,#2954,#1895,.T.);
#3850=EDGE_CURVE('',#2984,#2983,#1407,.T.);
#3851=EDGE_CURVE('',#2955,#2984,#1896,.T.);
#3852=EDGE_CURVE('',#2956,#2985,#1897,.T.);
#3853=EDGE_CURVE('',#2986,#2985,#1408,.T.);
#3854=EDGE_CURVE('',#2986,#2957,#1898,.T.);
#3855=EDGE_CURVE('',#2985,#2987,#1899,.T.);
#3856=EDGE_CURVE('',#2988,#2987,#1409,.T.);
#3857=EDGE_CURVE('',#2986,#2988,#1900,.T.);
#3858=EDGE_CURVE('',#2985,#2984,#1901,.T.);
#3859=EDGE_CURVE('',#2983,#2986,#1902,.T.);
#3860=EDGE_CURVE('',#2984,#2409,#1903,.T.);
#3861=EDGE_CURVE('',#2987,#2409,#1904,.T.);
#3862=EDGE_CURVE('',#2989,#2988,#1905,.T.);
#3863=EDGE_CURVE('',#2983,#2989,#1906,.T.);
#3864=EDGE_CURVE('',#2982,#2989,#1410,.T.);
#3865=EDGE_CURVE('',#2948,#2987,#1907,.T.);
#3866=EDGE_CURVE('',#2990,#2991,#1093,.T.);
#3867=EDGE_CURVE('',#2991,#2990,#1094,.T.);
#3868=EDGE_CURVE('',#2991,#2992,#1095,.T.);
#3869=EDGE_CURVE('',#2993,#2992,#1096,.T.);
#3870=EDGE_CURVE('',#2992,#2993,#1097,.T.);
#3871=EDGE_CURVE('',#2994,#2995,#1098,.T.);
#3872=EDGE_CURVE('',#2995,#2994,#1099,.T.);
#3873=EDGE_CURVE('',#2995,#2992,#1908,.T.);
#3874=EDGE_CURVE('',#2995,#2996,#1100,.T.);
#3875=EDGE_CURVE('',#2997,#2996,#1101,.T.);
#3876=EDGE_CURVE('',#2996,#2997,#1102,.T.);
#3877=EDGE_CURVE('',#2963,#2945,#1103,.T.);
#3878=EDGE_CURVE('',#2998,#2999,#1104,.T.);
#3879=EDGE_CURVE('',#2999,#2998,#1105,.T.);
#3880=EDGE_CURVE('',#2999,#2873,#1909,.T.);
#3881=EDGE_CURVE('',#2871,#2927,#1106,.T.);
#3882=ORIENTED_EDGE('',*,*,#3000,.F.);
#3883=ORIENTED_EDGE('',*,*,#3001,.T.);
#3884=ORIENTED_EDGE('',*,*,#3002,.F.);
#3885=ORIENTED_EDGE('',*,*,#3003,.F.);
#3886=ORIENTED_EDGE('',*,*,#3004,.F.);
#3887=ORIENTED_EDGE('',*,*,#3005,.T.);
#3888=ORIENTED_EDGE('',*,*,#3006,.T.);
#3889=ORIENTED_EDGE('',*,*,#3007,.T.);
#3890=ORIENTED_EDGE('',*,*,#3008,.F.);
#3891=ORIENTED_EDGE('',*,*,#3009,.T.);
#3892=ORIENTED_EDGE('',*,*,#3005,.F.);
#3893=ORIENTED_EDGE('',*,*,#3010,.F.);
#3894=ORIENTED_EDGE('',*,*,#3011,.F.);
#3895=ORIENTED_EDGE('',*,*,#3012,.F.);
#3896=ORIENTED_EDGE('',*,*,#3013,.F.);
#3897=ORIENTED_EDGE('',*,*,#3014,.F.);
#3898=ORIENTED_EDGE('',*,*,#3015,.F.);
#3899=ORIENTED_EDGE('',*,*,#3016,.F.);
#3900=ORIENTED_EDGE('',*,*,#3017,.F.);
#3901=ORIENTED_EDGE('',*,*,#3018,.F.);
#3902=ORIENTED_EDGE('',*,*,#3019,.F.);
#3903=ORIENTED_EDGE('',*,*,#3020,.F.);
#3904=ORIENTED_EDGE('',*,*,#3021,.F.);
#3905=ORIENTED_EDGE('',*,*,#3022,.F.);
#3906=ORIENTED_EDGE('',*,*,#3023,.F.);
#3907=ORIENTED_EDGE('',*,*,#3024,.F.);
#3908=ORIENTED_EDGE('',*,*,#3025,.F.);
#3909=ORIENTED_EDGE('',*,*,#3026,.F.);
#3910=ORIENTED_EDGE('',*,*,#3027,.F.);
#3911=ORIENTED_EDGE('',*,*,#3028,.F.);
#3912=ORIENTED_EDGE('',*,*,#3029,.F.);
#3913=ORIENTED_EDGE('',*,*,#3030,.F.);
#3914=ORIENTED_EDGE('',*,*,#3031,.F.);
#3915=ORIENTED_EDGE('',*,*,#3019,.T.);
#3916=ORIENTED_EDGE('',*,*,#3032,.T.);
#3917=ORIENTED_EDGE('',*,*,#3033,.F.);
#3918=ORIENTED_EDGE('',*,*,#3032,.F.);
#3919=ORIENTED_EDGE('',*,*,#3018,.T.);
#3920=ORIENTED_EDGE('',*,*,#3034,.T.);
#3921=ORIENTED_EDGE('',*,*,#3035,.F.);
#3922=ORIENTED_EDGE('',*,*,#3034,.F.);
#3923=ORIENTED_EDGE('',*,*,#3017,.T.);
#3924=ORIENTED_EDGE('',*,*,#3036,.T.);
#3925=ORIENTED_EDGE('',*,*,#3037,.F.);
#3926=ORIENTED_EDGE('',*,*,#3036,.F.);
#3927=ORIENTED_EDGE('',*,*,#3016,.T.);
#3928=ORIENTED_EDGE('',*,*,#3038,.T.);
#3929=ORIENTED_EDGE('',*,*,#3039,.F.);
#3930=ORIENTED_EDGE('',*,*,#3038,.F.);
#3931=ORIENTED_EDGE('',*,*,#3015,.T.);
#3932=ORIENTED_EDGE('',*,*,#3040,.T.);
#3933=ORIENTED_EDGE('',*,*,#3041,.F.);
#3934=ORIENTED_EDGE('',*,*,#3040,.F.);
#3935=ORIENTED_EDGE('',*,*,#3014,.T.);
#3936=ORIENTED_EDGE('',*,*,#3042,.T.);
#3937=ORIENTED_EDGE('',*,*,#3043,.F.);
#3938=ORIENTED_EDGE('',*,*,#3042,.F.);
#3939=ORIENTED_EDGE('',*,*,#3013,.T.);
#3940=ORIENTED_EDGE('',*,*,#3044,.T.);
#3941=ORIENTED_EDGE('',*,*,#3045,.F.);
#3942=ORIENTED_EDGE('',*,*,#3044,.F.);
#3943=ORIENTED_EDGE('',*,*,#3012,.T.);
#3944=ORIENTED_EDGE('',*,*,#3046,.T.);
#3945=ORIENTED_EDGE('',*,*,#3047,.F.);
#3946=ORIENTED_EDGE('',*,*,#3046,.F.);
#3947=ORIENTED_EDGE('',*,*,#3011,.T.);
#3948=ORIENTED_EDGE('',*,*,#3048,.T.);
#3949=ORIENTED_EDGE('',*,*,#3049,.F.);
#3950=ORIENTED_EDGE('',*,*,#3048,.F.);
#3951=ORIENTED_EDGE('',*,*,#3010,.T.);
#3952=ORIENTED_EDGE('',*,*,#3050,.T.);
#3953=ORIENTED_EDGE('',*,*,#3051,.F.);
#3954=ORIENTED_EDGE('',*,*,#3050,.F.);
#3955=ORIENTED_EDGE('',*,*,#3029,.T.);
#3956=ORIENTED_EDGE('',*,*,#3052,.T.);
#3957=ORIENTED_EDGE('',*,*,#3053,.F.);
#3958=ORIENTED_EDGE('',*,*,#3052,.F.);
#3959=ORIENTED_EDGE('',*,*,#3028,.T.);
#3960=ORIENTED_EDGE('',*,*,#3054,.T.);
#3961=ORIENTED_EDGE('',*,*,#3055,.F.);
#3962=ORIENTED_EDGE('',*,*,#3054,.F.);
#3963=ORIENTED_EDGE('',*,*,#3027,.T.);
#3964=ORIENTED_EDGE('',*,*,#3056,.T.);
#3965=ORIENTED_EDGE('',*,*,#3057,.F.);
#3966=ORIENTED_EDGE('',*,*,#3056,.F.);
#3967=ORIENTED_EDGE('',*,*,#3026,.T.);
#3968=ORIENTED_EDGE('',*,*,#3058,.T.);
#3969=ORIENTED_EDGE('',*,*,#3059,.F.);
#3970=ORIENTED_EDGE('',*,*,#3058,.F.);
#3971=ORIENTED_EDGE('',*,*,#3025,.T.);
#3972=ORIENTED_EDGE('',*,*,#3060,.T.);
#3973=ORIENTED_EDGE('',*,*,#3061,.F.);
#3974=ORIENTED_EDGE('',*,*,#3060,.F.);
#3975=ORIENTED_EDGE('',*,*,#3024,.T.);
#3976=ORIENTED_EDGE('',*,*,#3062,.T.);
#3977=ORIENTED_EDGE('',*,*,#3063,.F.);
#3978=ORIENTED_EDGE('',*,*,#3062,.F.);
#3979=ORIENTED_EDGE('',*,*,#3023,.T.);
#3980=ORIENTED_EDGE('',*,*,#3064,.T.);
#3981=ORIENTED_EDGE('',*,*,#3065,.F.);
#3982=ORIENTED_EDGE('',*,*,#3064,.F.);
#3983=ORIENTED_EDGE('',*,*,#3022,.T.);
#3984=ORIENTED_EDGE('',*,*,#3066,.T.);
#3985=ORIENTED_EDGE('',*,*,#3067,.F.);
#3986=ORIENTED_EDGE('',*,*,#3066,.F.);
#3987=ORIENTED_EDGE('',*,*,#3021,.T.);
#3988=ORIENTED_EDGE('',*,*,#3068,.T.);
#3989=ORIENTED_EDGE('',*,*,#3069,.F.);
#3990=ORIENTED_EDGE('',*,*,#3068,.F.);
#3991=ORIENTED_EDGE('',*,*,#3020,.T.);
#3992=ORIENTED_EDGE('',*,*,#3031,.T.);
#3993=ORIENTED_EDGE('',*,*,#3070,.F.);
#3994=ORIENTED_EDGE('',*,*,#3071,.F.);
#3995=ORIENTED_EDGE('',*,*,#3072,.T.);
#3996=ORIENTED_EDGE('',*,*,#3073,.T.);
#3997=ORIENTED_EDGE('',*,*,#3074,.F.);
#3998=ORIENTED_EDGE('',*,*,#3075,.F.);
#3999=ORIENTED_EDGE('',*,*,#3076,.T.);
#4000=ORIENTED_EDGE('',*,*,#3071,.T.);
#4001=ORIENTED_EDGE('',*,*,#3077,.F.);
#4002=ORIENTED_EDGE('',*,*,#3078,.F.);
#4003=ORIENTED_EDGE('',*,*,#3079,.T.);
#4004=ORIENTED_EDGE('',*,*,#3075,.T.);
#4005=ORIENTED_EDGE('',*,*,#3080,.F.);
#4006=ORIENTED_EDGE('',*,*,#3081,.F.);
#4007=ORIENTED_EDGE('',*,*,#3082,.T.);
#4008=ORIENTED_EDGE('',*,*,#3078,.T.);
#4009=ORIENTED_EDGE('',*,*,#3083,.F.);
#4010=ORIENTED_EDGE('',*,*,#3084,.F.);
#4011=ORIENTED_EDGE('',*,*,#3085,.T.);
#4012=ORIENTED_EDGE('',*,*,#3081,.T.);
#4013=ORIENTED_EDGE('',*,*,#3086,.F.);
#4014=ORIENTED_EDGE('',*,*,#3087,.F.);
#4015=ORIENTED_EDGE('',*,*,#3088,.T.);
#4016=ORIENTED_EDGE('',*,*,#3084,.T.);
#4017=ORIENTED_EDGE('',*,*,#3089,.F.);
#4018=ORIENTED_EDGE('',*,*,#3090,.F.);
#4019=ORIENTED_EDGE('',*,*,#3091,.T.);
#4020=ORIENTED_EDGE('',*,*,#3087,.T.);
#4021=ORIENTED_EDGE('',*,*,#3092,.F.);
#4022=ORIENTED_EDGE('',*,*,#3093,.F.);
#4023=ORIENTED_EDGE('',*,*,#3094,.T.);
#4024=ORIENTED_EDGE('',*,*,#3090,.T.);
#4025=ORIENTED_EDGE('',*,*,#3095,.F.);
#4026=ORIENTED_EDGE('',*,*,#3096,.F.);
#4027=ORIENTED_EDGE('',*,*,#3097,.T.);
#4028=ORIENTED_EDGE('',*,*,#3093,.T.);
#4029=ORIENTED_EDGE('',*,*,#3098,.F.);
#4030=ORIENTED_EDGE('',*,*,#3099,.F.);
#4031=ORIENTED_EDGE('',*,*,#3100,.T.);
#4032=ORIENTED_EDGE('',*,*,#3096,.T.);
#4033=ORIENTED_EDGE('',*,*,#3101,.F.);
#4034=ORIENTED_EDGE('',*,*,#3102,.F.);
#4035=ORIENTED_EDGE('',*,*,#3103,.T.);
#4036=ORIENTED_EDGE('',*,*,#3099,.T.);
#4037=ORIENTED_EDGE('',*,*,#3104,.F.);
#4038=ORIENTED_EDGE('',*,*,#3105,.F.);
#4039=ORIENTED_EDGE('',*,*,#3106,.T.);
#4040=ORIENTED_EDGE('',*,*,#3102,.T.);
#4041=ORIENTED_EDGE('',*,*,#3107,.F.);
#4042=ORIENTED_EDGE('',*,*,#3108,.F.);
#4043=ORIENTED_EDGE('',*,*,#3109,.T.);
#4044=ORIENTED_EDGE('',*,*,#3105,.T.);
#4045=ORIENTED_EDGE('',*,*,#3110,.F.);
#4046=ORIENTED_EDGE('',*,*,#3111,.F.);
#4047=ORIENTED_EDGE('',*,*,#3112,.T.);
#4048=ORIENTED_EDGE('',*,*,#3108,.T.);
#4049=ORIENTED_EDGE('',*,*,#3113,.F.);
#4050=ORIENTED_EDGE('',*,*,#3114,.F.);
#4051=ORIENTED_EDGE('',*,*,#3115,.T.);
#4052=ORIENTED_EDGE('',*,*,#3111,.T.);
#4053=ORIENTED_EDGE('',*,*,#3116,.F.);
#4054=ORIENTED_EDGE('',*,*,#3073,.F.);
#4055=ORIENTED_EDGE('',*,*,#3117,.T.);
#4056=ORIENTED_EDGE('',*,*,#3114,.T.);
#4057=ORIENTED_EDGE('',*,*,#3097,.F.);
#4058=ORIENTED_EDGE('',*,*,#3100,.F.);
#4059=ORIENTED_EDGE('',*,*,#3103,.F.);
#4060=ORIENTED_EDGE('',*,*,#3106,.F.);
#4061=ORIENTED_EDGE('',*,*,#3109,.F.);
#4062=ORIENTED_EDGE('',*,*,#3112,.F.);
#4063=ORIENTED_EDGE('',*,*,#3115,.F.);
#4064=ORIENTED_EDGE('',*,*,#3117,.F.);
#4065=ORIENTED_EDGE('',*,*,#3072,.F.);
#4066=ORIENTED_EDGE('',*,*,#3076,.F.);
#4067=ORIENTED_EDGE('',*,*,#3079,.F.);
#4068=ORIENTED_EDGE('',*,*,#3082,.F.);
#4069=ORIENTED_EDGE('',*,*,#3085,.F.);
#4070=ORIENTED_EDGE('',*,*,#3088,.F.);
#4071=ORIENTED_EDGE('',*,*,#3091,.F.);
#4072=ORIENTED_EDGE('',*,*,#3094,.F.);
#4073=ORIENTED_EDGE('',*,*,#3118,.F.);
#4074=ORIENTED_EDGE('',*,*,#3119,.F.);
#4075=ORIENTED_EDGE('',*,*,#3120,.F.);
#4076=ORIENTED_EDGE('',*,*,#3121,.F.);
#4077=ORIENTED_EDGE('',*,*,#3122,.F.);
#4078=ORIENTED_EDGE('',*,*,#3123,.F.);
#4079=ORIENTED_EDGE('',*,*,#3124,.F.);
#4080=ORIENTED_EDGE('',*,*,#3125,.F.);
#4081=ORIENTED_EDGE('',*,*,#3120,.T.);
#4082=ORIENTED_EDGE('',*,*,#3126,.T.);
#4083=ORIENTED_EDGE('',*,*,#3127,.F.);
#4084=ORIENTED_EDGE('',*,*,#3126,.F.);
#4085=ORIENTED_EDGE('',*,*,#3119,.T.);
#4086=ORIENTED_EDGE('',*,*,#3128,.T.);
#4087=ORIENTED_EDGE('',*,*,#3129,.F.);
#4088=ORIENTED_EDGE('',*,*,#3128,.F.);
#4089=ORIENTED_EDGE('',*,*,#3118,.T.);
#4090=ORIENTED_EDGE('',*,*,#3130,.T.);
#4091=ORIENTED_EDGE('',*,*,#3131,.F.);
#4092=ORIENTED_EDGE('',*,*,#3130,.F.);
#4093=ORIENTED_EDGE('',*,*,#3123,.T.);
#4094=ORIENTED_EDGE('',*,*,#3132,.T.);
#4095=ORIENTED_EDGE('',*,*,#3133,.F.);
#4096=ORIENTED_EDGE('',*,*,#3132,.F.);
#4097=ORIENTED_EDGE('',*,*,#3122,.T.);
#4098=ORIENTED_EDGE('',*,*,#3134,.T.);
#4099=ORIENTED_EDGE('',*,*,#3135,.F.);
#4100=ORIENTED_EDGE('',*,*,#3134,.F.);
#4101=ORIENTED_EDGE('',*,*,#3121,.T.);
#4102=ORIENTED_EDGE('',*,*,#3125,.T.);
#4103=ORIENTED_EDGE('',*,*,#3136,.F.);
#4104=ORIENTED_EDGE('',*,*,#3137,.F.);
#4105=ORIENTED_EDGE('',*,*,#3138,.T.);
#4106=ORIENTED_EDGE('',*,*,#3139,.T.);
#4107=ORIENTED_EDGE('',*,*,#3140,.F.);
#4108=ORIENTED_EDGE('',*,*,#3141,.F.);
#4109=ORIENTED_EDGE('',*,*,#3142,.T.);
#4110=ORIENTED_EDGE('',*,*,#3137,.T.);
#4111=ORIENTED_EDGE('',*,*,#3143,.F.);
#4112=ORIENTED_EDGE('',*,*,#3144,.F.);
#4113=ORIENTED_EDGE('',*,*,#3145,.T.);
#4114=ORIENTED_EDGE('',*,*,#3141,.T.);
#4115=ORIENTED_EDGE('',*,*,#3146,.F.);
#4116=ORIENTED_EDGE('',*,*,#3147,.F.);
#4117=ORIENTED_EDGE('',*,*,#3148,.T.);
#4118=ORIENTED_EDGE('',*,*,#3144,.T.);
#4119=ORIENTED_EDGE('',*,*,#3149,.F.);
#4120=ORIENTED_EDGE('',*,*,#3150,.F.);
#4121=ORIENTED_EDGE('',*,*,#3151,.T.);
#4122=ORIENTED_EDGE('',*,*,#3147,.T.);
#4123=ORIENTED_EDGE('',*,*,#3152,.F.);
#4124=ORIENTED_EDGE('',*,*,#3153,.F.);
#4125=ORIENTED_EDGE('',*,*,#3154,.T.);
#4126=ORIENTED_EDGE('',*,*,#3150,.T.);
#4127=ORIENTED_EDGE('',*,*,#3155,.F.);
#4128=ORIENTED_EDGE('',*,*,#3156,.F.);
#4129=ORIENTED_EDGE('',*,*,#3157,.T.);
#4130=ORIENTED_EDGE('',*,*,#3153,.T.);
#4131=ORIENTED_EDGE('',*,*,#3158,.F.);
#4132=ORIENTED_EDGE('',*,*,#3159,.F.);
#4133=ORIENTED_EDGE('',*,*,#3160,.T.);
#4134=ORIENTED_EDGE('',*,*,#3156,.T.);
#4135=ORIENTED_EDGE('',*,*,#3161,.F.);
#4136=ORIENTED_EDGE('',*,*,#3162,.F.);
#4137=ORIENTED_EDGE('',*,*,#3163,.T.);
#4138=ORIENTED_EDGE('',*,*,#3159,.T.);
#4139=ORIENTED_EDGE('',*,*,#3164,.F.);
#4140=ORIENTED_EDGE('',*,*,#3165,.F.);
#4141=ORIENTED_EDGE('',*,*,#3166,.T.);
#4142=ORIENTED_EDGE('',*,*,#3162,.T.);
#4143=ORIENTED_EDGE('',*,*,#3167,.F.);
#4144=ORIENTED_EDGE('',*,*,#3168,.F.);
#4145=ORIENTED_EDGE('',*,*,#3169,.T.);
#4146=ORIENTED_EDGE('',*,*,#3165,.T.);
#4147=ORIENTED_EDGE('',*,*,#3170,.F.);
#4148=ORIENTED_EDGE('',*,*,#3171,.F.);
#4149=ORIENTED_EDGE('',*,*,#3172,.T.);
#4150=ORIENTED_EDGE('',*,*,#3168,.T.);
#4151=ORIENTED_EDGE('',*,*,#3173,.F.);
#4152=ORIENTED_EDGE('',*,*,#3174,.F.);
#4153=ORIENTED_EDGE('',*,*,#3175,.T.);
#4154=ORIENTED_EDGE('',*,*,#3171,.T.);
#4155=ORIENTED_EDGE('',*,*,#3176,.F.);
#4156=ORIENTED_EDGE('',*,*,#3177,.F.);
#4157=ORIENTED_EDGE('',*,*,#3178,.T.);
#4158=ORIENTED_EDGE('',*,*,#3174,.T.);
#4159=ORIENTED_EDGE('',*,*,#3179,.F.);
#4160=ORIENTED_EDGE('',*,*,#3180,.F.);
#4161=ORIENTED_EDGE('',*,*,#3181,.T.);
#4162=ORIENTED_EDGE('',*,*,#3177,.T.);
#4163=ORIENTED_EDGE('',*,*,#3182,.F.);
#4164=ORIENTED_EDGE('',*,*,#3183,.F.);
#4165=ORIENTED_EDGE('',*,*,#3184,.T.);
#4166=ORIENTED_EDGE('',*,*,#3180,.T.);
#4167=ORIENTED_EDGE('',*,*,#3185,.F.);
#4168=ORIENTED_EDGE('',*,*,#3186,.F.);
#4169=ORIENTED_EDGE('',*,*,#3187,.T.);
#4170=ORIENTED_EDGE('',*,*,#3183,.T.);
#4171=ORIENTED_EDGE('',*,*,#3188,.F.);
#4172=ORIENTED_EDGE('',*,*,#3189,.F.);
#4173=ORIENTED_EDGE('',*,*,#3190,.T.);
#4174=ORIENTED_EDGE('',*,*,#3186,.T.);
#4175=ORIENTED_EDGE('',*,*,#3191,.F.);
#4176=ORIENTED_EDGE('',*,*,#3192,.F.);
#4177=ORIENTED_EDGE('',*,*,#3193,.T.);
#4178=ORIENTED_EDGE('',*,*,#3189,.T.);
#4179=ORIENTED_EDGE('',*,*,#3194,.F.);
#4180=ORIENTED_EDGE('',*,*,#3139,.F.);
#4181=ORIENTED_EDGE('',*,*,#3195,.T.);
#4182=ORIENTED_EDGE('',*,*,#3192,.T.);
#4183=ORIENTED_EDGE('',*,*,#3169,.F.);
#4184=ORIENTED_EDGE('',*,*,#3172,.F.);
#4185=ORIENTED_EDGE('',*,*,#3175,.F.);
#4186=ORIENTED_EDGE('',*,*,#3178,.F.);
#4187=ORIENTED_EDGE('',*,*,#3181,.F.);
#4188=ORIENTED_EDGE('',*,*,#3184,.F.);
#4189=ORIENTED_EDGE('',*,*,#3187,.F.);
#4190=ORIENTED_EDGE('',*,*,#3190,.F.);
#4191=ORIENTED_EDGE('',*,*,#3193,.F.);
#4192=ORIENTED_EDGE('',*,*,#3195,.F.);
#4193=ORIENTED_EDGE('',*,*,#3138,.F.);
#4194=ORIENTED_EDGE('',*,*,#3142,.F.);
#4195=ORIENTED_EDGE('',*,*,#3145,.F.);
#4196=ORIENTED_EDGE('',*,*,#3148,.F.);
#4197=ORIENTED_EDGE('',*,*,#3151,.F.);
#4198=ORIENTED_EDGE('',*,*,#3154,.F.);
#4199=ORIENTED_EDGE('',*,*,#3157,.F.);
#4200=ORIENTED_EDGE('',*,*,#3160,.F.);
#4201=ORIENTED_EDGE('',*,*,#3163,.F.);
#4202=ORIENTED_EDGE('',*,*,#3166,.F.);
#4203=ORIENTED_EDGE('',*,*,#3196,.F.);
#4204=ORIENTED_EDGE('',*,*,#3197,.F.);
#4205=ORIENTED_EDGE('',*,*,#3198,.F.);
#4206=ORIENTED_EDGE('',*,*,#3199,.F.);
#4207=ORIENTED_EDGE('',*,*,#3200,.F.);
#4208=ORIENTED_EDGE('',*,*,#3201,.F.);
#4209=ORIENTED_EDGE('',*,*,#3202,.F.);
#4210=ORIENTED_EDGE('',*,*,#3203,.F.);
#4211=ORIENTED_EDGE('',*,*,#3204,.F.);
#4212=ORIENTED_EDGE('',*,*,#3205,.F.);
#4213=ORIENTED_EDGE('',*,*,#3206,.F.);
#4214=ORIENTED_EDGE('',*,*,#3207,.F.);
#4215=ORIENTED_EDGE('',*,*,#3208,.F.);
#4216=ORIENTED_EDGE('',*,*,#3209,.F.);
#4217=ORIENTED_EDGE('',*,*,#3210,.F.);
#4218=ORIENTED_EDGE('',*,*,#3211,.F.);
#4219=ORIENTED_EDGE('',*,*,#3212,.F.);
#4220=ORIENTED_EDGE('',*,*,#3213,.F.);
#4221=ORIENTED_EDGE('',*,*,#3203,.T.);
#4222=ORIENTED_EDGE('',*,*,#3214,.T.);
#4223=ORIENTED_EDGE('',*,*,#3215,.F.);
#4224=ORIENTED_EDGE('',*,*,#3214,.F.);
#4225=ORIENTED_EDGE('',*,*,#3202,.T.);
#4226=ORIENTED_EDGE('',*,*,#3216,.T.);
#4227=ORIENTED_EDGE('',*,*,#3217,.F.);
#4228=ORIENTED_EDGE('',*,*,#3216,.F.);
#4229=ORIENTED_EDGE('',*,*,#3201,.T.);
#4230=ORIENTED_EDGE('',*,*,#3218,.T.);
#4231=ORIENTED_EDGE('',*,*,#3219,.F.);
#4232=ORIENTED_EDGE('',*,*,#3218,.F.);
#4233=ORIENTED_EDGE('',*,*,#3200,.T.);
#4234=ORIENTED_EDGE('',*,*,#3220,.T.);
#4235=ORIENTED_EDGE('',*,*,#3221,.F.);
#4236=ORIENTED_EDGE('',*,*,#3220,.F.);
#4237=ORIENTED_EDGE('',*,*,#3199,.T.);
#4238=ORIENTED_EDGE('',*,*,#3222,.T.);
#4239=ORIENTED_EDGE('',*,*,#3223,.F.);
#4240=ORIENTED_EDGE('',*,*,#3222,.F.);
#4241=ORIENTED_EDGE('',*,*,#3198,.T.);
#4242=ORIENTED_EDGE('',*,*,#3224,.T.);
#4243=ORIENTED_EDGE('',*,*,#3225,.F.);
#4244=ORIENTED_EDGE('',*,*,#3224,.F.);
#4245=ORIENTED_EDGE('',*,*,#3197,.T.);
#4246=ORIENTED_EDGE('',*,*,#3226,.T.);
#4247=ORIENTED_EDGE('',*,*,#3227,.F.);
#4248=ORIENTED_EDGE('',*,*,#3226,.F.);
#4249=ORIENTED_EDGE('',*,*,#3196,.T.);
#4250=ORIENTED_EDGE('',*,*,#3228,.T.);
#4251=ORIENTED_EDGE('',*,*,#3229,.F.);
#4252=ORIENTED_EDGE('',*,*,#3228,.F.);
#4253=ORIENTED_EDGE('',*,*,#3211,.T.);
#4254=ORIENTED_EDGE('',*,*,#3230,.T.);
#4255=ORIENTED_EDGE('',*,*,#3231,.F.);
#4256=ORIENTED_EDGE('',*,*,#3230,.F.);
#4257=ORIENTED_EDGE('',*,*,#3210,.T.);
#4258=ORIENTED_EDGE('',*,*,#3232,.T.);
#4259=ORIENTED_EDGE('',*,*,#3233,.F.);
#4260=ORIENTED_EDGE('',*,*,#3232,.F.);
#4261=ORIENTED_EDGE('',*,*,#3209,.T.);
#4262=ORIENTED_EDGE('',*,*,#3234,.T.);
#4263=ORIENTED_EDGE('',*,*,#3235,.F.);
#4264=ORIENTED_EDGE('',*,*,#3234,.F.);
#4265=ORIENTED_EDGE('',*,*,#3208,.T.);
#4266=ORIENTED_EDGE('',*,*,#3236,.T.);
#4267=ORIENTED_EDGE('',*,*,#3237,.F.);
#4268=ORIENTED_EDGE('',*,*,#3236,.F.);
#4269=ORIENTED_EDGE('',*,*,#3207,.T.);
#4270=ORIENTED_EDGE('',*,*,#3238,.T.);
#4271=ORIENTED_EDGE('',*,*,#3239,.F.);
#4272=ORIENTED_EDGE('',*,*,#3238,.F.);
#4273=ORIENTED_EDGE('',*,*,#3206,.T.);
#4274=ORIENTED_EDGE('',*,*,#3240,.T.);
#4275=ORIENTED_EDGE('',*,*,#3241,.F.);
#4276=ORIENTED_EDGE('',*,*,#3240,.F.);
#4277=ORIENTED_EDGE('',*,*,#3205,.T.);
#4278=ORIENTED_EDGE('',*,*,#3242,.T.);
#4279=ORIENTED_EDGE('',*,*,#3243,.F.);
#4280=ORIENTED_EDGE('',*,*,#3242,.F.);
#4281=ORIENTED_EDGE('',*,*,#3204,.T.);
#4282=ORIENTED_EDGE('',*,*,#3213,.T.);
#4283=ORIENTED_EDGE('',*,*,#3244,.F.);
#4284=ORIENTED_EDGE('',*,*,#3245,.F.);
#4285=ORIENTED_EDGE('',*,*,#3246,.T.);
#4286=ORIENTED_EDGE('',*,*,#3247,.T.);
#4287=ORIENTED_EDGE('',*,*,#3248,.F.);
#4288=ORIENTED_EDGE('',*,*,#3249,.F.);
#4289=ORIENTED_EDGE('',*,*,#3250,.T.);
#4290=ORIENTED_EDGE('',*,*,#3245,.T.);
#4291=ORIENTED_EDGE('',*,*,#3251,.F.);
#4292=ORIENTED_EDGE('',*,*,#3252,.F.);
#4293=ORIENTED_EDGE('',*,*,#3253,.T.);
#4294=ORIENTED_EDGE('',*,*,#3249,.T.);
#4295=ORIENTED_EDGE('',*,*,#3254,.F.);
#4296=ORIENTED_EDGE('',*,*,#3255,.F.);
#4297=ORIENTED_EDGE('',*,*,#3256,.T.);
#4298=ORIENTED_EDGE('',*,*,#3252,.T.);
#4299=ORIENTED_EDGE('',*,*,#3257,.F.);
#4300=ORIENTED_EDGE('',*,*,#3258,.F.);
#4301=ORIENTED_EDGE('',*,*,#3259,.T.);
#4302=ORIENTED_EDGE('',*,*,#3255,.T.);
#4303=ORIENTED_EDGE('',*,*,#3260,.F.);
#4304=ORIENTED_EDGE('',*,*,#3261,.F.);
#4305=ORIENTED_EDGE('',*,*,#3262,.T.);
#4306=ORIENTED_EDGE('',*,*,#3258,.T.);
#4307=ORIENTED_EDGE('',*,*,#3263,.F.);
#4308=ORIENTED_EDGE('',*,*,#3264,.F.);
#4309=ORIENTED_EDGE('',*,*,#3265,.T.);
#4310=ORIENTED_EDGE('',*,*,#3261,.T.);
#4311=ORIENTED_EDGE('',*,*,#3266,.F.);
#4312=ORIENTED_EDGE('',*,*,#3267,.F.);
#4313=ORIENTED_EDGE('',*,*,#3268,.T.);
#4314=ORIENTED_EDGE('',*,*,#3264,.T.);
#4315=ORIENTED_EDGE('',*,*,#3269,.F.);
#4316=ORIENTED_EDGE('',*,*,#3270,.F.);
#4317=ORIENTED_EDGE('',*,*,#3271,.T.);
#4318=ORIENTED_EDGE('',*,*,#3267,.T.);
#4319=ORIENTED_EDGE('',*,*,#3272,.F.);
#4320=ORIENTED_EDGE('',*,*,#3273,.F.);
#4321=ORIENTED_EDGE('',*,*,#3274,.T.);
#4322=ORIENTED_EDGE('',*,*,#3270,.T.);
#4323=ORIENTED_EDGE('',*,*,#3275,.F.);
#4324=ORIENTED_EDGE('',*,*,#3276,.F.);
#4325=ORIENTED_EDGE('',*,*,#3277,.T.);
#4326=ORIENTED_EDGE('',*,*,#3273,.T.);
#4327=ORIENTED_EDGE('',*,*,#3278,.F.);
#4328=ORIENTED_EDGE('',*,*,#3279,.F.);
#4329=ORIENTED_EDGE('',*,*,#3280,.T.);
#4330=ORIENTED_EDGE('',*,*,#3276,.T.);
#4331=ORIENTED_EDGE('',*,*,#3281,.F.);
#4332=ORIENTED_EDGE('',*,*,#3282,.F.);
#4333=ORIENTED_EDGE('',*,*,#3283,.T.);
#4334=ORIENTED_EDGE('',*,*,#3279,.T.);
#4335=ORIENTED_EDGE('',*,*,#3284,.F.);
#4336=ORIENTED_EDGE('',*,*,#3247,.F.);
#4337=ORIENTED_EDGE('',*,*,#3285,.T.);
#4338=ORIENTED_EDGE('',*,*,#3282,.T.);
#4339=ORIENTED_EDGE('',*,*,#3268,.F.);
#4340=ORIENTED_EDGE('',*,*,#3271,.F.);
#4341=ORIENTED_EDGE('',*,*,#3274,.F.);
#4342=ORIENTED_EDGE('',*,*,#3277,.F.);
#4343=ORIENTED_EDGE('',*,*,#3280,.F.);
#4344=ORIENTED_EDGE('',*,*,#3283,.F.);
#4345=ORIENTED_EDGE('',*,*,#3285,.F.);
#4346=ORIENTED_EDGE('',*,*,#3246,.F.);
#4347=ORIENTED_EDGE('',*,*,#3250,.F.);
#4348=ORIENTED_EDGE('',*,*,#3253,.F.);
#4349=ORIENTED_EDGE('',*,*,#3256,.F.);
#4350=ORIENTED_EDGE('',*,*,#3259,.F.);
#4351=ORIENTED_EDGE('',*,*,#3262,.F.);
#4352=ORIENTED_EDGE('',*,*,#3265,.F.);
#4353=ORIENTED_EDGE('',*,*,#3286,.F.);
#4354=ORIENTED_EDGE('',*,*,#3287,.F.);
#4355=ORIENTED_EDGE('',*,*,#3288,.F.);
#4356=ORIENTED_EDGE('',*,*,#3289,.F.);
#4357=ORIENTED_EDGE('',*,*,#3290,.F.);
#4358=ORIENTED_EDGE('',*,*,#3291,.F.);
#4359=ORIENTED_EDGE('',*,*,#3292,.F.);
#4360=ORIENTED_EDGE('',*,*,#3293,.F.);
#4361=ORIENTED_EDGE('',*,*,#3294,.F.);
#4362=ORIENTED_EDGE('',*,*,#3295,.F.);
#4363=ORIENTED_EDGE('',*,*,#3296,.F.);
#4364=ORIENTED_EDGE('',*,*,#3290,.T.);
#4365=ORIENTED_EDGE('',*,*,#3297,.T.);
#4366=ORIENTED_EDGE('',*,*,#3298,.F.);
#4367=ORIENTED_EDGE('',*,*,#3297,.F.);
#4368=ORIENTED_EDGE('',*,*,#3289,.T.);
#4369=ORIENTED_EDGE('',*,*,#3299,.T.);
#4370=ORIENTED_EDGE('',*,*,#3300,.F.);
#4371=ORIENTED_EDGE('',*,*,#3299,.F.);
#4372=ORIENTED_EDGE('',*,*,#3288,.T.);
#4373=ORIENTED_EDGE('',*,*,#3301,.T.);
#4374=ORIENTED_EDGE('',*,*,#3302,.F.);
#4375=ORIENTED_EDGE('',*,*,#3301,.F.);
#4376=ORIENTED_EDGE('',*,*,#3287,.T.);
#4377=ORIENTED_EDGE('',*,*,#3303,.T.);
#4378=ORIENTED_EDGE('',*,*,#3304,.F.);
#4379=ORIENTED_EDGE('',*,*,#3303,.F.);
#4380=ORIENTED_EDGE('',*,*,#3286,.T.);
#4381=ORIENTED_EDGE('',*,*,#3305,.T.);
#4382=ORIENTED_EDGE('',*,*,#3306,.F.);
#4383=ORIENTED_EDGE('',*,*,#3305,.F.);
#4384=ORIENTED_EDGE('',*,*,#3294,.T.);
#4385=ORIENTED_EDGE('',*,*,#3307,.T.);
#4386=ORIENTED_EDGE('',*,*,#3308,.F.);
#4387=ORIENTED_EDGE('',*,*,#3307,.F.);
#4388=ORIENTED_EDGE('',*,*,#3293,.T.);
#4389=ORIENTED_EDGE('',*,*,#3309,.T.);
#4390=ORIENTED_EDGE('',*,*,#3310,.F.);
#4391=ORIENTED_EDGE('',*,*,#3309,.F.);
#4392=ORIENTED_EDGE('',*,*,#3292,.T.);
#4393=ORIENTED_EDGE('',*,*,#3311,.T.);
#4394=ORIENTED_EDGE('',*,*,#3312,.F.);
#4395=ORIENTED_EDGE('',*,*,#3311,.F.);
#4396=ORIENTED_EDGE('',*,*,#3291,.T.);
#4397=ORIENTED_EDGE('',*,*,#3296,.T.);
#4398=ORIENTED_EDGE('',*,*,#3313,.F.);
#4399=ORIENTED_EDGE('',*,*,#3314,.F.);
#4400=ORIENTED_EDGE('',*,*,#3315,.T.);
#4401=ORIENTED_EDGE('',*,*,#3316,.T.);
#4402=ORIENTED_EDGE('',*,*,#3317,.F.);
#4403=ORIENTED_EDGE('',*,*,#3318,.F.);
#4404=ORIENTED_EDGE('',*,*,#3319,.T.);
#4405=ORIENTED_EDGE('',*,*,#3314,.T.);
#4406=ORIENTED_EDGE('',*,*,#3320,.F.);
#4407=ORIENTED_EDGE('',*,*,#3321,.F.);
#4408=ORIENTED_EDGE('',*,*,#3322,.T.);
#4409=ORIENTED_EDGE('',*,*,#3318,.T.);
#4410=ORIENTED_EDGE('',*,*,#3323,.F.);
#4411=ORIENTED_EDGE('',*,*,#3324,.F.);
#4412=ORIENTED_EDGE('',*,*,#3325,.T.);
#4413=ORIENTED_EDGE('',*,*,#3326,.T.);
#4414=ORIENTED_EDGE('',*,*,#3327,.F.);
#4415=ORIENTED_EDGE('',*,*,#3326,.F.);
#4416=ORIENTED_EDGE('',*,*,#3328,.T.);
#4417=ORIENTED_EDGE('',*,*,#3329,.T.);
#4418=ORIENTED_EDGE('',*,*,#3330,.F.);
#4419=ORIENTED_EDGE('',*,*,#3329,.F.);
#4420=ORIENTED_EDGE('',*,*,#3331,.T.);
#4421=ORIENTED_EDGE('',*,*,#3332,.T.);
#4422=ORIENTED_EDGE('',*,*,#3333,.F.);
#4423=ORIENTED_EDGE('',*,*,#3334,.F.);
#4424=ORIENTED_EDGE('',*,*,#3335,.T.);
#4425=ORIENTED_EDGE('',*,*,#3321,.T.);
#4426=ORIENTED_EDGE('',*,*,#3336,.F.);
#4427=ORIENTED_EDGE('',*,*,#3337,.F.);
#4428=ORIENTED_EDGE('',*,*,#3338,.T.);
#4429=ORIENTED_EDGE('',*,*,#3334,.T.);
#4430=ORIENTED_EDGE('',*,*,#3339,.F.);
#4431=ORIENTED_EDGE('',*,*,#3316,.F.);
#4432=ORIENTED_EDGE('',*,*,#3340,.T.);
#4433=ORIENTED_EDGE('',*,*,#3337,.T.);
#4434=ORIENTED_EDGE('',*,*,#3341,.F.);
#4435=ORIENTED_EDGE('',*,*,#3342,.F.);
#4436=ORIENTED_EDGE('',*,*,#3343,.T.);
#4437=ORIENTED_EDGE('',*,*,#3324,.T.);
#4438=ORIENTED_EDGE('',*,*,#3344,.F.);
#4439=ORIENTED_EDGE('',*,*,#3345,.F.);
#4440=ORIENTED_EDGE('',*,*,#3346,.T.);
#4441=ORIENTED_EDGE('',*,*,#3342,.T.);
#4442=ORIENTED_EDGE('',*,*,#3347,.F.);
#4443=ORIENTED_EDGE('',*,*,#3332,.F.);
#4444=ORIENTED_EDGE('',*,*,#3348,.T.);
#4445=ORIENTED_EDGE('',*,*,#3345,.T.);
#4446=ORIENTED_EDGE('',*,*,#3335,.F.);
#4447=ORIENTED_EDGE('',*,*,#3338,.F.);
#4448=ORIENTED_EDGE('',*,*,#3340,.F.);
#4449=ORIENTED_EDGE('',*,*,#3315,.F.);
#4450=ORIENTED_EDGE('',*,*,#3319,.F.);
#4451=ORIENTED_EDGE('',*,*,#3322,.F.);
#4452=ORIENTED_EDGE('',*,*,#3343,.F.);
#4453=ORIENTED_EDGE('',*,*,#3346,.F.);
#4454=ORIENTED_EDGE('',*,*,#3348,.F.);
#4455=ORIENTED_EDGE('',*,*,#3331,.F.);
#4456=ORIENTED_EDGE('',*,*,#3328,.F.);
#4457=ORIENTED_EDGE('',*,*,#3325,.F.);
#4458=ORIENTED_EDGE('',*,*,#3349,.F.);
#4459=ORIENTED_EDGE('',*,*,#3350,.F.);
#4460=ORIENTED_EDGE('',*,*,#3351,.F.);
#4461=ORIENTED_EDGE('',*,*,#3352,.F.);
#4462=ORIENTED_EDGE('',*,*,#3353,.F.);
#4463=ORIENTED_EDGE('',*,*,#3354,.F.);
#4464=ORIENTED_EDGE('',*,*,#3355,.F.);
#4465=ORIENTED_EDGE('',*,*,#3356,.F.);
#4466=ORIENTED_EDGE('',*,*,#3357,.F.);
#4467=ORIENTED_EDGE('',*,*,#3358,.F.);
#4468=ORIENTED_EDGE('',*,*,#3359,.F.);
#4469=ORIENTED_EDGE('',*,*,#3360,.F.);
#4470=ORIENTED_EDGE('',*,*,#3361,.F.);
#4471=ORIENTED_EDGE('',*,*,#3362,.F.);
#4472=ORIENTED_EDGE('',*,*,#3363,.F.);
#4473=ORIENTED_EDGE('',*,*,#3364,.F.);
#4474=ORIENTED_EDGE('',*,*,#3365,.F.);
#4475=ORIENTED_EDGE('',*,*,#3366,.F.);
#4476=ORIENTED_EDGE('',*,*,#3356,.T.);
#4477=ORIENTED_EDGE('',*,*,#3367,.T.);
#4478=ORIENTED_EDGE('',*,*,#3368,.F.);
#4479=ORIENTED_EDGE('',*,*,#3367,.F.);
#4480=ORIENTED_EDGE('',*,*,#3355,.T.);
#4481=ORIENTED_EDGE('',*,*,#3369,.T.);
#4482=ORIENTED_EDGE('',*,*,#3370,.F.);
#4483=ORIENTED_EDGE('',*,*,#3369,.F.);
#4484=ORIENTED_EDGE('',*,*,#3354,.T.);
#4485=ORIENTED_EDGE('',*,*,#3371,.T.);
#4486=ORIENTED_EDGE('',*,*,#3372,.F.);
#4487=ORIENTED_EDGE('',*,*,#3371,.F.);
#4488=ORIENTED_EDGE('',*,*,#3353,.T.);
#4489=ORIENTED_EDGE('',*,*,#3373,.T.);
#4490=ORIENTED_EDGE('',*,*,#3374,.F.);
#4491=ORIENTED_EDGE('',*,*,#3373,.F.);
#4492=ORIENTED_EDGE('',*,*,#3352,.T.);
#4493=ORIENTED_EDGE('',*,*,#3375,.T.);
#4494=ORIENTED_EDGE('',*,*,#3376,.F.);
#4495=ORIENTED_EDGE('',*,*,#3375,.F.);
#4496=ORIENTED_EDGE('',*,*,#3351,.T.);
#4497=ORIENTED_EDGE('',*,*,#3377,.T.);
#4498=ORIENTED_EDGE('',*,*,#3378,.F.);
#4499=ORIENTED_EDGE('',*,*,#3377,.F.);
#4500=ORIENTED_EDGE('',*,*,#3350,.T.);
#4501=ORIENTED_EDGE('',*,*,#3379,.T.);
#4502=ORIENTED_EDGE('',*,*,#3380,.F.);
#4503=ORIENTED_EDGE('',*,*,#3379,.F.);
#4504=ORIENTED_EDGE('',*,*,#3349,.T.);
#4505=ORIENTED_EDGE('',*,*,#3381,.T.);
#4506=ORIENTED_EDGE('',*,*,#3382,.F.);
#4507=ORIENTED_EDGE('',*,*,#3381,.F.);
#4508=ORIENTED_EDGE('',*,*,#3364,.T.);
#4509=ORIENTED_EDGE('',*,*,#3383,.T.);
#4510=ORIENTED_EDGE('',*,*,#3384,.F.);
#4511=ORIENTED_EDGE('',*,*,#3383,.F.);
#4512=ORIENTED_EDGE('',*,*,#3363,.T.);
#4513=ORIENTED_EDGE('',*,*,#3385,.T.);
#4514=ORIENTED_EDGE('',*,*,#3386,.F.);
#4515=ORIENTED_EDGE('',*,*,#3385,.F.);
#4516=ORIENTED_EDGE('',*,*,#3362,.T.);
#4517=ORIENTED_EDGE('',*,*,#3387,.T.);
#4518=ORIENTED_EDGE('',*,*,#3388,.F.);
#4519=ORIENTED_EDGE('',*,*,#3387,.F.);
#4520=ORIENTED_EDGE('',*,*,#3361,.T.);
#4521=ORIENTED_EDGE('',*,*,#3389,.T.);
#4522=ORIENTED_EDGE('',*,*,#3390,.F.);
#4523=ORIENTED_EDGE('',*,*,#3389,.F.);
#4524=ORIENTED_EDGE('',*,*,#3360,.T.);
#4525=ORIENTED_EDGE('',*,*,#3391,.T.);
#4526=ORIENTED_EDGE('',*,*,#3392,.F.);
#4527=ORIENTED_EDGE('',*,*,#3391,.F.);
#4528=ORIENTED_EDGE('',*,*,#3359,.T.);
#4529=ORIENTED_EDGE('',*,*,#3393,.T.);
#4530=ORIENTED_EDGE('',*,*,#3394,.F.);
#4531=ORIENTED_EDGE('',*,*,#3393,.F.);
#4532=ORIENTED_EDGE('',*,*,#3358,.T.);
#4533=ORIENTED_EDGE('',*,*,#3395,.T.);
#4534=ORIENTED_EDGE('',*,*,#3396,.F.);
#4535=ORIENTED_EDGE('',*,*,#3395,.F.);
#4536=ORIENTED_EDGE('',*,*,#3357,.T.);
#4537=ORIENTED_EDGE('',*,*,#3366,.T.);
#4538=ORIENTED_EDGE('',*,*,#3397,.F.);
#4539=ORIENTED_EDGE('',*,*,#3398,.F.);
#4540=ORIENTED_EDGE('',*,*,#3399,.T.);
#4541=ORIENTED_EDGE('',*,*,#3400,.T.);
#4542=ORIENTED_EDGE('',*,*,#3401,.F.);
#4543=ORIENTED_EDGE('',*,*,#3402,.F.);
#4544=ORIENTED_EDGE('',*,*,#3403,.T.);
#4545=ORIENTED_EDGE('',*,*,#3398,.T.);
#4546=ORIENTED_EDGE('',*,*,#3404,.F.);
#4547=ORIENTED_EDGE('',*,*,#3405,.F.);
#4548=ORIENTED_EDGE('',*,*,#3406,.T.);
#4549=ORIENTED_EDGE('',*,*,#3402,.T.);
#4550=ORIENTED_EDGE('',*,*,#3407,.F.);
#4551=ORIENTED_EDGE('',*,*,#3408,.F.);
#4552=ORIENTED_EDGE('',*,*,#3409,.T.);
#4553=ORIENTED_EDGE('',*,*,#3405,.T.);
#4554=ORIENTED_EDGE('',*,*,#3410,.F.);
#4555=ORIENTED_EDGE('',*,*,#3411,.F.);
#4556=ORIENTED_EDGE('',*,*,#3412,.T.);
#4557=ORIENTED_EDGE('',*,*,#3408,.T.);
#4558=ORIENTED_EDGE('',*,*,#3413,.F.);
#4559=ORIENTED_EDGE('',*,*,#3414,.F.);
#4560=ORIENTED_EDGE('',*,*,#3415,.T.);
#4561=ORIENTED_EDGE('',*,*,#3411,.T.);
#4562=ORIENTED_EDGE('',*,*,#3416,.F.);
#4563=ORIENTED_EDGE('',*,*,#3417,.F.);
#4564=ORIENTED_EDGE('',*,*,#3418,.T.);
#4565=ORIENTED_EDGE('',*,*,#3414,.T.);
#4566=ORIENTED_EDGE('',*,*,#3419,.F.);
#4567=ORIENTED_EDGE('',*,*,#3420,.F.);
#4568=ORIENTED_EDGE('',*,*,#3421,.T.);
#4569=ORIENTED_EDGE('',*,*,#3417,.T.);
#4570=ORIENTED_EDGE('',*,*,#3422,.F.);
#4571=ORIENTED_EDGE('',*,*,#3423,.F.);
#4572=ORIENTED_EDGE('',*,*,#3424,.T.);
#4573=ORIENTED_EDGE('',*,*,#3420,.T.);
#4574=ORIENTED_EDGE('',*,*,#3425,.F.);
#4575=ORIENTED_EDGE('',*,*,#3426,.F.);
#4576=ORIENTED_EDGE('',*,*,#3427,.T.);
#4577=ORIENTED_EDGE('',*,*,#3423,.T.);
#4578=ORIENTED_EDGE('',*,*,#3428,.F.);
#4579=ORIENTED_EDGE('',*,*,#3429,.F.);
#4580=ORIENTED_EDGE('',*,*,#3430,.T.);
#4581=ORIENTED_EDGE('',*,*,#3426,.T.);
#4582=ORIENTED_EDGE('',*,*,#3431,.F.);
#4583=ORIENTED_EDGE('',*,*,#3432,.F.);
#4584=ORIENTED_EDGE('',*,*,#3433,.T.);
#4585=ORIENTED_EDGE('',*,*,#3429,.T.);
#4586=ORIENTED_EDGE('',*,*,#3434,.F.);
#4587=ORIENTED_EDGE('',*,*,#3435,.F.);
#4588=ORIENTED_EDGE('',*,*,#3436,.T.);
#4589=ORIENTED_EDGE('',*,*,#3432,.T.);
#4590=ORIENTED_EDGE('',*,*,#3437,.F.);
#4591=ORIENTED_EDGE('',*,*,#3438,.F.);
#4592=ORIENTED_EDGE('',*,*,#3439,.T.);
#4593=ORIENTED_EDGE('',*,*,#3435,.T.);
#4594=ORIENTED_EDGE('',*,*,#3440,.F.);
#4595=ORIENTED_EDGE('',*,*,#3441,.F.);
#4596=ORIENTED_EDGE('',*,*,#3442,.T.);
#4597=ORIENTED_EDGE('',*,*,#3438,.T.);
#4598=ORIENTED_EDGE('',*,*,#3443,.F.);
#4599=ORIENTED_EDGE('',*,*,#3444,.F.);
#4600=ORIENTED_EDGE('',*,*,#3445,.T.);
#4601=ORIENTED_EDGE('',*,*,#3441,.T.);
#4602=ORIENTED_EDGE('',*,*,#3446,.F.);
#4603=ORIENTED_EDGE('',*,*,#3447,.F.);
#4604=ORIENTED_EDGE('',*,*,#3448,.T.);
#4605=ORIENTED_EDGE('',*,*,#3444,.T.);
#4606=ORIENTED_EDGE('',*,*,#3449,.F.);
#4607=ORIENTED_EDGE('',*,*,#3450,.F.);
#4608=ORIENTED_EDGE('',*,*,#3451,.T.);
#4609=ORIENTED_EDGE('',*,*,#3447,.T.);
#4610=ORIENTED_EDGE('',*,*,#3452,.F.);
#4611=ORIENTED_EDGE('',*,*,#3453,.F.);
#4612=ORIENTED_EDGE('',*,*,#3454,.T.);
#4613=ORIENTED_EDGE('',*,*,#3450,.T.);
#4614=ORIENTED_EDGE('',*,*,#3455,.F.);
#4615=ORIENTED_EDGE('',*,*,#3400,.F.);
#4616=ORIENTED_EDGE('',*,*,#3456,.T.);
#4617=ORIENTED_EDGE('',*,*,#3453,.T.);
#4618=ORIENTED_EDGE('',*,*,#3430,.F.);
#4619=ORIENTED_EDGE('',*,*,#3433,.F.);
#4620=ORIENTED_EDGE('',*,*,#3436,.F.);
#4621=ORIENTED_EDGE('',*,*,#3439,.F.);
#4622=ORIENTED_EDGE('',*,*,#3442,.F.);
#4623=ORIENTED_EDGE('',*,*,#3445,.F.);
#4624=ORIENTED_EDGE('',*,*,#3448,.F.);
#4625=ORIENTED_EDGE('',*,*,#3451,.F.);
#4626=ORIENTED_EDGE('',*,*,#3454,.F.);
#4627=ORIENTED_EDGE('',*,*,#3456,.F.);
#4628=ORIENTED_EDGE('',*,*,#3399,.F.);
#4629=ORIENTED_EDGE('',*,*,#3403,.F.);
#4630=ORIENTED_EDGE('',*,*,#3406,.F.);
#4631=ORIENTED_EDGE('',*,*,#3409,.F.);
#4632=ORIENTED_EDGE('',*,*,#3412,.F.);
#4633=ORIENTED_EDGE('',*,*,#3415,.F.);
#4634=ORIENTED_EDGE('',*,*,#3418,.F.);
#4635=ORIENTED_EDGE('',*,*,#3421,.F.);
#4636=ORIENTED_EDGE('',*,*,#3424,.F.);
#4637=ORIENTED_EDGE('',*,*,#3427,.F.);
#4638=ORIENTED_EDGE('',*,*,#3457,.F.);
#4639=ORIENTED_EDGE('',*,*,#3458,.F.);
#4640=ORIENTED_EDGE('',*,*,#3459,.F.);
#4641=ORIENTED_EDGE('',*,*,#3460,.F.);
#4642=ORIENTED_EDGE('',*,*,#3461,.F.);
#4643=ORIENTED_EDGE('',*,*,#3462,.F.);
#4644=ORIENTED_EDGE('',*,*,#3463,.F.);
#4645=ORIENTED_EDGE('',*,*,#3464,.F.);
#4646=ORIENTED_EDGE('',*,*,#3465,.F.);
#4647=ORIENTED_EDGE('',*,*,#3466,.F.);
#4648=ORIENTED_EDGE('',*,*,#3467,.F.);
#4649=ORIENTED_EDGE('',*,*,#3468,.F.);
#4650=ORIENTED_EDGE('',*,*,#3469,.F.);
#4651=ORIENTED_EDGE('',*,*,#3470,.F.);
#4652=ORIENTED_EDGE('',*,*,#3471,.F.);
#4653=ORIENTED_EDGE('',*,*,#3472,.F.);
#4654=ORIENTED_EDGE('',*,*,#3473,.F.);
#4655=ORIENTED_EDGE('',*,*,#3474,.F.);
#4656=ORIENTED_EDGE('',*,*,#3475,.F.);
#4657=ORIENTED_EDGE('',*,*,#3476,.F.);
#4658=ORIENTED_EDGE('',*,*,#3477,.F.);
#4659=ORIENTED_EDGE('',*,*,#3478,.F.);
#4660=ORIENTED_EDGE('',*,*,#3466,.T.);
#4661=ORIENTED_EDGE('',*,*,#3479,.T.);
#4662=ORIENTED_EDGE('',*,*,#3480,.F.);
#4663=ORIENTED_EDGE('',*,*,#3479,.F.);
#4664=ORIENTED_EDGE('',*,*,#3465,.T.);
#4665=ORIENTED_EDGE('',*,*,#3481,.T.);
#4666=ORIENTED_EDGE('',*,*,#3482,.F.);
#4667=ORIENTED_EDGE('',*,*,#3481,.F.);
#4668=ORIENTED_EDGE('',*,*,#3464,.T.);
#4669=ORIENTED_EDGE('',*,*,#3483,.T.);
#4670=ORIENTED_EDGE('',*,*,#3484,.F.);
#4671=ORIENTED_EDGE('',*,*,#3483,.F.);
#4672=ORIENTED_EDGE('',*,*,#3463,.T.);
#4673=ORIENTED_EDGE('',*,*,#3485,.T.);
#4674=ORIENTED_EDGE('',*,*,#3486,.F.);
#4675=ORIENTED_EDGE('',*,*,#3485,.F.);
#4676=ORIENTED_EDGE('',*,*,#3462,.T.);
#4677=ORIENTED_EDGE('',*,*,#3487,.T.);
#4678=ORIENTED_EDGE('',*,*,#3488,.F.);
#4679=ORIENTED_EDGE('',*,*,#3487,.F.);
#4680=ORIENTED_EDGE('',*,*,#3461,.T.);
#4681=ORIENTED_EDGE('',*,*,#3489,.T.);
#4682=ORIENTED_EDGE('',*,*,#3490,.F.);
#4683=ORIENTED_EDGE('',*,*,#3489,.F.);
#4684=ORIENTED_EDGE('',*,*,#3460,.T.);
#4685=ORIENTED_EDGE('',*,*,#3491,.T.);
#4686=ORIENTED_EDGE('',*,*,#3492,.F.);
#4687=ORIENTED_EDGE('',*,*,#3491,.F.);
#4688=ORIENTED_EDGE('',*,*,#3459,.T.);
#4689=ORIENTED_EDGE('',*,*,#3493,.T.);
#4690=ORIENTED_EDGE('',*,*,#3494,.F.);
#4691=ORIENTED_EDGE('',*,*,#3493,.F.);
#4692=ORIENTED_EDGE('',*,*,#3458,.T.);
#4693=ORIENTED_EDGE('',*,*,#3495,.T.);
#4694=ORIENTED_EDGE('',*,*,#3496,.F.);
#4695=ORIENTED_EDGE('',*,*,#3495,.F.);
#4696=ORIENTED_EDGE('',*,*,#3457,.T.);
#4697=ORIENTED_EDGE('',*,*,#3497,.T.);
#4698=ORIENTED_EDGE('',*,*,#3498,.F.);
#4699=ORIENTED_EDGE('',*,*,#3497,.F.);
#4700=ORIENTED_EDGE('',*,*,#3476,.T.);
#4701=ORIENTED_EDGE('',*,*,#3499,.T.);
#4702=ORIENTED_EDGE('',*,*,#3500,.F.);
#4703=ORIENTED_EDGE('',*,*,#3499,.F.);
#4704=ORIENTED_EDGE('',*,*,#3475,.T.);
#4705=ORIENTED_EDGE('',*,*,#3501,.T.);
#4706=ORIENTED_EDGE('',*,*,#3502,.F.);
#4707=ORIENTED_EDGE('',*,*,#3501,.F.);
#4708=ORIENTED_EDGE('',*,*,#3474,.T.);
#4709=ORIENTED_EDGE('',*,*,#3503,.T.);
#4710=ORIENTED_EDGE('',*,*,#3504,.F.);
#4711=ORIENTED_EDGE('',*,*,#3503,.F.);
#4712=ORIENTED_EDGE('',*,*,#3473,.T.);
#4713=ORIENTED_EDGE('',*,*,#3505,.T.);
#4714=ORIENTED_EDGE('',*,*,#3506,.F.);
#4715=ORIENTED_EDGE('',*,*,#3505,.F.);
#4716=ORIENTED_EDGE('',*,*,#3472,.T.);
#4717=ORIENTED_EDGE('',*,*,#3507,.T.);
#4718=ORIENTED_EDGE('',*,*,#3508,.F.);
#4719=ORIENTED_EDGE('',*,*,#3507,.F.);
#4720=ORIENTED_EDGE('',*,*,#3471,.T.);
#4721=ORIENTED_EDGE('',*,*,#3509,.T.);
#4722=ORIENTED_EDGE('',*,*,#3510,.F.);
#4723=ORIENTED_EDGE('',*,*,#3509,.F.);
#4724=ORIENTED_EDGE('',*,*,#3470,.T.);
#4725=ORIENTED_EDGE('',*,*,#3511,.T.);
#4726=ORIENTED_EDGE('',*,*,#3512,.F.);
#4727=ORIENTED_EDGE('',*,*,#3511,.F.);
#4728=ORIENTED_EDGE('',*,*,#3469,.T.);
#4729=ORIENTED_EDGE('',*,*,#3513,.T.);
#4730=ORIENTED_EDGE('',*,*,#3514,.F.);
#4731=ORIENTED_EDGE('',*,*,#3513,.F.);
#4732=ORIENTED_EDGE('',*,*,#3468,.T.);
#4733=ORIENTED_EDGE('',*,*,#3515,.T.);
#4734=ORIENTED_EDGE('',*,*,#3516,.F.);
#4735=ORIENTED_EDGE('',*,*,#3515,.F.);
#4736=ORIENTED_EDGE('',*,*,#3467,.T.);
#4737=ORIENTED_EDGE('',*,*,#3478,.T.);
#4738=ORIENTED_EDGE('',*,*,#3517,.F.);
#4739=ORIENTED_EDGE('',*,*,#3518,.F.);
#4740=ORIENTED_EDGE('',*,*,#3519,.T.);
#4741=ORIENTED_EDGE('',*,*,#3520,.T.);
#4742=ORIENTED_EDGE('',*,*,#3521,.F.);
#4743=ORIENTED_EDGE('',*,*,#3522,.F.);
#4744=ORIENTED_EDGE('',*,*,#3523,.T.);
#4745=ORIENTED_EDGE('',*,*,#3518,.T.);
#4746=ORIENTED_EDGE('',*,*,#3524,.F.);
#4747=ORIENTED_EDGE('',*,*,#3525,.F.);
#4748=ORIENTED_EDGE('',*,*,#3526,.T.);
#4749=ORIENTED_EDGE('',*,*,#3522,.T.);
#4750=ORIENTED_EDGE('',*,*,#3527,.F.);
#4751=ORIENTED_EDGE('',*,*,#3528,.F.);
#4752=ORIENTED_EDGE('',*,*,#3529,.T.);
#4753=ORIENTED_EDGE('',*,*,#3525,.T.);
#4754=ORIENTED_EDGE('',*,*,#3530,.F.);
#4755=ORIENTED_EDGE('',*,*,#3531,.F.);
#4756=ORIENTED_EDGE('',*,*,#3532,.T.);
#4757=ORIENTED_EDGE('',*,*,#3528,.T.);
#4758=ORIENTED_EDGE('',*,*,#3533,.F.);
#4759=ORIENTED_EDGE('',*,*,#3520,.F.);
#4760=ORIENTED_EDGE('',*,*,#3534,.T.);
#4761=ORIENTED_EDGE('',*,*,#3531,.T.);
#4762=ORIENTED_EDGE('',*,*,#3529,.F.);
#4763=ORIENTED_EDGE('',*,*,#3532,.F.);
#4764=ORIENTED_EDGE('',*,*,#3534,.F.);
#4765=ORIENTED_EDGE('',*,*,#3519,.F.);
#4766=ORIENTED_EDGE('',*,*,#3523,.F.);
#4767=ORIENTED_EDGE('',*,*,#3526,.F.);
#4768=ORIENTED_EDGE('',*,*,#3535,.F.);
#4769=ORIENTED_EDGE('',*,*,#3536,.F.);
#4770=ORIENTED_EDGE('',*,*,#3537,.F.);
#4771=ORIENTED_EDGE('',*,*,#3538,.F.);
#4772=ORIENTED_EDGE('',*,*,#3539,.F.);
#4773=ORIENTED_EDGE('',*,*,#3540,.F.);
#4774=ORIENTED_EDGE('',*,*,#3541,.F.);
#4775=ORIENTED_EDGE('',*,*,#3542,.F.);
#4776=ORIENTED_EDGE('',*,*,#3543,.F.);
#4777=ORIENTED_EDGE('',*,*,#3544,.F.);
#4778=ORIENTED_EDGE('',*,*,#3545,.F.);
#4779=ORIENTED_EDGE('',*,*,#3546,.F.);
#4780=ORIENTED_EDGE('',*,*,#3547,.F.);
#4781=ORIENTED_EDGE('',*,*,#3548,.F.);
#4782=ORIENTED_EDGE('',*,*,#3549,.F.);
#4783=ORIENTED_EDGE('',*,*,#3550,.F.);
#4784=ORIENTED_EDGE('',*,*,#3541,.T.);
#4785=ORIENTED_EDGE('',*,*,#3551,.T.);
#4786=ORIENTED_EDGE('',*,*,#3552,.F.);
#4787=ORIENTED_EDGE('',*,*,#3551,.F.);
#4788=ORIENTED_EDGE('',*,*,#3540,.T.);
#4789=ORIENTED_EDGE('',*,*,#3553,.T.);
#4790=ORIENTED_EDGE('',*,*,#3554,.F.);
#4791=ORIENTED_EDGE('',*,*,#3553,.F.);
#4792=ORIENTED_EDGE('',*,*,#3539,.T.);
#4793=ORIENTED_EDGE('',*,*,#3555,.T.);
#4794=ORIENTED_EDGE('',*,*,#3556,.F.);
#4795=ORIENTED_EDGE('',*,*,#3555,.F.);
#4796=ORIENTED_EDGE('',*,*,#3538,.T.);
#4797=ORIENTED_EDGE('',*,*,#3557,.T.);
#4798=ORIENTED_EDGE('',*,*,#3558,.F.);
#4799=ORIENTED_EDGE('',*,*,#3557,.F.);
#4800=ORIENTED_EDGE('',*,*,#3537,.T.);
#4801=ORIENTED_EDGE('',*,*,#3559,.T.);
#4802=ORIENTED_EDGE('',*,*,#3560,.F.);
#4803=ORIENTED_EDGE('',*,*,#3559,.F.);
#4804=ORIENTED_EDGE('',*,*,#3536,.T.);
#4805=ORIENTED_EDGE('',*,*,#3561,.T.);
#4806=ORIENTED_EDGE('',*,*,#3562,.F.);
#4807=ORIENTED_EDGE('',*,*,#3561,.F.);
#4808=ORIENTED_EDGE('',*,*,#3535,.T.);
#4809=ORIENTED_EDGE('',*,*,#3563,.T.);
#4810=ORIENTED_EDGE('',*,*,#3564,.F.);
#4811=ORIENTED_EDGE('',*,*,#3563,.F.);
#4812=ORIENTED_EDGE('',*,*,#3548,.T.);
#4813=ORIENTED_EDGE('',*,*,#3565,.T.);
#4814=ORIENTED_EDGE('',*,*,#3566,.F.);
#4815=ORIENTED_EDGE('',*,*,#3565,.F.);
#4816=ORIENTED_EDGE('',*,*,#3547,.T.);
#4817=ORIENTED_EDGE('',*,*,#3567,.T.);
#4818=ORIENTED_EDGE('',*,*,#3568,.F.);
#4819=ORIENTED_EDGE('',*,*,#3567,.F.);
#4820=ORIENTED_EDGE('',*,*,#3546,.T.);
#4821=ORIENTED_EDGE('',*,*,#3569,.T.);
#4822=ORIENTED_EDGE('',*,*,#3570,.F.);
#4823=ORIENTED_EDGE('',*,*,#3569,.F.);
#4824=ORIENTED_EDGE('',*,*,#3545,.T.);
#4825=ORIENTED_EDGE('',*,*,#3571,.T.);
#4826=ORIENTED_EDGE('',*,*,#3572,.F.);
#4827=ORIENTED_EDGE('',*,*,#3571,.F.);
#4828=ORIENTED_EDGE('',*,*,#3544,.T.);
#4829=ORIENTED_EDGE('',*,*,#3573,.T.);
#4830=ORIENTED_EDGE('',*,*,#3574,.F.);
#4831=ORIENTED_EDGE('',*,*,#3573,.F.);
#4832=ORIENTED_EDGE('',*,*,#3543,.T.);
#4833=ORIENTED_EDGE('',*,*,#3575,.T.);
#4834=ORIENTED_EDGE('',*,*,#3576,.F.);
#4835=ORIENTED_EDGE('',*,*,#3575,.F.);
#4836=ORIENTED_EDGE('',*,*,#3542,.T.);
#4837=ORIENTED_EDGE('',*,*,#3550,.T.);
#4838=ORIENTED_EDGE('',*,*,#3577,.F.);
#4839=ORIENTED_EDGE('',*,*,#3578,.F.);
#4840=ORIENTED_EDGE('',*,*,#3579,.T.);
#4841=ORIENTED_EDGE('',*,*,#3580,.T.);
#4842=ORIENTED_EDGE('',*,*,#3581,.F.);
#4843=ORIENTED_EDGE('',*,*,#3582,.F.);
#4844=ORIENTED_EDGE('',*,*,#3583,.T.);
#4845=ORIENTED_EDGE('',*,*,#3578,.T.);
#4846=ORIENTED_EDGE('',*,*,#3584,.F.);
#4847=ORIENTED_EDGE('',*,*,#3585,.F.);
#4848=ORIENTED_EDGE('',*,*,#3586,.T.);
#4849=ORIENTED_EDGE('',*,*,#3582,.T.);
#4850=ORIENTED_EDGE('',*,*,#3587,.F.);
#4851=ORIENTED_EDGE('',*,*,#3588,.F.);
#4852=ORIENTED_EDGE('',*,*,#3589,.T.);
#4853=ORIENTED_EDGE('',*,*,#3585,.T.);
#4854=ORIENTED_EDGE('',*,*,#3590,.F.);
#4855=ORIENTED_EDGE('',*,*,#3591,.F.);
#4856=ORIENTED_EDGE('',*,*,#3592,.T.);
#4857=ORIENTED_EDGE('',*,*,#3588,.T.);
#4858=ORIENTED_EDGE('',*,*,#3593,.F.);
#4859=ORIENTED_EDGE('',*,*,#3594,.F.);
#4860=ORIENTED_EDGE('',*,*,#3595,.T.);
#4861=ORIENTED_EDGE('',*,*,#3591,.T.);
#4862=ORIENTED_EDGE('',*,*,#3596,.F.);
#4863=ORIENTED_EDGE('',*,*,#3597,.F.);
#4864=ORIENTED_EDGE('',*,*,#3598,.T.);
#4865=ORIENTED_EDGE('',*,*,#3594,.T.);
#4866=ORIENTED_EDGE('',*,*,#3599,.F.);
#4867=ORIENTED_EDGE('',*,*,#3600,.F.);
#4868=ORIENTED_EDGE('',*,*,#3601,.T.);
#4869=ORIENTED_EDGE('',*,*,#3597,.T.);
#4870=ORIENTED_EDGE('',*,*,#3602,.F.);
#4871=ORIENTED_EDGE('',*,*,#3603,.F.);
#4872=ORIENTED_EDGE('',*,*,#3604,.T.);
#4873=ORIENTED_EDGE('',*,*,#3600,.T.);
#4874=ORIENTED_EDGE('',*,*,#3605,.F.);
#4875=ORIENTED_EDGE('',*,*,#3606,.F.);
#4876=ORIENTED_EDGE('',*,*,#3607,.T.);
#4877=ORIENTED_EDGE('',*,*,#3603,.T.);
#4878=ORIENTED_EDGE('',*,*,#3608,.F.);
#4879=ORIENTED_EDGE('',*,*,#3609,.F.);
#4880=ORIENTED_EDGE('',*,*,#3610,.T.);
#4881=ORIENTED_EDGE('',*,*,#3606,.T.);
#4882=ORIENTED_EDGE('',*,*,#3611,.F.);
#4883=ORIENTED_EDGE('',*,*,#3612,.F.);
#4884=ORIENTED_EDGE('',*,*,#3613,.T.);
#4885=ORIENTED_EDGE('',*,*,#3609,.T.);
#4886=ORIENTED_EDGE('',*,*,#3614,.F.);
#4887=ORIENTED_EDGE('',*,*,#3615,.F.);
#4888=ORIENTED_EDGE('',*,*,#3616,.T.);
#4889=ORIENTED_EDGE('',*,*,#3612,.T.);
#4890=ORIENTED_EDGE('',*,*,#3617,.F.);
#4891=ORIENTED_EDGE('',*,*,#3618,.F.);
#4892=ORIENTED_EDGE('',*,*,#3619,.T.);
#4893=ORIENTED_EDGE('',*,*,#3615,.T.);
#4894=ORIENTED_EDGE('',*,*,#3620,.F.);
#4895=ORIENTED_EDGE('',*,*,#3621,.F.);
#4896=ORIENTED_EDGE('',*,*,#3622,.T.);
#4897=ORIENTED_EDGE('',*,*,#3618,.T.);
#4898=ORIENTED_EDGE('',*,*,#3623,.F.);
#4899=ORIENTED_EDGE('',*,*,#3580,.F.);
#4900=ORIENTED_EDGE('',*,*,#3624,.T.);
#4901=ORIENTED_EDGE('',*,*,#3621,.T.);
#4902=ORIENTED_EDGE('',*,*,#3604,.F.);
#4903=ORIENTED_EDGE('',*,*,#3607,.F.);
#4904=ORIENTED_EDGE('',*,*,#3610,.F.);
#4905=ORIENTED_EDGE('',*,*,#3613,.F.);
#4906=ORIENTED_EDGE('',*,*,#3616,.F.);
#4907=ORIENTED_EDGE('',*,*,#3619,.F.);
#4908=ORIENTED_EDGE('',*,*,#3622,.F.);
#4909=ORIENTED_EDGE('',*,*,#3624,.F.);
#4910=ORIENTED_EDGE('',*,*,#3579,.F.);
#4911=ORIENTED_EDGE('',*,*,#3583,.F.);
#4912=ORIENTED_EDGE('',*,*,#3586,.F.);
#4913=ORIENTED_EDGE('',*,*,#3589,.F.);
#4914=ORIENTED_EDGE('',*,*,#3592,.F.);
#4915=ORIENTED_EDGE('',*,*,#3595,.F.);
#4916=ORIENTED_EDGE('',*,*,#3598,.F.);
#4917=ORIENTED_EDGE('',*,*,#3601,.F.);
#4918=ORIENTED_EDGE('',*,*,#3625,.F.);
#4919=ORIENTED_EDGE('',*,*,#3626,.F.);
#4920=ORIENTED_EDGE('',*,*,#3627,.F.);
#4921=ORIENTED_EDGE('',*,*,#3628,.F.);
#4922=ORIENTED_EDGE('',*,*,#3629,.F.);
#4923=ORIENTED_EDGE('',*,*,#3630,.F.);
#4924=ORIENTED_EDGE('',*,*,#3631,.F.);
#4925=ORIENTED_EDGE('',*,*,#3632,.F.);
#4926=ORIENTED_EDGE('',*,*,#3633,.F.);
#4927=ORIENTED_EDGE('',*,*,#3634,.F.);
#4928=ORIENTED_EDGE('',*,*,#3635,.F.);
#4929=ORIENTED_EDGE('',*,*,#3636,.F.);
#4930=ORIENTED_EDGE('',*,*,#3637,.F.);
#4931=ORIENTED_EDGE('',*,*,#3638,.F.);
#4932=ORIENTED_EDGE('',*,*,#3633,.T.);
#4933=ORIENTED_EDGE('',*,*,#3639,.T.);
#4934=ORIENTED_EDGE('',*,*,#3640,.F.);
#4935=ORIENTED_EDGE('',*,*,#3639,.F.);
#4936=ORIENTED_EDGE('',*,*,#3632,.T.);
#4937=ORIENTED_EDGE('',*,*,#3641,.T.);
#4938=ORIENTED_EDGE('',*,*,#3642,.F.);
#4939=ORIENTED_EDGE('',*,*,#3641,.F.);
#4940=ORIENTED_EDGE('',*,*,#3631,.T.);
#4941=ORIENTED_EDGE('',*,*,#3643,.T.);
#4942=ORIENTED_EDGE('',*,*,#3644,.F.);
#4943=ORIENTED_EDGE('',*,*,#3645,.F.);
#4944=ORIENTED_EDGE('',*,*,#3627,.T.);
#4945=ORIENTED_EDGE('',*,*,#3646,.T.);
#4946=ORIENTED_EDGE('',*,*,#3647,.F.);
#4947=ORIENTED_EDGE('',*,*,#3646,.F.);
#4948=ORIENTED_EDGE('',*,*,#3626,.T.);
#4949=ORIENTED_EDGE('',*,*,#3648,.T.);
#4950=ORIENTED_EDGE('',*,*,#3649,.F.);
#4951=ORIENTED_EDGE('',*,*,#3648,.F.);
#4952=ORIENTED_EDGE('',*,*,#3625,.T.);
#4953=ORIENTED_EDGE('',*,*,#3650,.T.);
#4954=ORIENTED_EDGE('',*,*,#3651,.F.);
#4955=ORIENTED_EDGE('',*,*,#3652,.F.);
#4956=ORIENTED_EDGE('',*,*,#3634,.T.);
#4957=ORIENTED_EDGE('',*,*,#3638,.T.);
#4958=ORIENTED_EDGE('',*,*,#3653,.F.);
#4959=ORIENTED_EDGE('',*,*,#3654,.F.);
#4960=ORIENTED_EDGE('',*,*,#3635,.T.);
#4961=ORIENTED_EDGE('',*,*,#3652,.T.);
#4962=ORIENTED_EDGE('',*,*,#3655,.F.);
#4963=ORIENTED_EDGE('',*,*,#3643,.F.);
#4964=ORIENTED_EDGE('',*,*,#3636,.T.);
#4965=ORIENTED_EDGE('',*,*,#3654,.T.);
#4966=ORIENTED_EDGE('',*,*,#3656,.F.);
#4967=ORIENTED_EDGE('',*,*,#3650,.F.);
#4968=ORIENTED_EDGE('',*,*,#3630,.T.);
#4969=ORIENTED_EDGE('',*,*,#3657,.T.);
#4970=ORIENTED_EDGE('',*,*,#3658,.F.);
#4971=ORIENTED_EDGE('',*,*,#3657,.F.);
#4972=ORIENTED_EDGE('',*,*,#3629,.T.);
#4973=ORIENTED_EDGE('',*,*,#3659,.T.);
#4974=ORIENTED_EDGE('',*,*,#3660,.F.);
#4975=ORIENTED_EDGE('',*,*,#3659,.F.);
#4976=ORIENTED_EDGE('',*,*,#3628,.T.);
#4977=ORIENTED_EDGE('',*,*,#3645,.T.);
#4978=ORIENTED_EDGE('',*,*,#3661,.F.);
#4979=ORIENTED_EDGE('',*,*,#3662,.F.);
#4980=ORIENTED_EDGE('',*,*,#3663,.T.);
#4981=ORIENTED_EDGE('',*,*,#3664,.T.);
#4982=ORIENTED_EDGE('',*,*,#3665,.F.);
#4983=ORIENTED_EDGE('',*,*,#3666,.F.);
#4984=ORIENTED_EDGE('',*,*,#3667,.T.);
#4985=ORIENTED_EDGE('',*,*,#3662,.T.);
#4986=ORIENTED_EDGE('',*,*,#3668,.F.);
#4987=ORIENTED_EDGE('',*,*,#3669,.F.);
#4988=ORIENTED_EDGE('',*,*,#3670,.T.);
#4989=ORIENTED_EDGE('',*,*,#3666,.T.);
#4990=ORIENTED_EDGE('',*,*,#3671,.F.);
#4991=ORIENTED_EDGE('',*,*,#3672,.F.);
#4992=ORIENTED_EDGE('',*,*,#3673,.T.);
#4993=ORIENTED_EDGE('',*,*,#3669,.T.);
#4994=ORIENTED_EDGE('',*,*,#3674,.F.);
#4995=ORIENTED_EDGE('',*,*,#3675,.F.);
#4996=ORIENTED_EDGE('',*,*,#3676,.T.);
#4997=ORIENTED_EDGE('',*,*,#3672,.T.);
#4998=ORIENTED_EDGE('',*,*,#3677,.F.);
#4999=ORIENTED_EDGE('',*,*,#3678,.F.);
#5000=ORIENTED_EDGE('',*,*,#3679,.T.);
#5001=ORIENTED_EDGE('',*,*,#3675,.T.);
#5002=ORIENTED_EDGE('',*,*,#3680,.F.);
#5003=ORIENTED_EDGE('',*,*,#3681,.F.);
#5004=ORIENTED_EDGE('',*,*,#3682,.T.);
#5005=ORIENTED_EDGE('',*,*,#3678,.T.);
#5006=ORIENTED_EDGE('',*,*,#3683,.F.);
#5007=ORIENTED_EDGE('',*,*,#3684,.F.);
#5008=ORIENTED_EDGE('',*,*,#3685,.T.);
#5009=ORIENTED_EDGE('',*,*,#3681,.T.);
#5010=ORIENTED_EDGE('',*,*,#3686,.F.);
#5011=ORIENTED_EDGE('',*,*,#3664,.F.);
#5012=ORIENTED_EDGE('',*,*,#3687,.T.);
#5013=ORIENTED_EDGE('',*,*,#3684,.T.);
#5014=ORIENTED_EDGE('',*,*,#3676,.F.);
#5015=ORIENTED_EDGE('',*,*,#3679,.F.);
#5016=ORIENTED_EDGE('',*,*,#3682,.F.);
#5017=ORIENTED_EDGE('',*,*,#3685,.F.);
#5018=ORIENTED_EDGE('',*,*,#3687,.F.);
#5019=ORIENTED_EDGE('',*,*,#3663,.F.);
#5020=ORIENTED_EDGE('',*,*,#3667,.F.);
#5021=ORIENTED_EDGE('',*,*,#3670,.F.);
#5022=ORIENTED_EDGE('',*,*,#3673,.F.);
#5023=ORIENTED_EDGE('',*,*,#3688,.F.);
#5024=ORIENTED_EDGE('',*,*,#3689,.F.);
#5025=ORIENTED_EDGE('',*,*,#3690,.T.);
#5026=ORIENTED_EDGE('',*,*,#3691,.T.);
#5027=ORIENTED_EDGE('',*,*,#3661,.T.);
#5028=ORIENTED_EDGE('',*,*,#3686,.T.);
#5029=ORIENTED_EDGE('',*,*,#3683,.T.);
#5030=ORIENTED_EDGE('',*,*,#3680,.T.);
#5031=ORIENTED_EDGE('',*,*,#3677,.T.);
#5032=ORIENTED_EDGE('',*,*,#3674,.T.);
#5033=ORIENTED_EDGE('',*,*,#3671,.T.);
#5034=ORIENTED_EDGE('',*,*,#3668,.T.);
#5035=ORIENTED_EDGE('',*,*,#3665,.T.);
#5036=ORIENTED_EDGE('',*,*,#3644,.T.);
#5037=ORIENTED_EDGE('',*,*,#3647,.T.);
#5038=ORIENTED_EDGE('',*,*,#3649,.T.);
#5039=ORIENTED_EDGE('',*,*,#3656,.T.);
#5040=ORIENTED_EDGE('',*,*,#3658,.T.);
#5041=ORIENTED_EDGE('',*,*,#3660,.T.);
#5042=ORIENTED_EDGE('',*,*,#3577,.T.);
#5043=ORIENTED_EDGE('',*,*,#3623,.T.);
#5044=ORIENTED_EDGE('',*,*,#3620,.T.);
#5045=ORIENTED_EDGE('',*,*,#3617,.T.);
#5046=ORIENTED_EDGE('',*,*,#3614,.T.);
#5047=ORIENTED_EDGE('',*,*,#3611,.T.);
#5048=ORIENTED_EDGE('',*,*,#3608,.T.);
#5049=ORIENTED_EDGE('',*,*,#3605,.T.);
#5050=ORIENTED_EDGE('',*,*,#3602,.T.);
#5051=ORIENTED_EDGE('',*,*,#3599,.T.);
#5052=ORIENTED_EDGE('',*,*,#3596,.T.);
#5053=ORIENTED_EDGE('',*,*,#3593,.T.);
#5054=ORIENTED_EDGE('',*,*,#3590,.T.);
#5055=ORIENTED_EDGE('',*,*,#3587,.T.);
#5056=ORIENTED_EDGE('',*,*,#3584,.T.);
#5057=ORIENTED_EDGE('',*,*,#3581,.T.);
#5058=ORIENTED_EDGE('',*,*,#3549,.T.);
#5059=ORIENTED_EDGE('',*,*,#3552,.T.);
#5060=ORIENTED_EDGE('',*,*,#3554,.T.);
#5061=ORIENTED_EDGE('',*,*,#3556,.T.);
#5062=ORIENTED_EDGE('',*,*,#3558,.T.);
#5063=ORIENTED_EDGE('',*,*,#3560,.T.);
#5064=ORIENTED_EDGE('',*,*,#3562,.T.);
#5065=ORIENTED_EDGE('',*,*,#3564,.T.);
#5066=ORIENTED_EDGE('',*,*,#3566,.T.);
#5067=ORIENTED_EDGE('',*,*,#3568,.T.);
#5068=ORIENTED_EDGE('',*,*,#3570,.T.);
#5069=ORIENTED_EDGE('',*,*,#3572,.T.);
#5070=ORIENTED_EDGE('',*,*,#3574,.T.);
#5071=ORIENTED_EDGE('',*,*,#3576,.T.);
#5072=ORIENTED_EDGE('',*,*,#3517,.T.);
#5073=ORIENTED_EDGE('',*,*,#3533,.T.);
#5074=ORIENTED_EDGE('',*,*,#3530,.T.);
#5075=ORIENTED_EDGE('',*,*,#3527,.T.);
#5076=ORIENTED_EDGE('',*,*,#3524,.T.);
#5077=ORIENTED_EDGE('',*,*,#3521,.T.);
#5078=ORIENTED_EDGE('',*,*,#3477,.T.);
#5079=ORIENTED_EDGE('',*,*,#3480,.T.);
#5080=ORIENTED_EDGE('',*,*,#3482,.T.);
#5081=ORIENTED_EDGE('',*,*,#3484,.T.);
#5082=ORIENTED_EDGE('',*,*,#3486,.T.);
#5083=ORIENTED_EDGE('',*,*,#3488,.T.);
#5084=ORIENTED_EDGE('',*,*,#3490,.T.);
#5085=ORIENTED_EDGE('',*,*,#3492,.T.);
#5086=ORIENTED_EDGE('',*,*,#3494,.T.);
#5087=ORIENTED_EDGE('',*,*,#3496,.T.);
#5088=ORIENTED_EDGE('',*,*,#3498,.T.);
#5089=ORIENTED_EDGE('',*,*,#3500,.T.);
#5090=ORIENTED_EDGE('',*,*,#3502,.T.);
#5091=ORIENTED_EDGE('',*,*,#3504,.T.);
#5092=ORIENTED_EDGE('',*,*,#3506,.T.);
#5093=ORIENTED_EDGE('',*,*,#3508,.T.);
#5094=ORIENTED_EDGE('',*,*,#3510,.T.);
#5095=ORIENTED_EDGE('',*,*,#3512,.T.);
#5096=ORIENTED_EDGE('',*,*,#3514,.T.);
#5097=ORIENTED_EDGE('',*,*,#3516,.T.);
#5098=ORIENTED_EDGE('',*,*,#3397,.T.);
#5099=ORIENTED_EDGE('',*,*,#3455,.T.);
#5100=ORIENTED_EDGE('',*,*,#3452,.T.);
#5101=ORIENTED_EDGE('',*,*,#3449,.T.);
#5102=ORIENTED_EDGE('',*,*,#3446,.T.);
#5103=ORIENTED_EDGE('',*,*,#3443,.T.);
#5104=ORIENTED_EDGE('',*,*,#3440,.T.);
#5105=ORIENTED_EDGE('',*,*,#3437,.T.);
#5106=ORIENTED_EDGE('',*,*,#3434,.T.);
#5107=ORIENTED_EDGE('',*,*,#3431,.T.);
#5108=ORIENTED_EDGE('',*,*,#3428,.T.);
#5109=ORIENTED_EDGE('',*,*,#3425,.T.);
#5110=ORIENTED_EDGE('',*,*,#3422,.T.);
#5111=ORIENTED_EDGE('',*,*,#3419,.T.);
#5112=ORIENTED_EDGE('',*,*,#3416,.T.);
#5113=ORIENTED_EDGE('',*,*,#3413,.T.);
#5114=ORIENTED_EDGE('',*,*,#3410,.T.);
#5115=ORIENTED_EDGE('',*,*,#3407,.T.);
#5116=ORIENTED_EDGE('',*,*,#3404,.T.);
#5117=ORIENTED_EDGE('',*,*,#3401,.T.);
#5118=ORIENTED_EDGE('',*,*,#3365,.T.);
#5119=ORIENTED_EDGE('',*,*,#3368,.T.);
#5120=ORIENTED_EDGE('',*,*,#3370,.T.);
#5121=ORIENTED_EDGE('',*,*,#3372,.T.);
#5122=ORIENTED_EDGE('',*,*,#3374,.T.);
#5123=ORIENTED_EDGE('',*,*,#3376,.T.);
#5124=ORIENTED_EDGE('',*,*,#3378,.T.);
#5125=ORIENTED_EDGE('',*,*,#3380,.T.);
#5126=ORIENTED_EDGE('',*,*,#3382,.T.);
#5127=ORIENTED_EDGE('',*,*,#3384,.T.);
#5128=ORIENTED_EDGE('',*,*,#3386,.T.);
#5129=ORIENTED_EDGE('',*,*,#3388,.T.);
#5130=ORIENTED_EDGE('',*,*,#3390,.T.);
#5131=ORIENTED_EDGE('',*,*,#3392,.T.);
#5132=ORIENTED_EDGE('',*,*,#3394,.T.);
#5133=ORIENTED_EDGE('',*,*,#3396,.T.);
#5134=ORIENTED_EDGE('',*,*,#3313,.T.);
#5135=ORIENTED_EDGE('',*,*,#3339,.T.);
#5136=ORIENTED_EDGE('',*,*,#3336,.T.);
#5137=ORIENTED_EDGE('',*,*,#3333,.T.);
#5138=ORIENTED_EDGE('',*,*,#3320,.T.);
#5139=ORIENTED_EDGE('',*,*,#3317,.T.);
#5140=ORIENTED_EDGE('',*,*,#3295,.T.);
#5141=ORIENTED_EDGE('',*,*,#3298,.T.);
#5142=ORIENTED_EDGE('',*,*,#3300,.T.);
#5143=ORIENTED_EDGE('',*,*,#3302,.T.);
#5144=ORIENTED_EDGE('',*,*,#3304,.T.);
#5145=ORIENTED_EDGE('',*,*,#3306,.T.);
#5146=ORIENTED_EDGE('',*,*,#3308,.T.);
#5147=ORIENTED_EDGE('',*,*,#3310,.T.);
#5148=ORIENTED_EDGE('',*,*,#3312,.T.);
#5149=ORIENTED_EDGE('',*,*,#3244,.T.);
#5150=ORIENTED_EDGE('',*,*,#3284,.T.);
#5151=ORIENTED_EDGE('',*,*,#3281,.T.);
#5152=ORIENTED_EDGE('',*,*,#3278,.T.);
#5153=ORIENTED_EDGE('',*,*,#3275,.T.);
#5154=ORIENTED_EDGE('',*,*,#3272,.T.);
#5155=ORIENTED_EDGE('',*,*,#3269,.T.);
#5156=ORIENTED_EDGE('',*,*,#3266,.T.);
#5157=ORIENTED_EDGE('',*,*,#3263,.T.);
#5158=ORIENTED_EDGE('',*,*,#3260,.T.);
#5159=ORIENTED_EDGE('',*,*,#3257,.T.);
#5160=ORIENTED_EDGE('',*,*,#3254,.T.);
#5161=ORIENTED_EDGE('',*,*,#3251,.T.);
#5162=ORIENTED_EDGE('',*,*,#3248,.T.);
#5163=ORIENTED_EDGE('',*,*,#3212,.T.);
#5164=ORIENTED_EDGE('',*,*,#3215,.T.);
#5165=ORIENTED_EDGE('',*,*,#3217,.T.);
#5166=ORIENTED_EDGE('',*,*,#3219,.T.);
#5167=ORIENTED_EDGE('',*,*,#3221,.T.);
#5168=ORIENTED_EDGE('',*,*,#3223,.T.);
#5169=ORIENTED_EDGE('',*,*,#3225,.T.);
#5170=ORIENTED_EDGE('',*,*,#3227,.T.);
#5171=ORIENTED_EDGE('',*,*,#3229,.T.);
#5172=ORIENTED_EDGE('',*,*,#3231,.T.);
#5173=ORIENTED_EDGE('',*,*,#3233,.T.);
#5174=ORIENTED_EDGE('',*,*,#3235,.T.);
#5175=ORIENTED_EDGE('',*,*,#3237,.T.);
#5176=ORIENTED_EDGE('',*,*,#3239,.T.);
#5177=ORIENTED_EDGE('',*,*,#3241,.T.);
#5178=ORIENTED_EDGE('',*,*,#3243,.T.);
#5179=ORIENTED_EDGE('',*,*,#3136,.T.);
#5180=ORIENTED_EDGE('',*,*,#3194,.T.);
#5181=ORIENTED_EDGE('',*,*,#3191,.T.);
#5182=ORIENTED_EDGE('',*,*,#3188,.T.);
#5183=ORIENTED_EDGE('',*,*,#3185,.T.);
#5184=ORIENTED_EDGE('',*,*,#3182,.T.);
#5185=ORIENTED_EDGE('',*,*,#3179,.T.);
#5186=ORIENTED_EDGE('',*,*,#3176,.T.);
#5187=ORIENTED_EDGE('',*,*,#3173,.T.);
#5188=ORIENTED_EDGE('',*,*,#3170,.T.);
#5189=ORIENTED_EDGE('',*,*,#3167,.T.);
#5190=ORIENTED_EDGE('',*,*,#3164,.T.);
#5191=ORIENTED_EDGE('',*,*,#3161,.T.);
#5192=ORIENTED_EDGE('',*,*,#3158,.T.);
#5193=ORIENTED_EDGE('',*,*,#3155,.T.);
#5194=ORIENTED_EDGE('',*,*,#3152,.T.);
#5195=ORIENTED_EDGE('',*,*,#3149,.T.);
#5196=ORIENTED_EDGE('',*,*,#3146,.T.);
#5197=ORIENTED_EDGE('',*,*,#3143,.T.);
#5198=ORIENTED_EDGE('',*,*,#3140,.T.);
#5199=ORIENTED_EDGE('',*,*,#3124,.T.);
#5200=ORIENTED_EDGE('',*,*,#3127,.T.);
#5201=ORIENTED_EDGE('',*,*,#3129,.T.);
#5202=ORIENTED_EDGE('',*,*,#3131,.T.);
#5203=ORIENTED_EDGE('',*,*,#3133,.T.);
#5204=ORIENTED_EDGE('',*,*,#3135,.T.);
#5205=ORIENTED_EDGE('',*,*,#3070,.T.);
#5206=ORIENTED_EDGE('',*,*,#3116,.T.);
#5207=ORIENTED_EDGE('',*,*,#3113,.T.);
#5208=ORIENTED_EDGE('',*,*,#3110,.T.);
#5209=ORIENTED_EDGE('',*,*,#3107,.T.);
#5210=ORIENTED_EDGE('',*,*,#3104,.T.);
#5211=ORIENTED_EDGE('',*,*,#3101,.T.);
#5212=ORIENTED_EDGE('',*,*,#3098,.T.);
#5213=ORIENTED_EDGE('',*,*,#3095,.T.);
#5214=ORIENTED_EDGE('',*,*,#3092,.T.);
#5215=ORIENTED_EDGE('',*,*,#3089,.T.);
#5216=ORIENTED_EDGE('',*,*,#3086,.T.);
#5217=ORIENTED_EDGE('',*,*,#3083,.T.);
#5218=ORIENTED_EDGE('',*,*,#3080,.T.);
#5219=ORIENTED_EDGE('',*,*,#3077,.T.);
#5220=ORIENTED_EDGE('',*,*,#3074,.T.);
#5221=ORIENTED_EDGE('',*,*,#3030,.T.);
#5222=ORIENTED_EDGE('',*,*,#3033,.T.);
#5223=ORIENTED_EDGE('',*,*,#3035,.T.);
#5224=ORIENTED_EDGE('',*,*,#3037,.T.);
#5225=ORIENTED_EDGE('',*,*,#3039,.T.);
#5226=ORIENTED_EDGE('',*,*,#3041,.T.);
#5227=ORIENTED_EDGE('',*,*,#3043,.T.);
#5228=ORIENTED_EDGE('',*,*,#3045,.T.);
#5229=ORIENTED_EDGE('',*,*,#3047,.T.);
#5230=ORIENTED_EDGE('',*,*,#3049,.T.);
#5231=ORIENTED_EDGE('',*,*,#3051,.T.);
#5232=ORIENTED_EDGE('',*,*,#3053,.T.);
#5233=ORIENTED_EDGE('',*,*,#3055,.T.);
#5234=ORIENTED_EDGE('',*,*,#3057,.T.);
#5235=ORIENTED_EDGE('',*,*,#3059,.T.);
#5236=ORIENTED_EDGE('',*,*,#3061,.T.);
#5237=ORIENTED_EDGE('',*,*,#3063,.T.);
#5238=ORIENTED_EDGE('',*,*,#3065,.T.);
#5239=ORIENTED_EDGE('',*,*,#3067,.T.);
#5240=ORIENTED_EDGE('',*,*,#3069,.T.);
#5241=ORIENTED_EDGE('',*,*,#3323,.T.);
#5242=ORIENTED_EDGE('',*,*,#3327,.T.);
#5243=ORIENTED_EDGE('',*,*,#3330,.T.);
#5244=ORIENTED_EDGE('',*,*,#3347,.T.);
#5245=ORIENTED_EDGE('',*,*,#3344,.T.);
#5246=ORIENTED_EDGE('',*,*,#3341,.T.);
#5247=ORIENTED_EDGE('',*,*,#3692,.F.);
#5248=ORIENTED_EDGE('',*,*,#3693,.T.);
#5249=ORIENTED_EDGE('',*,*,#3694,.F.);
#5250=ORIENTED_EDGE('',*,*,#3695,.F.);
#5251=ORIENTED_EDGE('',*,*,#3693,.F.);
#5252=ORIENTED_EDGE('',*,*,#3696,.F.);
#5253=ORIENTED_EDGE('',*,*,#3697,.T.);
#5254=ORIENTED_EDGE('',*,*,#3698,.F.);
#5255=ORIENTED_EDGE('',*,*,#3699,.F.);
#5256=ORIENTED_EDGE('',*,*,#3697,.F.);
#5257=ORIENTED_EDGE('',*,*,#3700,.F.);
#5258=ORIENTED_EDGE('',*,*,#3701,.T.);
#5259=ORIENTED_EDGE('',*,*,#3702,.F.);
#5260=ORIENTED_EDGE('',*,*,#3703,.F.);
#5261=ORIENTED_EDGE('',*,*,#3701,.F.);
#5262=ORIENTED_EDGE('',*,*,#3009,.F.);
#5263=ORIENTED_EDGE('',*,*,#3704,.T.);
#5264=ORIENTED_EDGE('',*,*,#3705,.F.);
#5265=ORIENTED_EDGE('',*,*,#3706,.F.);
#5266=ORIENTED_EDGE('',*,*,#3704,.F.);
#5267=ORIENTED_EDGE('',*,*,#3707,.F.);
#5268=ORIENTED_EDGE('',*,*,#3006,.F.);
#5269=ORIENTED_EDGE('',*,*,#3708,.F.);
#5270=ORIENTED_EDGE('',*,*,#3709,.T.);
#5271=ORIENTED_EDGE('',*,*,#3710,.F.);
#5272=ORIENTED_EDGE('',*,*,#3711,.F.);
#5273=ORIENTED_EDGE('',*,*,#3709,.F.);
#5274=ORIENTED_EDGE('',*,*,#3712,.F.);
#5275=ORIENTED_EDGE('',*,*,#3713,.F.);
#5276=ORIENTED_EDGE('',*,*,#3714,.T.);
#5277=ORIENTED_EDGE('',*,*,#3715,.F.);
#5278=ORIENTED_EDGE('',*,*,#3692,.T.);
#5279=ORIENTED_EDGE('',*,*,#3716,.F.);
#5280=ORIENTED_EDGE('',*,*,#3714,.F.);
#5281=ORIENTED_EDGE('',*,*,#3717,.F.);
#5282=ORIENTED_EDGE('',*,*,#3718,.F.);
#5283=ORIENTED_EDGE('',*,*,#3719,.T.);
#5284=ORIENTED_EDGE('',*,*,#3720,.F.);
#5285=ORIENTED_EDGE('',*,*,#3696,.T.);
#5286=ORIENTED_EDGE('',*,*,#3721,.F.);
#5287=ORIENTED_EDGE('',*,*,#3719,.F.);
#5288=ORIENTED_EDGE('',*,*,#3722,.F.);
#5289=ORIENTED_EDGE('',*,*,#3723,.F.);
#5290=ORIENTED_EDGE('',*,*,#3724,.T.);
#5291=ORIENTED_EDGE('',*,*,#3725,.F.);
#5292=ORIENTED_EDGE('',*,*,#3700,.T.);
#5293=ORIENTED_EDGE('',*,*,#3726,.F.);
#5294=ORIENTED_EDGE('',*,*,#3724,.F.);
#5295=ORIENTED_EDGE('',*,*,#3007,.F.);
#5296=ORIENTED_EDGE('',*,*,#3707,.T.);
#5297=ORIENTED_EDGE('',*,*,#3727,.F.);
#5298=ORIENTED_EDGE('',*,*,#3728,.F.);
#5299=ORIENTED_EDGE('',*,*,#3729,.F.);
#5300=ORIENTED_EDGE('',*,*,#3730,.T.);
#5301=ORIENTED_EDGE('',*,*,#3731,.F.);
#5302=ORIENTED_EDGE('',*,*,#3708,.T.);
#5303=ORIENTED_EDGE('',*,*,#3732,.F.);
#5304=ORIENTED_EDGE('',*,*,#3730,.F.);
#5305=ORIENTED_EDGE('',*,*,#3733,.F.);
#5306=ORIENTED_EDGE('',*,*,#3734,.T.);
#5307=ORIENTED_EDGE('',*,*,#3735,.F.);
#5308=ORIENTED_EDGE('',*,*,#3736,.F.);
#5309=ORIENTED_EDGE('',*,*,#3734,.F.);
#5310=ORIENTED_EDGE('',*,*,#3737,.F.);
#5311=ORIENTED_EDGE('',*,*,#3738,.F.);
#5312=ORIENTED_EDGE('',*,*,#3739,.T.);
#5313=ORIENTED_EDGE('',*,*,#3740,.F.);
#5314=ORIENTED_EDGE('',*,*,#3733,.T.);
#5315=ORIENTED_EDGE('',*,*,#3741,.F.);
#5316=ORIENTED_EDGE('',*,*,#3739,.F.);
#5317=ORIENTED_EDGE('',*,*,#3742,.T.);
#5318=ORIENTED_EDGE('',*,*,#3743,.T.);
#5319=ORIENTED_EDGE('',*,*,#3744,.T.);
#5320=ORIENTED_EDGE('',*,*,#3745,.T.);
#5321=ORIENTED_EDGE('',*,*,#3744,.F.);
#5322=ORIENTED_EDGE('',*,*,#3745,.F.);
#5323=ORIENTED_EDGE('',*,*,#3746,.F.);
#5324=ORIENTED_EDGE('',*,*,#3747,.F.);
#5325=ORIENTED_EDGE('',*,*,#3748,.F.);
#5326=ORIENTED_EDGE('',*,*,#3749,.T.);
#5327=ORIENTED_EDGE('',*,*,#3750,.T.);
#5328=ORIENTED_EDGE('',*,*,#3751,.T.);
#5329=ORIENTED_EDGE('',*,*,#3742,.F.);
#5330=ORIENTED_EDGE('',*,*,#3743,.F.);
#5331=ORIENTED_EDGE('',*,*,#3751,.F.);
#5332=ORIENTED_EDGE('',*,*,#3752,.T.);
#5333=ORIENTED_EDGE('',*,*,#3753,.T.);
#5334=ORIENTED_EDGE('',*,*,#3749,.F.);
#5335=ORIENTED_EDGE('',*,*,#3754,.T.);
#5336=ORIENTED_EDGE('',*,*,#3755,.T.);
#5337=ORIENTED_EDGE('',*,*,#3756,.T.);
#5338=ORIENTED_EDGE('',*,*,#3757,.T.);
#5339=ORIENTED_EDGE('',*,*,#3758,.T.);
#5340=ORIENTED_EDGE('',*,*,#3759,.T.);
#5341=ORIENTED_EDGE('',*,*,#3760,.T.);
#5342=ORIENTED_EDGE('',*,*,#3761,.T.);
#5343=ORIENTED_EDGE('',*,*,#3762,.T.);
#5344=ORIENTED_EDGE('',*,*,#3746,.T.);
#5345=ORIENTED_EDGE('',*,*,#3763,.T.);
#5346=ORIENTED_EDGE('',*,*,#3764,.T.);
#5347=ORIENTED_EDGE('',*,*,#3765,.T.);
#5348=ORIENTED_EDGE('',*,*,#3763,.F.);
#5349=ORIENTED_EDGE('',*,*,#3766,.T.);
#5350=ORIENTED_EDGE('',*,*,#3767,.T.);
#5351=ORIENTED_EDGE('',*,*,#3768,.T.);
#5352=ORIENTED_EDGE('',*,*,#3769,.T.);
#5353=ORIENTED_EDGE('',*,*,#3770,.T.);
#5354=ORIENTED_EDGE('',*,*,#3764,.F.);
#5355=ORIENTED_EDGE('',*,*,#3765,.F.);
#5356=ORIENTED_EDGE('',*,*,#3770,.F.);
#5357=ORIENTED_EDGE('',*,*,#3771,.T.);
#5358=ORIENTED_EDGE('',*,*,#3767,.F.);
#5359=ORIENTED_EDGE('',*,*,#3772,.T.);
#5360=ORIENTED_EDGE('',*,*,#3773,.T.);
#5361=ORIENTED_EDGE('',*,*,#3774,.T.);
#5362=ORIENTED_EDGE('',*,*,#3775,.T.);
#5363=ORIENTED_EDGE('',*,*,#3752,.F.);
#5364=ORIENTED_EDGE('',*,*,#3750,.F.);
#5365=ORIENTED_EDGE('',*,*,#3753,.F.);
#5366=ORIENTED_EDGE('',*,*,#3776,.T.);
#5367=ORIENTED_EDGE('',*,*,#3777,.T.);
#5368=ORIENTED_EDGE('',*,*,#3778,.T.);
#5369=ORIENTED_EDGE('',*,*,#3776,.F.);
#5370=ORIENTED_EDGE('',*,*,#3778,.F.);
#5371=ORIENTED_EDGE('',*,*,#3777,.F.);
#5372=ORIENTED_EDGE('',*,*,#3779,.T.);
#5373=ORIENTED_EDGE('',*,*,#3768,.F.);
#5374=ORIENTED_EDGE('',*,*,#3771,.F.);
#5375=ORIENTED_EDGE('',*,*,#3769,.F.);
#5376=ORIENTED_EDGE('',*,*,#3779,.F.);
#5377=ORIENTED_EDGE('',*,*,#3760,.F.);
#5378=ORIENTED_EDGE('',*,*,#3762,.F.);
#5379=ORIENTED_EDGE('',*,*,#3761,.F.);
#5380=ORIENTED_EDGE('',*,*,#3780,.T.);
#5381=ORIENTED_EDGE('',*,*,#3781,.T.);
#5382=ORIENTED_EDGE('',*,*,#3782,.T.);
#5383=ORIENTED_EDGE('',*,*,#3780,.F.);
#5384=ORIENTED_EDGE('',*,*,#3782,.F.);
#5385=ORIENTED_EDGE('',*,*,#3781,.F.);
#5386=ORIENTED_EDGE('',*,*,#3783,.T.);
#5387=ORIENTED_EDGE('',*,*,#3775,.F.);
#5388=ORIENTED_EDGE('',*,*,#3783,.F.);
#5389=ORIENTED_EDGE('',*,*,#3757,.F.);
#5390=ORIENTED_EDGE('',*,*,#3759,.F.);
#5391=ORIENTED_EDGE('',*,*,#3758,.F.);
#5392=ORIENTED_EDGE('',*,*,#3784,.T.);
#5393=ORIENTED_EDGE('',*,*,#3785,.T.);
#5394=ORIENTED_EDGE('',*,*,#3786,.T.);
#5395=ORIENTED_EDGE('',*,*,#3784,.F.);
#5396=ORIENTED_EDGE('',*,*,#3786,.F.);
#5397=ORIENTED_EDGE('',*,*,#3785,.F.);
#5398=ORIENTED_EDGE('',*,*,#3787,.T.);
#5399=ORIENTED_EDGE('',*,*,#3774,.F.);
#5400=ORIENTED_EDGE('',*,*,#3787,.F.);
#5401=ORIENTED_EDGE('',*,*,#3754,.F.);
#5402=ORIENTED_EDGE('',*,*,#3756,.F.);
#5403=ORIENTED_EDGE('',*,*,#3755,.F.);
#5404=ORIENTED_EDGE('',*,*,#3788,.T.);
#5405=ORIENTED_EDGE('',*,*,#3789,.T.);
#5406=ORIENTED_EDGE('',*,*,#3790,.T.);
#5407=ORIENTED_EDGE('',*,*,#3788,.F.);
#5408=ORIENTED_EDGE('',*,*,#3790,.F.);
#5409=ORIENTED_EDGE('',*,*,#3789,.F.);
#5410=ORIENTED_EDGE('',*,*,#3791,.T.);
#5411=ORIENTED_EDGE('',*,*,#3773,.F.);
#5412=ORIENTED_EDGE('',*,*,#3791,.F.);
#5413=ORIENTED_EDGE('',*,*,#3792,.T.);
#5414=ORIENTED_EDGE('',*,*,#3793,.T.);
#5415=ORIENTED_EDGE('',*,*,#3794,.T.);
#5416=ORIENTED_EDGE('',*,*,#3795,.T.);
#5417=ORIENTED_EDGE('',*,*,#3793,.F.);
#5418=ORIENTED_EDGE('',*,*,#3794,.F.);
#5419=ORIENTED_EDGE('',*,*,#3795,.F.);
#5420=ORIENTED_EDGE('',*,*,#3796,.T.);
#5421=ORIENTED_EDGE('',*,*,#3797,.T.);
#5422=ORIENTED_EDGE('',*,*,#3798,.T.);
#5423=ORIENTED_EDGE('',*,*,#3796,.F.);
#5424=ORIENTED_EDGE('',*,*,#3792,.F.);
#5425=ORIENTED_EDGE('',*,*,#3799,.F.);
#5426=ORIENTED_EDGE('',*,*,#3800,.F.);
#5427=ORIENTED_EDGE('',*,*,#3801,.T.);
#5428=ORIENTED_EDGE('',*,*,#3802,.T.);
#5429=ORIENTED_EDGE('',*,*,#3803,.T.);
#5430=ORIENTED_EDGE('',*,*,#3804,.T.);
#5431=ORIENTED_EDGE('',*,*,#3802,.F.);
#5432=ORIENTED_EDGE('',*,*,#3803,.F.);
#5433=ORIENTED_EDGE('',*,*,#3804,.F.);
#5434=ORIENTED_EDGE('',*,*,#3805,.T.);
#5435=ORIENTED_EDGE('',*,*,#3806,.T.);
#5436=ORIENTED_EDGE('',*,*,#3807,.T.);
#5437=ORIENTED_EDGE('',*,*,#3805,.F.);
#5438=ORIENTED_EDGE('',*,*,#3694,.T.);
#5439=ORIENTED_EDGE('',*,*,#3695,.T.);
#5440=ORIENTED_EDGE('',*,*,#3698,.T.);
#5441=ORIENTED_EDGE('',*,*,#3699,.T.);
#5442=ORIENTED_EDGE('',*,*,#3702,.T.);
#5443=ORIENTED_EDGE('',*,*,#3703,.T.);
#5444=ORIENTED_EDGE('',*,*,#3705,.T.);
#5445=ORIENTED_EDGE('',*,*,#3706,.T.);
#5446=ORIENTED_EDGE('',*,*,#3710,.T.);
#5447=ORIENTED_EDGE('',*,*,#3711,.T.);
#5448=ORIENTED_EDGE('',*,*,#3735,.T.);
#5449=ORIENTED_EDGE('',*,*,#3736,.T.);
#5450=ORIENTED_EDGE('',*,*,#3808,.T.);
#5451=ORIENTED_EDGE('',*,*,#3809,.T.);
#5452=ORIENTED_EDGE('',*,*,#3810,.T.);
#5453=ORIENTED_EDGE('',*,*,#3811,.T.);
#5454=ORIENTED_EDGE('',*,*,#3812,.T.);
#5455=ORIENTED_EDGE('',*,*,#3813,.T.);
#5456=ORIENTED_EDGE('',*,*,#3814,.T.);
#5457=ORIENTED_EDGE('',*,*,#3815,.T.);
#5458=ORIENTED_EDGE('',*,*,#3801,.F.);
#5459=ORIENTED_EDGE('',*,*,#3816,.F.);
#5460=ORIENTED_EDGE('',*,*,#3817,.F.);
#5461=ORIENTED_EDGE('',*,*,#3717,.T.);
#5462=ORIENTED_EDGE('',*,*,#3718,.T.);
#5463=ORIENTED_EDGE('',*,*,#3737,.T.);
#5464=ORIENTED_EDGE('',*,*,#3738,.T.);
#5465=ORIENTED_EDGE('',*,*,#3003,.T.);
#5466=ORIENTED_EDGE('',*,*,#3004,.T.);
#5467=ORIENTED_EDGE('',*,*,#3722,.T.);
#5468=ORIENTED_EDGE('',*,*,#3723,.T.);
#5469=ORIENTED_EDGE('',*,*,#3728,.T.);
#5470=ORIENTED_EDGE('',*,*,#3729,.T.);
#5471=ORIENTED_EDGE('',*,*,#3712,.T.);
#5472=ORIENTED_EDGE('',*,*,#3713,.T.);
#5473=ORIENTED_EDGE('',*,*,#3715,.T.);
#5474=ORIENTED_EDGE('',*,*,#3818,.T.);
#5475=ORIENTED_EDGE('',*,*,#3818,.F.);
#5476=ORIENTED_EDGE('',*,*,#3716,.T.);
#5477=ORIENTED_EDGE('',*,*,#3731,.T.);
#5478=ORIENTED_EDGE('',*,*,#3819,.T.);
#5479=ORIENTED_EDGE('',*,*,#3819,.F.);
#5480=ORIENTED_EDGE('',*,*,#3732,.T.);
#5481=ORIENTED_EDGE('',*,*,#3725,.T.);
#5482=ORIENTED_EDGE('',*,*,#3820,.T.);
#5483=ORIENTED_EDGE('',*,*,#3820,.F.);
#5484=ORIENTED_EDGE('',*,*,#3726,.T.);
#5485=ORIENTED_EDGE('',*,*,#3008,.T.);
#5486=ORIENTED_EDGE('',*,*,#3821,.T.);
#5487=ORIENTED_EDGE('',*,*,#3821,.F.);
#5488=ORIENTED_EDGE('',*,*,#3727,.T.);
#5489=ORIENTED_EDGE('',*,*,#3740,.T.);
#5490=ORIENTED_EDGE('',*,*,#3822,.T.);
#5491=ORIENTED_EDGE('',*,*,#3822,.F.);
#5492=ORIENTED_EDGE('',*,*,#3741,.T.);
#5493=ORIENTED_EDGE('',*,*,#3720,.T.);
#5494=ORIENTED_EDGE('',*,*,#3823,.T.);
#5495=ORIENTED_EDGE('',*,*,#3823,.F.);
#5496=ORIENTED_EDGE('',*,*,#3721,.T.);
#5497=ORIENTED_EDGE('',*,*,#3812,.F.);
#5498=ORIENTED_EDGE('',*,*,#3824,.F.);
#5499=ORIENTED_EDGE('',*,*,#3825,.F.);
#5500=ORIENTED_EDGE('',*,*,#3826,.F.);
#5501=ORIENTED_EDGE('',*,*,#3825,.T.);
#5502=ORIENTED_EDGE('',*,*,#3827,.T.);
#5503=ORIENTED_EDGE('',*,*,#3828,.F.);
#5504=ORIENTED_EDGE('',*,*,#3829,.F.);
#5505=ORIENTED_EDGE('',*,*,#3830,.F.);
#5506=ORIENTED_EDGE('',*,*,#3831,.F.);
#5507=ORIENTED_EDGE('',*,*,#3832,.F.);
#5508=ORIENTED_EDGE('',*,*,#3814,.F.);
#5509=ORIENTED_EDGE('',*,*,#3833,.T.);
#5510=ORIENTED_EDGE('',*,*,#3834,.F.);
#5511=ORIENTED_EDGE('',*,*,#3835,.T.);
#5512=ORIENTED_EDGE('',*,*,#3834,.T.);
#5513=ORIENTED_EDGE('',*,*,#3836,.T.);
#5514=ORIENTED_EDGE('',*,*,#3837,.F.);
#5515=ORIENTED_EDGE('',*,*,#3838,.F.);
#5516=ORIENTED_EDGE('',*,*,#3813,.F.);
#5517=ORIENTED_EDGE('',*,*,#3826,.T.);
#5518=ORIENTED_EDGE('',*,*,#3839,.T.);
#5519=ORIENTED_EDGE('',*,*,#3833,.F.);
#5520=ORIENTED_EDGE('',*,*,#3815,.F.);
#5521=ORIENTED_EDGE('',*,*,#3835,.F.);
#5522=ORIENTED_EDGE('',*,*,#3840,.T.);
#5523=ORIENTED_EDGE('',*,*,#3824,.T.);
#5524=ORIENTED_EDGE('',*,*,#3839,.F.);
#5525=ORIENTED_EDGE('',*,*,#3832,.T.);
#5526=ORIENTED_EDGE('',*,*,#3841,.F.);
#5527=ORIENTED_EDGE('',*,*,#3836,.F.);
#5528=ORIENTED_EDGE('',*,*,#3842,.F.);
#5529=ORIENTED_EDGE('',*,*,#3827,.F.);
#5530=ORIENTED_EDGE('',*,*,#3840,.F.);
#5531=ORIENTED_EDGE('',*,*,#3838,.T.);
#5532=ORIENTED_EDGE('',*,*,#3829,.T.);
#5533=ORIENTED_EDGE('',*,*,#3843,.T.);
#5534=ORIENTED_EDGE('',*,*,#3002,.T.);
#5535=ORIENTED_EDGE('',*,*,#3844,.T.);
#5536=ORIENTED_EDGE('',*,*,#3845,.F.);
#5537=ORIENTED_EDGE('',*,*,#3830,.T.);
#5538=ORIENTED_EDGE('',*,*,#3846,.F.);
#5539=ORIENTED_EDGE('',*,*,#3847,.T.);
#5540=ORIENTED_EDGE('',*,*,#3848,.T.);
#5541=ORIENTED_EDGE('',*,*,#3808,.F.);
#5542=ORIENTED_EDGE('',*,*,#3849,.F.);
#5543=ORIENTED_EDGE('',*,*,#3850,.F.);
#5544=ORIENTED_EDGE('',*,*,#3851,.F.);
#5545=ORIENTED_EDGE('',*,*,#3810,.F.);
#5546=ORIENTED_EDGE('',*,*,#3852,.T.);
#5547=ORIENTED_EDGE('',*,*,#3853,.F.);
#5548=ORIENTED_EDGE('',*,*,#3854,.T.);
#5549=ORIENTED_EDGE('',*,*,#3853,.T.);
#5550=ORIENTED_EDGE('',*,*,#3855,.T.);
#5551=ORIENTED_EDGE('',*,*,#3856,.F.);
#5552=ORIENTED_EDGE('',*,*,#3857,.F.);
#5553=ORIENTED_EDGE('',*,*,#3809,.F.);
#5554=ORIENTED_EDGE('',*,*,#3851,.T.);
#5555=ORIENTED_EDGE('',*,*,#3858,.F.);
#5556=ORIENTED_EDGE('',*,*,#3852,.F.);
#5557=ORIENTED_EDGE('',*,*,#3811,.F.);
#5558=ORIENTED_EDGE('',*,*,#3854,.F.);
#5559=ORIENTED_EDGE('',*,*,#3859,.F.);
#5560=ORIENTED_EDGE('',*,*,#3849,.T.);
#5561=ORIENTED_EDGE('',*,*,#3858,.T.);
#5562=ORIENTED_EDGE('',*,*,#3860,.T.);
#5563=ORIENTED_EDGE('',*,*,#3861,.F.);
#5564=ORIENTED_EDGE('',*,*,#3855,.F.);
#5565=ORIENTED_EDGE('',*,*,#3859,.T.);
#5566=ORIENTED_EDGE('',*,*,#3857,.T.);
#5567=ORIENTED_EDGE('',*,*,#3862,.F.);
#5568=ORIENTED_EDGE('',*,*,#3863,.F.);
#5569=ORIENTED_EDGE('',*,*,#3850,.T.);
#5570=ORIENTED_EDGE('',*,*,#3863,.T.);
#5571=ORIENTED_EDGE('',*,*,#3864,.F.);
#5572=ORIENTED_EDGE('',*,*,#3847,.F.);
#5573=ORIENTED_EDGE('',*,*,#3844,.F.);
#5574=ORIENTED_EDGE('',*,*,#3001,.F.);
#5575=ORIENTED_EDGE('',*,*,#3860,.F.);
#5576=ORIENTED_EDGE('',*,*,#3000,.T.);
#5577=ORIENTED_EDGE('',*,*,#3843,.F.);
#5578=ORIENTED_EDGE('',*,*,#3828,.T.);
#5579=ORIENTED_EDGE('',*,*,#3842,.T.);
#5580=ORIENTED_EDGE('',*,*,#3837,.T.);
#5581=ORIENTED_EDGE('',*,*,#3841,.T.);
#5582=ORIENTED_EDGE('',*,*,#3831,.T.);
#5583=ORIENTED_EDGE('',*,*,#3848,.F.);
#5584=ORIENTED_EDGE('',*,*,#3864,.T.);
#5585=ORIENTED_EDGE('',*,*,#3862,.T.);
#5586=ORIENTED_EDGE('',*,*,#3856,.T.);
#5587=ORIENTED_EDGE('',*,*,#3865,.F.);
#5588=ORIENTED_EDGE('',*,*,#3800,.T.);
#5589=ORIENTED_EDGE('',*,*,#3799,.T.);
#5590=ORIENTED_EDGE('',*,*,#3865,.T.);
#5591=ORIENTED_EDGE('',*,*,#3861,.T.);
#5592=ORIENTED_EDGE('',*,*,#3747,.T.);
#5593=ORIENTED_EDGE('',*,*,#3748,.T.);
#5594=ORIENTED_EDGE('',*,*,#3866,.F.);
#5595=ORIENTED_EDGE('',*,*,#3867,.F.);
#5596=ORIENTED_EDGE('',*,*,#3866,.T.);
#5597=ORIENTED_EDGE('',*,*,#3868,.T.);
#5598=ORIENTED_EDGE('',*,*,#3869,.F.);
#5599=ORIENTED_EDGE('',*,*,#3870,.F.);
#5600=ORIENTED_EDGE('',*,*,#3868,.F.);
#5601=ORIENTED_EDGE('',*,*,#3867,.T.);
#5602=ORIENTED_EDGE('',*,*,#3871,.F.);
#5603=ORIENTED_EDGE('',*,*,#3872,.F.);
#5604=ORIENTED_EDGE('',*,*,#3873,.T.);
#5605=ORIENTED_EDGE('',*,*,#3870,.T.);
#5606=ORIENTED_EDGE('',*,*,#3869,.T.);
#5607=ORIENTED_EDGE('',*,*,#3873,.F.);
#5608=ORIENTED_EDGE('',*,*,#3871,.T.);
#5609=ORIENTED_EDGE('',*,*,#3874,.T.);
#5610=ORIENTED_EDGE('',*,*,#3875,.F.);
#5611=ORIENTED_EDGE('',*,*,#3876,.F.);
#5612=ORIENTED_EDGE('',*,*,#3874,.F.);
#5613=ORIENTED_EDGE('',*,*,#3872,.T.);
#5614=ORIENTED_EDGE('',*,*,#3807,.F.);
#5615=ORIENTED_EDGE('',*,*,#3806,.F.);
#5616=ORIENTED_EDGE('',*,*,#3875,.T.);
#5617=ORIENTED_EDGE('',*,*,#3876,.T.);
#5618=ORIENTED_EDGE('',*,*,#3816,.T.);
#5619=ORIENTED_EDGE('',*,*,#3877,.T.);
#5620=ORIENTED_EDGE('',*,*,#3798,.F.);
#5621=ORIENTED_EDGE('',*,*,#3797,.F.);
#5622=ORIENTED_EDGE('',*,*,#3877,.F.);
#5623=ORIENTED_EDGE('',*,*,#3817,.T.);
#5624=ORIENTED_EDGE('',*,*,#3846,.T.);
#5625=ORIENTED_EDGE('',*,*,#3845,.T.);
#5626=ORIENTED_EDGE('',*,*,#3878,.F.);
#5627=ORIENTED_EDGE('',*,*,#3879,.F.);
#5628=ORIENTED_EDGE('',*,*,#3878,.T.);
#5629=ORIENTED_EDGE('',*,*,#3880,.T.);
#5630=ORIENTED_EDGE('',*,*,#3690,.F.);
#5631=ORIENTED_EDGE('',*,*,#3691,.F.);
#5632=ORIENTED_EDGE('',*,*,#3880,.F.);
#5633=ORIENTED_EDGE('',*,*,#3879,.T.);
#5634=ORIENTED_EDGE('',*,*,#3637,.T.);
#5635=ORIENTED_EDGE('',*,*,#3640,.T.);
#5636=ORIENTED_EDGE('',*,*,#3642,.T.);
#5637=ORIENTED_EDGE('',*,*,#3655,.T.);
#5638=ORIENTED_EDGE('',*,*,#3653,.T.);
#5639=ORIENTED_EDGE('',*,*,#3651,.T.);
#5640=ORIENTED_EDGE('',*,*,#3688,.T.);
#5641=ORIENTED_EDGE('',*,*,#3881,.T.);
#5642=ORIENTED_EDGE('',*,*,#3766,.F.);
#5643=ORIENTED_EDGE('',*,*,#3772,.F.);
#5644=ORIENTED_EDGE('',*,*,#3881,.F.);
#5645=ORIENTED_EDGE('',*,*,#3689,.T.);
#5646=CYLINDRICAL_SURFACE('',#6007,28.);
#5647=CYLINDRICAL_SURFACE('',#6009,1.621);
#5648=CYLINDRICAL_SURFACE('',#6137,1.);
#5649=CYLINDRICAL_SURFACE('',#6138,1.);
#5650=CYLINDRICAL_SURFACE('',#6139,1.);
#5651=CYLINDRICAL_SURFACE('',#6140,1.);
#5652=CYLINDRICAL_SURFACE('',#6141,1.);
#5653=CYLINDRICAL_SURFACE('',#6142,1.621);
#5654=CYLINDRICAL_SURFACE('',#6147,1.621);
#5655=CYLINDRICAL_SURFACE('',#6152,1.621);
#5656=CYLINDRICAL_SURFACE('',#6157,1.621);
#5657=CYLINDRICAL_SURFACE('',#6159,1.621);
#5658=CYLINDRICAL_SURFACE('',#6164,1.);
#5659=CYLINDRICAL_SURFACE('',#6165,1.621);
#5660=CYLINDRICAL_SURFACE('',#6176,41.225);
#5661=CYLINDRICAL_SURFACE('',#6182,32.5);
#5662=CYLINDRICAL_SURFACE('',#6188,5.);
#5663=CYLINDRICAL_SURFACE('',#6192,5.);
#5664=CYLINDRICAL_SURFACE('',#6196,5.);
#5665=CYLINDRICAL_SURFACE('',#6200,5.);
#5666=CYLINDRICAL_SURFACE('',#6205,30.25);
#5667=CYLINDRICAL_SURFACE('',#6215,41.225);
#5668=CYLINDRICAL_SURFACE('',#6227,4.);
#5669=CYLINDRICAL_SURFACE('',#6228,4.);
#5670=CYLINDRICAL_SURFACE('',#6239,4.);
#5671=CYLINDRICAL_SURFACE('',#6244,4.);
#5672=CYLINDRICAL_SURFACE('',#6245,28.);
#5673=CYLINDRICAL_SURFACE('',#6253,38.395);
#5674=CYLINDRICAL_SURFACE('',#6266,1.5);
#5675=ADVANCED_FACE('',(#359),#5646,.F.);
#5676=ADVANCED_FACE('',(#360),#5647,.F.);
#5677=ADVANCED_FACE('',(#361),#207,.T.);
#5678=ADVANCED_FACE('',(#362),#79,.F.);
#5679=ADVANCED_FACE('',(#363),#80,.F.);
#5680=ADVANCED_FACE('',(#364),#81,.F.);
#5681=ADVANCED_FACE('',(#365),#208,.F.);
#5682=ADVANCED_FACE('',(#366),#209,.F.);
#5683=ADVANCED_FACE('',(#367),#82,.F.);
#5684=ADVANCED_FACE('',(#368),#83,.F.);
#5685=ADVANCED_FACE('',(#369),#210,.F.);
#5686=ADVANCED_FACE('',(#370),#211,.F.);
#5687=ADVANCED_FACE('',(#371),#84,.F.);
#5688=ADVANCED_FACE('',(#372),#85,.F.);
#5689=ADVANCED_FACE('',(#373),#86,.F.);
#5690=ADVANCED_FACE('',(#374),#212,.F.);
#5691=ADVANCED_FACE('',(#375),#87,.F.);
#5692=ADVANCED_FACE('',(#376),#88,.F.);
#5693=ADVANCED_FACE('',(#377),#213,.F.);
#5694=ADVANCED_FACE('',(#378),#214,.F.);
#5695=ADVANCED_FACE('',(#379),#89,.F.);
#5696=ADVANCED_FACE('',(#380),#90,.F.);
#5697=ADVANCED_FACE('',(#381),#215,.F.);
#5698=ADVANCED_FACE('',(#382),#91,.F.);
#5699=ADVANCED_FACE('',(#383),#216,.F.);
#5700=ADVANCED_FACE('',(#384),#92,.F.);
#5701=ADVANCED_FACE('',(#385),#93,.F.);
#5702=ADVANCED_FACE('',(#386),#217,.F.);
#5703=ADVANCED_FACE('',(#387),#218,.F.);
#5704=ADVANCED_FACE('',(#388),#219,.F.);
#5705=ADVANCED_FACE('',(#389),#94,.F.);
#5706=ADVANCED_FACE('',(#390),#95,.F.);
#5707=ADVANCED_FACE('',(#391),#220,.F.);
#5708=ADVANCED_FACE('',(#392),#96,.F.);
#5709=ADVANCED_FACE('',(#393),#97,.F.);
#5710=ADVANCED_FACE('',(#394),#221,.F.);
#5711=ADVANCED_FACE('',(#395),#222,.F.);
#5712=ADVANCED_FACE('',(#396),#223,.F.);
#5713=ADVANCED_FACE('',(#397),#98,.F.);
#5714=ADVANCED_FACE('',(#398),#224,.T.);
#5715=ADVANCED_FACE('',(#399),#225,.T.);
#5716=ADVANCED_FACE('',(#400),#99,.F.);
#5717=ADVANCED_FACE('',(#401),#100,.F.);
#5718=ADVANCED_FACE('',(#402),#226,.F.);
#5719=ADVANCED_FACE('',(#403),#101,.F.);
#5720=ADVANCED_FACE('',(#404),#102,.F.);
#5721=ADVANCED_FACE('',(#405),#227,.F.);
#5722=ADVANCED_FACE('',(#406),#228,.F.);
#5723=ADVANCED_FACE('',(#407),#103,.F.);
#5724=ADVANCED_FACE('',(#408),#229,.F.);
#5725=ADVANCED_FACE('',(#409),#104,.F.);
#5726=ADVANCED_FACE('',(#410),#230,.F.);
#5727=ADVANCED_FACE('',(#411),#105,.F.);
#5728=ADVANCED_FACE('',(#412),#231,.F.);
#5729=ADVANCED_FACE('',(#413),#106,.F.);
#5730=ADVANCED_FACE('',(#414),#107,.F.);
#5731=ADVANCED_FACE('',(#415),#232,.F.);
#5732=ADVANCED_FACE('',(#416),#233,.F.);
#5733=ADVANCED_FACE('',(#417),#234,.F.);
#5734=ADVANCED_FACE('',(#418),#108,.F.);
#5735=ADVANCED_FACE('',(#419),#235,.F.);
#5736=ADVANCED_FACE('',(#420),#109,.F.);
#5737=ADVANCED_FACE('',(#421),#236,.F.);
#5738=ADVANCED_FACE('',(#422),#110,.F.);
#5739=ADVANCED_FACE('',(#423),#111,.F.);
#5740=ADVANCED_FACE('',(#424),#237,.F.);
#5741=ADVANCED_FACE('',(#425),#112,.F.);
#5742=ADVANCED_FACE('',(#426),#238,.T.);
#5743=ADVANCED_FACE('',(#427),#239,.T.);
#5744=ADVANCED_FACE('',(#428),#113,.F.);
#5745=ADVANCED_FACE('',(#429),#240,.F.);
#5746=ADVANCED_FACE('',(#430),#241,.F.);
#5747=ADVANCED_FACE('',(#431),#242,.F.);
#5748=ADVANCED_FACE('',(#432),#114,.F.);
#5749=ADVANCED_FACE('',(#433),#115,.F.);
#5750=ADVANCED_FACE('',(#434),#243,.F.);
#5751=ADVANCED_FACE('',(#435),#116,.F.);
#5752=ADVANCED_FACE('',(#436),#117,.F.);
#5753=ADVANCED_FACE('',(#437),#244,.F.);
#5754=ADVANCED_FACE('',(#438),#245,.F.);
#5755=ADVANCED_FACE('',(#439),#246,.F.);
#5756=ADVANCED_FACE('',(#440),#118,.F.);
#5757=ADVANCED_FACE('',(#441),#119,.F.);
#5758=ADVANCED_FACE('',(#442),#247,.F.);
#5759=ADVANCED_FACE('',(#443),#120,.F.);
#5760=ADVANCED_FACE('',(#444),#121,.F.);
#5761=ADVANCED_FACE('',(#445),#248,.F.);
#5762=ADVANCED_FACE('',(#446),#249,.F.);
#5763=ADVANCED_FACE('',(#447),#250,.F.);
#5764=ADVANCED_FACE('',(#448),#122,.F.);
#5765=ADVANCED_FACE('',(#449),#123,.F.);
#5766=ADVANCED_FACE('',(#450),#251,.F.);
#5767=ADVANCED_FACE('',(#451),#124,.F.);
#5768=ADVANCED_FACE('',(#452),#252,.F.);
#5769=ADVANCED_FACE('',(#453),#125,.F.);
#5770=ADVANCED_FACE('',(#454),#126,.F.);
#5771=ADVANCED_FACE('',(#455),#253,.F.);
#5772=ADVANCED_FACE('',(#456),#254,.F.);
#5773=ADVANCED_FACE('',(#457),#127,.F.);
#5774=ADVANCED_FACE('',(#458),#255,.T.);
#5775=ADVANCED_FACE('',(#459),#256,.T.);
#5776=ADVANCED_FACE('',(#460),#257,.F.);
#5777=ADVANCED_FACE('',(#461),#128,.F.);
#5778=ADVANCED_FACE('',(#462),#258,.F.);
#5779=ADVANCED_FACE('',(#463),#129,.F.);
#5780=ADVANCED_FACE('',(#464),#130,.F.);
#5781=ADVANCED_FACE('',(#465),#259,.F.);
#5782=ADVANCED_FACE('',(#466),#260,.F.);
#5783=ADVANCED_FACE('',(#467),#131,.F.);
#5784=ADVANCED_FACE('',(#468),#132,.F.);
#5785=ADVANCED_FACE('',(#469),#133,.F.);
#5786=ADVANCED_FACE('',(#470),#134,.F.);
#5787=ADVANCED_FACE('',(#471),#261,.F.);
#5788=ADVANCED_FACE('',(#472),#262,.T.);
#5789=ADVANCED_FACE('',(#473),#135,.T.);
#5790=ADVANCED_FACE('',(#474),#136,.T.);
#5791=ADVANCED_FACE('',(#475),#137,.F.);
#5792=ADVANCED_FACE('',(#476),#138,.F.);
#5793=ADVANCED_FACE('',(#477),#263,.F.);
#5794=ADVANCED_FACE('',(#478),#139,.T.);
#5795=ADVANCED_FACE('',(#479),#140,.T.);
#5796=ADVANCED_FACE('',(#480),#264,.T.);
#5797=ADVANCED_FACE('',(#481,#34),#265,.T.);
#5798=ADVANCED_FACE('',(#482),#266,.T.);
#5799=ADVANCED_FACE('',(#483),#141,.F.);
#5800=ADVANCED_FACE('',(#484),#267,.F.);
#5801=ADVANCED_FACE('',(#485),#268,.F.);
#5802=ADVANCED_FACE('',(#486),#269,.F.);
#5803=ADVANCED_FACE('',(#487),#142,.F.);
#5804=ADVANCED_FACE('',(#488),#143,.F.);
#5805=ADVANCED_FACE('',(#489),#270,.F.);
#5806=ADVANCED_FACE('',(#490),#144,.F.);
#5807=ADVANCED_FACE('',(#491),#145,.F.);
#5808=ADVANCED_FACE('',(#492),#271,.F.);
#5809=ADVANCED_FACE('',(#493),#272,.F.);
#5810=ADVANCED_FACE('',(#494),#273,.F.);
#5811=ADVANCED_FACE('',(#495),#146,.F.);
#5812=ADVANCED_FACE('',(#496),#147,.F.);
#5813=ADVANCED_FACE('',(#497),#274,.F.);
#5814=ADVANCED_FACE('',(#498),#148,.F.);
#5815=ADVANCED_FACE('',(#499),#275,.F.);
#5816=ADVANCED_FACE('',(#500),#149,.F.);
#5817=ADVANCED_FACE('',(#501),#150,.F.);
#5818=ADVANCED_FACE('',(#502),#276,.F.);
#5819=ADVANCED_FACE('',(#503),#277,.F.);
#5820=ADVANCED_FACE('',(#504),#151,.F.);
#5821=ADVANCED_FACE('',(#505),#152,.F.);
#5822=ADVANCED_FACE('',(#506),#278,.F.);
#5823=ADVANCED_FACE('',(#507),#153,.F.);
#5824=ADVANCED_FACE('',(#508),#154,.F.);
#5825=ADVANCED_FACE('',(#509),#155,.F.);
#5826=ADVANCED_FACE('',(#510),#279,.F.);
#5827=ADVANCED_FACE('',(#511),#280,.F.);
#5828=ADVANCED_FACE('',(#512),#156,.F.);
#5829=ADVANCED_FACE('',(#513),#157,.F.);
#5830=ADVANCED_FACE('',(#514),#281,.F.);
#5831=ADVANCED_FACE('',(#515),#282,.F.);
#5832=ADVANCED_FACE('',(#516),#158,.F.);
#5833=ADVANCED_FACE('',(#517),#159,.F.);
#5834=ADVANCED_FACE('',(#518),#160,.F.);
#5835=ADVANCED_FACE('',(#519),#283,.T.);
#5836=ADVANCED_FACE('',(#520),#284,.T.);
#5837=ADVANCED_FACE('',(#521),#161,.F.);
#5838=ADVANCED_FACE('',(#522),#285,.F.);
#5839=ADVANCED_FACE('',(#523),#162,.F.);
#5840=ADVANCED_FACE('',(#524),#163,.F.);
#5841=ADVANCED_FACE('',(#525),#286,.F.);
#5842=ADVANCED_FACE('',(#526),#164,.F.);
#5843=ADVANCED_FACE('',(#527),#287,.F.);
#5844=ADVANCED_FACE('',(#528),#165,.F.);
#5845=ADVANCED_FACE('',(#529),#288,.F.);
#5846=ADVANCED_FACE('',(#530),#289,.F.);
#5847=ADVANCED_FACE('',(#531),#290,.F.);
#5848=ADVANCED_FACE('',(#532),#166,.F.);
#5849=ADVANCED_FACE('',(#533),#167,.F.);
#5850=ADVANCED_FACE('',(#534),#291,.F.);
#5851=ADVANCED_FACE('',(#535),#168,.F.);
#5852=ADVANCED_FACE('',(#536),#292,.F.);
#5853=ADVANCED_FACE('',(#537),#169,.F.);
#5854=ADVANCED_FACE('',(#538),#293,.F.);
#5855=ADVANCED_FACE('',(#539),#170,.F.);
#5856=ADVANCED_FACE('',(#540),#294,.F.);
#5857=ADVANCED_FACE('',(#541),#295,.F.);
#5858=ADVANCED_FACE('',(#542),#171,.F.);
#5859=ADVANCED_FACE('',(#543),#172,.F.);
#5860=ADVANCED_FACE('',(#544),#296,.F.);
#5861=ADVANCED_FACE('',(#545),#173,.F.);
#5862=ADVANCED_FACE('',(#546),#174,.F.);
#5863=ADVANCED_FACE('',(#547),#297,.T.);
#5864=ADVANCED_FACE('',(#548),#298,.T.);
#5865=ADVANCED_FACE('',(#549),#175,.F.);
#5866=ADVANCED_FACE('',(#550),#299,.F.);
#5867=ADVANCED_FACE('',(#551),#300,.F.);
#5868=ADVANCED_FACE('',(#552),#176,.F.);
#5869=ADVANCED_FACE('',(#553),#177,.F.);
#5870=ADVANCED_FACE('',(#554),#301,.F.);
#5871=ADVANCED_FACE('',(#555),#178,.F.);
#5872=ADVANCED_FACE('',(#556),#302,.F.);
#5873=ADVANCED_FACE('',(#557),#179,.F.);
#5874=ADVANCED_FACE('',(#558),#180,.F.);
#5875=ADVANCED_FACE('',(#559),#303,.F.);
#5876=ADVANCED_FACE('',(#560),#304,.F.);
#5877=ADVANCED_FACE('',(#561),#305,.F.);
#5878=ADVANCED_FACE('',(#562),#181,.F.);
#5879=ADVANCED_FACE('',(#563),#182,.F.);
#5880=ADVANCED_FACE('',(#564),#306,.F.);
#5881=ADVANCED_FACE('',(#565),#183,.F.);
#5882=ADVANCED_FACE('',(#566),#184,.F.);
#5883=ADVANCED_FACE('',(#567),#307,.F.);
#5884=ADVANCED_FACE('',(#568),#308,.F.);
#5885=ADVANCED_FACE('',(#569),#309,.F.);
#5886=ADVANCED_FACE('',(#570),#185,.F.);
#5887=ADVANCED_FACE('',(#571),#186,.F.);
#5888=ADVANCED_FACE('',(#572),#310,.F.);
#5889=ADVANCED_FACE('',(#573),#187,.F.);
#5890=ADVANCED_FACE('',(#574),#188,.F.);
#5891=ADVANCED_FACE('',(#575),#311,.F.);
#5892=ADVANCED_FACE('',(#576),#312,.F.);
#5893=ADVANCED_FACE('',(#577),#313,.F.);
#5894=ADVANCED_FACE('',(#578),#189,.F.);
#5895=ADVANCED_FACE('',(#579),#314,.T.);
#5896=ADVANCED_FACE('',(#580,#35),#315,.T.);
#5897=ADVANCED_FACE('',(#581),#316,.T.);
#5898=ADVANCED_FACE('',(#582),#190,.T.);
#5899=ADVANCED_FACE('',(#583),#191,.T.);
#5900=ADVANCED_FACE('',(#584),#317,.F.);
#5901=ADVANCED_FACE('',(#585),#192,.F.);
#5902=ADVANCED_FACE('',(#586),#193,.F.);
#5903=ADVANCED_FACE('',(#587),#194,.T.);
#5904=ADVANCED_FACE('',(#588),#195,.T.);
#5905=ADVANCED_FACE('',(#589),#318,.T.);
#5906=ADVANCED_FACE('',(#590),#319,.F.);
#5907=ADVANCED_FACE('',(#591),#196,.F.);
#5908=ADVANCED_FACE('',(#592),#197,.F.);
#5909=ADVANCED_FACE('',(#593),#198,.F.);
#5910=ADVANCED_FACE('',(#594),#199,.F.);
#5911=ADVANCED_FACE('',(#595),#320,.F.);
#5912=ADVANCED_FACE('',(#596),#321,.F.);
#5913=ADVANCED_FACE('',(#597),#200,.F.);
#5914=ADVANCED_FACE('',(#598),#201,.F.);
#5915=ADVANCED_FACE('',(#599),#322,.F.);
#5916=ADVANCED_FACE('',(#600),#202,.F.);
#5917=ADVANCED_FACE('',(#601),#323,.F.);
#5918=ADVANCED_FACE('',(#602),#324,.T.);
#5919=ADVANCED_FACE('',(#603,#36,#37,#38,#39,#40,#41,#42,#43,#44,#45,#46,
#47,#48,#49,#50,#51,#52),#325,.T.);
#5920=ADVANCED_FACE('',(#604),#326,.T.);
#5921=ADVANCED_FACE('',(#605),#5648,.F.);
#5922=ADVANCED_FACE('',(#606),#5649,.F.);
#5923=ADVANCED_FACE('',(#607),#5650,.F.);
#5924=ADVANCED_FACE('',(#608),#5651,.F.);
#5925=ADVANCED_FACE('',(#609),#5652,.F.);
#5926=ADVANCED_FACE('',(#610),#5653,.F.);
#5927=ADVANCED_FACE('',(#611),#5654,.F.);
#5928=ADVANCED_FACE('',(#612),#5655,.F.);
#5929=ADVANCED_FACE('',(#613),#5656,.F.);
#5930=ADVANCED_FACE('',(#614),#5657,.F.);
#5931=ADVANCED_FACE('',(#615),#5658,.F.);
#5932=ADVANCED_FACE('',(#616),#5659,.F.);
#5933=ADVANCED_FACE('',(#617),#20,.T.);
#5934=ADVANCED_FACE('',(#618,#53),#327,.T.);
#5935=ADVANCED_FACE('',(#619,#54,#55,#56),#5660,.T.);
#5936=ADVANCED_FACE('',(#620),#21,.F.);
#5937=ADVANCED_FACE('',(#621,#57,#58,#59),#5661,.F.);
#5938=ADVANCED_FACE('',(#622),#22,.F.);
#5939=ADVANCED_FACE('',(#623),#5662,.F.);
#5940=ADVANCED_FACE('',(#624),#23,.F.);
#5941=ADVANCED_FACE('',(#625),#5663,.F.);
#5942=ADVANCED_FACE('',(#626),#24,.F.);
#5943=ADVANCED_FACE('',(#627),#5664,.F.);
#5944=ADVANCED_FACE('',(#628),#25,.F.);
#5945=ADVANCED_FACE('',(#629),#5665,.F.);
#5946=ADVANCED_FACE('',(#630),#26,.T.);
#5947=ADVANCED_FACE('',(#631),#5666,.T.);
#5948=ADVANCED_FACE('',(#632,#60),#328,.T.);
#5949=ADVANCED_FACE('',(#633),#27,.T.);
#5950=ADVANCED_FACE('',(#634,#61,#62,#63,#64,#65,#66,#67,#68),#5667,.T.);
#5951=ADVANCED_FACE('',(#635,#69,#70,#71,#72,#73,#74,#75),#329,.T.);
#5952=ADVANCED_FACE('',(#636),#28,.F.);
#5953=ADVANCED_FACE('',(#637),#29,.F.);
#5954=ADVANCED_FACE('',(#638),#30,.F.);
#5955=ADVANCED_FACE('',(#639),#31,.F.);
#5956=ADVANCED_FACE('',(#640),#32,.F.);
#5957=ADVANCED_FACE('',(#641),#33,.F.);
#5958=ADVANCED_FACE('',(#642),#203,.F.);
#5959=ADVANCED_FACE('',(#643),#5668,.F.);
#5960=ADVANCED_FACE('',(#644),#204,.T.);
#5961=ADVANCED_FACE('',(#645),#5669,.F.);
#5962=ADVANCED_FACE('',(#646),#330,.F.);
#5963=ADVANCED_FACE('',(#647),#331,.F.);
#5964=ADVANCED_FACE('',(#648),#332,.F.);
#5965=ADVANCED_FACE('',(#649),#333,.F.);
#5966=ADVANCED_FACE('',(#650),#14,.F.);
#5967=ADVANCED_FACE('',(#651),#15,.F.);
#5968=ADVANCED_FACE('',(#652),#205,.F.);
#5969=ADVANCED_FACE('',(#653),#206,.T.);
#5970=ADVANCED_FACE('',(#654),#5670,.F.);
#5971=ADVANCED_FACE('',(#655),#334,.F.);
#5972=ADVANCED_FACE('',(#656),#335,.F.);
#5973=ADVANCED_FACE('',(#657),#336,.F.);
#5974=ADVANCED_FACE('',(#658),#337,.F.);
#5975=ADVANCED_FACE('',(#659),#5671,.F.);
#5976=ADVANCED_FACE('',(#660),#5672,.F.);
#5977=ADVANCED_FACE('',(#661,#76),#338,.T.);
#5978=ADVANCED_FACE('',(#662),#16,.F.);
#5979=ADVANCED_FACE('',(#663),#5673,.T.);
#5980=ADVANCED_FACE('',(#664),#17,.F.);
#5981=ADVANCED_FACE('',(#665,#77),#339,.T.);
#5982=ADVANCED_FACE('',(#666),#18,.F.);
#5983=ADVANCED_FACE('',(#667,#78),#340,.T.);
#5984=ADVANCED_FACE('',(#668),#5674,.F.);
#5985=ADVANCED_FACE('',(#669),#341,.T.);
#5986=ADVANCED_FACE('',(#670),#19,.F.);
#5987=CLOSED_SHELL('',(#5675,#5676,#5677,#5678,#5679,#5680,#5681,#5682,
#5683,#5684,#5685,#5686,#5687,#5688,#5689,#5690,#5691,#5692,#5693,#5694,
#5695,#5696,#5697,#5698,#5699,#5700,#5701,#5702,#5703,#5704,#5705,#5706,
#5707,#5708,#5709,#5710,#5711,#5712,#5713,#5714,#5715,#5716,#5717,#5718,
#5719,#5720,#5721,#5722,#5723,#5724,#5725,#5726,#5727,#5728,#5729,#5730,
#5731,#5732,#5733,#5734,#5735,#5736,#5737,#5738,#5739,#5740,#5741,#5742,
#5743,#5744,#5745,#5746,#5747,#5748,#5749,#5750,#5751,#5752,#5753,#5754,
#5755,#5756,#5757,#5758,#5759,#5760,#5761,#5762,#5763,#5764,#5765,#5766,
#5767,#5768,#5769,#5770,#5771,#5772,#5773,#5774,#5775,#5776,#5777,#5778,
#5779,#5780,#5781,#5782,#5783,#5784,#5785,#5786,#5787,#5788,#5789,#5790,
#5791,#5792,#5793,#5794,#5795,#5796,#5797,#5798,#5799,#5800,#5801,#5802,
#5803,#5804,#5805,#5806,#5807,#5808,#5809,#5810,#5811,#5812,#5813,#5814,
#5815,#5816,#5817,#5818,#5819,#5820,#5821,#5822,#5823,#5824,#5825,#5826,
#5827,#5828,#5829,#5830,#5831,#5832,#5833,#5834,#5835,#5836,#5837,#5838,
#5839,#5840,#5841,#5842,#5843,#5844,#5845,#5846,#5847,#5848,#5849,#5850,
#5851,#5852,#5853,#5854,#5855,#5856,#5857,#5858,#5859,#5860,#5861,#5862,
#5863,#5864,#5865,#5866,#5867,#5868,#5869,#5870,#5871,#5872,#5873,#5874,
#5875,#5876,#5877,#5878,#5879,#5880,#5881,#5882,#5883,#5884,#5885,#5886,
#5887,#5888,#5889,#5890,#5891,#5892,#5893,#5894,#5895,#5896,#5897,#5898,
#5899,#5900,#5901,#5902,#5903,#5904,#5905,#5906,#5907,#5908,#5909,#5910,
#5911,#5912,#5913,#5914,#5915,#5916,#5917,#5918,#5919,#5920,#5921,#5922,
#5923,#5924,#5925,#5926,#5927,#5928,#5929,#5930,#5931,#5932,#5933,#5934,
#5935,#5936,#5937,#5938,#5939,#5940,#5941,#5942,#5943,#5944,#5945,#5946,
#5947,#5948,#5949,#5950,#5951,#5952,#5953,#5954,#5955,#5956,#5957,#5958,
#5959,#5960,#5961,#5962,#5963,#5964,#5965,#5966,#5967,#5968,#5969,#5970,
#5971,#5972,#5973,#5974,#5975,#5976,#5977,#5978,#5979,#5980,#5981,#5982,
#5983,#5984,#5985,#5986));
#5988=DERIVED_UNIT_ELEMENT(#5990,1.);
#5989=DERIVED_UNIT_ELEMENT(#11714,3.);
#5990=(
MASS_UNIT()
NAMED_UNIT(*)
SI_UNIT($,.GRAM.)
);
#5991=DERIVED_UNIT((#5988,#5989));
#5992=MEASURE_REPRESENTATION_ITEM('density measure',
POSITIVE_RATIO_MEASURE(8.),#5991);
#5993=PROPERTY_DEFINITION_REPRESENTATION(#5998,#5995);
#5994=PROPERTY_DEFINITION_REPRESENTATION(#5999,#5996);
#5995=REPRESENTATION('material name',(#5997),#11711);
#5996=REPRESENTATION('density',(#5992),#11711);
#5997=DESCRIPTIVE_REPRESENTATION_ITEM('SS 316','SS 316');
#5998=PROPERTY_DEFINITION('material property','material name',#11721);
#5999=PROPERTY_DEFINITION('material property','density of part',#11721);
#6000=DATE_TIME_ROLE('creation_date');
#6001=APPLIED_DATE_AND_TIME_ASSIGNMENT(#6002,#6000,(#11721));
#6002=DATE_AND_TIME(#6003,#6004);
#6003=CALENDAR_DATE(2020,24,3);
#6004=LOCAL_TIME(22,31,20.,#6005);
#6005=COORDINATED_UNIVERSAL_TIME_OFFSET(0,0,.BEHIND.);
#6006=AXIS2_PLACEMENT_3D('placement',#7297,#6270,#6271);
#6007=AXIS2_PLACEMENT_3D('',#7298,#6272,#6273);
#6008=AXIS2_PLACEMENT_3D('',#7309,#6275,#6276);
#6009=AXIS2_PLACEMENT_3D('',#7310,#6277,#6278);
#6010=AXIS2_PLACEMENT_3D('',#7313,#6279,#6280);
#6011=AXIS2_PLACEMENT_3D('',#7314,#6281,#6282);
#6012=AXIS2_PLACEMENT_3D('',#7335,#6285,#6286);
#6013=AXIS2_PLACEMENT_3D('',#7359,#6287,#6288);
#6014=AXIS2_PLACEMENT_3D('',#7471,#6301,#6302);
#6015=AXIS2_PLACEMENT_3D('',#7475,#6305,#6306);
#6016=AXIS2_PLACEMENT_3D('',#7501,#6311,#6312);
#6017=AXIS2_PLACEMENT_3D('',#7505,#6315,#6316);
#6018=AXIS2_PLACEMENT_3D('',#7542,#6322,#6323);
#6019=AXIS2_PLACEMENT_3D('',#7568,#6328,#6329);
#6020=AXIS2_PLACEMENT_3D('',#7572,#6332,#6333);
#6021=AXIS2_PLACEMENT_3D('',#7598,#6338,#6339);
#6022=AXIS2_PLACEMENT_3D('',#7619,#6343,#6344);
#6023=AXIS2_PLACEMENT_3D('',#7665,#6350,#6351);
#6024=AXIS2_PLACEMENT_3D('',#7671,#6355,#6356);
#6025=AXIS2_PLACEMENT_3D('',#7677,#6360,#6361);
#6026=AXIS2_PLACEMENT_3D('',#7715,#6367,#6368);
#6027=AXIS2_PLACEMENT_3D('',#7753,#6374,#6375);
#6028=AXIS2_PLACEMENT_3D('',#7759,#6379,#6380);
#6029=AXIS2_PLACEMENT_3D('',#7765,#6384,#6385);
#6030=AXIS2_PLACEMENT_3D('',#7784,#6389,#6390);
#6031=AXIS2_PLACEMENT_3D('',#7785,#6391,#6392);
#6032=AXIS2_PLACEMENT_3D('',#7834,#6398,#6399);
#6033=AXIS2_PLACEMENT_3D('',#7860,#6404,#6405);
#6034=AXIS2_PLACEMENT_3D('',#7862,#6407,#6408);
#6035=AXIS2_PLACEMENT_3D('',#7893,#6414,#6415);
#6036=AXIS2_PLACEMENT_3D('',#7915,#6420,#6421);
#6037=AXIS2_PLACEMENT_3D('',#7937,#6426,#6427);
#6038=AXIS2_PLACEMENT_3D('',#7975,#6433,#6434);
#6039=AXIS2_PLACEMENT_3D('',#7981,#6438,#6439);
#6040=AXIS2_PLACEMENT_3D('',#7987,#6443,#6444);
#6041=AXIS2_PLACEMENT_3D('',#8015,#6449,#6450);
#6042=AXIS2_PLACEMENT_3D('',#8043,#6455,#6456);
#6043=AXIS2_PLACEMENT_3D('',#8081,#6462,#6463);
#6044=AXIS2_PLACEMENT_3D('',#8106,#6467,#6468);
#6045=AXIS2_PLACEMENT_3D('',#8107,#6469,#6470);
#6046=AXIS2_PLACEMENT_3D('',#8201,#6481,#6482);
#6047=AXIS2_PLACEMENT_3D('',#8205,#6485,#6486);
#6048=AXIS2_PLACEMENT_3D('',#8209,#6489,#6490);
#6049=AXIS2_PLACEMENT_3D('',#8235,#6495,#6496);
#6050=AXIS2_PLACEMENT_3D('',#8261,#6501,#6502);
#6051=AXIS2_PLACEMENT_3D('',#8265,#6505,#6506);
#6052=AXIS2_PLACEMENT_3D('',#8269,#6509,#6510);
#6053=AXIS2_PLACEMENT_3D('',#8295,#6515,#6516);
#6054=AXIS2_PLACEMENT_3D('',#8327,#6521,#6522);
#6055=AXIS2_PLACEMENT_3D('',#8333,#6526,#6527);
#6056=AXIS2_PLACEMENT_3D('',#8339,#6531,#6532);
#6057=AXIS2_PLACEMENT_3D('',#8377,#6538,#6539);
#6058=AXIS2_PLACEMENT_3D('',#8407,#6544,#6545);
#6059=AXIS2_PLACEMENT_3D('',#8445,#6551,#6552);
#6060=AXIS2_PLACEMENT_3D('',#8451,#6556,#6557);
#6061=AXIS2_PLACEMENT_3D('',#8470,#6561,#6562);
#6062=AXIS2_PLACEMENT_3D('',#8471,#6563,#6564);
#6063=AXIS2_PLACEMENT_3D('',#8513,#6569,#6570);
#6064=AXIS2_PLACEMENT_3D('',#8530,#6575,#6576);
#6065=AXIS2_PLACEMENT_3D('',#8556,#6581,#6582);
#6066=AXIS2_PLACEMENT_3D('',#8560,#6585,#6586);
#6067=AXIS2_PLACEMENT_3D('',#8631,#6593,#6594);
#6068=AXIS2_PLACEMENT_3D('',#8637,#6598,#6599);
#6069=AXIS2_PLACEMENT_3D('',#8734,#6608,#6609);
#6070=AXIS2_PLACEMENT_3D('',#8781,#6614,#6615);
#6071=AXIS2_PLACEMENT_3D('',#8784,#6618,#6619);
#6072=AXIS2_PLACEMENT_3D('',#8785,#6620,#6621);
#6073=AXIS2_PLACEMENT_3D('',#8863,#6632,#6633);
#6074=AXIS2_PLACEMENT_3D('',#8867,#6636,#6637);
#6075=AXIS2_PLACEMENT_3D('',#8871,#6640,#6641);
#6076=AXIS2_PLACEMENT_3D('',#8897,#6646,#6647);
#6077=AXIS2_PLACEMENT_3D('',#8923,#6652,#6653);
#6078=AXIS2_PLACEMENT_3D('',#8927,#6656,#6657);
#6079=AXIS2_PLACEMENT_3D('',#8931,#6660,#6661);
#6080=AXIS2_PLACEMENT_3D('',#8957,#6666,#6667);
#6081=AXIS2_PLACEMENT_3D('',#8970,#6670,#6671);
#6082=AXIS2_PLACEMENT_3D('',#9011,#6678,#6679);
#6083=AXIS2_PLACEMENT_3D('',#9017,#6683,#6684);
#6084=AXIS2_PLACEMENT_3D('',#9055,#6690,#6691);
#6085=AXIS2_PLACEMENT_3D('',#9109,#6698,#6699);
#6086=AXIS2_PLACEMENT_3D('',#9115,#6703,#6704);
#6087=AXIS2_PLACEMENT_3D('',#9153,#6710,#6711);
#6088=AXIS2_PLACEMENT_3D('',#9159,#6715,#6716);
#6089=AXIS2_PLACEMENT_3D('',#9210,#6722,#6723);
#6090=AXIS2_PLACEMENT_3D('',#9211,#6724,#6725);
#6091=AXIS2_PLACEMENT_3D('',#9315,#6738,#6739);
#6092=AXIS2_PLACEMENT_3D('',#9341,#6744,#6745);
#6093=AXIS2_PLACEMENT_3D('',#9359,#6749,#6750);
#6094=AXIS2_PLACEMENT_3D('',#9377,#6754,#6755);
#6095=AXIS2_PLACEMENT_3D('',#9381,#6758,#6759);
#6096=AXIS2_PLACEMENT_3D('',#9385,#6762,#6763);
#6097=AXIS2_PLACEMENT_3D('',#9411,#6768,#6769);
#6098=AXIS2_PLACEMENT_3D('',#9426,#6773,#6774);
#6099=AXIS2_PLACEMENT_3D('',#9441,#6778,#6779);
#6100=AXIS2_PLACEMENT_3D('',#9459,#6783,#6784);
#6101=AXIS2_PLACEMENT_3D('',#9461,#6786,#6787);
#6102=AXIS2_PLACEMENT_3D('',#9510,#6794,#6795);
#6103=AXIS2_PLACEMENT_3D('',#9545,#6800,#6801);
#6104=AXIS2_PLACEMENT_3D('',#9546,#6802,#6803);
#6105=AXIS2_PLACEMENT_3D('',#9609,#6813,#6814);
#6106=AXIS2_PLACEMENT_3D('',#9613,#6817,#6818);
#6107=AXIS2_PLACEMENT_3D('',#9639,#6823,#6824);
#6108=AXIS2_PLACEMENT_3D('',#9654,#6828,#6829);
#6109=AXIS2_PLACEMENT_3D('',#9680,#6834,#6835);
#6110=AXIS2_PLACEMENT_3D('',#9684,#6838,#6839);
#6111=AXIS2_PLACEMENT_3D('',#9688,#6842,#6843);
#6112=AXIS2_PLACEMENT_3D('',#9720,#6848,#6849);
#6113=AXIS2_PLACEMENT_3D('',#9766,#6855,#6856);
#6114=AXIS2_PLACEMENT_3D('',#9772,#6860,#6861);
#6115=AXIS2_PLACEMENT_3D('',#9778,#6865,#6866);
#6116=AXIS2_PLACEMENT_3D('',#9816,#6872,#6873);
#6117=AXIS2_PLACEMENT_3D('',#9862,#6879,#6880);
#6118=AXIS2_PLACEMENT_3D('',#9868,#6884,#6885);
#6119=AXIS2_PLACEMENT_3D('',#9874,#6889,#6890);
#6120=AXIS2_PLACEMENT_3D('',#9893,#6894,#6895);
#6121=AXIS2_PLACEMENT_3D('',#9894,#6896,#6897);
#6122=AXIS2_PLACEMENT_3D('',#9967,#6902,#6903);
#6123=AXIS2_PLACEMENT_3D('',#10001,#6909,#6910);
#6124=AXIS2_PLACEMENT_3D('',#10063,#6918,#6919);
#6125=AXIS2_PLACEMENT_3D('',#10065,#6921,#6922);
#6126=AXIS2_PLACEMENT_3D('',#10130,#6929,#6930);
#6127=AXIS2_PLACEMENT_3D('',#10136,#6934,#6935);
#6128=AXIS2_PLACEMENT_3D('',#10174,#6941,#6942);
#6129=AXIS2_PLACEMENT_3D('',#10196,#6947,#6948);
#6130=AXIS2_PLACEMENT_3D('',#10199,#6951,#6952);
#6131=AXIS2_PLACEMENT_3D('',#10200,#6953,#6954);
#6132=AXIS2_PLACEMENT_3D('',#10203,#6955,#6956);
#6133=AXIS2_PLACEMENT_3D('',#10204,#6957,#6958);
#6134=AXIS2_PLACEMENT_3D('',#10207,#6959,#6960);
#6135=AXIS2_PLACEMENT_3D('',#10208,#6961,#6962);
#6136=AXIS2_PLACEMENT_3D('',#10209,#6963,#6964);
#6137=AXIS2_PLACEMENT_3D('',#10210,#6965,#6966);
#6138=AXIS2_PLACEMENT_3D('',#10285,#6968,#6969);
#6139=AXIS2_PLACEMENT_3D('',#10360,#6971,#6972);
#6140=AXIS2_PLACEMENT_3D('',#10435,#6974,#6975);
#6141=AXIS2_PLACEMENT_3D('',#10481,#6977,#6978);
#6142=AXIS2_PLACEMENT_3D('',#10556,#6980,#6981);
#6143=AXIS2_PLACEMENT_3D('',#10559,#6982,#6983);
#6144=AXIS2_PLACEMENT_3D('',#10560,#6984,#6985);
#6145=AXIS2_PLACEMENT_3D('',#10563,#6987,#6988);
#6146=AXIS2_PLACEMENT_3D('',#10564,#6989,#6990);
#6147=AXIS2_PLACEMENT_3D('',#10565,#6991,#6992);
#6148=AXIS2_PLACEMENT_3D('',#10568,#6993,#6994);
#6149=AXIS2_PLACEMENT_3D('',#10569,#6995,#6996);
#6150=AXIS2_PLACEMENT_3D('',#10572,#6998,#6999);
#6151=AXIS2_PLACEMENT_3D('',#10573,#7000,#7001);
#6152=AXIS2_PLACEMENT_3D('',#10574,#7002,#7003);
#6153=AXIS2_PLACEMENT_3D('',#10577,#7004,#7005);
#6154=AXIS2_PLACEMENT_3D('',#10578,#7006,#7007);
#6155=AXIS2_PLACEMENT_3D('',#10581,#7009,#7010);
#6156=AXIS2_PLACEMENT_3D('',#10582,#7011,#7012);
#6157=AXIS2_PLACEMENT_3D('',#10583,#7013,#7014);
#6158=AXIS2_PLACEMENT_3D('',#10584,#7015,#7016);
#6159=AXIS2_PLACEMENT_3D('',#10585,#7017,#7018);
#6160=AXIS2_PLACEMENT_3D('',#10588,#7019,#7020);
#6161=AXIS2_PLACEMENT_3D('',#10589,#7021,#7022);
#6162=AXIS2_PLACEMENT_3D('',#10592,#7024,#7025);
#6163=AXIS2_PLACEMENT_3D('',#10593,#7026,#7027);
#6164=AXIS2_PLACEMENT_3D('',#10594,#7028,#7029);
#6165=AXIS2_PLACEMENT_3D('',#10669,#7031,#7032);
#6166=AXIS2_PLACEMENT_3D('',#10672,#7033,#7034);
#6167=AXIS2_PLACEMENT_3D('',#10673,#7035,#7036);
#6168=AXIS2_PLACEMENT_3D('',#10676,#7038,#7039);
#6169=AXIS2_PLACEMENT_3D('',#10677,#7040,#7041);
#6170=AXIS2_PLACEMENT_3D('',#10678,#7042,#7043);
#6171=AXIS2_PLACEMENT_3D('',#10681,#7044,#7045);
#6172=AXIS2_PLACEMENT_3D('',#10682,#7046,#7047);
#6173=AXIS2_PLACEMENT_3D('',#10685,#7049,#7050);
#6174=AXIS2_PLACEMENT_3D('',#10686,#7051,#7052);
#6175=AXIS2_PLACEMENT_3D('',#10688,#7053,#7054);
#6176=AXIS2_PLACEMENT_3D('',#10689,#7055,#7056);
#6177=AXIS2_PLACEMENT_3D('',#10692,#7057,#7058);
#6178=AXIS2_PLACEMENT_3D('',#10693,#7059,#7060);
#6179=AXIS2_PLACEMENT_3D('',#10864,#7063,#7064);
#6180=AXIS2_PLACEMENT_3D('',#10868,#7066,#7067);
#6181=AXIS2_PLACEMENT_3D('',#10869,#7068,#7069);
#6182=AXIS2_PLACEMENT_3D('',#10870,#7070,#7071);
#6183=AXIS2_PLACEMENT_3D('',#10873,#7072,#7073);
#6184=AXIS2_PLACEMENT_3D('',#10917,#7076,#7077);
#6185=AXIS2_PLACEMENT_3D('',#11023,#7078,#7079);
#6186=AXIS2_PLACEMENT_3D('',#11027,#7081,#7082);
#6187=AXIS2_PLACEMENT_3D('',#11028,#7083,#7084);
#6188=AXIS2_PLACEMENT_3D('',#11029,#7085,#7086);
#6189=AXIS2_PLACEMENT_3D('',#11031,#7088,#7089);
#6190=AXIS2_PLACEMENT_3D('',#11035,#7091,#7092);
#6191=AXIS2_PLACEMENT_3D('',#11036,#7093,#7094);
#6192=AXIS2_PLACEMENT_3D('',#11037,#7095,#7096);
#6193=AXIS2_PLACEMENT_3D('',#11039,#7098,#7099);
#6194=AXIS2_PLACEMENT_3D('',#11043,#7101,#7102);
#6195=AXIS2_PLACEMENT_3D('',#11044,#7103,#7104);
#6196=AXIS2_PLACEMENT_3D('',#11045,#7105,#7106);
#6197=AXIS2_PLACEMENT_3D('',#11047,#7108,#7109);
#6198=AXIS2_PLACEMENT_3D('',#11051,#7111,#7112);
#6199=AXIS2_PLACEMENT_3D('',#11052,#7113,#7114);
#6200=AXIS2_PLACEMENT_3D('',#11053,#7115,#7116);
#6201=AXIS2_PLACEMENT_3D('',#11055,#7118,#7119);
#6202=AXIS2_PLACEMENT_3D('',#11057,#7120,#7121);
#6203=AXIS2_PLACEMENT_3D('',#11061,#7123,#7124);
#6204=AXIS2_PLACEMENT_3D('',#11062,#7125,#7126);
#6205=AXIS2_PLACEMENT_3D('',#11063,#7127,#7128);
#6206=AXIS2_PLACEMENT_3D('',#11067,#7130,#7131);
#6207=AXIS2_PLACEMENT_3D('',#11068,#7132,#7133);
#6208=AXIS2_PLACEMENT_3D('',#11069,#7134,#7135);
#6209=AXIS2_PLACEMENT_3D('',#11072,#7136,#7137);
#6210=AXIS2_PLACEMENT_3D('',#11073,#7138,#7139);
#6211=AXIS2_PLACEMENT_3D('',#11074,#7140,#7141);
#6212=AXIS2_PLACEMENT_3D('',#11076,#7142,#7143);
#6213=AXIS2_PLACEMENT_3D('',#11080,#7145,#7146);
#6214=AXIS2_PLACEMENT_3D('',#11081,#7147,#7148);
#6215=AXIS2_PLACEMENT_3D('',#11082,#7149,#7150);
#6216=AXIS2_PLACEMENT_3D('',#11086,#7152,#7153);
#6217=AXIS2_PLACEMENT_3D('',#11087,#7154,#7155);
#6218=AXIS2_PLACEMENT_3D('',#11184,#7160,#7161);
#6219=AXIS2_PLACEMENT_3D('',#11187,#7162,#7163);
#6220=AXIS2_PLACEMENT_3D('',#11188,#7164,#7165);
#6221=AXIS2_PLACEMENT_3D('',#11189,#7166,#7167);
#6222=AXIS2_PLACEMENT_3D('',#11192,#7169,#7170);
#6223=AXIS2_PLACEMENT_3D('',#11195,#7172,#7173);
#6224=AXIS2_PLACEMENT_3D('',#11198,#7175,#7176);
#6225=AXIS2_PLACEMENT_3D('',#11201,#7178,#7179);
#6226=AXIS2_PLACEMENT_3D('',#11204,#7181,#7182);
#6227=AXIS2_PLACEMENT_3D('',#11291,#7186,#7187);
#6228=AXIS2_PLACEMENT_3D('',#11411,#7192,#7193);
#6229=AXIS2_PLACEMENT_3D('',#11432,#7196,#7197);
#6230=AXIS2_PLACEMENT_3D('',#11434,#7199,#7200);
#6231=AXIS2_PLACEMENT_3D('',#11436,#7202,#7203);
#6232=AXIS2_PLACEMENT_3D('',#11438,#7205,#7206);
#6233=AXIS2_PLACEMENT_3D('',#11440,#7208,#7209);
#6234=AXIS2_PLACEMENT_3D('',#11441,#7210,#7211);
#6235=AXIS2_PLACEMENT_3D('',#11449,#7212,#7213);
#6236=AXIS2_PLACEMENT_3D('',#11450,#7214,#7215);
#6237=AXIS2_PLACEMENT_3D('',#11451,#7216,#7217);
#6238=AXIS2_PLACEMENT_3D('',#11461,#7218,#7219);
#6239=AXIS2_PLACEMENT_3D('',#11630,#7224,#7225);
#6240=AXIS2_PLACEMENT_3D('',#11651,#7228,#7229);
#6241=AXIS2_PLACEMENT_3D('',#11653,#7231,#7232);
#6242=AXIS2_PLACEMENT_3D('',#11655,#7234,#7235);
#6243=AXIS2_PLACEMENT_3D('',#11658,#7238,#7239);
#6244=AXIS2_PLACEMENT_3D('',#11662,#7242,#7243);
#6245=AXIS2_PLACEMENT_3D('',#11671,#7244,#7245);
#6246=AXIS2_PLACEMENT_3D('',#11673,#7247,#7248);
#6247=AXIS2_PLACEMENT_3D('',#11676,#7249,#7250);
#6248=AXIS2_PLACEMENT_3D('',#11677,#7251,#7252);
#6249=AXIS2_PLACEMENT_3D('',#11678,#7253,#7254);
#6250=AXIS2_PLACEMENT_3D('',#11680,#7255,#7256);
#6251=AXIS2_PLACEMENT_3D('',#11682,#7257,#7258);
#6252=AXIS2_PLACEMENT_3D('',#11683,#7259,#7260);
#6253=AXIS2_PLACEMENT_3D('',#11684,#7261,#7262);
#6254=AXIS2_PLACEMENT_3D('',#11687,#7263,#7264);
#6255=AXIS2_PLACEMENT_3D('',#11688,#7265,#7266);
#6256=AXIS2_PLACEMENT_3D('',#11690,#7268,#7269);
#6257=AXIS2_PLACEMENT_3D('',#11692,#7270,#7271);
#6258=AXIS2_PLACEMENT_3D('',#11694,#7272,#7273);
#6259=AXIS2_PLACEMENT_3D('',#11695,#7274,#7275);
#6260=AXIS2_PLACEMENT_3D('',#11696,#7276,#7277);
#6261=AXIS2_PLACEMENT_3D('',#11697,#7278,#7279);
#6262=AXIS2_PLACEMENT_3D('',#11698,#7280,#7281);
#6263=AXIS2_PLACEMENT_3D('',#11699,#7282,#7283);
#6264=AXIS2_PLACEMENT_3D('',#11702,#7284,#7285);
#6265=AXIS2_PLACEMENT_3D('',#11703,#7286,#7287);
#6266=AXIS2_PLACEMENT_3D('',#11704,#7288,#7289);
#6267=AXIS2_PLACEMENT_3D('',#11706,#7291,#7292);
#6268=AXIS2_PLACEMENT_3D('',#11707,#7293,#7294);
#6269=AXIS2_PLACEMENT_3D('',#11708,#7295,#7296);
#6270=DIRECTION('axis',(0.,0.,1.));
#6271=DIRECTION('refdir',(1.,0.,0.));
#6272=DIRECTION('center_axis',(0.,0.,-1.));
#6273=DIRECTION('ref_axis',(-1.,0.,0.));
#6274=DIRECTION('',(0.,0.,1.));
#6275=DIRECTION('center_axis',(0.,0.,-1.));
#6276=DIRECTION('ref_axis',(1.,0.,0.));
#6277=DIRECTION('center_axis',(0.,0.,-1.));
#6278=DIRECTION('ref_axis',(-1.,0.,0.));
#6279=DIRECTION('center_axis',(0.,0.,1.));
#6280=DIRECTION('ref_axis',(-1.,0.,0.));
#6281=DIRECTION('center_axis',(0.,0.,1.));
#6282=DIRECTION('ref_axis',(-1.,0.,0.));
#6283=DIRECTION('',(0.,0.,1.));
#6284=DIRECTION('',(0.,0.,1.));
#6285=DIRECTION('center_axis',(0.,0.,-1.));
#6286=DIRECTION('ref_axis',(-1.,0.,0.));
#6287=DIRECTION('center_axis',(0.,0.,1.));
#6288=DIRECTION('ref_axis',(1.,0.,0.));
#6289=DIRECTION('',(0.976275329930385,-0.216532861638406,0.));
#6290=DIRECTION('',(-0.948892097909321,-0.31560067573636,0.));
#6291=DIRECTION('',(0.948474635966649,-0.316853065202046,0.));
#6292=DIRECTION('',(-0.976333907300705,-0.21626858638031,0.));
#6293=DIRECTION('',(0.976067916921722,0.217465908951472,0.));
#6294=DIRECTION('',(-0.948879165149802,0.31563955700231,0.));
#6295=DIRECTION('',(0.948879165149802,0.31563955700231,0.));
#6296=DIRECTION('',(-0.97616330195562,0.217037342213504,0.));
#6297=DIRECTION('',(0.,0.,1.));
#6298=DIRECTION('',(0.,0.,1.));
#6299=DIRECTION('',(0.,0.,1.));
#6300=DIRECTION('',(0.,0.,1.));
#6301=DIRECTION('center_axis',(0.21626858638031,-0.976333907300705,0.));
#6302=DIRECTION('ref_axis',(0.,0.,-1.));
#6303=DIRECTION('',(-0.976333907300705,-0.21626858638031,0.));
#6304=DIRECTION('',(0.,0.,1.));
#6305=DIRECTION('center_axis',(0.316853065202046,0.948474635966649,0.));
#6306=DIRECTION('ref_axis',(0.,0.,1.));
#6307=DIRECTION('',(0.948474635966649,-0.316853065202046,0.));
#6308=DIRECTION('',(0.,0.,1.));
#6309=DIRECTION('',(0.,0.,1.));
#6310=DIRECTION('',(0.,0.,1.));
#6311=DIRECTION('center_axis',(0.31560067573636,-0.948892097909321,0.));
#6312=DIRECTION('ref_axis',(0.,0.,-1.));
#6313=DIRECTION('',(-0.948892097909321,-0.31560067573636,0.));
#6314=DIRECTION('',(0.,0.,1.));
#6315=DIRECTION('center_axis',(0.216532861638406,0.976275329930385,0.));
#6316=DIRECTION('ref_axis',(0.,0.,1.));
#6317=DIRECTION('',(0.976275329930385,-0.216532861638406,0.));
#6318=DIRECTION('',(0.,0.,1.));
#6319=DIRECTION('',(0.,0.,1.));
#6320=DIRECTION('',(0.,0.,1.));
#6321=DIRECTION('',(0.,0.,1.));
#6322=DIRECTION('center_axis',(-0.217037342213504,-0.97616330195562,0.));
#6323=DIRECTION('ref_axis',(0.,0.,-1.));
#6324=DIRECTION('',(-0.97616330195562,0.217037342213504,0.));
#6325=DIRECTION('',(0.,0.,1.));
#6326=DIRECTION('',(0.,0.,1.));
#6327=DIRECTION('',(0.,0.,1.));
#6328=DIRECTION('center_axis',(-0.31563955700231,0.948879165149802,0.));
#6329=DIRECTION('ref_axis',(0.,0.,1.));
#6330=DIRECTION('',(0.948879165149802,0.31563955700231,0.));
#6331=DIRECTION('',(0.,0.,1.));
#6332=DIRECTION('center_axis',(-0.31563955700231,-0.948879165149802,0.));
#6333=DIRECTION('ref_axis',(0.,0.,-1.));
#6334=DIRECTION('',(-0.948879165149802,0.31563955700231,0.));
#6335=DIRECTION('',(0.,0.,1.));
#6336=DIRECTION('',(0.,0.,1.));
#6337=DIRECTION('',(0.,0.,1.));
#6338=DIRECTION('center_axis',(-0.217465908951472,0.976067916921722,0.));
#6339=DIRECTION('ref_axis',(0.,0.,1.));
#6340=DIRECTION('',(0.976067916921722,0.217465908951472,0.));
#6341=DIRECTION('',(0.,0.,1.));
#6342=DIRECTION('',(0.,0.,1.));
#6343=DIRECTION('center_axis',(0.,-1.,0.));
#6344=DIRECTION('ref_axis',(0.,0.,-1.));
#6345=DIRECTION('',(-1.,0.,0.));
#6346=DIRECTION('',(0.,0.,1.));
#6347=DIRECTION('',(-1.,0.,0.));
#6348=DIRECTION('',(0.,0.,1.));
#6349=DIRECTION('',(0.,0.,1.));
#6350=DIRECTION('center_axis',(0.,1.,0.));
#6351=DIRECTION('ref_axis',(0.,0.,1.));
#6352=DIRECTION('',(1.,0.,0.));
#6353=DIRECTION('',(0.,0.,1.));
#6354=DIRECTION('',(1.,0.,0.));
#6355=DIRECTION('center_axis',(1.,0.,0.));
#6356=DIRECTION('ref_axis',(0.,0.,-1.));
#6357=DIRECTION('',(0.,-1.,0.));
#6358=DIRECTION('',(0.,0.,1.));
#6359=DIRECTION('',(0.,-1.,0.));
#6360=DIRECTION('center_axis',(0.,-1.,0.));
#6361=DIRECTION('ref_axis',(0.,0.,-1.));
#6362=DIRECTION('',(-1.,0.,0.));
#6363=DIRECTION('',(0.,0.,1.));
#6364=DIRECTION('',(-1.,0.,0.));
#6365=DIRECTION('',(0.,0.,1.));
#6366=DIRECTION('',(0.,0.,1.));
#6367=DIRECTION('center_axis',(0.,1.,0.));
#6368=DIRECTION('ref_axis',(0.,0.,1.));
#6369=DIRECTION('',(1.,0.,0.));
#6370=DIRECTION('',(0.,0.,1.));
#6371=DIRECTION('',(1.,0.,0.));
#6372=DIRECTION('',(0.,0.,1.));
#6373=DIRECTION('',(0.,0.,1.));
#6374=DIRECTION('center_axis',(0.,-1.,0.));
#6375=DIRECTION('ref_axis',(0.,0.,-1.));
#6376=DIRECTION('',(-1.,0.,0.));
#6377=DIRECTION('',(0.,0.,1.));
#6378=DIRECTION('',(-1.,0.,0.));
#6379=DIRECTION('center_axis',(-1.,1.11332132143806E-15,0.));
#6380=DIRECTION('ref_axis',(0.,0.,1.));
#6381=DIRECTION('',(1.11332132143806E-15,1.,0.));
#6382=DIRECTION('',(0.,0.,1.));
#6383=DIRECTION('',(1.11332132143806E-15,1.,0.));
#6384=DIRECTION('center_axis',(0.,1.,0.));
#6385=DIRECTION('ref_axis',(0.,0.,1.));
#6386=DIRECTION('',(1.,0.,0.));
#6387=DIRECTION('',(0.,0.,1.));
#6388=DIRECTION('',(1.,0.,0.));
#6389=DIRECTION('center_axis',(0.,0.,1.));
#6390=DIRECTION('ref_axis',(1.,0.,0.));
#6391=DIRECTION('center_axis',(0.,0.,1.));
#6392=DIRECTION('ref_axis',(1.,0.,0.));
#6393=DIRECTION('',(1.,0.,0.));
#6394=DIRECTION('',(-1.,0.,0.));
#6395=DIRECTION('',(0.,0.,1.));
#6396=DIRECTION('',(0.,0.,1.));
#6397=DIRECTION('',(0.,0.,1.));
#6398=DIRECTION('center_axis',(0.,1.,0.));
#6399=DIRECTION('ref_axis',(0.,0.,1.));
#6400=DIRECTION('',(1.,0.,0.));
#6401=DIRECTION('',(0.,0.,1.));
#6402=DIRECTION('',(0.,0.,1.));
#6403=DIRECTION('',(0.,0.,1.));
#6404=DIRECTION('center_axis',(0.,-1.,0.));
#6405=DIRECTION('ref_axis',(0.,0.,-1.));
#6406=DIRECTION('',(-1.,0.,0.));
#6407=DIRECTION('center_axis',(0.,1.,0.));
#6408=DIRECTION('ref_axis',(0.,0.,1.));
#6409=DIRECTION('',(1.,0.,0.));
#6410=DIRECTION('',(0.,0.,1.));
#6411=DIRECTION('',(1.,0.,0.));
#6412=DIRECTION('',(0.,0.,1.));
#6413=DIRECTION('',(0.,0.,1.));
#6414=DIRECTION('center_axis',(-1.,0.,0.));
#6415=DIRECTION('ref_axis',(0.,0.,1.));
#6416=DIRECTION('',(0.,1.,0.));
#6417=DIRECTION('',(0.,0.,1.));
#6418=DIRECTION('',(0.,1.,0.));
#6419=DIRECTION('',(0.,0.,1.));
#6420=DIRECTION('center_axis',(0.,-1.,0.));
#6421=DIRECTION('ref_axis',(0.,0.,-1.));
#6422=DIRECTION('',(-1.,0.,0.));
#6423=DIRECTION('',(0.,0.,1.));
#6424=DIRECTION('',(-1.,0.,0.));
#6425=DIRECTION('',(0.,0.,1.));
#6426=DIRECTION('center_axis',(1.,0.,0.));
#6427=DIRECTION('ref_axis',(0.,0.,-1.));
#6428=DIRECTION('',(0.,-1.,0.));
#6429=DIRECTION('',(0.,0.,1.));
#6430=DIRECTION('',(0.,-1.,0.));
#6431=DIRECTION('',(0.,0.,1.));
#6432=DIRECTION('',(0.,0.,1.));
#6433=DIRECTION('center_axis',(-1.,0.,0.));
#6434=DIRECTION('ref_axis',(0.,0.,1.));
#6435=DIRECTION('',(0.,1.,0.));
#6436=DIRECTION('',(0.,0.,1.));
#6437=DIRECTION('',(0.,1.,0.));
#6438=DIRECTION('center_axis',(0.,1.,0.));
#6439=DIRECTION('ref_axis',(0.,0.,1.));
#6440=DIRECTION('',(1.,0.,0.));
#6441=DIRECTION('',(0.,0.,1.));
#6442=DIRECTION('',(1.,0.,0.));
#6443=DIRECTION('center_axis',(1.,0.,0.));
#6444=DIRECTION('ref_axis',(0.,0.,-1.));
#6445=DIRECTION('',(0.,-1.,0.));
#6446=DIRECTION('',(0.,0.,1.));
#6447=DIRECTION('',(0.,-1.,0.));
#6448=DIRECTION('',(0.,0.,1.));
#6449=DIRECTION('center_axis',(0.,-1.,0.));
#6450=DIRECTION('ref_axis',(0.,0.,-1.));
#6451=DIRECTION('',(-1.,0.,0.));
#6452=DIRECTION('',(0.,0.,1.));
#6453=DIRECTION('',(-1.,0.,0.));
#6454=DIRECTION('',(0.,0.,1.));
#6455=DIRECTION('center_axis',(-1.,0.,0.));
#6456=DIRECTION('ref_axis',(0.,0.,1.));
#6457=DIRECTION('',(0.,1.,0.));
#6458=DIRECTION('',(0.,0.,1.));
#6459=DIRECTION('',(0.,1.,0.));
#6460=DIRECTION('',(0.,0.,1.));
#6461=DIRECTION('',(0.,0.,1.));
#6462=DIRECTION('center_axis',(1.,0.,0.));
#6463=DIRECTION('ref_axis',(0.,0.,-1.));
#6464=DIRECTION('',(0.,-1.,0.));
#6465=DIRECTION('',(0.,0.,1.));
#6466=DIRECTION('',(0.,-1.,0.));
#6467=DIRECTION('center_axis',(0.,0.,1.));
#6468=DIRECTION('ref_axis',(1.,0.,0.));
#6469=DIRECTION('center_axis',(0.,0.,1.));
#6470=DIRECTION('ref_axis',(1.,0.,0.));
#6471=DIRECTION('',(1.,0.,0.));
#6472=DIRECTION('',(-1.,0.,0.));
#6473=DIRECTION('',(0.,1.,0.));
#6474=DIRECTION('',(1.,0.,0.));
#6475=DIRECTION('',(-1.,0.,0.));
#6476=DIRECTION('',(1.,0.,0.));
#6477=DIRECTION('',(0.,-1.,0.));
#6478=DIRECTION('',(-1.,0.,0.));
#6479=DIRECTION('',(0.,0.,1.));
#6480=DIRECTION('',(0.,0.,1.));
#6481=DIRECTION('center_axis',(0.,1.,0.));
#6482=DIRECTION('ref_axis',(0.,0.,1.));
#6483=DIRECTION('',(1.,0.,0.));
#6484=DIRECTION('',(0.,0.,1.));
#6485=DIRECTION('center_axis',(-1.,0.,0.));
#6486=DIRECTION('ref_axis',(0.,0.,1.));
#6487=DIRECTION('',(0.,1.,0.));
#6488=DIRECTION('',(0.,0.,1.));
#6489=DIRECTION('center_axis',(0.,-1.,0.));
#6490=DIRECTION('ref_axis',(0.,0.,-1.));
#6491=DIRECTION('',(-1.,0.,0.));
#6492=DIRECTION('',(0.,0.,1.));
#6493=DIRECTION('',(0.,0.,1.));
#6494=DIRECTION('',(0.,0.,1.));
#6495=DIRECTION('center_axis',(0.,1.,0.));
#6496=DIRECTION('ref_axis',(0.,0.,1.));
#6497=DIRECTION('',(1.,0.,0.));
#6498=DIRECTION('',(0.,0.,1.));
#6499=DIRECTION('',(0.,0.,1.));
#6500=DIRECTION('',(0.,0.,1.));
#6501=DIRECTION('center_axis',(0.,-1.,0.));
#6502=DIRECTION('ref_axis',(0.,0.,-1.));
#6503=DIRECTION('',(-1.,0.,0.));
#6504=DIRECTION('',(0.,0.,1.));
#6505=DIRECTION('center_axis',(1.,0.,0.));
#6506=DIRECTION('ref_axis',(0.,0.,-1.));
#6507=DIRECTION('',(0.,-1.,0.));
#6508=DIRECTION('',(0.,0.,1.));
#6509=DIRECTION('center_axis',(0.,1.,0.));
#6510=DIRECTION('ref_axis',(0.,0.,1.));
#6511=DIRECTION('',(1.,0.,0.));
#6512=DIRECTION('',(0.,0.,1.));
#6513=DIRECTION('',(0.,0.,1.));
#6514=DIRECTION('',(0.,0.,1.));
#6515=DIRECTION('center_axis',(0.,-1.,0.));
#6516=DIRECTION('ref_axis',(0.,0.,-1.));
#6517=DIRECTION('',(-1.,0.,0.));
#6518=DIRECTION('',(0.,0.,1.));
#6519=DIRECTION('',(0.,0.,1.));
#6520=DIRECTION('',(0.,0.,1.));
#6521=DIRECTION('center_axis',(1.,-2.53967197993829E-15,0.));
#6522=DIRECTION('ref_axis',(0.,0.,-1.));
#6523=DIRECTION('',(-2.53967197993829E-15,-1.,0.));
#6524=DIRECTION('',(0.,0.,1.));
#6525=DIRECTION('',(-2.53967197993829E-15,-1.,0.));
#6526=DIRECTION('center_axis',(0.,-1.,0.));
#6527=DIRECTION('ref_axis',(0.,0.,-1.));
#6528=DIRECTION('',(-1.,0.,0.));
#6529=DIRECTION('',(0.,0.,1.));
#6530=DIRECTION('',(-1.,0.,0.));
#6531=DIRECTION('center_axis',(-1.,2.53967197993829E-15,0.));
#6532=DIRECTION('ref_axis',(0.,0.,1.));
#6533=DIRECTION('',(2.53967197993829E-15,1.,0.));
#6534=DIRECTION('',(0.,0.,1.));
#6535=DIRECTION('',(2.53967197993829E-15,1.,0.));
#6536=DIRECTION('',(0.,0.,1.));
#6537=DIRECTION('',(0.,0.,1.));
#6538=DIRECTION('center_axis',(1.,-2.22147641864672E-15,0.));
#6539=DIRECTION('ref_axis',(0.,0.,-1.));
#6540=DIRECTION('',(-2.22147641864672E-15,-1.,0.));
#6541=DIRECTION('',(0.,0.,1.));
#6542=DIRECTION('',(-2.22147641864672E-15,-1.,0.));
#6543=DIRECTION('',(0.,0.,1.));
#6544=DIRECTION('center_axis',(0.,1.,0.));
#6545=DIRECTION('ref_axis',(0.,0.,1.));
#6546=DIRECTION('',(1.,0.,0.));
#6547=DIRECTION('',(0.,0.,1.));
#6548=DIRECTION('',(1.,0.,0.));
#6549=DIRECTION('',(0.,0.,1.));
#6550=DIRECTION('',(0.,0.,1.));
#6551=DIRECTION('center_axis',(0.,-1.,0.));
#6552=DIRECTION('ref_axis',(0.,0.,-1.));
#6553=DIRECTION('',(-1.,0.,0.));
#6554=DIRECTION('',(0.,0.,1.));
#6555=DIRECTION('',(-1.,0.,0.));
#6556=DIRECTION('center_axis',(-1.,0.,0.));
#6557=DIRECTION('ref_axis',(0.,0.,1.));
#6558=DIRECTION('',(0.,1.,0.));
#6559=DIRECTION('',(0.,0.,1.));
#6560=DIRECTION('',(0.,1.,0.));
#6561=DIRECTION('center_axis',(0.,0.,1.));
#6562=DIRECTION('ref_axis',(1.,0.,0.));
#6563=DIRECTION('center_axis',(0.,0.,1.));
#6564=DIRECTION('ref_axis',(1.,0.,0.));
#6565=DIRECTION('',(1.,0.,0.));
#6566=DIRECTION('',(1.11073820932336E-15,1.,0.));
#6567=DIRECTION('',(-1.26983598996914E-15,-1.,0.));
#6568=DIRECTION('',(-1.,0.,0.));
#6569=DIRECTION('center_axis',(-1.,1.11073820932336E-15,0.));
#6570=DIRECTION('ref_axis',(0.,0.,1.));
#6571=DIRECTION('',(1.11073820932336E-15,1.,0.));
#6572=DIRECTION('',(0.,0.,1.));
#6573=DIRECTION('',(0.,0.,1.));
#6574=DIRECTION('',(0.,0.,1.));
#6575=DIRECTION('center_axis',(0.,1.,0.));
#6576=DIRECTION('ref_axis',(0.,0.,1.));
#6577=DIRECTION('',(1.,0.,0.));
#6578=DIRECTION('',(0.,0.,1.));
#6579=DIRECTION('',(0.,0.,1.));
#6580=DIRECTION('',(0.,0.,1.));
#6581=DIRECTION('center_axis',(0.,-1.,0.));
#6582=DIRECTION('ref_axis',(0.,0.,-1.));
#6583=DIRECTION('',(-1.,0.,0.));
#6584=DIRECTION('',(0.,0.,1.));
#6585=DIRECTION('center_axis',(1.,-1.26983598996914E-15,0.));
#6586=DIRECTION('ref_axis',(0.,0.,-1.));
#6587=DIRECTION('',(-1.26983598996914E-15,-1.,0.));
#6588=DIRECTION('',(0.,0.,1.));
#6589=DIRECTION('',(0.,0.,1.));
#6590=DIRECTION('',(0.,0.,1.));
#6591=DIRECTION('',(0.,0.,1.));
#6592=DIRECTION('',(0.,0.,1.));
#6593=DIRECTION('center_axis',(0.,1.,0.));
#6594=DIRECTION('ref_axis',(0.,0.,1.));
#6595=DIRECTION('',(1.,0.,0.));
#6596=DIRECTION('',(0.,0.,1.));
#6597=DIRECTION('',(1.,0.,0.));
#6598=DIRECTION('center_axis',(0.,-1.,0.));
#6599=DIRECTION('ref_axis',(0.,0.,-1.));
#6600=DIRECTION('',(1.,0.,0.));
#6601=DIRECTION('',(0.,0.,1.));
#6602=DIRECTION('',(1.,0.,0.));
#6603=DIRECTION('',(0.,0.,1.));
#6604=DIRECTION('',(0.,0.,1.));
#6605=DIRECTION('',(0.,0.,1.));
#6606=DIRECTION('',(0.,0.,1.));
#6607=DIRECTION('',(0.,0.,1.));
#6608=DIRECTION('center_axis',(0.,-1.,0.));
#6609=DIRECTION('ref_axis',(0.,0.,-1.));
#6610=DIRECTION('',(-1.,0.,0.));
#6611=DIRECTION('',(-1.,0.,0.));
#6612=DIRECTION('',(0.,0.,1.));
#6613=DIRECTION('',(0.,0.,1.));
#6614=DIRECTION('center_axis',(0.,1.,0.));
#6615=DIRECTION('ref_axis',(0.,0.,1.));
#6616=DIRECTION('',(-1.,0.,0.));
#6617=DIRECTION('',(-1.,0.,0.));
#6618=DIRECTION('center_axis',(0.,0.,1.));
#6619=DIRECTION('ref_axis',(1.,0.,0.));
#6620=DIRECTION('center_axis',(0.,0.,1.));
#6621=DIRECTION('ref_axis',(1.,0.,0.));
#6622=DIRECTION('',(1.,0.,0.));
#6623=DIRECTION('',(-1.,0.,0.));
#6624=DIRECTION('',(1.11332132143806E-15,1.,0.));
#6625=DIRECTION('',(1.,0.,0.));
#6626=DIRECTION('',(-1.,0.,0.));
#6627=DIRECTION('',(1.,0.,0.));
#6628=DIRECTION('',(-1.11332132143806E-15,-1.,0.));
#6629=DIRECTION('',(-1.,0.,0.));
#6630=DIRECTION('',(0.,0.,1.));
#6631=DIRECTION('',(0.,0.,1.));
#6632=DIRECTION('center_axis',(0.,1.,0.));
#6633=DIRECTION('ref_axis',(0.,0.,1.));
#6634=DIRECTION('',(1.,0.,0.));
#6635=DIRECTION('',(0.,0.,1.));
#6636=DIRECTION('center_axis',(-1.,1.11332132143806E-15,0.));
#6637=DIRECTION('ref_axis',(0.,0.,1.));
#6638=DIRECTION('',(1.11332132143806E-15,1.,0.));
#6639=DIRECTION('',(0.,0.,1.));
#6640=DIRECTION('center_axis',(0.,-1.,0.));
#6641=DIRECTION('ref_axis',(0.,0.,-1.));
#6642=DIRECTION('',(-1.,0.,0.));
#6643=DIRECTION('',(0.,0.,1.));
#6644=DIRECTION('',(0.,0.,1.));
#6645=DIRECTION('',(0.,0.,1.));
#6646=DIRECTION('center_axis',(0.,1.,0.));
#6647=DIRECTION('ref_axis',(0.,0.,1.));
#6648=DIRECTION('',(1.,0.,0.));
#6649=DIRECTION('',(0.,0.,1.));
#6650=DIRECTION('',(0.,0.,1.));
#6651=DIRECTION('',(0.,0.,1.));
#6652=DIRECTION('center_axis',(0.,-1.,0.));
#6653=DIRECTION('ref_axis',(0.,0.,-1.));
#6654=DIRECTION('',(-1.,0.,0.));
#6655=DIRECTION('',(0.,0.,1.));
#6656=DIRECTION('center_axis',(1.,-1.11332132143806E-15,0.));
#6657=DIRECTION('ref_axis',(0.,0.,-1.));
#6658=DIRECTION('',(-1.11332132143806E-15,-1.,0.));
#6659=DIRECTION('',(0.,0.,1.));
#6660=DIRECTION('center_axis',(0.,1.,0.));
#6661=DIRECTION('ref_axis',(0.,0.,1.));
#6662=DIRECTION('',(1.,0.,0.));
#6663=DIRECTION('',(0.,0.,1.));
#6664=DIRECTION('',(0.,0.,1.));
#6665=DIRECTION('',(0.,0.,1.));
#6666=DIRECTION('center_axis',(0.,-1.,0.));
#6667=DIRECTION('ref_axis',(0.,0.,-1.));
#6668=DIRECTION('',(-1.,0.,0.));
#6669=DIRECTION('',(0.,0.,1.));
#6670=DIRECTION('center_axis',(-0.21746590895147,0.976067916921723,0.));
#6671=DIRECTION('ref_axis',(0.,0.,1.));
#6672=DIRECTION('',(0.976067916921723,0.21746590895147,0.));
#6673=DIRECTION('',(0.,0.,1.));
#6674=DIRECTION('',(0.976067916921723,0.21746590895147,0.));
#6675=DIRECTION('',(0.,0.,1.));
#6676=DIRECTION('',(0.,0.,1.));
#6677=DIRECTION('',(0.,0.,1.));
#6678=DIRECTION('center_axis',(-0.315639557002308,-0.948879165149803,0.));
#6679=DIRECTION('ref_axis',(0.,0.,-1.));
#6680=DIRECTION('',(-0.948879165149803,0.315639557002308,0.));
#6681=DIRECTION('',(0.,0.,1.));
#6682=DIRECTION('',(-0.948879165149803,0.315639557002308,0.));
#6683=DIRECTION('center_axis',(-0.315639557002311,0.948879165149802,0.));
#6684=DIRECTION('ref_axis',(0.,0.,1.));
#6685=DIRECTION('',(0.948879165149802,0.315639557002311,0.));
#6686=DIRECTION('',(0.,0.,1.));
#6687=DIRECTION('',(0.948879165149802,0.315639557002311,0.));
#6688=DIRECTION('',(0.,0.,1.));
#6689=DIRECTION('',(0.,0.,1.));
#6690=DIRECTION('center_axis',(-0.217037342213506,-0.976163301955619,0.));
#6691=DIRECTION('ref_axis',(0.,0.,-1.));
#6692=DIRECTION('',(-0.976163301955619,0.217037342213506,0.));
#6693=DIRECTION('',(0.,0.,1.));
#6694=DIRECTION('',(-0.976163301955619,0.217037342213506,0.));
#6695=DIRECTION('',(0.,0.,1.));
#6696=DIRECTION('',(0.,0.,1.));
#6697=DIRECTION('',(0.,0.,1.));
#6698=DIRECTION('center_axis',(0.21653286163841,0.976275329930385,0.));
#6699=DIRECTION('ref_axis',(0.,0.,1.));
#6700=DIRECTION('',(0.976275329930385,-0.21653286163841,0.));
#6701=DIRECTION('',(0.,0.,1.));
#6702=DIRECTION('',(0.976275329930385,-0.21653286163841,0.));
#6703=DIRECTION('center_axis',(0.315600675736355,-0.948892097909323,0.));
#6704=DIRECTION('ref_axis',(0.,0.,-1.));
#6705=DIRECTION('',(-0.948892097909323,-0.315600675736355,0.));
#6706=DIRECTION('',(0.,0.,1.));
#6707=DIRECTION('',(-0.948892097909323,-0.315600675736355,0.));
#6708=DIRECTION('',(0.,0.,1.));
#6709=DIRECTION('',(0.,0.,1.));
#6710=DIRECTION('center_axis',(0.31685306520205,0.948474635966648,0.));
#6711=DIRECTION('ref_axis',(0.,0.,1.));
#6712=DIRECTION('',(0.948474635966648,-0.31685306520205,0.));
#6713=DIRECTION('',(0.,0.,1.));
#6714=DIRECTION('',(0.948474635966648,-0.31685306520205,0.));
#6715=DIRECTION('center_axis',(0.216268586380307,-0.976333907300706,0.));
#6716=DIRECTION('ref_axis',(0.,0.,-1.));
#6717=DIRECTION('',(-0.976333907300706,-0.216268586380307,0.));
#6718=DIRECTION('',(0.,0.,1.));
#6719=DIRECTION('',(-0.976333907300706,-0.216268586380307,0.));
#6720=DIRECTION('',(0.,0.,1.));
#6721=DIRECTION('',(0.,0.,1.));
#6722=DIRECTION('center_axis',(0.,0.,1.));
#6723=DIRECTION('ref_axis',(1.,0.,0.));
#6724=DIRECTION('center_axis',(0.,0.,1.));
#6725=DIRECTION('ref_axis',(1.,0.,0.));
#6726=DIRECTION('',(1.,-5.5536910466168E-16,0.));
#6727=DIRECTION('',(0.,-1.,0.));
#6728=DIRECTION('',(-1.,0.,0.));
#6729=DIRECTION('',(2.9642611035193E-15,1.,0.));
#6730=DIRECTION('',(-2.9642611035193E-15,-1.,0.));
#6731=DIRECTION('',(1.,0.,0.));
#6732=DIRECTION('',(0.,1.,0.));
#6733=DIRECTION('',(-1.,4.44089209850063E-16,0.));
#6734=DIRECTION('',(0.,-1.,0.));
#6735=DIRECTION('',(0.,1.,0.));
#6736=DIRECTION('',(0.,0.,1.));
#6737=DIRECTION('',(0.,0.,1.));
#6738=DIRECTION('center_axis',(1.,-2.9642611035193E-15,0.));
#6739=DIRECTION('ref_axis',(0.,0.,-1.));
#6740=DIRECTION('',(-2.9642611035193E-15,-1.,0.));
#6741=DIRECTION('',(0.,0.,1.));
#6742=DIRECTION('',(0.,0.,1.));
#6743=DIRECTION('',(0.,0.,1.));
#6744=DIRECTION('center_axis',(-1.,2.9642611035193E-15,0.));
#6745=DIRECTION('ref_axis',(0.,0.,1.));
#6746=DIRECTION('',(2.9642611035193E-15,1.,0.));
#6747=DIRECTION('',(0.,0.,1.));
#6748=DIRECTION('',(0.,0.,1.));
#6749=DIRECTION('center_axis',(0.,-1.,0.));
#6750=DIRECTION('ref_axis',(0.,0.,-1.));
#6751=DIRECTION('',(-1.,0.,0.));
#6752=DIRECTION('',(0.,0.,1.));
#6753=DIRECTION('',(0.,0.,1.));
#6754=DIRECTION('center_axis',(1.,0.,0.));
#6755=DIRECTION('ref_axis',(0.,0.,-1.));
#6756=DIRECTION('',(0.,-1.,0.));
#6757=DIRECTION('',(0.,0.,1.));
#6758=DIRECTION('center_axis',(5.5536910466168E-16,1.,0.));
#6759=DIRECTION('ref_axis',(0.,0.,1.));
#6760=DIRECTION('',(1.,-5.5536910466168E-16,0.));
#6761=DIRECTION('',(0.,0.,1.));
#6762=DIRECTION('center_axis',(-1.,0.,0.));
#6763=DIRECTION('ref_axis',(0.,0.,1.));
#6764=DIRECTION('',(0.,1.,0.));
#6765=DIRECTION('',(0.,0.,1.));
#6766=DIRECTION('',(0.,0.,1.));
#6767=DIRECTION('',(0.,0.,1.));
#6768=DIRECTION('center_axis',(1.,0.,0.));
#6769=DIRECTION('ref_axis',(0.,0.,-1.));
#6770=DIRECTION('',(0.,-1.,0.));
#6771=DIRECTION('',(0.,0.,1.));
#6772=DIRECTION('',(0.,0.,1.));
#6773=DIRECTION('center_axis',(-4.44089209850063E-16,-1.,0.));
#6774=DIRECTION('ref_axis',(0.,0.,-1.));
#6775=DIRECTION('',(-1.,4.44089209850063E-16,0.));
#6776=DIRECTION('',(0.,0.,1.));
#6777=DIRECTION('',(0.,0.,1.));
#6778=DIRECTION('center_axis',(-1.,0.,0.));
#6779=DIRECTION('ref_axis',(0.,0.,1.));
#6780=DIRECTION('',(0.,1.,0.));
#6781=DIRECTION('',(0.,0.,1.));
#6782=DIRECTION('',(0.,0.,1.));
#6783=DIRECTION('center_axis',(0.,1.,0.));
#6784=DIRECTION('ref_axis',(0.,0.,1.));
#6785=DIRECTION('',(1.,0.,0.));
#6786=DIRECTION('center_axis',(0.,-1.,0.));
#6787=DIRECTION('ref_axis',(0.,0.,-1.));
#6788=DIRECTION('',(-1.,0.,0.));
#6789=DIRECTION('',(0.,0.,1.));
#6790=DIRECTION('',(-1.,0.,0.));
#6791=DIRECTION('',(0.,0.,1.));
#6792=DIRECTION('',(0.,0.,1.));
#6793=DIRECTION('',(0.,0.,1.));
#6794=DIRECTION('center_axis',(0.,1.,0.));
#6795=DIRECTION('ref_axis',(0.,0.,1.));
#6796=DIRECTION('',(1.,0.,0.));
#6797=DIRECTION('',(0.,0.,1.));
#6798=DIRECTION('',(1.,0.,0.));
#6799=DIRECTION('',(0.,0.,1.));
#6800=DIRECTION('center_axis',(0.,0.,1.));
#6801=DIRECTION('ref_axis',(1.,0.,0.));
#6802=DIRECTION('center_axis',(0.,0.,1.));
#6803=DIRECTION('ref_axis',(1.,0.,0.));
#6804=DIRECTION('',(1.,-2.15921209892305E-16,0.));
#6805=DIRECTION('',(-1.,1.85075322764833E-16,0.));
#6806=DIRECTION('',(0.,1.,0.));
#6807=DIRECTION('',(0.,-1.,0.));
#6808=DIRECTION('',(-1.,2.77899478454934E-16,0.));
#6809=DIRECTION('',(0.,1.,0.));
#6810=DIRECTION('',(0.,-1.,0.));
#6811=DIRECTION('',(0.,0.,1.));
#6812=DIRECTION('',(0.,0.,1.));
#6813=DIRECTION('center_axis',(-1.,0.,0.));
#6814=DIRECTION('ref_axis',(0.,0.,1.));
#6815=DIRECTION('',(0.,1.,0.));
#6816=DIRECTION('',(0.,0.,1.));
#6817=DIRECTION('center_axis',(-1.85075322764833E-16,-1.,0.));
#6818=DIRECTION('ref_axis',(0.,0.,-1.));
#6819=DIRECTION('',(-1.,1.85075322764833E-16,0.));
#6820=DIRECTION('',(0.,0.,1.));
#6821=DIRECTION('',(0.,0.,1.));
#6822=DIRECTION('',(0.,0.,1.));
#6823=DIRECTION('center_axis',(2.15921209892305E-16,1.,0.));
#6824=DIRECTION('ref_axis',(0.,0.,1.));
#6825=DIRECTION('',(1.,-2.15921209892305E-16,0.));
#6826=DIRECTION('',(0.,0.,1.));
#6827=DIRECTION('',(0.,0.,1.));
#6828=DIRECTION('center_axis',(1.,0.,0.));
#6829=DIRECTION('ref_axis',(0.,0.,-1.));
#6830=DIRECTION('',(0.,-1.,0.));
#6831=DIRECTION('',(0.,0.,1.));
#6832=DIRECTION('',(0.,0.,1.));
#6833=DIRECTION('',(0.,0.,1.));
#6834=DIRECTION('center_axis',(-1.,0.,0.));
#6835=DIRECTION('ref_axis',(0.,0.,1.));
#6836=DIRECTION('',(0.,1.,0.));
#6837=DIRECTION('',(0.,0.,1.));
#6838=DIRECTION('center_axis',(-2.77899478454934E-16,-1.,0.));
#6839=DIRECTION('ref_axis',(0.,0.,-1.));
#6840=DIRECTION('',(-1.,2.77899478454934E-16,0.));
#6841=DIRECTION('',(0.,0.,1.));
#6842=DIRECTION('center_axis',(1.,0.,0.));
#6843=DIRECTION('ref_axis',(0.,0.,-1.));
#6844=DIRECTION('',(0.,-1.,0.));
#6845=DIRECTION('',(0.,0.,1.));
#6846=DIRECTION('',(0.,0.,1.));
#6847=DIRECTION('',(0.,0.,1.));
#6848=DIRECTION('center_axis',(-1.23383548509889E-16,-1.,0.));
#6849=DIRECTION('ref_axis',(0.,0.,-1.));
#6850=DIRECTION('',(-1.,1.23383548509889E-16,0.));
#6851=DIRECTION('',(0.,0.,1.));
#6852=DIRECTION('',(-1.,1.23383548509889E-16,0.));
#6853=DIRECTION('',(0.,0.,1.));
#6854=DIRECTION('',(0.,0.,1.));
#6855=DIRECTION('center_axis',(0.,1.,0.));
#6856=DIRECTION('ref_axis',(0.,0.,1.));
#6857=DIRECTION('',(1.,0.,0.));
#6858=DIRECTION('',(0.,0.,1.));
#6859=DIRECTION('',(1.,0.,0.));
#6860=DIRECTION('center_axis',(1.,0.,0.));
#6861=DIRECTION('ref_axis',(0.,0.,-1.));
#6862=DIRECTION('',(0.,-1.,0.));
#6863=DIRECTION('',(0.,0.,1.));
#6864=DIRECTION('',(0.,-1.,0.));
#6865=DIRECTION('center_axis',(0.,-1.,0.));
#6866=DIRECTION('ref_axis',(0.,0.,-1.));
#6867=DIRECTION('',(-1.,0.,0.));
#6868=DIRECTION('',(0.,0.,1.));
#6869=DIRECTION('',(-1.,0.,0.));
#6870=DIRECTION('',(0.,0.,1.));
#6871=DIRECTION('',(0.,0.,1.));
#6872=DIRECTION('center_axis',(2.46767097019777E-16,1.,0.));
#6873=DIRECTION('ref_axis',(0.,0.,1.));
#6874=DIRECTION('',(1.,-2.46767097019777E-16,0.));
#6875=DIRECTION('',(0.,0.,1.));
#6876=DIRECTION('',(1.,-2.46767097019777E-16,0.));
#6877=DIRECTION('',(0.,0.,1.));
#6878=DIRECTION('',(0.,0.,1.));
#6879=DIRECTION('center_axis',(-4.93534194039554E-16,-1.,0.));
#6880=DIRECTION('ref_axis',(0.,0.,-1.));
#6881=DIRECTION('',(-1.,4.93534194039554E-16,0.));
#6882=DIRECTION('',(0.,0.,1.));
#6883=DIRECTION('',(-1.,4.93534194039554E-16,0.));
#6884=DIRECTION('center_axis',(-1.,0.,0.));
#6885=DIRECTION('ref_axis',(0.,0.,1.));
#6886=DIRECTION('',(0.,1.,0.));
#6887=DIRECTION('',(0.,0.,1.));
#6888=DIRECTION('',(0.,1.,0.));
#6889=DIRECTION('center_axis',(4.93534194039554E-16,1.,0.));
#6890=DIRECTION('ref_axis',(0.,0.,1.));
#6891=DIRECTION('',(1.,-4.93534194039554E-16,0.));
#6892=DIRECTION('',(0.,0.,1.));
#6893=DIRECTION('',(1.,-4.93534194039554E-16,0.));
#6894=DIRECTION('center_axis',(0.,0.,1.));
#6895=DIRECTION('ref_axis',(1.,0.,0.));
#6896=DIRECTION('center_axis',(0.,0.,1.));
#6897=DIRECTION('ref_axis',(1.,0.,0.));
#6898=DIRECTION('',(-1.,0.,0.));
#6899=DIRECTION('',(1.,0.,0.));
#6900=DIRECTION('',(-1.,0.,0.));
#6901=DIRECTION('',(1.,0.,0.));
#6902=DIRECTION('center_axis',(0.,1.,0.));
#6903=DIRECTION('ref_axis',(0.,0.,1.));
#6904=DIRECTION('',(-1.,0.,0.));
#6905=DIRECTION('',(0.,0.,1.));
#6906=DIRECTION('',(0.,0.,1.));
#6907=DIRECTION('',(0.,0.,1.));
#6908=DIRECTION('',(0.,0.,1.));
#6909=DIRECTION('center_axis',(0.,-1.,0.));
#6910=DIRECTION('ref_axis',(0.,0.,-1.));
#6911=DIRECTION('',(-1.,0.,0.));
#6912=DIRECTION('',(0.,0.,1.));
#6913=DIRECTION('',(0.,0.,1.));
#6914=DIRECTION('',(0.,0.,1.));
#6915=DIRECTION('',(0.,0.,1.));
#6916=DIRECTION('',(0.,0.,1.));
#6917=DIRECTION('',(0.,0.,1.));
#6918=DIRECTION('center_axis',(0.,-1.,0.));
#6919=DIRECTION('ref_axis',(0.,0.,-1.));
#6920=DIRECTION('',(1.,0.,0.));
#6921=DIRECTION('center_axis',(0.,1.,0.));
#6922=DIRECTION('ref_axis',(0.,0.,1.));
#6923=DIRECTION('',(1.,0.,0.));
#6924=DIRECTION('',(0.,0.,1.));
#6925=DIRECTION('',(0.,0.,1.));
#6926=DIRECTION('',(0.,0.,1.));
#6927=DIRECTION('',(0.,0.,1.));
#6928=DIRECTION('',(0.,0.,1.));
#6929=DIRECTION('center_axis',(1.,-1.26983598996915E-15,0.));
#6930=DIRECTION('ref_axis',(0.,0.,-1.));
#6931=DIRECTION('',(-1.26983598996915E-15,-1.,0.));
#6932=DIRECTION('',(0.,0.,1.));
#6933=DIRECTION('',(-1.26983598996915E-15,-1.,0.));
#6934=DIRECTION('center_axis',(-1.30657251151301E-16,-1.,0.));
#6935=DIRECTION('ref_axis',(0.,0.,-1.));
#6936=DIRECTION('',(-1.,1.30657251151301E-16,0.));
#6937=DIRECTION('',(0.,0.,1.));
#6938=DIRECTION('',(-1.,1.30657251151301E-16,0.));
#6939=DIRECTION('',(0.,0.,1.));
#6940=DIRECTION('',(0.,0.,1.));
#6941=DIRECTION('center_axis',(1.23383548509889E-16,1.,0.));
#6942=DIRECTION('ref_axis',(0.,0.,1.));
#6943=DIRECTION('',(1.,-1.23383548509889E-16,0.));
#6944=DIRECTION('',(0.,0.,1.));
#6945=DIRECTION('',(1.,-1.23383548509889E-16,0.));
#6946=DIRECTION('',(0.,0.,1.));
#6947=DIRECTION('center_axis',(-1.,1.11073820932336E-15,0.));
#6948=DIRECTION('ref_axis',(0.,0.,1.));
#6949=DIRECTION('',(1.11073820932336E-15,1.,0.));
#6950=DIRECTION('',(1.11073820932336E-15,1.,0.));
#6951=DIRECTION('center_axis',(0.,0.,1.));
#6952=DIRECTION('ref_axis',(1.,0.,0.));
#6953=DIRECTION('center_axis',(0.,0.,1.));
#6954=DIRECTION('ref_axis',(1.,0.,0.));
#6955=DIRECTION('center_axis',(0.,0.,-1.));
#6956=DIRECTION('ref_axis',(1.,0.,0.));
#6957=DIRECTION('center_axis',(0.,0.,-1.));
#6958=DIRECTION('ref_axis',(1.,0.,0.));
#6959=DIRECTION('center_axis',(0.,0.,-1.));
#6960=DIRECTION('ref_axis',(1.,0.,0.));
#6961=DIRECTION('center_axis',(0.,0.,-1.));
#6962=DIRECTION('ref_axis',(1.,0.,0.));
#6963=DIRECTION('center_axis',(0.,0.,1.));
#6964=DIRECTION('ref_axis',(1.,0.,0.));
#6965=DIRECTION('center_axis',(-0.965925826289068,0.25881904510252,0.));
#6966=DIRECTION('ref_axis',(0.,0.,-1.));
#6967=DIRECTION('',(-0.965925826289069,0.25881904510252,0.));
#6968=DIRECTION('center_axis',(-0.707106781186547,-0.707106781186548,0.));
#6969=DIRECTION('ref_axis',(0.,0.,-1.));
#6970=DIRECTION('',(-0.707106781186547,-0.707106781186548,0.));
#6971=DIRECTION('center_axis',(0.258819045102521,-0.965925826289068,0.));
#6972=DIRECTION('ref_axis',(0.,0.,-1.));
#6973=DIRECTION('',(0.258819045102521,-0.965925826289068,0.));
#6974=DIRECTION('center_axis',(0.965925826289068,-0.258819045102521,0.));
#6975=DIRECTION('ref_axis',(0.,0.,-1.));
#6976=DIRECTION('',(0.965925826289068,-0.258819045102521,0.));
#6977=DIRECTION('center_axis',(0.707106781186548,0.707106781186547,0.));
#6978=DIRECTION('ref_axis',(0.,0.,-1.));
#6979=DIRECTION('',(0.707106781186548,0.707106781186547,0.));
#6980=DIRECTION('center_axis',(0.,0.,-1.));
#6981=DIRECTION('ref_axis',(-1.,0.,0.));
#6982=DIRECTION('center_axis',(0.,0.,1.));
#6983=DIRECTION('ref_axis',(-1.,0.,0.));
#6984=DIRECTION('center_axis',(0.,0.,1.));
#6985=DIRECTION('ref_axis',(-1.,0.,0.));
#6986=DIRECTION('',(0.,0.,1.));
#6987=DIRECTION('center_axis',(0.,0.,-1.));
#6988=DIRECTION('ref_axis',(-1.,0.,0.));
#6989=DIRECTION('center_axis',(0.,0.,-1.));
#6990=DIRECTION('ref_axis',(-1.,0.,0.));
#6991=DIRECTION('center_axis',(0.,0.,-1.));
#6992=DIRECTION('ref_axis',(-1.,0.,0.));
#6993=DIRECTION('center_axis',(0.,0.,1.));
#6994=DIRECTION('ref_axis',(-1.,0.,0.));
#6995=DIRECTION('center_axis',(0.,0.,1.));
#6996=DIRECTION('ref_axis',(-1.,0.,0.));
#6997=DIRECTION('',(0.,0.,1.));
#6998=DIRECTION('center_axis',(0.,0.,-1.));
#6999=DIRECTION('ref_axis',(-1.,0.,0.));
#7000=DIRECTION('center_axis',(0.,0.,-1.));
#7001=DIRECTION('ref_axis',(-1.,0.,0.));
#7002=DIRECTION('center_axis',(0.,0.,-1.));
#7003=DIRECTION('ref_axis',(-1.,0.,0.));
#7004=DIRECTION('center_axis',(0.,0.,1.));
#7005=DIRECTION('ref_axis',(-1.,0.,0.));
#7006=DIRECTION('center_axis',(0.,0.,1.));
#7007=DIRECTION('ref_axis',(-1.,0.,0.));
#7008=DIRECTION('',(0.,0.,1.));
#7009=DIRECTION('center_axis',(0.,0.,-1.));
#7010=DIRECTION('ref_axis',(-1.,0.,0.));
#7011=DIRECTION('center_axis',(0.,0.,-1.));
#7012=DIRECTION('ref_axis',(-1.,0.,0.));
#7013=DIRECTION('center_axis',(0.,0.,-1.));
#7014=DIRECTION('ref_axis',(-1.,0.,0.));
#7015=DIRECTION('center_axis',(0.,0.,-1.));
#7016=DIRECTION('ref_axis',(-1.,0.,0.));
#7017=DIRECTION('center_axis',(0.,0.,-1.));
#7018=DIRECTION('ref_axis',(-1.,0.,0.));
#7019=DIRECTION('center_axis',(0.,0.,1.));
#7020=DIRECTION('ref_axis',(-1.,0.,0.));
#7021=DIRECTION('center_axis',(0.,0.,1.));
#7022=DIRECTION('ref_axis',(-1.,0.,0.));
#7023=DIRECTION('',(0.,0.,1.));
#7024=DIRECTION('center_axis',(0.,0.,-1.));
#7025=DIRECTION('ref_axis',(-1.,0.,0.));
#7026=DIRECTION('center_axis',(0.,0.,-1.));
#7027=DIRECTION('ref_axis',(-1.,0.,0.));
#7028=DIRECTION('center_axis',(-0.258819045102521,0.965925826289068,0.));
#7029=DIRECTION('ref_axis',(0.,0.,-1.));
#7030=DIRECTION('',(-0.258819045102521,0.965925826289068,0.));
#7031=DIRECTION('center_axis',(0.,0.,-1.));
#7032=DIRECTION('ref_axis',(-1.,0.,0.));
#7033=DIRECTION('center_axis',(0.,0.,1.));
#7034=DIRECTION('ref_axis',(-1.,0.,0.));
#7035=DIRECTION('center_axis',(0.,0.,1.));
#7036=DIRECTION('ref_axis',(-1.,0.,0.));
#7037=DIRECTION('',(0.,0.,1.));
#7038=DIRECTION('center_axis',(0.,0.,-1.));
#7039=DIRECTION('ref_axis',(-1.,0.,0.));
#7040=DIRECTION('center_axis',(0.,0.,-1.));
#7041=DIRECTION('ref_axis',(-1.,0.,0.));
#7042=DIRECTION('center_axis',(0.,0.,-1.));
#7043=DIRECTION('ref_axis',(1.,0.,0.));
#7044=DIRECTION('center_axis',(0.,0.,1.));
#7045=DIRECTION('ref_axis',(1.,0.,0.));
#7046=DIRECTION('center_axis',(0.,0.,1.));
#7047=DIRECTION('ref_axis',(1.,0.,0.));
#7048=DIRECTION('',(0.707106781186547,-8.65956056235493E-17,0.707106781186547));
#7049=DIRECTION('center_axis',(0.,0.,-1.));
#7050=DIRECTION('ref_axis',(1.,0.,0.));
#7051=DIRECTION('center_axis',(0.,0.,1.));
#7052=DIRECTION('ref_axis',(1.,0.,0.));
#7053=DIRECTION('center_axis',(0.,0.,1.));
#7054=DIRECTION('ref_axis',(1.,0.,0.));
#7055=DIRECTION('center_axis',(0.,0.,-1.));
#7056=DIRECTION('ref_axis',(-1.,0.,0.));
#7057=DIRECTION('center_axis',(0.,0.,-1.));
#7058=DIRECTION('ref_axis',(1.,0.,0.));
#7059=DIRECTION('center_axis',(0.,0.,-1.));
#7060=DIRECTION('ref_axis',(1.,0.,0.));
#7061=DIRECTION('',(0.,0.,1.));
#7062=DIRECTION('',(0.,0.,1.));
#7063=DIRECTION('center_axis',(0.,0.,1.));
#7064=DIRECTION('ref_axis',(1.,0.,0.));
#7065=DIRECTION('',(0.707106781186547,8.65956056235493E-17,-0.707106781186547));
#7066=DIRECTION('center_axis',(0.,0.,-1.));
#7067=DIRECTION('ref_axis',(1.,0.,0.));
#7068=DIRECTION('center_axis',(0.,0.,-1.));
#7069=DIRECTION('ref_axis',(1.,0.,0.));
#7070=DIRECTION('center_axis',(0.,0.,-1.));
#7071=DIRECTION('ref_axis',(-1.,0.,0.));
#7072=DIRECTION('center_axis',(0.,0.,-1.));
#7073=DIRECTION('ref_axis',(1.,0.,0.));
#7074=DIRECTION('',(0.,0.,1.));
#7075=DIRECTION('',(0.,0.,1.));
#7076=DIRECTION('center_axis',(0.,0.,-1.));
#7077=DIRECTION('ref_axis',(1.,0.,0.));
#7078=DIRECTION('center_axis',(1.,1.83697019872103E-16,0.));
#7079=DIRECTION('ref_axis',(1.83697019872103E-16,-1.,0.));
#7080=DIRECTION('',(-0.707106781186547,-0.707106781186548,8.65956056235493E-17));
#7081=DIRECTION('center_axis',(-1.,-1.83697019872103E-16,0.));
#7082=DIRECTION('ref_axis',(1.83697019872103E-16,-1.,0.));
#7083=DIRECTION('center_axis',(-1.,-1.83697019872103E-16,0.));
#7084=DIRECTION('ref_axis',(1.83697019872103E-16,-1.,0.));
#7085=DIRECTION('center_axis',(-1.,-1.83697019872103E-16,0.));
#7086=DIRECTION('ref_axis',(1.83697019872103E-16,-1.,0.));
#7087=DIRECTION('',(-1.,-1.83697019872103E-16,0.));
#7088=DIRECTION('center_axis',(-1.22464679914735E-16,1.,0.));
#7089=DIRECTION('ref_axis',(1.,1.22464679914735E-16,0.));
#7090=DIRECTION('',(0.707106781186548,-0.707106781186547,8.65956056235493E-17));
#7091=DIRECTION('center_axis',(1.22464679914735E-16,-1.,0.));
#7092=DIRECTION('ref_axis',(1.,1.22464679914735E-16,0.));
#7093=DIRECTION('center_axis',(1.22464679914735E-16,-1.,0.));
#7094=DIRECTION('ref_axis',(1.,1.22464679914735E-16,0.));
#7095=DIRECTION('center_axis',(1.22464679914735E-16,-1.,0.));
#7096=DIRECTION('ref_axis',(1.,1.22464679914735E-16,0.));
#7097=DIRECTION('',(1.22464679914735E-16,-1.,0.));
#7098=DIRECTION('center_axis',(-1.,-6.12323399573677E-17,0.));
#7099=DIRECTION('ref_axis',(-6.12323399573677E-17,1.,0.));
#7100=DIRECTION('',(0.707106781186548,0.707106781186547,8.65956056235493E-17));
#7101=DIRECTION('center_axis',(1.,6.12323399573677E-17,0.));
#7102=DIRECTION('ref_axis',(-6.12323399573677E-17,1.,0.));
#7103=DIRECTION('center_axis',(1.,6.12323399573677E-17,0.));
#7104=DIRECTION('ref_axis',(-6.12323399573677E-17,1.,0.));
#7105=DIRECTION('center_axis',(1.,6.12323399573677E-17,0.));
#7106=DIRECTION('ref_axis',(-6.12323399573677E-17,1.,0.));
#7107=DIRECTION('',(1.,6.12323399573677E-17,0.));
#7108=DIRECTION('center_axis',(0.,-1.,0.));
#7109=DIRECTION('ref_axis',(-1.,0.,0.));
#7110=DIRECTION('',(-0.707106781186547,0.707106781186548,8.65956056235493E-17));
#7111=DIRECTION('center_axis',(0.,1.,0.));
#7112=DIRECTION('ref_axis',(-1.,0.,0.));
#7113=DIRECTION('center_axis',(0.,1.,0.));
#7114=DIRECTION('ref_axis',(-1.,0.,0.));
#7115=DIRECTION('center_axis',(0.,1.,0.));
#7116=DIRECTION('ref_axis',(-1.,0.,0.));
#7117=DIRECTION('',(0.,1.,0.));
#7118=DIRECTION('center_axis',(0.,0.,1.));
#7119=DIRECTION('ref_axis',(1.,0.,0.));
#7120=DIRECTION('center_axis',(0.,0.,1.));
#7121=DIRECTION('ref_axis',(1.,0.,0.));
#7122=DIRECTION('',(-0.342020143325669,4.18853873767699E-17,0.939692620785908));
#7123=DIRECTION('center_axis',(0.,0.,-1.));
#7124=DIRECTION('ref_axis',(1.,0.,0.));
#7125=DIRECTION('center_axis',(0.,0.,-1.));
#7126=DIRECTION('ref_axis',(1.,0.,0.));
#7127=DIRECTION('center_axis',(0.,0.,-1.));
#7128=DIRECTION('ref_axis',(-1.,0.,0.));
#7129=DIRECTION('',(0.,0.,1.));
#7130=DIRECTION('center_axis',(0.,0.,-1.));
#7131=DIRECTION('ref_axis',(1.,0.,0.));
#7132=DIRECTION('center_axis',(0.,0.,-1.));
#7133=DIRECTION('ref_axis',(1.,0.,0.));
#7134=DIRECTION('center_axis',(0.,0.,-1.));
#7135=DIRECTION('ref_axis',(-1.,0.,0.));
#7136=DIRECTION('center_axis',(0.,0.,-1.));
#7137=DIRECTION('ref_axis',(1.,0.,0.));
#7138=DIRECTION('center_axis',(0.,0.,-1.));
#7139=DIRECTION('ref_axis',(1.,0.,0.));
#7140=DIRECTION('center_axis',(0.,0.,1.));
#7141=DIRECTION('ref_axis',(1.,0.,0.));
#7142=DIRECTION('center_axis',(0.,0.,1.));
#7143=DIRECTION('ref_axis',(1.,0.,0.));
#7144=DIRECTION('',(-0.342020143325669,4.18853873767699E-17,0.939692620785908));
#7145=DIRECTION('center_axis',(0.,0.,-1.));
#7146=DIRECTION('ref_axis',(1.,0.,0.));
#7147=DIRECTION('center_axis',(0.,0.,-1.));
#7148=DIRECTION('ref_axis',(1.,0.,0.));
#7149=DIRECTION('center_axis',(0.,0.,-1.));
#7150=DIRECTION('ref_axis',(-1.,0.,0.));
#7151=DIRECTION('',(0.,0.,1.));
#7152=DIRECTION('center_axis',(0.,0.,-1.));
#7153=DIRECTION('ref_axis',(1.,0.,0.));
#7154=DIRECTION('center_axis',(0.,0.,-1.));
#7155=DIRECTION('ref_axis',(1.,0.,0.));
#7156=DIRECTION('',(0.,0.,-1.));
#7157=DIRECTION('',(0.,0.,1.));
#7158=DIRECTION('',(0.,0.,-1.));
#7159=DIRECTION('',(0.,0.,1.));
#7160=DIRECTION('center_axis',(0.,0.,-1.));
#7161=DIRECTION('ref_axis',(-1.,0.,0.));
#7162=DIRECTION('center_axis',(0.,0.,-1.));
#7163=DIRECTION('ref_axis',(1.,0.,0.));
#7164=DIRECTION('center_axis',(0.,0.,-1.));
#7165=DIRECTION('ref_axis',(1.,0.,0.));
#7166=DIRECTION('center_axis',(0.,0.,-1.));
#7167=DIRECTION('ref_axis',(-1.,0.,0.));
#7168=DIRECTION('',(-0.857167300702112,1.04972719113862E-16,0.515038074910054));
#7169=DIRECTION('center_axis',(0.,0.,-1.));
#7170=DIRECTION('ref_axis',(-1.,0.,0.));
#7171=DIRECTION('',(-0.857167300702112,1.04972719113862E-16,0.515038074910054));
#7172=DIRECTION('center_axis',(0.,0.,-1.));
#7173=DIRECTION('ref_axis',(-1.,0.,0.));
#7174=DIRECTION('',(-0.857167300702112,1.04972719113862E-16,0.515038074910054));
#7175=DIRECTION('center_axis',(0.,0.,-1.));
#7176=DIRECTION('ref_axis',(-1.,0.,0.));
#7177=DIRECTION('',(-0.857167300702112,1.04972719113862E-16,0.515038074910054));
#7178=DIRECTION('center_axis',(0.,0.,-1.));
#7179=DIRECTION('ref_axis',(-1.,0.,0.));
#7180=DIRECTION('',(-0.857167300702112,1.04972719113862E-16,0.515038074910054));
#7181=DIRECTION('center_axis',(0.,0.,-1.));
#7182=DIRECTION('ref_axis',(-1.,0.,0.));
#7183=DIRECTION('',(-0.857167300702112,1.04972719113862E-16,0.515038074910054));
#7184=DIRECTION('',(0.499999999999999,0.866025403784439,0.));
#7185=DIRECTION('',(0.500000000000002,-0.866025403784437,0.));
#7186=DIRECTION('center_axis',(1.22464679914735E-16,-1.,0.));
#7187=DIRECTION('ref_axis',(-1.,-1.22464679914735E-16,0.));
#7188=DIRECTION('',(1.22464679914735E-16,-1.,0.));
#7189=DIRECTION('',(1.22464679914735E-16,-1.,0.));
#7190=DIRECTION('',(0.500000000000002,-0.866025403784437,0.));
#7191=DIRECTION('',(0.499999999999999,0.866025403784439,0.));
#7192=DIRECTION('center_axis',(1.22464679914735E-16,-1.,0.));
#7193=DIRECTION('ref_axis',(1.,1.22464679914735E-16,0.));
#7194=DIRECTION('',(1.22464679914735E-16,-1.,0.));
#7195=DIRECTION('',(1.22464679914735E-16,-1.,0.));
#7196=DIRECTION('center_axis',(-0.866025403784437,-0.500000000000002,3.3739906286489E-17));
#7197=DIRECTION('ref_axis',(0.500000000000002,-0.866025403784437,0.));
#7198=DIRECTION('',(4.44089209850063E-16,-8.36664887126399E-16,-1.));
#7199=DIRECTION('center_axis',(0.866025403784439,-0.5,3.37399062864888E-17));
#7200=DIRECTION('ref_axis',(0.499999999999999,0.866025403784439,0.));
#7201=DIRECTION('',(-8.26389364745605E-33,6.74798125729777E-17,1.));
#7202=DIRECTION('center_axis',(-1.,-1.22464679914735E-16,-4.44089209850063E-16));
#7203=DIRECTION('ref_axis',(4.44089209850063E-16,5.43852429378756E-32,-1.));
#7204=DIRECTION('',(0.,0.,1.));
#7205=DIRECTION('center_axis',(1.,1.22464679914735E-16,0.));
#7206=DIRECTION('ref_axis',(0.,0.,1.));
#7207=DIRECTION('',(0.,0.,-1.));
#7208=DIRECTION('center_axis',(0.,0.,-1.));
#7209=DIRECTION('ref_axis',(0.493818117026111,0.869565217391304,0.));
#7210=DIRECTION('center_axis',(0.,0.,-1.));
#7211=DIRECTION('ref_axis',(1.,0.,0.));
#7212=DIRECTION('center_axis',(0.,0.,-1.));
#7213=DIRECTION('ref_axis',(1.,0.,0.));
#7214=DIRECTION('center_axis',(0.,0.,-1.));
#7215=DIRECTION('ref_axis',(-1.,0.,0.));
#7216=DIRECTION('center_axis',(0.,0.,-1.));
#7217=DIRECTION('ref_axis',(1.,0.,0.));
#7218=DIRECTION('center_axis',(0.,0.,-1.));
#7219=DIRECTION('ref_axis',(1.,0.,0.));
#7220=DIRECTION('',(-0.5,-0.866025403784439,0.));
#7221=DIRECTION('',(-0.500000000000002,0.866025403784437,0.));
#7222=DIRECTION('',(-0.500000000000002,0.866025403784437,0.));
#7223=DIRECTION('',(-0.5,-0.866025403784439,0.));
#7224=DIRECTION('center_axis',(0.,1.,0.));
#7225=DIRECTION('ref_axis',(-1.,0.,0.));
#7226=DIRECTION('',(0.,1.,0.));
#7227=DIRECTION('',(0.,1.,0.));
#7228=DIRECTION('center_axis',(0.866025403784437,0.500000000000002,3.3739906286489E-17));
#7229=DIRECTION('ref_axis',(-0.500000000000002,0.866025403784437,0.));
#7230=DIRECTION('',(4.44089209850063E-16,-8.36664887126399E-16,1.));
#7231=DIRECTION('center_axis',(-0.866025403784439,0.5,3.37399062864888E-17));
#7232=DIRECTION('ref_axis',(-0.5,-0.866025403784439,0.));
#7233=DIRECTION('',(0.,6.74798125729777E-17,-1.));
#7234=DIRECTION('center_axis',(1.,0.,-4.44089209850063E-16));
#7235=DIRECTION('ref_axis',(-4.44089209850063E-16,0.,-1.));
#7236=DIRECTION('',(0.,1.,0.));
#7237=DIRECTION('',(0.,0.,1.));
#7238=DIRECTION('center_axis',(-1.,0.,0.));
#7239=DIRECTION('ref_axis',(0.,0.,1.));
#7240=DIRECTION('',(0.,0.,-1.));
#7241=DIRECTION('',(0.,1.,0.));
#7242=DIRECTION('center_axis',(0.,1.,0.));
#7243=DIRECTION('ref_axis',(1.,0.,0.));
#7244=DIRECTION('center_axis',(0.,0.,-1.));
#7245=DIRECTION('ref_axis',(-1.,0.,0.));
#7246=DIRECTION('',(0.,0.,1.));
#7247=DIRECTION('center_axis',(0.,0.,-1.));
#7248=DIRECTION('ref_axis',(-1.,0.,0.));
#7249=DIRECTION('center_axis',(0.,0.,-1.));
#7250=DIRECTION('ref_axis',(1.,0.,0.));
#7251=DIRECTION('center_axis',(0.,0.,-1.));
#7252=DIRECTION('ref_axis',(1.,0.,0.));
#7253=DIRECTION('center_axis',(0.,0.,-1.));
#7254=DIRECTION('ref_axis',(-1.,0.,0.));
#7255=DIRECTION('center_axis',(-1.22464679914735E-16,-1.,0.));
#7256=DIRECTION('ref_axis',(1.,-1.22464679914735E-16,0.));
#7257=DIRECTION('center_axis',(0.,0.,-1.));
#7258=DIRECTION('ref_axis',(1.,0.,0.));
#7259=DIRECTION('center_axis',(0.,0.,-1.));
#7260=DIRECTION('ref_axis',(1.,0.,0.));
#7261=DIRECTION('center_axis',(0.,0.,-1.));
#7262=DIRECTION('ref_axis',(-1.,0.,0.));
#7263=DIRECTION('center_axis',(0.,0.,-1.));
#7264=DIRECTION('ref_axis',(1.,0.,0.));
#7265=DIRECTION('center_axis',(0.,0.,-1.));
#7266=DIRECTION('ref_axis',(1.,0.,0.));
#7267=DIRECTION('',(0.,0.,1.));
#7268=DIRECTION('center_axis',(0.,0.,-1.));
#7269=DIRECTION('ref_axis',(-1.,0.,0.));
#7270=DIRECTION('center_axis',(-1.22464679914735E-16,-1.,0.));
#7271=DIRECTION('ref_axis',(1.,-1.22464679914735E-16,0.));
#7272=DIRECTION('center_axis',(0.,0.,-1.));
#7273=DIRECTION('ref_axis',(1.,0.,0.));
#7274=DIRECTION('center_axis',(0.,0.,-1.));
#7275=DIRECTION('ref_axis',(1.,0.,0.));
#7276=DIRECTION('center_axis',(0.,0.,1.));
#7277=DIRECTION('ref_axis',(1.,0.,0.));
#7278=DIRECTION('center_axis',(0.,0.,-1.));
#7279=DIRECTION('ref_axis',(-1.,0.,0.));
#7280=DIRECTION('center_axis',(-1.22464679914735E-16,-1.,0.));
#7281=DIRECTION('ref_axis',(1.,-1.22464679914735E-16,0.));
#7282=DIRECTION('center_axis',(0.,0.,-1.));
#7283=DIRECTION('ref_axis',(-1.,0.,0.));
#7284=DIRECTION('center_axis',(0.,0.,-1.));
#7285=DIRECTION('ref_axis',(1.,0.,0.));
#7286=DIRECTION('center_axis',(0.,0.,-1.));
#7287=DIRECTION('ref_axis',(1.,0.,0.));
#7288=DIRECTION('center_axis',(0.,0.,-1.));
#7289=DIRECTION('ref_axis',(-1.,0.,0.));
#7290=DIRECTION('',(0.,0.,1.));
#7291=DIRECTION('center_axis',(0.,0.,1.));
#7292=DIRECTION('ref_axis',(1.,0.,0.));
#7293=DIRECTION('center_axis',(0.,0.,-1.));
#7294=DIRECTION('ref_axis',(-1.,0.,0.));
#7295=DIRECTION('center_axis',(-1.22464679914735E-16,-1.,0.));
#7296=DIRECTION('ref_axis',(1.,-1.22464679914735E-16,0.));
#7297=CARTESIAN_POINT('',(0.,0.,0.));
#7298=CARTESIAN_POINT('Origin',(0.,0.,8.55));
#7299=CARTESIAN_POINT('',(28.,0.,19.));
#7300=CARTESIAN_POINT('',(28.,-3.42901103761259E-15,22.6));
#7301=CARTESIAN_POINT('',(28.,-3.42901103761259E-15,8.55));
#7302=CARTESIAN_POINT('',(25.7435595774163,-11.0122268540027,22.6));
#7303=CARTESIAN_POINT('Ctrl Pts',(28.,0.,19.));
#7304=CARTESIAN_POINT('Ctrl Pts',(28.,-2.34887940058914,19.8877929648059));
#7305=CARTESIAN_POINT('Ctrl Pts',(27.6879723202098,-4.89802192988453,20.8597454769333));
#7306=CARTESIAN_POINT('Ctrl Pts',(26.672550244103,-8.61490786063477,22.0199253214795));
#7307=CARTESIAN_POINT('Ctrl Pts',(26.2472568873429,-9.83472098902259,22.3560482586552));
#7308=CARTESIAN_POINT('Ctrl Pts',(25.7435595774163,-11.0122268540027,22.6));
#7309=CARTESIAN_POINT('Origin',(0.,0.,22.6));
#7310=CARTESIAN_POINT('Origin',(35.7392555726955,-9.57630466879326,5.));
#7311=CARTESIAN_POINT('',(34.1182555726955,-9.57630466879326,1.38777878078145E-16));
#7312=CARTESIAN_POINT('',(37.3602555726955,-9.57630466879326,0.));
#7313=CARTESIAN_POINT('Origin',(35.7392555726955,-9.57630466879326,0.));
#7314=CARTESIAN_POINT('Origin',(35.7392555726955,-9.57630466879326,0.));
#7315=CARTESIAN_POINT('',(37.3602555726955,-9.57630466880189,8.09226577181052));
#7316=CARTESIAN_POINT('',(37.3602555726955,-9.57630466879326,5.));
#7317=CARTESIAN_POINT('',(37.3602555726955,-9.57630466880189,9.90773422818948));
#7318=CARTESIAN_POINT('Ctrl Pts',(37.3602555726955,-9.57630466881052,8.09226577181052));
#7319=CARTESIAN_POINT('Ctrl Pts',(37.3602555726967,-9.46237504690992,8.1431286541826));
#7320=CARTESIAN_POINT('Ctrl Pts',(37.3477498944966,-9.35701044707386,8.21391735436301));
#7321=CARTESIAN_POINT('Ctrl Pts',(37.3129550303911,-9.17568799132652,8.38005582375327));
#7322=CARTESIAN_POINT('Ctrl Pts',(37.2868332117331,-9.08993603762698,8.48998874573537));
#7323=CARTESIAN_POINT('Ctrl Pts',(37.2447655570982,-8.9721596761973,8.7345667411434));
#7324=CARTESIAN_POINT('Ctrl Pts',(37.2303934592999,-8.94057768090228,8.86969257459499));
#7325=CARTESIAN_POINT('Ctrl Pts',(37.2303934592999,-8.94057768090228,9.13030742540501));
#7326=CARTESIAN_POINT('Ctrl Pts',(37.2447655570982,-8.9721596761973,9.2654332588566));
#7327=CARTESIAN_POINT('Ctrl Pts',(37.2868332117331,-9.08993603762698,9.51001125426463));
#7328=CARTESIAN_POINT('Ctrl Pts',(37.3129550303911,-9.17568799132652,9.61994417624673));
#7329=CARTESIAN_POINT('Ctrl Pts',(37.3477498944965,-9.35701044707386,9.78608264563699));
#7330=CARTESIAN_POINT('Ctrl Pts',(37.3602555726967,-9.46237504690993,9.85687134581741));
#7331=CARTESIAN_POINT('Ctrl Pts',(37.3602555726955,-9.57630466881052,9.90773422818948));
#7332=CARTESIAN_POINT('',(37.3602555726955,-9.57630466879326,10.));
#7333=CARTESIAN_POINT('',(37.3602555726955,-9.57630466879326,5.));
#7334=CARTESIAN_POINT('',(37.3050213371101,-9.99585034090445,10.));
#7335=CARTESIAN_POINT('Origin',(35.7392555726955,-9.57630466879326,10.));
#7336=CARTESIAN_POINT('Ctrl Pts',(37.3050213371101,-9.99585034090445,10.));
#7337=CARTESIAN_POINT('Ctrl Pts',(37.2715449767551,-10.1207858186017,10.));
#7338=CARTESIAN_POINT('Ctrl Pts',(37.2202033152461,-10.2474375418035,9.97341093913773));
#7339=CARTESIAN_POINT('Ctrl Pts',(37.0982372951487,-10.4689379655808,9.87013744174444));
#7340=CARTESIAN_POINT('Ctrl Pts',(37.0280885774924,-10.5641279222051,9.79362409769189));
#7341=CARTESIAN_POINT('Ctrl Pts',(36.9018109422483,-10.710098617507,9.61994417624673));
#7342=CARTESIAN_POINT('Ctrl Pts',(36.8363128068477,-10.7713010785059,9.51001125426463));
#7343=CARTESIAN_POINT('Ctrl Pts',(36.7409929685414,-10.8522645721519,9.26543325885659));
#7344=CARTESIAN_POINT('Ctrl Pts',(36.7127553690949,-10.8724293334804,9.13030742540501));
#7345=CARTESIAN_POINT('Ctrl Pts',(36.7127553690949,-10.8724293334804,9.));
#7346=CARTESIAN_POINT('Ctrl Pts',(36.7127553690949,-10.8724293334804,8.86969257459499));
#7347=CARTESIAN_POINT('Ctrl Pts',(36.7409929685414,-10.8522645721519,8.73456674114341));
#7348=CARTESIAN_POINT('Ctrl Pts',(36.8363128068477,-10.7713010785059,8.48998874573537));
#7349=CARTESIAN_POINT('Ctrl Pts',(36.9018109422483,-10.710098617507,8.38005582375327));
#7350=CARTESIAN_POINT('Ctrl Pts',(37.0280885774924,-10.5641279222051,8.20637590230811));
#7351=CARTESIAN_POINT('Ctrl Pts',(37.0982372951487,-10.4689379655808,8.12986255825557));
#7352=CARTESIAN_POINT('Ctrl Pts',(37.2202033152461,-10.2474375418035,8.02658906086227));
#7353=CARTESIAN_POINT('Ctrl Pts',(37.2715449767551,-10.1207858186017,8.));
#7354=CARTESIAN_POINT('Ctrl Pts',(37.3384976974651,-9.87091486320722,8.));
#7355=CARTESIAN_POINT('Ctrl Pts',(37.3573603759266,-9.73556042272682,8.02658906086227));
#7356=CARTESIAN_POINT('Ctrl Pts',(37.3601459912773,-9.598138167288,8.08272682831789));
#7357=CARTESIAN_POINT('Ctrl Pts',(37.3602555726954,-9.58718387585908,8.08740884505888));
#7358=CARTESIAN_POINT('Ctrl Pts',(37.3602555726955,-9.57630466881052,8.09226577181052));
#7359=CARTESIAN_POINT('Origin',(-32.1,0.,37.8));
#7360=CARTESIAN_POINT('',(-12.6948051948052,-15.4986081074695,37.8));
#7361=CARTESIAN_POINT('',(-12.5,-15.744433710438,37.8));
#7362=CARTESIAN_POINT('Ctrl Pts',(-12.6948051948052,-15.4986081074695,37.8));
#7363=CARTESIAN_POINT('Ctrl Pts',(-12.5649350649351,-15.5295295669624,37.8));
#7364=CARTESIAN_POINT('Ctrl Pts',(-12.5,-15.6114714346186,37.8));
#7365=CARTESIAN_POINT('Ctrl Pts',(-12.5,-15.744433710438,37.8));
#7366=CARTESIAN_POINT('',(-16.3126159554731,-14.6961962336291,37.8));
#7367=CARTESIAN_POINT('',(-25.3895568217474,-12.6829772979041,37.8));
#7368=CARTESIAN_POINT('',(-14.2068645640074,-13.9958251761152,37.8));
#7369=CARTESIAN_POINT('',(-20.1666484690945,-15.9780440520362,37.8));
#7370=CARTESIAN_POINT('',(-14.0027829313544,-13.7453613542228,37.8));
#7371=CARTESIAN_POINT('Ctrl Pts',(-14.0027829313544,-13.7453613542228,37.8));
#7372=CARTESIAN_POINT('Ctrl Pts',(-14.0027829313544,-13.865955046245,37.8));
#7373=CARTESIAN_POINT('Ctrl Pts',(-14.0708101422387,-13.9494429868758,37.8));
#7374=CARTESIAN_POINT('Ctrl Pts',(-14.2068645640074,-13.9958251761152,37.8));
#7375=CARTESIAN_POINT('',(-14.2068645640074,-13.4995357512543,37.8));
#7376=CARTESIAN_POINT('Ctrl Pts',(-14.2068645640074,-13.4995357512543,37.8));
#7377=CARTESIAN_POINT('Ctrl Pts',(-14.0708101422387,-13.5428257945444,37.8));
#7378=CARTESIAN_POINT('Ctrl Pts',(-14.0027829313544,-13.6247676622005,37.8));
#7379=CARTESIAN_POINT('Ctrl Pts',(-14.0027829313544,-13.7453613542228,37.8));
#7380=CARTESIAN_POINT('',(-16.317254174397,-12.7945264748165,37.8));
#7381=CARTESIAN_POINT('',(-25.3389168191392,-9.7806963165729,37.8));
#7382=CARTESIAN_POINT('',(-12.6948051948052,-11.992114600976,37.8));
#7383=CARTESIAN_POINT('',(-20.6775221059069,-13.7603732765466,37.8));
#7384=CARTESIAN_POINT('',(-12.5,-11.7462889980076,37.8));
#7385=CARTESIAN_POINT('Ctrl Pts',(-12.5,-11.7462889980076,37.8));
#7386=CARTESIAN_POINT('Ctrl Pts',(-12.5,-11.879251273827,37.8));
#7387=CARTESIAN_POINT('Ctrl Pts',(-12.5649350649351,-11.9611931414831,37.8));
#7388=CARTESIAN_POINT('Ctrl Pts',(-12.6948051948052,-11.992114600976,37.8));
#7389=CARTESIAN_POINT('',(-12.7504638218924,-11.4958251761152,37.8));
#7390=CARTESIAN_POINT('Ctrl Pts',(-12.7504638218924,-11.4958251761152,37.8));
#7391=CARTESIAN_POINT('Ctrl Pts',(-12.5834879406308,-11.4958251761152,37.8));
#7392=CARTESIAN_POINT('Ctrl Pts',(-12.5,-11.579313116746,37.8));
#7393=CARTESIAN_POINT('Ctrl Pts',(-12.5,-11.7462889980076,37.8));
#7394=CARTESIAN_POINT('',(-12.8061224489796,-11.5004633950391,37.8));
#7395=CARTESIAN_POINT('Ctrl Pts',(-12.8061224489796,-11.5004633950391,37.8));
#7396=CARTESIAN_POINT('Ctrl Pts',(-12.7844774273346,-11.4973712490898,37.8));
#7397=CARTESIAN_POINT('Ctrl Pts',(-12.7659245516388,-11.4958251761152,37.8));
#7398=CARTESIAN_POINT('Ctrl Pts',(-12.7504638218924,-11.4958251761152,37.8));
#7399=CARTESIAN_POINT('',(-17.2820037105751,-12.4976804636847,37.8));
#7400=CARTESIAN_POINT('',(-23.0142316201443,-13.7748089616716,37.8));
#7401=CARTESIAN_POINT('',(-17.5,-12.7435060666532,37.8));
#7402=CARTESIAN_POINT('Ctrl Pts',(-17.5,-12.7435060666532,37.8));
#7403=CARTESIAN_POINT('Ctrl Pts',(-17.5,-12.6136359367831,37.8));
#7404=CARTESIAN_POINT('Ctrl Pts',(-17.4273345701917,-12.5316940691269,37.8));
#7405=CARTESIAN_POINT('Ctrl Pts',(-17.2820037105751,-12.4976804636847,37.8));
#7406=CARTESIAN_POINT('',(-17.2820037105751,-12.9986081074695,37.8));
#7407=CARTESIAN_POINT('Ctrl Pts',(-17.2820037105751,-12.9986081074695,37.8));
#7408=CARTESIAN_POINT('Ctrl Pts',(-17.4273345701917,-12.9491337722809,37.8));
#7409=CARTESIAN_POINT('Ctrl Pts',(-17.5,-12.8640997586755,37.8));
#7410=CARTESIAN_POINT('Ctrl Pts',(-17.5,-12.7435060666532,37.8));
#7411=CARTESIAN_POINT('',(-15.0371057513915,-13.7453613542228,37.8));
#7412=CARTESIAN_POINT('',(-24.7769730211126,-10.5054468285511,37.8));
#7413=CARTESIAN_POINT('',(-17.2820037105751,-14.492114600976,37.8));
#7414=CARTESIAN_POINT('',(-21.7826340518602,-15.9892251070646,37.8));
#7415=CARTESIAN_POINT('',(-17.5,-14.7425784228684,37.8));
#7416=CARTESIAN_POINT('Ctrl Pts',(-17.5,-14.7425784228684,37.8));
#7417=CARTESIAN_POINT('Ctrl Pts',(-17.5,-14.6250768767954,37.8));
#7418=CARTESIAN_POINT('Ctrl Pts',(-17.4273345701917,-14.5415889361646,37.8));
#7419=CARTESIAN_POINT('Ctrl Pts',(-17.2820037105751,-14.492114600976,37.8));
#7420=CARTESIAN_POINT('',(-17.291280148423,-14.9884040258369,37.8));
#7421=CARTESIAN_POINT('Ctrl Pts',(-17.291280148423,-14.9884040258369,37.8));
#7422=CARTESIAN_POINT('Ctrl Pts',(-17.430426716141,-14.9605747122933,37.8));
#7423=CARTESIAN_POINT('Ctrl Pts',(-17.5,-14.8786328446371,37.8));
#7424=CARTESIAN_POINT('Ctrl Pts',(-17.5,-14.7425784228684,37.8));
#7425=CARTESIAN_POINT('',(-12.8061224489796,-15.9856210944825,37.8));
#7426=CARTESIAN_POINT('',(-23.692028091289,-13.565280129543,37.8));
#7427=CARTESIAN_POINT('',(-12.7504638218924,-15.9948975323304,37.8));
#7428=CARTESIAN_POINT('Ctrl Pts',(-12.7504638218924,-15.9948975323304,37.8));
#7429=CARTESIAN_POINT('Ctrl Pts',(-12.7659245516388,-15.9948975323304,37.8));
#7430=CARTESIAN_POINT('Ctrl Pts',(-12.7844774273346,-15.9918053863811,37.8));
#7431=CARTESIAN_POINT('Ctrl Pts',(-12.8061224489796,-15.9856210944825,37.8));
#7432=CARTESIAN_POINT('Ctrl Pts',(-12.5,-15.744433710438,37.8));
#7433=CARTESIAN_POINT('Ctrl Pts',(-12.5,-15.9114095916996,37.8));
#7434=CARTESIAN_POINT('Ctrl Pts',(-12.5834879406308,-15.9948975323304,37.8));
#7435=CARTESIAN_POINT('Ctrl Pts',(-12.7504638218924,-15.9948975323304,37.8));
#7436=CARTESIAN_POINT('Ctrl Pts',(-12.7504638218924,-11.4958251761152,-96.7369151290948));
#7437=CARTESIAN_POINT('Ctrl Pts',(-12.7504638218924,-11.4958251761152,172.736915129095));
#7438=CARTESIAN_POINT('Ctrl Pts',(-12.7736549165121,-11.4958251761152,-96.7369151290948));
#7439=CARTESIAN_POINT('Ctrl Pts',(-12.7736549165121,-11.4958251761152,172.736915129095));
#7440=CARTESIAN_POINT('Ctrl Pts',(-12.8061224489796,-11.5004633950391,-96.7369151290948));
#7441=CARTESIAN_POINT('Ctrl Pts',(-12.8061224489796,-11.5004633950391,172.736915129095));
#7442=CARTESIAN_POINT('',(-12.8061224489796,-11.5004633950391,38.));
#7443=CARTESIAN_POINT('',(-12.7504638218924,-11.4958251761152,38.));
#7444=CARTESIAN_POINT('Ctrl Pts',(-12.8061224489796,-11.5004633950391,38.));
#7445=CARTESIAN_POINT('Ctrl Pts',(-12.7736549165121,-11.4958251761152,38.));
#7446=CARTESIAN_POINT('Ctrl Pts',(-12.7504638218924,-11.4958251761152,38.));
#7447=CARTESIAN_POINT('',(-12.8061224489796,-11.5004633950391,-96.7369151290948));
#7448=CARTESIAN_POINT('',(-12.7504638218924,-11.4958251761152,-96.7369151290948));
#7449=CARTESIAN_POINT('Ctrl Pts',(-12.5,-11.7462889980076,-96.7369151290948));
#7450=CARTESIAN_POINT('Ctrl Pts',(-12.5,-11.7462889980076,172.736915129095));
#7451=CARTESIAN_POINT('Ctrl Pts',(-12.5,-11.4958251761152,-96.7369151290948));
#7452=CARTESIAN_POINT('Ctrl Pts',(-12.5,-11.4958251761152,172.736915129095));
#7453=CARTESIAN_POINT('Ctrl Pts',(-12.7504638218924,-11.4958251761152,-96.7369151290948));
#7454=CARTESIAN_POINT('Ctrl Pts',(-12.7504638218924,-11.4958251761152,172.736915129095));
#7455=CARTESIAN_POINT('',(-12.5,-11.7462889980076,38.));
#7456=CARTESIAN_POINT('Ctrl Pts',(-12.7504638218924,-11.4958251761152,38.));
#7457=CARTESIAN_POINT('Ctrl Pts',(-12.5,-11.4958251761152,38.));
#7458=CARTESIAN_POINT('Ctrl Pts',(-12.5,-11.7462889980076,38.));
#7459=CARTESIAN_POINT('',(-12.5,-11.7462889980076,-96.7369151290948));
#7460=CARTESIAN_POINT('Ctrl Pts',(-12.6948051948052,-11.992114600976,-96.7369151290948));
#7461=CARTESIAN_POINT('Ctrl Pts',(-12.6948051948052,-11.992114600976,172.736915129095));
#7462=CARTESIAN_POINT('Ctrl Pts',(-12.5,-11.9457324117367,-96.7369151290948));
#7463=CARTESIAN_POINT('Ctrl Pts',(-12.5,-11.9457324117367,172.736915129095));
#7464=CARTESIAN_POINT('Ctrl Pts',(-12.5,-11.7462889980076,-96.7369151290948));
#7465=CARTESIAN_POINT('Ctrl Pts',(-12.5,-11.7462889980076,172.736915129095));
#7466=CARTESIAN_POINT('',(-12.6948051948052,-11.992114600976,38.));
#7467=CARTESIAN_POINT('Ctrl Pts',(-12.5,-11.7462889980076,38.));
#7468=CARTESIAN_POINT('Ctrl Pts',(-12.5,-11.9457324117367,38.));
#7469=CARTESIAN_POINT('Ctrl Pts',(-12.6948051948052,-11.992114600976,38.));
#7470=CARTESIAN_POINT('',(-12.6948051948052,-11.992114600976,-96.7369151290948));
#7471=CARTESIAN_POINT('Origin',(-12.6948051948052,-11.992114600976,-96.7369151290948));
#7472=CARTESIAN_POINT('',(-16.317254174397,-12.7945264748165,38.));
#7473=CARTESIAN_POINT('',(-20.6775221059069,-13.7603732765466,38.));
#7474=CARTESIAN_POINT('',(-16.317254174397,-12.7945264748165,-96.7369151290948));
#7475=CARTESIAN_POINT('Origin',(-16.317254174397,-12.7945264748165,-96.7369151290948));
#7476=CARTESIAN_POINT('',(-14.2068645640074,-13.4995357512543,38.));
#7477=CARTESIAN_POINT('',(-25.3389168191392,-9.7806963165729,38.));
#7478=CARTESIAN_POINT('',(-14.2068645640074,-13.4995357512543,-96.7369151290948));
#7479=CARTESIAN_POINT('Ctrl Pts',(-14.0027829313544,-13.7453613542228,-96.7369151290948));
#7480=CARTESIAN_POINT('Ctrl Pts',(-14.0027829313544,-13.7453613542228,172.736915129095));
#7481=CARTESIAN_POINT('Ctrl Pts',(-14.0027829313544,-13.5644708161894,-96.7369151290948));
#7482=CARTESIAN_POINT('Ctrl Pts',(-14.0027829313544,-13.5644708161894,172.736915129095));
#7483=CARTESIAN_POINT('Ctrl Pts',(-14.2068645640074,-13.4995357512543,-96.7369151290948));
#7484=CARTESIAN_POINT('Ctrl Pts',(-14.2068645640074,-13.4995357512543,172.736915129095));
#7485=CARTESIAN_POINT('',(-14.0027829313544,-13.7453613542228,38.));
#7486=CARTESIAN_POINT('Ctrl Pts',(-14.2068645640074,-13.4995357512543,38.));
#7487=CARTESIAN_POINT('Ctrl Pts',(-14.0027829313544,-13.5644708161894,38.));
#7488=CARTESIAN_POINT('Ctrl Pts',(-14.0027829313544,-13.7453613542228,38.));
#7489=CARTESIAN_POINT('',(-14.0027829313544,-13.7453613542228,-96.7369151290948));
#7490=CARTESIAN_POINT('Ctrl Pts',(-14.2068645640074,-13.9958251761152,-96.7369151290948));
#7491=CARTESIAN_POINT('Ctrl Pts',(-14.2068645640074,-13.9958251761152,172.736915129095));
#7492=CARTESIAN_POINT('Ctrl Pts',(-14.0027829313544,-13.9262518922562,-96.7369151290948));
#7493=CARTESIAN_POINT('Ctrl Pts',(-14.0027829313544,-13.9262518922562,172.736915129095));
#7494=CARTESIAN_POINT('Ctrl Pts',(-14.0027829313544,-13.7453613542228,-96.7369151290948));
#7495=CARTESIAN_POINT('Ctrl Pts',(-14.0027829313544,-13.7453613542228,172.736915129095));
#7496=CARTESIAN_POINT('',(-14.2068645640074,-13.9958251761152,38.));
#7497=CARTESIAN_POINT('Ctrl Pts',(-14.0027829313544,-13.7453613542228,38.));
#7498=CARTESIAN_POINT('Ctrl Pts',(-14.0027829313544,-13.9262518922562,38.));
#7499=CARTESIAN_POINT('Ctrl Pts',(-14.2068645640074,-13.9958251761152,38.));
#7500=CARTESIAN_POINT('',(-14.2068645640074,-13.9958251761152,-96.7369151290948));
#7501=CARTESIAN_POINT('Origin',(-14.2068645640074,-13.9958251761152,-96.7369151290948));
#7502=CARTESIAN_POINT('',(-16.3126159554731,-14.6961962336291,38.));
#7503=CARTESIAN_POINT('',(-20.1666484690945,-15.9780440520362,38.));
#7504=CARTESIAN_POINT('',(-16.3126159554731,-14.6961962336291,-96.7369151290948));
#7505=CARTESIAN_POINT('Origin',(-16.3126159554731,-14.6961962336291,-96.7369151290948));
#7506=CARTESIAN_POINT('',(-12.6948051948052,-15.4986081074695,38.));
#7507=CARTESIAN_POINT('',(-25.3895568217474,-12.6829772979041,38.));
#7508=CARTESIAN_POINT('',(-12.6948051948052,-15.4986081074695,-96.7369151290948));
#7509=CARTESIAN_POINT('Ctrl Pts',(-12.5,-15.744433710438,-96.7369151290948));
#7510=CARTESIAN_POINT('Ctrl Pts',(-12.5,-15.744433710438,172.736915129095));
#7511=CARTESIAN_POINT('Ctrl Pts',(-12.5,-15.5449902967089,-96.7369151290948));
#7512=CARTESIAN_POINT('Ctrl Pts',(-12.5,-15.5449902967089,172.736915129095));
#7513=CARTESIAN_POINT('Ctrl Pts',(-12.6948051948052,-15.4986081074695,-96.7369151290948));
#7514=CARTESIAN_POINT('Ctrl Pts',(-12.6948051948052,-15.4986081074695,172.736915129095));
#7515=CARTESIAN_POINT('',(-12.5,-15.744433710438,38.));
#7516=CARTESIAN_POINT('Ctrl Pts',(-12.6948051948052,-15.4986081074695,38.));
#7517=CARTESIAN_POINT('Ctrl Pts',(-12.5,-15.5449902967089,38.));
#7518=CARTESIAN_POINT('Ctrl Pts',(-12.5,-15.744433710438,38.));
#7519=CARTESIAN_POINT('',(-12.5,-15.744433710438,-96.7369151290948));
#7520=CARTESIAN_POINT('Ctrl Pts',(-12.7504638218924,-15.9948975323304,-96.7369151290948));
#7521=CARTESIAN_POINT('Ctrl Pts',(-12.7504638218924,-15.9948975323304,172.736915129095));
#7522=CARTESIAN_POINT('Ctrl Pts',(-12.5,-15.9948975323304,-96.7369151290948));
#7523=CARTESIAN_POINT('Ctrl Pts',(-12.5,-15.9948975323304,172.736915129095));
#7524=CARTESIAN_POINT('Ctrl Pts',(-12.5,-15.744433710438,-96.7369151290948));
#7525=CARTESIAN_POINT('Ctrl Pts',(-12.5,-15.744433710438,172.736915129095));
#7526=CARTESIAN_POINT('',(-12.7504638218924,-15.9948975323304,38.));
#7527=CARTESIAN_POINT('Ctrl Pts',(-12.5,-15.744433710438,38.));
#7528=CARTESIAN_POINT('Ctrl Pts',(-12.5,-15.9948975323304,38.));
#7529=CARTESIAN_POINT('Ctrl Pts',(-12.7504638218924,-15.9948975323304,38.));
#7530=CARTESIAN_POINT('',(-12.7504638218924,-15.9948975323304,-96.7369151290948));
#7531=CARTESIAN_POINT('Ctrl Pts',(-12.8061224489796,-15.9856210944825,-96.7369151290948));
#7532=CARTESIAN_POINT('Ctrl Pts',(-12.8061224489796,-15.9856210944825,172.736915129095));
#7533=CARTESIAN_POINT('Ctrl Pts',(-12.7736549165121,-15.9948975323304,-96.7369151290948));
#7534=CARTESIAN_POINT('Ctrl Pts',(-12.7736549165121,-15.9948975323304,172.736915129095));
#7535=CARTESIAN_POINT('Ctrl Pts',(-12.7504638218924,-15.9948975323304,-96.7369151290948));
#7536=CARTESIAN_POINT('Ctrl Pts',(-12.7504638218924,-15.9948975323304,172.736915129095));
#7537=CARTESIAN_POINT('',(-12.8061224489796,-15.9856210944825,38.));
#7538=CARTESIAN_POINT('Ctrl Pts',(-12.7504638218924,-15.9948975323304,38.));
#7539=CARTESIAN_POINT('Ctrl Pts',(-12.7736549165121,-15.9948975323304,38.));
#7540=CARTESIAN_POINT('Ctrl Pts',(-12.8061224489796,-15.9856210944825,38.));
#7541=CARTESIAN_POINT('',(-12.8061224489796,-15.9856210944825,-96.7369151290948));
#7542=CARTESIAN_POINT('Origin',(-12.8061224489796,-15.9856210944825,-96.7369151290948));
#7543=CARTESIAN_POINT('',(-17.291280148423,-14.9884040258369,38.));
#7544=CARTESIAN_POINT('',(-23.692028091289,-13.565280129543,38.));
#7545=CARTESIAN_POINT('',(-17.291280148423,-14.9884040258369,-96.7369151290948));
#7546=CARTESIAN_POINT('Ctrl Pts',(-17.5,-14.7425784228684,-96.7369151290948));
#7547=CARTESIAN_POINT('Ctrl Pts',(-17.5,-14.7425784228684,172.736915129095));
#7548=CARTESIAN_POINT('Ctrl Pts',(-17.5,-14.9466600555215,-96.7369151290948));
#7549=CARTESIAN_POINT('Ctrl Pts',(-17.5,-14.9466600555215,172.736915129095));
#7550=CARTESIAN_POINT('Ctrl Pts',(-17.291280148423,-14.9884040258369,-96.7369151290948));
#7551=CARTESIAN_POINT('Ctrl Pts',(-17.291280148423,-14.9884040258369,172.736915129095));
#7552=CARTESIAN_POINT('',(-17.5,-14.7425784228684,38.));
#7553=CARTESIAN_POINT('Ctrl Pts',(-17.291280148423,-14.9884040258369,38.));
#7554=CARTESIAN_POINT('Ctrl Pts',(-17.5,-14.9466600555215,38.));
#7555=CARTESIAN_POINT('Ctrl Pts',(-17.5,-14.7425784228684,38.));
#7556=CARTESIAN_POINT('',(-17.5,-14.7425784228684,-96.7369151290948));
#7557=CARTESIAN_POINT('Ctrl Pts',(-17.2820037105751,-14.492114600976,-96.7369151290948));
#7558=CARTESIAN_POINT('Ctrl Pts',(-17.2820037105751,-14.492114600976,172.736915129095));
#7559=CARTESIAN_POINT('Ctrl Pts',(-17.5,-14.5663261037589,-96.7369151290948));
#7560=CARTESIAN_POINT('Ctrl Pts',(-17.5,-14.5663261037589,172.736915129095));
#7561=CARTESIAN_POINT('Ctrl Pts',(-17.5,-14.7425784228684,-96.7369151290948));
#7562=CARTESIAN_POINT('Ctrl Pts',(-17.5,-14.7425784228684,172.736915129095));
#7563=CARTESIAN_POINT('',(-17.2820037105751,-14.492114600976,38.));
#7564=CARTESIAN_POINT('Ctrl Pts',(-17.5,-14.7425784228684,38.));
#7565=CARTESIAN_POINT('Ctrl Pts',(-17.5,-14.5663261037589,38.));
#7566=CARTESIAN_POINT('Ctrl Pts',(-17.2820037105751,-14.492114600976,38.));
#7567=CARTESIAN_POINT('',(-17.2820037105751,-14.492114600976,-96.7369151290948));
#7568=CARTESIAN_POINT('Origin',(-17.2820037105751,-14.492114600976,-96.7369151290948));
#7569=CARTESIAN_POINT('',(-15.0371057513915,-13.7453613542228,38.));
#7570=CARTESIAN_POINT('',(-21.7826340518602,-15.9892251070646,38.));
#7571=CARTESIAN_POINT('',(-15.0371057513915,-13.7453613542228,-96.7369151290948));
#7572=CARTESIAN_POINT('Origin',(-15.0371057513915,-13.7453613542228,-96.7369151290948));
#7573=CARTESIAN_POINT('',(-17.2820037105751,-12.9986081074695,38.));
#7574=CARTESIAN_POINT('',(-24.7769730211126,-10.5054468285511,38.));
#7575=CARTESIAN_POINT('',(-17.2820037105751,-12.9986081074695,-96.7369151290948));
#7576=CARTESIAN_POINT('Ctrl Pts',(-17.5,-12.7435060666532,-96.7369151290948));
#7577=CARTESIAN_POINT('Ctrl Pts',(-17.5,-12.7435060666532,172.736915129095));
#7578=CARTESIAN_POINT('Ctrl Pts',(-17.5,-12.9243966046866,-96.7369151290948));
#7579=CARTESIAN_POINT('Ctrl Pts',(-17.5,-12.9243966046866,172.736915129095));
#7580=CARTESIAN_POINT('Ctrl Pts',(-17.2820037105751,-12.9986081074695,-96.7369151290948));
#7581=CARTESIAN_POINT('Ctrl Pts',(-17.2820037105751,-12.9986081074695,172.736915129095));
#7582=CARTESIAN_POINT('',(-17.5,-12.7435060666532,38.));
#7583=CARTESIAN_POINT('Ctrl Pts',(-17.2820037105751,-12.9986081074695,38.));
#7584=CARTESIAN_POINT('Ctrl Pts',(-17.5,-12.9243966046866,38.));
#7585=CARTESIAN_POINT('Ctrl Pts',(-17.5,-12.7435060666532,38.));
#7586=CARTESIAN_POINT('',(-17.5,-12.7435060666532,-96.7369151290948));
#7587=CARTESIAN_POINT('Ctrl Pts',(-17.2820037105751,-12.4976804636847,-96.7369151290948));
#7588=CARTESIAN_POINT('Ctrl Pts',(-17.2820037105751,-12.4976804636847,172.736915129095));
#7589=CARTESIAN_POINT('Ctrl Pts',(-17.5,-12.548700871848,-96.7369151290948));
#7590=CARTESIAN_POINT('Ctrl Pts',(-17.5,-12.548700871848,172.736915129095));
#7591=CARTESIAN_POINT('Ctrl Pts',(-17.5,-12.7435060666532,-96.7369151290948));
#7592=CARTESIAN_POINT('Ctrl Pts',(-17.5,-12.7435060666532,172.736915129095));
#7593=CARTESIAN_POINT('',(-17.2820037105751,-12.4976804636847,38.));
#7594=CARTESIAN_POINT('Ctrl Pts',(-17.5,-12.7435060666532,38.));
#7595=CARTESIAN_POINT('Ctrl Pts',(-17.5,-12.548700871848,38.));
#7596=CARTESIAN_POINT('Ctrl Pts',(-17.2820037105751,-12.4976804636847,38.));
#7597=CARTESIAN_POINT('',(-17.2820037105751,-12.4976804636847,-96.7369151290948));
#7598=CARTESIAN_POINT('Origin',(-17.2820037105751,-12.4976804636847,-96.7369151290948));
#7599=CARTESIAN_POINT('',(-23.0142316201443,-13.7748089616716,38.));
#7600=CARTESIAN_POINT('Ctrl Pts',(12.5,14.0964458431757,-96.7369151290948));
#7601=CARTESIAN_POINT('Ctrl Pts',(12.5,14.0964458431757,172.736915129095));
#7602=CARTESIAN_POINT('Ctrl Pts',(12.5,13.8459820212833,-96.7369151290948));
#7603=CARTESIAN_POINT('Ctrl Pts',(12.5,13.8459820212833,172.736915129095));
#7604=CARTESIAN_POINT('Ctrl Pts',(12.7504638218924,13.8459820212833,-96.7369151290948));
#7605=CARTESIAN_POINT('Ctrl Pts',(12.7504638218924,13.8459820212833,172.736915129095));
#7606=CARTESIAN_POINT('',(12.7504638218924,13.8459820212833,38.));
#7607=CARTESIAN_POINT('',(12.5,14.0964458431757,38.));
#7608=CARTESIAN_POINT('Ctrl Pts',(12.7504638218924,13.8459820212833,38.));
#7609=CARTESIAN_POINT('Ctrl Pts',(12.5,13.8459820212833,38.));
#7610=CARTESIAN_POINT('Ctrl Pts',(12.5,14.0964458431757,38.));
#7611=CARTESIAN_POINT('',(12.7504638218924,13.8459820212833,37.8));
#7612=CARTESIAN_POINT('',(12.7504638218924,13.8459820212833,-96.7369151290948));
#7613=CARTESIAN_POINT('',(12.5,14.0964458431757,37.8));
#7614=CARTESIAN_POINT('Ctrl Pts',(12.7504638218924,13.8459820212833,37.8));
#7615=CARTESIAN_POINT('Ctrl Pts',(12.5834879406308,13.8459820212833,37.8));
#7616=CARTESIAN_POINT('Ctrl Pts',(12.5,13.9294699619141,37.8));
#7617=CARTESIAN_POINT('Ctrl Pts',(12.5,14.0964458431757,37.8));
#7618=CARTESIAN_POINT('',(12.5,14.0964458431757,-96.7369151290948));
#7619=CARTESIAN_POINT('Origin',(17.2495361781076,13.8459820212833,-96.7369151290948));
#7620=CARTESIAN_POINT('',(17.2495361781076,13.8459820212833,38.));
#7621=CARTESIAN_POINT('',(-7.4252319109462,13.8459820212833,38.));
#7622=CARTESIAN_POINT('',(17.2495361781076,13.8459820212833,37.8));
#7623=CARTESIAN_POINT('',(17.2495361781076,13.8459820212833,-96.7369151290948));
#7624=CARTESIAN_POINT('',(-7.4252319109462,13.8459820212833,37.8));
#7625=CARTESIAN_POINT('Ctrl Pts',(17.2495361781076,13.8459820212833,-96.7369151290948));
#7626=CARTESIAN_POINT('Ctrl Pts',(17.2495361781076,13.8459820212833,172.736915129095));
#7627=CARTESIAN_POINT('Ctrl Pts',(17.5,13.8459820212833,-96.7369151290948));
#7628=CARTESIAN_POINT('Ctrl Pts',(17.5,13.8459820212833,172.736915129095));
#7629=CARTESIAN_POINT('Ctrl Pts',(17.5,14.0964458431757,-96.7369151290948));
#7630=CARTESIAN_POINT('Ctrl Pts',(17.5,14.0964458431757,172.736915129095));
#7631=CARTESIAN_POINT('',(17.5,14.0964458431757,38.));
#7632=CARTESIAN_POINT('Ctrl Pts',(17.5,14.0964458431757,38.));
#7633=CARTESIAN_POINT('Ctrl Pts',(17.5,13.8459820212833,38.));
#7634=CARTESIAN_POINT('Ctrl Pts',(17.2495361781076,13.8459820212833,38.));
#7635=CARTESIAN_POINT('',(17.5,14.0964458431757,37.8));
#7636=CARTESIAN_POINT('',(17.5,14.0964458431757,-96.7369151290948));
#7637=CARTESIAN_POINT('Ctrl Pts',(17.5,14.0964458431757,37.8));
#7638=CARTESIAN_POINT('Ctrl Pts',(17.5,13.9294699619141,37.8));
#7639=CARTESIAN_POINT('Ctrl Pts',(17.4165120593692,13.8459820212833,37.8));
#7640=CARTESIAN_POINT('Ctrl Pts',(17.2495361781076,13.8459820212833,37.8));
#7641=CARTESIAN_POINT('Ctrl Pts',(17.5,14.0964458431757,-96.7369151290948));
#7642=CARTESIAN_POINT('Ctrl Pts',(17.5,14.0964458431757,172.736915129095));
#7643=CARTESIAN_POINT('Ctrl Pts',(17.5,14.3469096650681,-96.7369151290948));
#7644=CARTESIAN_POINT('Ctrl Pts',(17.5,14.3469096650681,172.736915129095));
#7645=CARTESIAN_POINT('Ctrl Pts',(17.2495361781076,14.3469096650681,-96.7369151290948));
#7646=CARTESIAN_POINT('Ctrl Pts',(17.2495361781076,14.3469096650681,172.736915129095));
#7647=CARTESIAN_POINT('',(17.2495361781076,14.3469096650681,38.));
#7648=CARTESIAN_POINT('Ctrl Pts',(17.2495361781076,14.3469096650681,38.));
#7649=CARTESIAN_POINT('Ctrl Pts',(17.5,14.3469096650681,38.));
#7650=CARTESIAN_POINT('Ctrl Pts',(17.5,14.0964458431757,38.));
#7651=CARTESIAN_POINT('',(17.2495361781076,14.3469096650681,37.8));
#7652=CARTESIAN_POINT('',(17.2495361781076,14.3469096650681,-96.7369151290948));
#7653=CARTESIAN_POINT('Ctrl Pts',(17.2495361781076,14.3469096650681,37.8));
#7654=CARTESIAN_POINT('Ctrl Pts',(17.2743159759384,14.3469096650681,37.8));
#7655=CARTESIAN_POINT('Ctrl Pts',(17.2995108557259,14.3450709612508,37.8));
#7656=CARTESIAN_POINT('Ctrl Pts',(17.3449634974174,14.3363243090143,37.8));
#7657=CARTESIAN_POINT('Ctrl Pts',(17.365712737717,14.3300687293203,37.8));
#7658=CARTESIAN_POINT('Ctrl Pts',(17.4065191653988,14.3106212420167,37.8));
#7659=CARTESIAN_POINT('Ctrl Pts',(17.4255859426824,14.2971213292917,37.8));
#7660=CARTESIAN_POINT('Ctrl Pts',(17.4594951808776,14.2607214008176,37.8));
#7661=CARTESIAN_POINT('Ctrl Pts',(17.4724214962841,14.2384316142113,37.8));
#7662=CARTESIAN_POINT('Ctrl Pts',(17.495333746518,14.1769900909857,37.8));
#7663=CARTESIAN_POINT('Ctrl Pts',(17.5,14.1359211971919,37.8));
#7664=CARTESIAN_POINT('Ctrl Pts',(17.5,14.0964458431757,37.8));
#7665=CARTESIAN_POINT('Origin',(15.5009276437848,14.3469096650681,-96.7369151290948));
#7666=CARTESIAN_POINT('',(15.5009276437848,14.3469096650681,38.));
#7667=CARTESIAN_POINT('',(-8.29953617810761,14.3469096650681,38.));
#7668=CARTESIAN_POINT('',(15.5009276437848,14.3469096650681,37.8));
#7669=CARTESIAN_POINT('',(15.5009276437848,14.3469096650681,-96.7369151290948));
#7670=CARTESIAN_POINT('',(-8.29953617810761,14.3469096650681,37.8));
#7671=CARTESIAN_POINT('Origin',(15.5009276437848,16.3413438023594,-96.7369151290948));
#7672=CARTESIAN_POINT('',(15.5009276437848,16.3413438023594,38.));
#7673=CARTESIAN_POINT('',(15.5009276437848,8.17067190117968,38.));
#7674=CARTESIAN_POINT('',(15.5009276437848,16.3413438023594,37.8));
#7675=CARTESIAN_POINT('',(15.5009276437848,16.3413438023594,-96.7369151290948));
#7676=CARTESIAN_POINT('',(15.5009276437848,8.17067190117968,37.8));
#7677=CARTESIAN_POINT('Origin',(17.2495361781076,16.3413438023594,-96.7369151290948));
#7678=CARTESIAN_POINT('',(17.2495361781076,16.3413438023594,38.));
#7679=CARTESIAN_POINT('',(-7.4252319109462,16.3413438023594,38.));
#7680=CARTESIAN_POINT('',(17.2495361781076,16.3413438023594,37.8));
#7681=CARTESIAN_POINT('',(17.2495361781076,16.3413438023594,-96.7369151290948));
#7682=CARTESIAN_POINT('',(-7.4252319109462,16.3413438023594,37.8));
#7683=CARTESIAN_POINT('Ctrl Pts',(17.2495361781076,16.3413438023594,-96.7369151290948));
#7684=CARTESIAN_POINT('Ctrl Pts',(17.2495361781076,16.3413438023594,172.736915129095));
#7685=CARTESIAN_POINT('Ctrl Pts',(17.5,16.3413438023594,-96.7369151290948));
#7686=CARTESIAN_POINT('Ctrl Pts',(17.5,16.3413438023594,172.736915129095));
#7687=CARTESIAN_POINT('Ctrl Pts',(17.5,16.5918076242517,-96.7369151290948));
#7688=CARTESIAN_POINT('Ctrl Pts',(17.5,16.5918076242517,172.736915129095));
#7689=CARTESIAN_POINT('',(17.5,16.5918076242517,38.));
#7690=CARTESIAN_POINT('Ctrl Pts',(17.5,16.5918076242517,38.));
#7691=CARTESIAN_POINT('Ctrl Pts',(17.5,16.3413438023594,38.));
#7692=CARTESIAN_POINT('Ctrl Pts',(17.2495361781076,16.3413438023594,38.));
#7693=CARTESIAN_POINT('',(17.5,16.5918076242517,37.8));
#7694=CARTESIAN_POINT('',(17.5,16.5918076242517,-96.7369151290948));
#7695=CARTESIAN_POINT('Ctrl Pts',(17.5,16.5918076242517,37.8));
#7696=CARTESIAN_POINT('Ctrl Pts',(17.5,16.4248317429902,37.8));
#7697=CARTESIAN_POINT('Ctrl Pts',(17.4165120593692,16.3413438023594,37.8));
#7698=CARTESIAN_POINT('Ctrl Pts',(17.2495361781076,16.3413438023594,37.8));
#7699=CARTESIAN_POINT('Ctrl Pts',(17.5,16.5918076242517,-96.7369151290948));
#7700=CARTESIAN_POINT('Ctrl Pts',(17.5,16.5918076242517,172.736915129095));
#7701=CARTESIAN_POINT('Ctrl Pts',(17.5,16.8422714461441,-96.7369151290948));
#7702=CARTESIAN_POINT('Ctrl Pts',(17.5,16.8422714461441,172.736915129095));
#7703=CARTESIAN_POINT('Ctrl Pts',(17.2495361781076,16.8422714461441,-96.7369151290948));
#7704=CARTESIAN_POINT('Ctrl Pts',(17.2495361781076,16.8422714461441,172.736915129095));
#7705=CARTESIAN_POINT('',(17.2495361781076,16.8422714461441,38.));
#7706=CARTESIAN_POINT('Ctrl Pts',(17.2495361781076,16.8422714461441,38.));
#7707=CARTESIAN_POINT('Ctrl Pts',(17.5,16.8422714461441,38.));
#7708=CARTESIAN_POINT('Ctrl Pts',(17.5,16.5918076242517,38.));
#7709=CARTESIAN_POINT('',(17.2495361781076,16.8422714461441,37.8));
#7710=CARTESIAN_POINT('',(17.2495361781076,16.8422714461441,-96.7369151290948));
#7711=CARTESIAN_POINT('Ctrl Pts',(17.2495361781076,16.8422714461441,37.8));
#7712=CARTESIAN_POINT('Ctrl Pts',(17.4165120593692,16.8422714461441,37.8));
#7713=CARTESIAN_POINT('Ctrl Pts',(17.5,16.7587835055133,37.8));
#7714=CARTESIAN_POINT('Ctrl Pts',(17.5,16.5918076242517,37.8));
#7715=CARTESIAN_POINT('Origin',(12.7504638218924,16.8422714461441,-96.7369151290948));
#7716=CARTESIAN_POINT('',(12.7504638218924,16.8422714461441,38.));
#7717=CARTESIAN_POINT('',(-9.6747680890538,16.8422714461441,38.));
#7718=CARTESIAN_POINT('',(12.7504638218924,16.8422714461441,37.8));
#7719=CARTESIAN_POINT('',(12.7504638218924,16.8422714461441,-96.7369151290948));
#7720=CARTESIAN_POINT('',(-9.6747680890538,16.8422714461441,37.8));
#7721=CARTESIAN_POINT('Ctrl Pts',(12.7504638218924,16.8422714461441,-96.7369151290948));
#7722=CARTESIAN_POINT('Ctrl Pts',(12.7504638218924,16.8422714461441,172.736915129095));
#7723=CARTESIAN_POINT('Ctrl Pts',(12.5,16.8422714461441,-96.7369151290948));
#7724=CARTESIAN_POINT('Ctrl Pts',(12.5,16.8422714461441,172.736915129095));
#7725=CARTESIAN_POINT('Ctrl Pts',(12.5,16.5918076242517,-96.7369151290948));
#7726=CARTESIAN_POINT('Ctrl Pts',(12.5,16.5918076242517,172.736915129095));
#7727=CARTESIAN_POINT('',(12.5,16.5918076242517,38.));
#7728=CARTESIAN_POINT('Ctrl Pts',(12.5,16.5918076242517,38.));
#7729=CARTESIAN_POINT('Ctrl Pts',(12.5,16.8422714461441,38.));
#7730=CARTESIAN_POINT('Ctrl Pts',(12.7504638218924,16.8422714461441,38.));
#7731=CARTESIAN_POINT('',(12.5,16.5918076242517,37.8));
#7732=CARTESIAN_POINT('',(12.5,16.5918076242517,-96.7369151290948));
#7733=CARTESIAN_POINT('Ctrl Pts',(12.5,16.5918076242517,37.8));
#7734=CARTESIAN_POINT('Ctrl Pts',(12.5,16.7587835055133,37.8));
#7735=CARTESIAN_POINT('Ctrl Pts',(12.5834879406308,16.8422714461441,37.8));
#7736=CARTESIAN_POINT('Ctrl Pts',(12.7504638218924,16.8422714461441,37.8));
#7737=CARTESIAN_POINT('Ctrl Pts',(12.5,16.5918076242517,-96.7369151290948));
#7738=CARTESIAN_POINT('Ctrl Pts',(12.5,16.5918076242517,172.736915129095));
#7739=CARTESIAN_POINT('Ctrl Pts',(12.5,16.3413438023594,-96.7369151290948));
#7740=CARTESIAN_POINT('Ctrl Pts',(12.5,16.3413438023594,172.736915129095));
#7741=CARTESIAN_POINT('Ctrl Pts',(12.7504638218924,16.3413438023594,-96.7369151290948));
#7742=CARTESIAN_POINT('Ctrl Pts',(12.7504638218924,16.3413438023594,172.736915129095));
#7743=CARTESIAN_POINT('',(12.7504638218924,16.3413438023594,38.));
#7744=CARTESIAN_POINT('Ctrl Pts',(12.7504638218924,16.3413438023594,38.));
#7745=CARTESIAN_POINT('Ctrl Pts',(12.5,16.3413438023594,38.));
#7746=CARTESIAN_POINT('Ctrl Pts',(12.5,16.5918076242517,38.));
#7747=CARTESIAN_POINT('',(12.7504638218924,16.3413438023594,37.8));
#7748=CARTESIAN_POINT('',(12.7504638218924,16.3413438023594,-96.7369151290948));
#7749=CARTESIAN_POINT('Ctrl Pts',(12.7504638218924,16.3413438023594,37.8));
#7750=CARTESIAN_POINT('Ctrl Pts',(12.5834879406308,16.3413438023594,37.8));
#7751=CARTESIAN_POINT('Ctrl Pts',(12.5,16.4248317429902,37.8));
#7752=CARTESIAN_POINT('Ctrl Pts',(12.5,16.5918076242517,37.8));
#7753=CARTESIAN_POINT('Origin',(15.,16.3413438023594,-96.7369151290948));
#7754=CARTESIAN_POINT('',(15.,16.3413438023594,38.));
#7755=CARTESIAN_POINT('',(-8.55,16.3413438023594,38.));
#7756=CARTESIAN_POINT('',(15.,16.3413438023594,37.8));
#7757=CARTESIAN_POINT('',(15.,16.3413438023594,-96.7369151290948));
#7758=CARTESIAN_POINT('',(-8.55,16.3413438023594,37.8));
#7759=CARTESIAN_POINT('Origin',(15.,14.3469096650681,-96.7369151290948));
#7760=CARTESIAN_POINT('',(15.,14.3469096650681,38.));
#7761=CARTESIAN_POINT('',(15.,7.17345483253401,38.));
#7762=CARTESIAN_POINT('',(15.,14.3469096650681,37.8));
#7763=CARTESIAN_POINT('',(15.,14.3469096650681,-96.7369151290948));
#7764=CARTESIAN_POINT('',(15.,7.17345483253401,37.8));
#7765=CARTESIAN_POINT('Origin',(12.7504638218924,14.3469096650681,-96.7369151290948));
#7766=CARTESIAN_POINT('',(12.7504638218924,14.3469096650681,38.));
#7767=CARTESIAN_POINT('',(-9.6747680890538,14.3469096650681,38.));
#7768=CARTESIAN_POINT('',(12.7504638218924,14.3469096650681,37.8));
#7769=CARTESIAN_POINT('',(12.7504638218924,14.3469096650681,-96.7369151290948));
#7770=CARTESIAN_POINT('',(-9.6747680890538,14.3469096650681,37.8));
#7771=CARTESIAN_POINT('Ctrl Pts',(12.7504638218924,14.3469096650681,-96.7369151290948));
#7772=CARTESIAN_POINT('Ctrl Pts',(12.7504638218924,14.3469096650681,172.736915129095));
#7773=CARTESIAN_POINT('Ctrl Pts',(12.5,14.3469096650681,-96.7369151290948));
#7774=CARTESIAN_POINT('Ctrl Pts',(12.5,14.3469096650681,172.736915129095));
#7775=CARTESIAN_POINT('Ctrl Pts',(12.5,14.0964458431757,-96.7369151290948));
#7776=CARTESIAN_POINT('Ctrl Pts',(12.5,14.0964458431757,172.736915129095));
#7777=CARTESIAN_POINT('Ctrl Pts',(12.5,14.0964458431757,38.));
#7778=CARTESIAN_POINT('Ctrl Pts',(12.5,14.3469096650681,38.));
#7779=CARTESIAN_POINT('Ctrl Pts',(12.7504638218924,14.3469096650681,38.));
#7780=CARTESIAN_POINT('Ctrl Pts',(12.5,14.0964458431757,37.8));
#7781=CARTESIAN_POINT('Ctrl Pts',(12.5,14.2634217244373,37.8));
#7782=CARTESIAN_POINT('Ctrl Pts',(12.5834879406308,14.3469096650681,37.8));
#7783=CARTESIAN_POINT('Ctrl Pts',(12.7504638218924,14.3469096650681,37.8));
#7784=CARTESIAN_POINT('Origin',(-32.1,0.,37.8));
#7785=CARTESIAN_POINT('Origin',(-32.1,0.,37.8));
#7786=CARTESIAN_POINT('',(12.7504638218924,12.8441267337137,37.8));
#7787=CARTESIAN_POINT('',(17.2495361781076,12.8441267337137,37.8));
#7788=CARTESIAN_POINT('',(-9.6747680890538,12.8441267337137,37.8));
#7789=CARTESIAN_POINT('',(12.5,12.5936629118213,37.8));
#7790=CARTESIAN_POINT('Ctrl Pts',(12.5,12.5936629118213,37.8));
#7791=CARTESIAN_POINT('Ctrl Pts',(12.5,12.7606387930829,37.8));
#7792=CARTESIAN_POINT('Ctrl Pts',(12.5834879406308,12.8441267337137,37.8));
#7793=CARTESIAN_POINT('Ctrl Pts',(12.7504638218924,12.8441267337137,37.8));
#7794=CARTESIAN_POINT('',(12.7504638218924,12.3431990899289,37.8));
#7795=CARTESIAN_POINT('Ctrl Pts',(12.7504638218924,12.3431990899289,37.8));
#7796=CARTESIAN_POINT('Ctrl Pts',(12.5834879406308,12.3431990899289,37.8));
#7797=CARTESIAN_POINT('Ctrl Pts',(12.5,12.4266870305597,37.8));
#7798=CARTESIAN_POINT('Ctrl Pts',(12.5,12.5936629118213,37.8));
#7799=CARTESIAN_POINT('',(17.2495361781076,12.3431990899289,37.8));
#7800=CARTESIAN_POINT('',(-7.4252319109462,12.3431990899289,37.8));
#7801=CARTESIAN_POINT('',(17.5,12.5936629118213,37.8));
#7802=CARTESIAN_POINT('Ctrl Pts',(17.5,12.5936629118213,37.8));
#7803=CARTESIAN_POINT('Ctrl Pts',(17.5,12.4266870305597,37.8));
#7804=CARTESIAN_POINT('Ctrl Pts',(17.4165120593692,12.3431990899289,37.8));
#7805=CARTESIAN_POINT('Ctrl Pts',(17.2495361781076,12.3431990899289,37.8));
#7806=CARTESIAN_POINT('Ctrl Pts',(17.2495361781076,12.8441267337137,37.8));
#7807=CARTESIAN_POINT('Ctrl Pts',(17.4165120593692,12.8441267337137,37.8));
#7808=CARTESIAN_POINT('Ctrl Pts',(17.5,12.7606387930829,37.8));
#7809=CARTESIAN_POINT('Ctrl Pts',(17.5,12.5936629118213,37.8));
#7810=CARTESIAN_POINT('Ctrl Pts',(12.5,12.5936629118213,-96.7369151290948));
#7811=CARTESIAN_POINT('Ctrl Pts',(12.5,12.5936629118213,172.736915129095));
#7812=CARTESIAN_POINT('Ctrl Pts',(12.5,12.3431990899289,-96.7369151290948));
#7813=CARTESIAN_POINT('Ctrl Pts',(12.5,12.3431990899289,172.736915129095));
#7814=CARTESIAN_POINT('Ctrl Pts',(12.7504638218924,12.3431990899289,-96.7369151290948));
#7815=CARTESIAN_POINT('Ctrl Pts',(12.7504638218924,12.3431990899289,172.736915129095));
#7816=CARTESIAN_POINT('',(12.7504638218924,12.3431990899289,38.));
#7817=CARTESIAN_POINT('',(12.5,12.5936629118213,38.));
#7818=CARTESIAN_POINT('Ctrl Pts',(12.7504638218924,12.3431990899289,38.));
#7819=CARTESIAN_POINT('Ctrl Pts',(12.5,12.3431990899289,38.));
#7820=CARTESIAN_POINT('Ctrl Pts',(12.5,12.5936629118213,38.));
#7821=CARTESIAN_POINT('',(12.7504638218924,12.3431990899289,-96.7369151290948));
#7822=CARTESIAN_POINT('',(12.5,12.5936629118213,-96.7369151290948));
#7823=CARTESIAN_POINT('Ctrl Pts',(12.7504638218924,12.8441267337137,-96.7369151290948));
#7824=CARTESIAN_POINT('Ctrl Pts',(12.7504638218924,12.8441267337137,172.736915129095));
#7825=CARTESIAN_POINT('Ctrl Pts',(12.5,12.8441267337137,-96.7369151290948));
#7826=CARTESIAN_POINT('Ctrl Pts',(12.5,12.8441267337137,172.736915129095));
#7827=CARTESIAN_POINT('Ctrl Pts',(12.5,12.5936629118213,-96.7369151290948));
#7828=CARTESIAN_POINT('Ctrl Pts',(12.5,12.5936629118213,172.736915129095));
#7829=CARTESIAN_POINT('',(12.7504638218924,12.8441267337137,38.));
#7830=CARTESIAN_POINT('Ctrl Pts',(12.5,12.5936629118213,38.));
#7831=CARTESIAN_POINT('Ctrl Pts',(12.5,12.8441267337137,38.));
#7832=CARTESIAN_POINT('Ctrl Pts',(12.7504638218924,12.8441267337137,38.));
#7833=CARTESIAN_POINT('',(12.7504638218924,12.8441267337137,-96.7369151290948));
#7834=CARTESIAN_POINT('Origin',(12.7504638218924,12.8441267337137,-96.7369151290948));
#7835=CARTESIAN_POINT('',(17.2495361781076,12.8441267337137,38.));
#7836=CARTESIAN_POINT('',(-9.6747680890538,12.8441267337137,38.));
#7837=CARTESIAN_POINT('',(17.2495361781076,12.8441267337137,-96.7369151290948));
#7838=CARTESIAN_POINT('Ctrl Pts',(17.5,12.5936629118213,-96.7369151290948));
#7839=CARTESIAN_POINT('Ctrl Pts',(17.5,12.5936629118213,172.736915129095));
#7840=CARTESIAN_POINT('Ctrl Pts',(17.5,12.8441267337137,-96.7369151290948));
#7841=CARTESIAN_POINT('Ctrl Pts',(17.5,12.8441267337137,172.736915129095));
#7842=CARTESIAN_POINT('Ctrl Pts',(17.2495361781076,12.8441267337137,-96.7369151290948));
#7843=CARTESIAN_POINT('Ctrl Pts',(17.2495361781076,12.8441267337137,172.736915129095));
#7844=CARTESIAN_POINT('',(17.5,12.5936629118213,38.));
#7845=CARTESIAN_POINT('Ctrl Pts',(17.2495361781076,12.8441267337137,38.));
#7846=CARTESIAN_POINT('Ctrl Pts',(17.5,12.8441267337137,38.));
#7847=CARTESIAN_POINT('Ctrl Pts',(17.5,12.5936629118213,38.));
#7848=CARTESIAN_POINT('',(17.5,12.5936629118213,-96.7369151290948));
#7849=CARTESIAN_POINT('Ctrl Pts',(17.2495361781076,12.3431990899289,-96.7369151290948));
#7850=CARTESIAN_POINT('Ctrl Pts',(17.2495361781076,12.3431990899289,172.736915129095));
#7851=CARTESIAN_POINT('Ctrl Pts',(17.5,12.3431990899289,-96.7369151290948));
#7852=CARTESIAN_POINT('Ctrl Pts',(17.5,12.3431990899289,172.736915129095));
#7853=CARTESIAN_POINT('Ctrl Pts',(17.5,12.5936629118213,-96.7369151290948));
#7854=CARTESIAN_POINT('Ctrl Pts',(17.5,12.5936629118213,172.736915129095));
#7855=CARTESIAN_POINT('',(17.2495361781076,12.3431990899289,38.));
#7856=CARTESIAN_POINT('Ctrl Pts',(17.5,12.5936629118213,38.));
#7857=CARTESIAN_POINT('Ctrl Pts',(17.5,12.3431990899289,38.));
#7858=CARTESIAN_POINT('Ctrl Pts',(17.2495361781076,12.3431990899289,38.));
#7859=CARTESIAN_POINT('',(17.2495361781076,12.3431990899289,-96.7369151290948));
#7860=CARTESIAN_POINT('Origin',(17.2495361781076,12.3431990899289,-96.7369151290948));
#7861=CARTESIAN_POINT('',(-7.4252319109462,12.3431990899289,38.));
#7862=CARTESIAN_POINT('Origin',(13.752319109462,11.3459820212833,-96.7369151290948));
#7863=CARTESIAN_POINT('',(13.752319109462,11.3459820212833,38.));
#7864=CARTESIAN_POINT('',(16.252319109462,11.3459820212833,38.));
#7865=CARTESIAN_POINT('',(-9.17384044526902,11.3459820212833,38.));
#7866=CARTESIAN_POINT('',(13.752319109462,11.3459820212833,37.8));
#7867=CARTESIAN_POINT('',(13.752319109462,11.3459820212833,-96.7369151290948));
#7868=CARTESIAN_POINT('',(16.252319109462,11.3459820212833,37.8));
#7869=CARTESIAN_POINT('',(-9.17384044526902,11.3459820212833,37.8));
#7870=CARTESIAN_POINT('',(16.252319109462,11.3459820212833,-96.7369151290948));
#7871=CARTESIAN_POINT('Ctrl Pts',(13.752319109462,11.3459820212833,-96.7369151290948));
#7872=CARTESIAN_POINT('Ctrl Pts',(13.752319109462,11.3459820212833,172.736915129095));
#7873=CARTESIAN_POINT('Ctrl Pts',(13.2328385899814,11.3459820212833,-96.7369151290948));
#7874=CARTESIAN_POINT('Ctrl Pts',(13.2328385899814,11.3459820212833,172.736915129095));
#7875=CARTESIAN_POINT('Ctrl Pts',(12.5,10.6177816502258,-96.7369151290948));
#7876=CARTESIAN_POINT('Ctrl Pts',(12.5,10.6177816502258,172.736915129095));
#7877=CARTESIAN_POINT('Ctrl Pts',(12.5,10.0983011307453,-96.7369151290948));
#7878=CARTESIAN_POINT('Ctrl Pts',(12.5,10.0983011307453,172.736915129095));
#7879=CARTESIAN_POINT('',(12.5,10.0983011307453,38.));
#7880=CARTESIAN_POINT('Ctrl Pts',(12.5,10.0983011307453,38.));
#7881=CARTESIAN_POINT('Ctrl Pts',(12.5,10.6177816502258,38.));
#7882=CARTESIAN_POINT('Ctrl Pts',(13.2328385899814,11.3459820212833,38.));
#7883=CARTESIAN_POINT('Ctrl Pts',(13.752319109462,11.3459820212833,38.));
#7884=CARTESIAN_POINT('',(12.5,10.0983011307453,37.8));
#7885=CARTESIAN_POINT('',(12.5,10.0983011307453,-96.7369151290948));
#7886=CARTESIAN_POINT('Ctrl Pts',(12.5,10.0983011307453,37.8));
#7887=CARTESIAN_POINT('Ctrl Pts',(12.5,10.4446214770656,37.8));
#7888=CARTESIAN_POINT('Ctrl Pts',(12.6221397649969,10.7391483787354,37.8));
#7889=CARTESIAN_POINT('Ctrl Pts',(12.8664192949907,10.9818818357545,37.8));
#7890=CARTESIAN_POINT('Ctrl Pts',(13.1106988249845,11.2246152927737,37.8));
#7891=CARTESIAN_POINT('Ctrl Pts',(13.4059987631416,11.3459820212833,37.8));
#7892=CARTESIAN_POINT('Ctrl Pts',(13.752319109462,11.3459820212833,37.8));
#7893=CARTESIAN_POINT('Origin',(12.5,8.60015641831482,-96.7369151290948));
#7894=CARTESIAN_POINT('',(12.5,8.60015641831482,38.));
#7895=CARTESIAN_POINT('',(12.5,4.30007820915741,38.));
#7896=CARTESIAN_POINT('',(12.5,8.60015641831482,37.8));
#7897=CARTESIAN_POINT('',(12.5,8.60015641831482,-96.7369151290948));
#7898=CARTESIAN_POINT('',(12.5,4.30007820915741,37.8));
#7899=CARTESIAN_POINT('Ctrl Pts',(12.5,8.60015641831482,-96.7369151290948));
#7900=CARTESIAN_POINT('Ctrl Pts',(12.5,8.60015641831482,172.736915129095));
#7901=CARTESIAN_POINT('Ctrl Pts',(12.5,8.34969259642243,-96.7369151290948));
#7902=CARTESIAN_POINT('Ctrl Pts',(12.5,8.34969259642243,172.736915129095));
#7903=CARTESIAN_POINT('Ctrl Pts',(12.7504638218924,8.34969259642243,-96.7369151290948));
#7904=CARTESIAN_POINT('Ctrl Pts',(12.7504638218924,8.34969259642243,172.736915129095));
#7905=CARTESIAN_POINT('',(12.7504638218924,8.34969259642243,38.));
#7906=CARTESIAN_POINT('Ctrl Pts',(12.7504638218924,8.34969259642243,38.));
#7907=CARTESIAN_POINT('Ctrl Pts',(12.5,8.34969259642243,38.));
#7908=CARTESIAN_POINT('Ctrl Pts',(12.5,8.60015641831482,38.));
#7909=CARTESIAN_POINT('',(12.7504638218924,8.34969259642243,37.8));
#7910=CARTESIAN_POINT('',(12.7504638218924,8.34969259642243,-96.7369151290948));
#7911=CARTESIAN_POINT('Ctrl Pts',(12.7504638218924,8.34969259642243,37.8));
#7912=CARTESIAN_POINT('Ctrl Pts',(12.5834879406308,8.34969259642243,37.8));
#7913=CARTESIAN_POINT('Ctrl Pts',(12.5,8.43318053705323,37.8));
#7914=CARTESIAN_POINT('Ctrl Pts',(12.5,8.60015641831482,37.8));
#7915=CARTESIAN_POINT('Origin',(15.2504638218924,8.34969259642243,-96.7369151290948));
#7916=CARTESIAN_POINT('',(15.2504638218924,8.34969259642243,38.));
#7917=CARTESIAN_POINT('',(-8.4247680890538,8.34969259642243,38.));
#7918=CARTESIAN_POINT('',(15.2504638218924,8.34969259642243,37.8));
#7919=CARTESIAN_POINT('',(15.2504638218924,8.34969259642243,-96.7369151290948));
#7920=CARTESIAN_POINT('',(-8.4247680890538,8.34969259642243,37.8));
#7921=CARTESIAN_POINT('Ctrl Pts',(15.2504638218924,8.34969259642243,-96.7369151290948));
#7922=CARTESIAN_POINT('Ctrl Pts',(15.2504638218924,8.34969259642243,172.736915129095));
#7923=CARTESIAN_POINT('Ctrl Pts',(15.5009276437848,8.34969259642243,-96.7369151290948));
#7924=CARTESIAN_POINT('Ctrl Pts',(15.5009276437848,8.34969259642243,172.736915129095));
#7925=CARTESIAN_POINT('Ctrl Pts',(15.5009276437848,8.60015641831482,-96.7369151290948));
#7926=CARTESIAN_POINT('Ctrl Pts',(15.5009276437848,8.60015641831482,172.736915129095));
#7927=CARTESIAN_POINT('',(15.5009276437848,8.60015641831482,38.));
#7928=CARTESIAN_POINT('Ctrl Pts',(15.5009276437848,8.60015641831482,38.));
#7929=CARTESIAN_POINT('Ctrl Pts',(15.5009276437848,8.34969259642243,38.));
#7930=CARTESIAN_POINT('Ctrl Pts',(15.2504638218924,8.34969259642243,38.));
#7931=CARTESIAN_POINT('',(15.5009276437848,8.60015641831482,37.8));
#7932=CARTESIAN_POINT('',(15.5009276437848,8.60015641831482,-96.7369151290948));
#7933=CARTESIAN_POINT('Ctrl Pts',(15.5009276437848,8.60015641831482,37.8));
#7934=CARTESIAN_POINT('Ctrl Pts',(15.5009276437848,8.43318053705323,37.8));
#7935=CARTESIAN_POINT('Ctrl Pts',(15.417439703154,8.34969259642243,37.8));
#7936=CARTESIAN_POINT('Ctrl Pts',(15.2504638218924,8.34969259642243,37.8));
#7937=CARTESIAN_POINT('Origin',(15.5009276437848,9.351547883992,-96.7369151290948));
#7938=CARTESIAN_POINT('',(15.5009276437848,9.351547883992,38.));
#7939=CARTESIAN_POINT('',(15.5009276437848,4.675773941996,38.));
#7940=CARTESIAN_POINT('',(15.5009276437848,9.351547883992,37.8));
#7941=CARTESIAN_POINT('',(15.5009276437848,9.351547883992,-96.7369151290948));
#7942=CARTESIAN_POINT('',(15.5009276437848,4.675773941996,37.8));
#7943=CARTESIAN_POINT('Ctrl Pts',(15.5009276437848,9.351547883992,-96.7369151290948));
#7944=CARTESIAN_POINT('Ctrl Pts',(15.5009276437848,9.351547883992,172.736915129095));
#7945=CARTESIAN_POINT('Ctrl Pts',(15.5009276437848,9.6020117058844,-96.7369151290948));
#7946=CARTESIAN_POINT('Ctrl Pts',(15.5009276437848,9.6020117058844,172.736915129095));
#7947=CARTESIAN_POINT('Ctrl Pts',(15.2504638218924,9.6020117058844,-96.7369151290948));
#7948=CARTESIAN_POINT('Ctrl Pts',(15.2504638218924,9.6020117058844,172.736915129095));
#7949=CARTESIAN_POINT('',(15.2504638218924,9.6020117058844,38.));
#7950=CARTESIAN_POINT('Ctrl Pts',(15.2504638218924,9.6020117058844,38.));
#7951=CARTESIAN_POINT('Ctrl Pts',(15.5009276437848,9.6020117058844,38.));
#7952=CARTESIAN_POINT('Ctrl Pts',(15.5009276437848,9.351547883992,38.));
#7953=CARTESIAN_POINT('',(15.2504638218924,9.6020117058844,37.8));
#7954=CARTESIAN_POINT('',(15.2504638218924,9.6020117058844,-96.7369151290948));
#7955=CARTESIAN_POINT('Ctrl Pts',(15.2504638218924,9.6020117058844,37.8));
#7956=CARTESIAN_POINT('Ctrl Pts',(15.417439703154,9.6020117058844,37.8));
#7957=CARTESIAN_POINT('Ctrl Pts',(15.5009276437848,9.5185237652536,37.8));
#7958=CARTESIAN_POINT('Ctrl Pts',(15.5009276437848,9.351547883992,37.8));
#7959=CARTESIAN_POINT('Ctrl Pts',(15.2504638218924,9.6020117058844,-96.7369151290948));
#7960=CARTESIAN_POINT('Ctrl Pts',(15.2504638218924,9.6020117058844,172.736915129095));
#7961=CARTESIAN_POINT('Ctrl Pts',(15.,9.6020117058844,-96.7369151290948));
#7962=CARTESIAN_POINT('Ctrl Pts',(15.,9.6020117058844,172.736915129095));
#7963=CARTESIAN_POINT('Ctrl Pts',(15.,9.351547883992,-96.7369151290948));
#7964=CARTESIAN_POINT('Ctrl Pts',(15.,9.351547883992,172.736915129095));
#7965=CARTESIAN_POINT('',(15.,9.351547883992,38.));
#7966=CARTESIAN_POINT('Ctrl Pts',(15.,9.351547883992,38.));
#7967=CARTESIAN_POINT('Ctrl Pts',(15.,9.6020117058844,38.));
#7968=CARTESIAN_POINT('Ctrl Pts',(15.2504638218924,9.6020117058844,38.));
#7969=CARTESIAN_POINT('',(15.,9.351547883992,37.8));
#7970=CARTESIAN_POINT('',(15.,9.351547883992,-96.7369151290948));
#7971=CARTESIAN_POINT('Ctrl Pts',(15.,9.351547883992,37.8));
#7972=CARTESIAN_POINT('Ctrl Pts',(15.,9.5185237652536,37.8));
#7973=CARTESIAN_POINT('Ctrl Pts',(15.0834879406308,9.6020117058844,37.8));
#7974=CARTESIAN_POINT('Ctrl Pts',(15.2504638218924,9.6020117058844,37.8));
#7975=CARTESIAN_POINT('Origin',(15.,8.85062024020722,-96.7369151290948));
#7976=CARTESIAN_POINT('',(15.,8.85062024020722,38.));
#7977=CARTESIAN_POINT('',(15.,4.42531012010361,38.));
#7978=CARTESIAN_POINT('',(15.,8.85062024020722,37.8));
#7979=CARTESIAN_POINT('',(15.,8.85062024020722,-96.7369151290948));
#7980=CARTESIAN_POINT('',(15.,4.42531012010361,37.8));
#7981=CARTESIAN_POINT('Origin',(13.0009276437848,8.85062024020722,-96.7369151290948));
#7982=CARTESIAN_POINT('',(13.0009276437848,8.85062024020722,38.));
#7983=CARTESIAN_POINT('',(-9.54953617810761,8.85062024020722,38.));
#7984=CARTESIAN_POINT('',(13.0009276437848,8.85062024020722,37.8));
#7985=CARTESIAN_POINT('',(13.0009276437848,8.85062024020722,-96.7369151290948));
#7986=CARTESIAN_POINT('',(-9.54953617810761,8.85062024020722,37.8));
#7987=CARTESIAN_POINT('Origin',(13.0009276437848,10.0983011307453,-96.7369151290948));
#7988=CARTESIAN_POINT('',(13.0009276437848,10.0983011307453,38.));
#7989=CARTESIAN_POINT('',(13.0009276437848,5.04915056537263,38.));
#7990=CARTESIAN_POINT('',(13.0009276437848,10.0983011307453,37.8));
#7991=CARTESIAN_POINT('',(13.0009276437848,10.0983011307453,-96.7369151290948));
#7992=CARTESIAN_POINT('',(13.0009276437848,5.04915056537263,37.8));
#7993=CARTESIAN_POINT('Ctrl Pts',(13.0009276437848,10.0983011307453,-96.7369151290948));
#7994=CARTESIAN_POINT('Ctrl Pts',(13.0009276437848,10.0983011307453,172.736915129095));
#7995=CARTESIAN_POINT('Ctrl Pts',(13.0009276437848,10.4090617986488,-96.7369151290948));
#7996=CARTESIAN_POINT('Ctrl Pts',(13.0009276437848,10.4090617986488,172.736915129095));
#7997=CARTESIAN_POINT('Ctrl Pts',(13.4369202226345,10.8450543774985,-96.7369151290948));
#7998=CARTESIAN_POINT('Ctrl Pts',(13.4369202226345,10.8450543774985,172.736915129095));
#7999=CARTESIAN_POINT('Ctrl Pts',(13.752319109462,10.8450543774985,-96.7369151290948));
#8000=CARTESIAN_POINT('Ctrl Pts',(13.752319109462,10.8450543774985,172.736915129095));
#8001=CARTESIAN_POINT('',(13.752319109462,10.8450543774985,38.));
#8002=CARTESIAN_POINT('Ctrl Pts',(13.752319109462,10.8450543774985,38.));
#8003=CARTESIAN_POINT('Ctrl Pts',(13.4369202226345,10.8450543774985,38.));
#8004=CARTESIAN_POINT('Ctrl Pts',(13.0009276437848,10.4090617986488,38.));
#8005=CARTESIAN_POINT('Ctrl Pts',(13.0009276437848,10.0983011307453,38.));
#8006=CARTESIAN_POINT('',(13.752319109462,10.8450543774985,37.8));
#8007=CARTESIAN_POINT('',(13.752319109462,10.8450543774985,-96.7369151290948));
#8008=CARTESIAN_POINT('Ctrl Pts',(13.752319109462,10.8450543774985,37.8));
#8009=CARTESIAN_POINT('Ctrl Pts',(13.5420531849103,10.8450543774985,37.8));
#8010=CARTESIAN_POINT('Ctrl Pts',(13.3642547928262,10.7723889476902,37.8));
#8011=CARTESIAN_POINT('Ctrl Pts',(13.2189239332096,10.6270580880736,37.8));
#8012=CARTESIAN_POINT('Ctrl Pts',(13.0735930735931,10.4817272284571,37.8));
#8013=CARTESIAN_POINT('Ctrl Pts',(13.0009276437848,10.3054749093476,37.8));
#8014=CARTESIAN_POINT('Ctrl Pts',(13.0009276437848,10.0983011307453,37.8));
#8015=CARTESIAN_POINT('Origin',(16.247680890538,10.8450543774985,-96.7369151290948));
#8016=CARTESIAN_POINT('',(16.247680890538,10.8450543774985,38.));
#8017=CARTESIAN_POINT('',(-7.92615955473098,10.8450543774985,38.));
#8018=CARTESIAN_POINT('',(16.247680890538,10.8450543774985,37.8));
#8019=CARTESIAN_POINT('',(16.247680890538,10.8450543774985,-96.7369151290948));
#8020=CARTESIAN_POINT('',(-7.92615955473098,10.8450543774985,37.8));
#8021=CARTESIAN_POINT('Ctrl Pts',(16.247680890538,10.8450543774985,-96.7369151290948));
#8022=CARTESIAN_POINT('Ctrl Pts',(16.247680890538,10.8450543774985,172.736915129095));
#8023=CARTESIAN_POINT('Ctrl Pts',(16.5584415584416,10.8450543774985,-96.7369151290948));
#8024=CARTESIAN_POINT('Ctrl Pts',(16.5584415584416,10.8450543774985,172.736915129095));
#8025=CARTESIAN_POINT('Ctrl Pts',(16.9990723562152,10.4090617986488,-96.7369151290948));
#8026=CARTESIAN_POINT('Ctrl Pts',(16.9990723562152,10.4090617986488,172.736915129095));
#8027=CARTESIAN_POINT('Ctrl Pts',(16.9990723562152,10.0983011307453,-96.7369151290948));
#8028=CARTESIAN_POINT('Ctrl Pts',(16.9990723562152,10.0983011307453,172.736915129095));
#8029=CARTESIAN_POINT('',(16.9990723562152,10.0983011307453,38.));
#8030=CARTESIAN_POINT('Ctrl Pts',(16.9990723562152,10.0983011307453,38.));
#8031=CARTESIAN_POINT('Ctrl Pts',(16.9990723562152,10.4090617986488,38.));
#8032=CARTESIAN_POINT('Ctrl Pts',(16.5584415584416,10.8450543774985,38.));
#8033=CARTESIAN_POINT('Ctrl Pts',(16.247680890538,10.8450543774985,38.));
#8034=CARTESIAN_POINT('',(16.9990723562152,10.0983011307453,37.8));
#8035=CARTESIAN_POINT('',(16.9990723562152,10.0983011307453,-96.7369151290948));
#8036=CARTESIAN_POINT('Ctrl Pts',(16.9990723562152,10.0983011307453,37.8));
#8037=CARTESIAN_POINT('Ctrl Pts',(16.9990723562152,10.3054749093476,37.8));
#8038=CARTESIAN_POINT('Ctrl Pts',(16.9256338899196,10.4817272284571,37.8));
#8039=CARTESIAN_POINT('Ctrl Pts',(16.7787569573284,10.6270580880736,37.8));
#8040=CARTESIAN_POINT('Ctrl Pts',(16.6318800247372,10.7723889476902,37.8));
#8041=CARTESIAN_POINT('Ctrl Pts',(16.4548546691404,10.8450543774985,37.8));
#8042=CARTESIAN_POINT('Ctrl Pts',(16.247680890538,10.8450543774985,37.8));
#8043=CARTESIAN_POINT('Origin',(16.9990723562152,8.60015641831482,-96.7369151290948));
#8044=CARTESIAN_POINT('',(16.9990723562152,8.60015641831482,38.));
#8045=CARTESIAN_POINT('',(16.9990723562152,4.30007820915741,38.));
#8046=CARTESIAN_POINT('',(16.9990723562152,8.60015641831482,37.8));
#8047=CARTESIAN_POINT('',(16.9990723562152,8.60015641831482,-96.7369151290948));
#8048=CARTESIAN_POINT('',(16.9990723562152,4.30007820915741,37.8));
#8049=CARTESIAN_POINT('Ctrl Pts',(16.9990723562152,8.60015641831482,-96.7369151290948));
#8050=CARTESIAN_POINT('Ctrl Pts',(16.9990723562152,8.60015641831482,172.736915129095));
#8051=CARTESIAN_POINT('Ctrl Pts',(16.9990723562152,8.34969259642243,-96.7369151290948));
#8052=CARTESIAN_POINT('Ctrl Pts',(16.9990723562152,8.34969259642243,172.736915129095));
#8053=CARTESIAN_POINT('Ctrl Pts',(17.2495361781076,8.34969259642243,-96.7369151290948));
#8054=CARTESIAN_POINT('Ctrl Pts',(17.2495361781076,8.34969259642243,172.736915129095));
#8055=CARTESIAN_POINT('',(17.2495361781076,8.34969259642243,38.));
#8056=CARTESIAN_POINT('Ctrl Pts',(17.2495361781076,8.34969259642243,38.));
#8057=CARTESIAN_POINT('Ctrl Pts',(16.9990723562152,8.34969259642243,38.));
#8058=CARTESIAN_POINT('Ctrl Pts',(16.9990723562152,8.60015641831482,38.));
#8059=CARTESIAN_POINT('',(17.2495361781076,8.34969259642243,37.8));
#8060=CARTESIAN_POINT('',(17.2495361781076,8.34969259642243,-96.7369151290948));
#8061=CARTESIAN_POINT('Ctrl Pts',(17.2495361781076,8.34969259642243,37.8));
#8062=CARTESIAN_POINT('Ctrl Pts',(17.082560296846,8.34969259642243,37.8));
#8063=CARTESIAN_POINT('Ctrl Pts',(16.9990723562152,8.43318053705323,37.8));
#8064=CARTESIAN_POINT('Ctrl Pts',(16.9990723562152,8.60015641831482,37.8));
#8065=CARTESIAN_POINT('Ctrl Pts',(17.2495361781076,8.34969259642243,-96.7369151290948));
#8066=CARTESIAN_POINT('Ctrl Pts',(17.2495361781076,8.34969259642243,172.736915129095));
#8067=CARTESIAN_POINT('Ctrl Pts',(17.5,8.34969259642243,-96.7369151290948));
#8068=CARTESIAN_POINT('Ctrl Pts',(17.5,8.34969259642243,172.736915129095));
#8069=CARTESIAN_POINT('Ctrl Pts',(17.5,8.60015641831482,-96.7369151290948));
#8070=CARTESIAN_POINT('Ctrl Pts',(17.5,8.60015641831482,172.736915129095));
#8071=CARTESIAN_POINT('',(17.5,8.60015641831482,38.));
#8072=CARTESIAN_POINT('Ctrl Pts',(17.5,8.60015641831482,38.));
#8073=CARTESIAN_POINT('Ctrl Pts',(17.5,8.34969259642243,38.));
#8074=CARTESIAN_POINT('Ctrl Pts',(17.2495361781076,8.34969259642243,38.));
#8075=CARTESIAN_POINT('',(17.5,8.60015641831482,37.8));
#8076=CARTESIAN_POINT('',(17.5,8.60015641831482,-96.7369151290948));
#8077=CARTESIAN_POINT('Ctrl Pts',(17.5,8.60015641831482,37.8));
#8078=CARTESIAN_POINT('Ctrl Pts',(17.5,8.43318053705323,37.8));
#8079=CARTESIAN_POINT('Ctrl Pts',(17.4165120593692,8.34969259642243,37.8));
#8080=CARTESIAN_POINT('Ctrl Pts',(17.2495361781076,8.34969259642243,37.8));
#8081=CARTESIAN_POINT('Origin',(17.5,10.0983011307452,-96.7369151290948));
#8082=CARTESIAN_POINT('',(17.5,10.0983011307452,38.));
#8083=CARTESIAN_POINT('',(17.5,5.04915056537262,38.));
#8084=CARTESIAN_POINT('',(17.5,10.0983011307452,37.8));
#8085=CARTESIAN_POINT('',(17.5,10.0983011307452,-96.7369151290948));
#8086=CARTESIAN_POINT('',(17.5,5.04915056537262,37.8));
#8087=CARTESIAN_POINT('Ctrl Pts',(17.5,10.0983011307453,-96.7369151290948));
#8088=CARTESIAN_POINT('Ctrl Pts',(17.5,10.0983011307453,172.736915129095));
#8089=CARTESIAN_POINT('Ctrl Pts',(17.5,10.6177816502258,-96.7369151290948));
#8090=CARTESIAN_POINT('Ctrl Pts',(17.5,10.6177816502258,172.736915129095));
#8091=CARTESIAN_POINT('Ctrl Pts',(16.7671614100186,11.3459820212833,-96.7369151290948));
#8092=CARTESIAN_POINT('Ctrl Pts',(16.7671614100186,11.3459820212833,172.736915129095));
#8093=CARTESIAN_POINT('Ctrl Pts',(16.252319109462,11.3459820212833,-96.7369151290948));
#8094=CARTESIAN_POINT('Ctrl Pts',(16.252319109462,11.3459820212833,172.736915129095));
#8095=CARTESIAN_POINT('Ctrl Pts',(16.252319109462,11.3459820212833,38.));
#8096=CARTESIAN_POINT('Ctrl Pts',(16.7671614100186,11.3459820212833,38.));
#8097=CARTESIAN_POINT('Ctrl Pts',(17.5,10.6177816502258,38.));
#8098=CARTESIAN_POINT('Ctrl Pts',(17.5,10.0983011307453,38.));
#8099=CARTESIAN_POINT('Ctrl Pts',(16.252319109462,11.3459820212833,37.8));
#8100=CARTESIAN_POINT('Ctrl Pts',(16.595547309833,11.3459820212833,37.8));
#8101=CARTESIAN_POINT('Ctrl Pts',(16.8893011750155,11.2246152927737,37.8));
#8102=CARTESIAN_POINT('Ctrl Pts',(17.1335807050093,10.9818818357545,37.8));
#8103=CARTESIAN_POINT('Ctrl Pts',(17.3778602350031,10.7391483787354,37.8));
#8104=CARTESIAN_POINT('Ctrl Pts',(17.5,10.4446214770656,37.8));
#8105=CARTESIAN_POINT('Ctrl Pts',(17.5,10.0983011307453,37.8));
#8106=CARTESIAN_POINT('Origin',(-32.1,0.,37.8));
#8107=CARTESIAN_POINT('Origin',(-32.1,0.,37.8));
#8108=CARTESIAN_POINT('',(17.2495361781076,7.34783730885286,37.8));
#8109=CARTESIAN_POINT('',(17.5,7.09737348696046,37.8));
#8110=CARTESIAN_POINT('Ctrl Pts',(17.2495361781076,7.34783730885286,37.8));
#8111=CARTESIAN_POINT('Ctrl Pts',(17.2743159759384,7.34783730885286,37.8));
#8112=CARTESIAN_POINT('Ctrl Pts',(17.2995108557259,7.34599860503558,37.8));
#8113=CARTESIAN_POINT('Ctrl Pts',(17.3449634974174,7.33725195279911,37.8));
#8114=CARTESIAN_POINT('Ctrl Pts',(17.365712737717,7.33099637310507,37.8));
#8115=CARTESIAN_POINT('Ctrl Pts',(17.4065191653988,7.31154888580154,37.8));
#8116=CARTESIAN_POINT('Ctrl Pts',(17.4255859426824,7.29804897307646,37.8));
#8117=CARTESIAN_POINT('Ctrl Pts',(17.4594951808776,7.26164904460239,37.8));
#8118=CARTESIAN_POINT('Ctrl Pts',(17.4724214962841,7.23935925799605,37.8));
#8119=CARTESIAN_POINT('Ctrl Pts',(17.495333746518,7.17791773477047,37.8));
#8120=CARTESIAN_POINT('Ctrl Pts',(17.5,7.13684884097669,37.8));
#8121=CARTESIAN_POINT('Ctrl Pts',(17.5,7.09737348696046,37.8));
#8122=CARTESIAN_POINT('',(12.7504638218924,7.34783730885286,37.8));
#8123=CARTESIAN_POINT('',(-9.6747680890538,7.34783730885286,37.8));
#8124=CARTESIAN_POINT('',(12.5,7.09737348696046,37.8));
#8125=CARTESIAN_POINT('Ctrl Pts',(12.5,7.09737348696046,37.8));
#8126=CARTESIAN_POINT('Ctrl Pts',(12.5,7.26434936822206,37.8));
#8127=CARTESIAN_POINT('Ctrl Pts',(12.5834879406308,7.34783730885286,37.8));
#8128=CARTESIAN_POINT('Ctrl Pts',(12.7504638218924,7.34783730885286,37.8));
#8129=CARTESIAN_POINT('',(12.7504638218924,6.84690966506807,37.8));
#8130=CARTESIAN_POINT('Ctrl Pts',(12.7504638218924,6.84690966506807,37.8));
#8131=CARTESIAN_POINT('Ctrl Pts',(12.7256840240616,6.84690966506807,37.8));
#8132=CARTESIAN_POINT('Ctrl Pts',(12.7004891442741,6.84874836888534,37.8));
#8133=CARTESIAN_POINT('Ctrl Pts',(12.6550365025826,6.85749502112181,37.8));
#8134=CARTESIAN_POINT('Ctrl Pts',(12.634287262283,6.86375060081586,37.8));
#8135=CARTESIAN_POINT('Ctrl Pts',(12.5934808346012,6.88319808811939,37.8));
#8136=CARTESIAN_POINT('Ctrl Pts',(12.5744140573176,6.89669800084447,37.8));
#8137=CARTESIAN_POINT('Ctrl Pts',(12.5405048191224,6.93309792931853,37.8));
#8138=CARTESIAN_POINT('Ctrl Pts',(12.5275785037159,6.95538771592488,37.8));
#8139=CARTESIAN_POINT('Ctrl Pts',(12.504666253482,7.01682923915045,37.8));
#8140=CARTESIAN_POINT('Ctrl Pts',(12.5,7.05789813294422,37.8));
#8141=CARTESIAN_POINT('Ctrl Pts',(12.5,7.09737348696046,37.8));
#8142=CARTESIAN_POINT('',(15.,6.84690966506807,37.8));
#8143=CARTESIAN_POINT('',(-8.55,6.84690966506807,37.8));
#8144=CARTESIAN_POINT('',(15.,4.85247552777679,37.8));
#8145=CARTESIAN_POINT('',(15.,2.42623776388839,37.8));
#8146=CARTESIAN_POINT('',(12.7504638218924,4.85247552777679,37.8));
#8147=CARTESIAN_POINT('',(-9.6747680890538,4.85247552777679,37.8));
#8148=CARTESIAN_POINT('',(12.5,4.6020117058844,37.8));
#8149=CARTESIAN_POINT('Ctrl Pts',(12.5,4.6020117058844,37.8));
#8150=CARTESIAN_POINT('Ctrl Pts',(12.5,4.76898758714599,37.8));
#8151=CARTESIAN_POINT('Ctrl Pts',(12.5834879406308,4.85247552777679,37.8));
#8152=CARTESIAN_POINT('Ctrl Pts',(12.7504638218924,4.85247552777679,37.8));
#8153=CARTESIAN_POINT('',(12.7504638218924,4.351547883992,37.8));
#8154=CARTESIAN_POINT('Ctrl Pts',(12.7504638218924,4.351547883992,37.8));
#8155=CARTESIAN_POINT('Ctrl Pts',(12.5834879406308,4.351547883992,37.8));
#8156=CARTESIAN_POINT('Ctrl Pts',(12.5,4.4350358246228,37.8));
#8157=CARTESIAN_POINT('Ctrl Pts',(12.5,4.6020117058844,37.8));
#8158=CARTESIAN_POINT('',(17.2495361781076,4.351547883992,37.8));
#8159=CARTESIAN_POINT('',(-7.4252319109462,4.351547883992,37.8));
#8160=CARTESIAN_POINT('',(17.5,4.6020117058844,37.8));
#8161=CARTESIAN_POINT('Ctrl Pts',(17.5,4.6020117058844,37.8));
#8162=CARTESIAN_POINT('Ctrl Pts',(17.5,4.4350358246228,37.8));
#8163=CARTESIAN_POINT('Ctrl Pts',(17.4165120593692,4.351547883992,37.8));
#8164=CARTESIAN_POINT('Ctrl Pts',(17.2495361781076,4.351547883992,37.8));
#8165=CARTESIAN_POINT('',(17.2495361781076,4.85247552777679,37.8));
#8166=CARTESIAN_POINT('Ctrl Pts',(17.2495361781076,4.85247552777679,37.8));
#8167=CARTESIAN_POINT('Ctrl Pts',(17.4165120593692,4.85247552777679,37.8));
#8168=CARTESIAN_POINT('Ctrl Pts',(17.5,4.76898758714599,37.8));
#8169=CARTESIAN_POINT('Ctrl Pts',(17.5,4.6020117058844,37.8));
#8170=CARTESIAN_POINT('',(15.5009276437848,4.85247552777679,37.8));
#8171=CARTESIAN_POINT('',(-8.29953617810761,4.85247552777679,37.8));
#8172=CARTESIAN_POINT('',(15.5009276437848,6.84690966506807,37.8));
#8173=CARTESIAN_POINT('',(15.5009276437848,3.42345483253403,37.8));
#8174=CARTESIAN_POINT('',(17.2495361781076,6.84690966506807,37.8));
#8175=CARTESIAN_POINT('',(-7.4252319109462,6.84690966506807,37.8));
#8176=CARTESIAN_POINT('Ctrl Pts',(17.5,7.09737348696046,37.8));
#8177=CARTESIAN_POINT('Ctrl Pts',(17.5,7.07259368912963,37.8));
#8178=CARTESIAN_POINT('Ctrl Pts',(17.4981612961827,7.04739880934215,37.8));
#8179=CARTESIAN_POINT('Ctrl Pts',(17.4894146439463,7.00194616765065,37.8));
#8180=CARTESIAN_POINT('Ctrl Pts',(17.4831590642522,6.98119692735104,37.8));
#8181=CARTESIAN_POINT('Ctrl Pts',(17.4637115769487,6.94039049966926,37.8));
#8182=CARTESIAN_POINT('Ctrl Pts',(17.4502116642236,6.92132372238567,37.8));
#8183=CARTESIAN_POINT('Ctrl Pts',(17.4138117357495,6.88741448419051,37.8));
#8184=CARTESIAN_POINT('Ctrl Pts',(17.3915219491432,6.87448816878399,37.8));
#8185=CARTESIAN_POINT('Ctrl Pts',(17.3300804259176,6.85157591855011,37.8));
#8186=CARTESIAN_POINT('Ctrl Pts',(17.2890115321238,6.84690966506807,37.8));
#8187=CARTESIAN_POINT('Ctrl Pts',(17.2495361781076,6.84690966506807,37.8));
#8188=CARTESIAN_POINT('Ctrl Pts',(12.7504638218924,4.85247552777679,-96.7369151290948));
#8189=CARTESIAN_POINT('Ctrl Pts',(12.7504638218924,4.85247552777679,172.736915129095));
#8190=CARTESIAN_POINT('Ctrl Pts',(12.5,4.85247552777679,-96.7369151290948));
#8191=CARTESIAN_POINT('Ctrl Pts',(12.5,4.85247552777679,172.736915129095));
#8192=CARTESIAN_POINT('Ctrl Pts',(12.5,4.6020117058844,-96.7369151290948));
#8193=CARTESIAN_POINT('Ctrl Pts',(12.5,4.6020117058844,172.736915129095));
#8194=CARTESIAN_POINT('',(12.5,4.6020117058844,38.));
#8195=CARTESIAN_POINT('',(12.7504638218924,4.85247552777679,38.));
#8196=CARTESIAN_POINT('Ctrl Pts',(12.5,4.6020117058844,38.));
#8197=CARTESIAN_POINT('Ctrl Pts',(12.5,4.85247552777679,38.));
#8198=CARTESIAN_POINT('Ctrl Pts',(12.7504638218924,4.85247552777679,38.));
#8199=CARTESIAN_POINT('',(12.5,4.6020117058844,-96.7369151290948));
#8200=CARTESIAN_POINT('',(12.7504638218924,4.85247552777679,-96.7369151290948));
#8201=CARTESIAN_POINT('Origin',(12.7504638218924,4.85247552777679,-96.7369151290948));
#8202=CARTESIAN_POINT('',(15.,4.85247552777679,38.));
#8203=CARTESIAN_POINT('',(-9.6747680890538,4.85247552777679,38.));
#8204=CARTESIAN_POINT('',(15.,4.85247552777679,-96.7369151290948));
#8205=CARTESIAN_POINT('Origin',(15.,4.85247552777679,-96.7369151290948));
#8206=CARTESIAN_POINT('',(15.,6.84690966506807,38.));
#8207=CARTESIAN_POINT('',(15.,2.42623776388839,38.));
#8208=CARTESIAN_POINT('',(15.,6.84690966506807,-96.7369151290948));
#8209=CARTESIAN_POINT('Origin',(15.,6.84690966506807,-96.7369151290948));
#8210=CARTESIAN_POINT('',(12.7504638218924,6.84690966506807,38.));
#8211=CARTESIAN_POINT('',(-8.55,6.84690966506807,38.));
#8212=CARTESIAN_POINT('',(12.7504638218924,6.84690966506807,-96.7369151290948));
#8213=CARTESIAN_POINT('Ctrl Pts',(12.5,7.09737348696046,-96.7369151290948));
#8214=CARTESIAN_POINT('Ctrl Pts',(12.5,7.09737348696046,172.736915129095));
#8215=CARTESIAN_POINT('Ctrl Pts',(12.5,6.84690966506807,-96.7369151290948));
#8216=CARTESIAN_POINT('Ctrl Pts',(12.5,6.84690966506807,172.736915129095));
#8217=CARTESIAN_POINT('Ctrl Pts',(12.7504638218924,6.84690966506807,-96.7369151290948));
#8218=CARTESIAN_POINT('Ctrl Pts',(12.7504638218924,6.84690966506807,172.736915129095));
#8219=CARTESIAN_POINT('',(12.5,7.09737348696046,38.));
#8220=CARTESIAN_POINT('Ctrl Pts',(12.7504638218924,6.84690966506807,38.));
#8221=CARTESIAN_POINT('Ctrl Pts',(12.5,6.84690966506807,38.));
#8222=CARTESIAN_POINT('Ctrl Pts',(12.5,7.09737348696046,38.));
#8223=CARTESIAN_POINT('',(12.5,7.09737348696046,-96.7369151290948));
#8224=CARTESIAN_POINT('Ctrl Pts',(12.7504638218924,7.34783730885286,-96.7369151290948));
#8225=CARTESIAN_POINT('Ctrl Pts',(12.7504638218924,7.34783730885286,172.736915129095));
#8226=CARTESIAN_POINT('Ctrl Pts',(12.5,7.34783730885286,-96.7369151290948));
#8227=CARTESIAN_POINT('Ctrl Pts',(12.5,7.34783730885286,172.736915129095));
#8228=CARTESIAN_POINT('Ctrl Pts',(12.5,7.09737348696046,-96.7369151290948));
#8229=CARTESIAN_POINT('Ctrl Pts',(12.5,7.09737348696046,172.736915129095));
#8230=CARTESIAN_POINT('',(12.7504638218924,7.34783730885286,38.));
#8231=CARTESIAN_POINT('Ctrl Pts',(12.5,7.09737348696046,38.));
#8232=CARTESIAN_POINT('Ctrl Pts',(12.5,7.34783730885286,38.));
#8233=CARTESIAN_POINT('Ctrl Pts',(12.7504638218924,7.34783730885286,38.));
#8234=CARTESIAN_POINT('',(12.7504638218924,7.34783730885286,-96.7369151290948));
#8235=CARTESIAN_POINT('Origin',(12.7504638218924,7.34783730885286,-96.7369151290948));
#8236=CARTESIAN_POINT('',(17.2495361781076,7.34783730885286,38.));
#8237=CARTESIAN_POINT('',(-9.6747680890538,7.34783730885286,38.));
#8238=CARTESIAN_POINT('',(17.2495361781076,7.34783730885286,-96.7369151290948));
#8239=CARTESIAN_POINT('Ctrl Pts',(17.5,7.09737348696046,-96.7369151290948));
#8240=CARTESIAN_POINT('Ctrl Pts',(17.5,7.09737348696046,172.736915129095));
#8241=CARTESIAN_POINT('Ctrl Pts',(17.5,7.34783730885286,-96.7369151290948));
#8242=CARTESIAN_POINT('Ctrl Pts',(17.5,7.34783730885286,172.736915129095));
#8243=CARTESIAN_POINT('Ctrl Pts',(17.2495361781076,7.34783730885286,-96.7369151290948));
#8244=CARTESIAN_POINT('Ctrl Pts',(17.2495361781076,7.34783730885286,172.736915129095));
#8245=CARTESIAN_POINT('',(17.5,7.09737348696046,38.));
#8246=CARTESIAN_POINT('Ctrl Pts',(17.2495361781076,7.34783730885286,38.));
#8247=CARTESIAN_POINT('Ctrl Pts',(17.5,7.34783730885286,38.));
#8248=CARTESIAN_POINT('Ctrl Pts',(17.5,7.09737348696046,38.));
#8249=CARTESIAN_POINT('',(17.5,7.09737348696046,-96.7369151290948));
#8250=CARTESIAN_POINT('Ctrl Pts',(17.2495361781076,6.84690966506807,-96.7369151290948));
#8251=CARTESIAN_POINT('Ctrl Pts',(17.2495361781076,6.84690966506807,172.736915129095));
#8252=CARTESIAN_POINT('Ctrl Pts',(17.5,6.84690966506807,-96.7369151290948));
#8253=CARTESIAN_POINT('Ctrl Pts',(17.5,6.84690966506807,172.736915129095));
#8254=CARTESIAN_POINT('Ctrl Pts',(17.5,7.09737348696046,-96.7369151290948));
#8255=CARTESIAN_POINT('Ctrl Pts',(17.5,7.09737348696046,172.736915129095));
#8256=CARTESIAN_POINT('',(17.2495361781076,6.84690966506807,38.));
#8257=CARTESIAN_POINT('Ctrl Pts',(17.5,7.09737348696046,38.));
#8258=CARTESIAN_POINT('Ctrl Pts',(17.5,6.84690966506807,38.));
#8259=CARTESIAN_POINT('Ctrl Pts',(17.2495361781076,6.84690966506807,38.));
#8260=CARTESIAN_POINT('',(17.2495361781076,6.84690966506807,-96.7369151290948));
#8261=CARTESIAN_POINT('Origin',(17.2495361781076,6.84690966506807,-96.7369151290948));
#8262=CARTESIAN_POINT('',(15.5009276437848,6.84690966506807,38.));
#8263=CARTESIAN_POINT('',(-7.4252319109462,6.84690966506807,38.));
#8264=CARTESIAN_POINT('',(15.5009276437848,6.84690966506807,-96.7369151290948));
#8265=CARTESIAN_POINT('Origin',(15.5009276437848,6.84690966506807,-96.7369151290948));
#8266=CARTESIAN_POINT('',(15.5009276437848,4.85247552777679,38.));
#8267=CARTESIAN_POINT('',(15.5009276437848,3.42345483253403,38.));
#8268=CARTESIAN_POINT('',(15.5009276437848,4.85247552777679,-96.7369151290948));
#8269=CARTESIAN_POINT('Origin',(15.5009276437848,4.85247552777679,-96.7369151290948));
#8270=CARTESIAN_POINT('',(17.2495361781076,4.85247552777679,38.));
#8271=CARTESIAN_POINT('',(-8.29953617810761,4.85247552777679,38.));
#8272=CARTESIAN_POINT('',(17.2495361781076,4.85247552777679,-96.7369151290948));
#8273=CARTESIAN_POINT('Ctrl Pts',(17.5,4.6020117058844,-96.7369151290948));
#8274=CARTESIAN_POINT('Ctrl Pts',(17.5,4.6020117058844,172.736915129095));
#8275=CARTESIAN_POINT('Ctrl Pts',(17.5,4.85247552777679,-96.7369151290948));
#8276=CARTESIAN_POINT('Ctrl Pts',(17.5,4.85247552777679,172.736915129095));
#8277=CARTESIAN_POINT('Ctrl Pts',(17.2495361781076,4.85247552777679,-96.7369151290948));
#8278=CARTESIAN_POINT('Ctrl Pts',(17.2495361781076,4.85247552777679,172.736915129095));
#8279=CARTESIAN_POINT('',(17.5,4.6020117058844,38.));
#8280=CARTESIAN_POINT('Ctrl Pts',(17.2495361781076,4.85247552777679,38.));
#8281=CARTESIAN_POINT('Ctrl Pts',(17.5,4.85247552777679,38.));
#8282=CARTESIAN_POINT('Ctrl Pts',(17.5,4.6020117058844,38.));
#8283=CARTESIAN_POINT('',(17.5,4.6020117058844,-96.7369151290948));
#8284=CARTESIAN_POINT('Ctrl Pts',(17.2495361781076,4.351547883992,-96.7369151290948));
#8285=CARTESIAN_POINT('Ctrl Pts',(17.2495361781076,4.351547883992,172.736915129095));
#8286=CARTESIAN_POINT('Ctrl Pts',(17.5,4.351547883992,-96.7369151290948));
#8287=CARTESIAN_POINT('Ctrl Pts',(17.5,4.351547883992,172.736915129095));
#8288=CARTESIAN_POINT('Ctrl Pts',(17.5,4.6020117058844,-96.7369151290948));
#8289=CARTESIAN_POINT('Ctrl Pts',(17.5,4.6020117058844,172.736915129095));
#8290=CARTESIAN_POINT('',(17.2495361781076,4.351547883992,38.));
#8291=CARTESIAN_POINT('Ctrl Pts',(17.5,4.6020117058844,38.));
#8292=CARTESIAN_POINT('Ctrl Pts',(17.5,4.351547883992,38.));
#8293=CARTESIAN_POINT('Ctrl Pts',(17.2495361781076,4.351547883992,38.));
#8294=CARTESIAN_POINT('',(17.2495361781076,4.351547883992,-96.7369151290948));
#8295=CARTESIAN_POINT('Origin',(17.2495361781076,4.351547883992,-96.7369151290948));
#8296=CARTESIAN_POINT('',(12.7504638218924,4.351547883992,38.));
#8297=CARTESIAN_POINT('',(-7.4252319109462,4.351547883992,38.));
#8298=CARTESIAN_POINT('',(12.7504638218924,4.351547883992,-96.7369151290948));
#8299=CARTESIAN_POINT('Ctrl Pts',(12.5,4.6020117058844,-96.7369151290948));
#8300=CARTESIAN_POINT('Ctrl Pts',(12.5,4.6020117058844,172.736915129095));
#8301=CARTESIAN_POINT('Ctrl Pts',(12.5,4.351547883992,-96.7369151290948));
#8302=CARTESIAN_POINT('Ctrl Pts',(12.5,4.351547883992,172.736915129095));
#8303=CARTESIAN_POINT('Ctrl Pts',(12.7504638218924,4.351547883992,-96.7369151290948));
#8304=CARTESIAN_POINT('Ctrl Pts',(12.7504638218924,4.351547883992,172.736915129095));
#8305=CARTESIAN_POINT('Ctrl Pts',(12.7504638218924,4.351547883992,38.));
#8306=CARTESIAN_POINT('Ctrl Pts',(12.5,4.351547883992,38.));
#8307=CARTESIAN_POINT('Ctrl Pts',(12.5,4.6020117058844,38.));
#8308=CARTESIAN_POINT('Ctrl Pts',(15.2504638218924,-2.15123504736235,-96.7369151290948));
#8309=CARTESIAN_POINT('Ctrl Pts',(15.2504638218924,-2.15123504736235,172.736915129095));
#8310=CARTESIAN_POINT('Ctrl Pts',(15.5009276437848,-2.15123504736235,-96.7369151290948));
#8311=CARTESIAN_POINT('Ctrl Pts',(15.5009276437848,-2.15123504736235,172.736915129095));
#8312=CARTESIAN_POINT('Ctrl Pts',(15.5009276437848,-1.90077122546996,-96.7369151290948));
#8313=CARTESIAN_POINT('Ctrl Pts',(15.5009276437848,-1.90077122546996,172.736915129095));
#8314=CARTESIAN_POINT('',(15.5009276437848,-1.90077122546996,38.));
#8315=CARTESIAN_POINT('',(15.2504638218924,-2.15123504736235,38.));
#8316=CARTESIAN_POINT('Ctrl Pts',(15.5009276437848,-1.90077122546996,38.));
#8317=CARTESIAN_POINT('Ctrl Pts',(15.5009276437848,-2.15123504736235,38.));
#8318=CARTESIAN_POINT('Ctrl Pts',(15.2504638218924,-2.15123504736235,38.));
#8319=CARTESIAN_POINT('',(15.5009276437848,-1.90077122546996,37.8));
#8320=CARTESIAN_POINT('',(15.5009276437848,-1.90077122546996,-96.7369151290948));
#8321=CARTESIAN_POINT('',(15.2504638218924,-2.15123504736235,37.8));
#8322=CARTESIAN_POINT('Ctrl Pts',(15.5009276437848,-1.90077122546996,37.8));
#8323=CARTESIAN_POINT('Ctrl Pts',(15.5009276437848,-2.06774710673156,37.8));
#8324=CARTESIAN_POINT('Ctrl Pts',(15.417439703154,-2.15123504736235,37.8));
#8325=CARTESIAN_POINT('Ctrl Pts',(15.2504638218924,-2.15123504736235,37.8));
#8326=CARTESIAN_POINT('',(15.2504638218924,-2.15123504736235,-96.7369151290948));
#8327=CARTESIAN_POINT('Origin',(15.5009276437848,-0.152162691147142,-96.7369151290948));
#8328=CARTESIAN_POINT('',(15.5009276437848,-0.152162691147142,38.));
#8329=CARTESIAN_POINT('',(15.5009276437848,-0.0760813455736314,38.));
#8330=CARTESIAN_POINT('',(15.5009276437848,-0.152162691147142,37.8));
#8331=CARTESIAN_POINT('',(15.5009276437848,-0.152162691147142,-96.7369151290948));
#8332=CARTESIAN_POINT('',(15.5009276437848,-0.0760813455736314,37.8));
#8333=CARTESIAN_POINT('Origin',(16.9990723562152,-0.152162691147142,-96.7369151290948));
#8334=CARTESIAN_POINT('',(16.9990723562152,-0.152162691147142,38.));
#8335=CARTESIAN_POINT('',(-7.55046382189239,-0.152162691147142,38.));
#8336=CARTESIAN_POINT('',(16.9990723562152,-0.152162691147142,37.8));
#8337=CARTESIAN_POINT('',(16.9990723562152,-0.152162691147142,-96.7369151290948));
#8338=CARTESIAN_POINT('',(-7.55046382189239,-0.152162691147142,37.8));
#8339=CARTESIAN_POINT('Origin',(16.9990723562152,-1.90077122546996,-96.7369151290948));
#8340=CARTESIAN_POINT('',(16.9990723562152,-1.90077122546996,38.));
#8341=CARTESIAN_POINT('',(16.9990723562152,-0.950385612735043,38.));
#8342=CARTESIAN_POINT('',(16.9990723562152,-1.90077122546996,37.8));
#8343=CARTESIAN_POINT('',(16.9990723562152,-1.90077122546996,-96.7369151290948));
#8344=CARTESIAN_POINT('',(16.9990723562152,-0.950385612735043,37.8));
#8345=CARTESIAN_POINT('Ctrl Pts',(16.9990723562152,-1.90077122546996,-96.7369151290948));
#8346=CARTESIAN_POINT('Ctrl Pts',(16.9990723562152,-1.90077122546996,172.736915129095));
#8347=CARTESIAN_POINT('Ctrl Pts',(16.9990723562152,-2.15123504736235,-96.7369151290948));
#8348=CARTESIAN_POINT('Ctrl Pts',(16.9990723562152,-2.15123504736235,172.736915129095));
#8349=CARTESIAN_POINT('Ctrl Pts',(17.2495361781076,-2.15123504736235,-96.7369151290948));
#8350=CARTESIAN_POINT('Ctrl Pts',(17.2495361781076,-2.15123504736235,172.736915129095));
#8351=CARTESIAN_POINT('',(17.2495361781076,-2.15123504736235,38.));
#8352=CARTESIAN_POINT('Ctrl Pts',(17.2495361781076,-2.15123504736235,38.));
#8353=CARTESIAN_POINT('Ctrl Pts',(16.9990723562152,-2.15123504736235,38.));
#8354=CARTESIAN_POINT('Ctrl Pts',(16.9990723562152,-1.90077122546996,38.));
#8355=CARTESIAN_POINT('',(17.2495361781076,-2.15123504736235,37.8));
#8356=CARTESIAN_POINT('',(17.2495361781076,-2.15123504736235,-96.7369151290948));
#8357=CARTESIAN_POINT('Ctrl Pts',(17.2495361781076,-2.15123504736235,37.8));
#8358=CARTESIAN_POINT('Ctrl Pts',(17.082560296846,-2.15123504736235,37.8));
#8359=CARTESIAN_POINT('Ctrl Pts',(16.9990723562152,-2.06774710673156,37.8));
#8360=CARTESIAN_POINT('Ctrl Pts',(16.9990723562152,-1.90077122546996,37.8));
#8361=CARTESIAN_POINT('Ctrl Pts',(17.2495361781076,-2.15123504736235,-96.7369151290948));
#8362=CARTESIAN_POINT('Ctrl Pts',(17.2495361781076,-2.15123504736235,172.736915129095));
#8363=CARTESIAN_POINT('Ctrl Pts',(17.5,-2.15123504736235,-96.7369151290948));
#8364=CARTESIAN_POINT('Ctrl Pts',(17.5,-2.15123504736235,172.736915129095));
#8365=CARTESIAN_POINT('Ctrl Pts',(17.5,-1.90077122546996,-96.7369151290948));
#8366=CARTESIAN_POINT('Ctrl Pts',(17.5,-1.90077122546996,172.736915129095));
#8367=CARTESIAN_POINT('',(17.5,-1.90077122546996,38.));
#8368=CARTESIAN_POINT('Ctrl Pts',(17.5,-1.90077122546996,38.));
#8369=CARTESIAN_POINT('Ctrl Pts',(17.5,-2.15123504736235,38.));
#8370=CARTESIAN_POINT('Ctrl Pts',(17.2495361781076,-2.15123504736235,38.));
#8371=CARTESIAN_POINT('',(17.5,-1.90077122546996,37.8));
#8372=CARTESIAN_POINT('',(17.5,-1.90077122546996,-96.7369151290948));
#8373=CARTESIAN_POINT('Ctrl Pts',(17.5,-1.90077122546996,37.8));
#8374=CARTESIAN_POINT('Ctrl Pts',(17.5,-2.06774710673156,37.8));
#8375=CARTESIAN_POINT('Ctrl Pts',(17.4165120593692,-2.15123504736235,37.8));
#8376=CARTESIAN_POINT('Ctrl Pts',(17.2495361781076,-2.15123504736235,37.8));
#8377=CARTESIAN_POINT('Origin',(17.5,0.098301130745253,-96.7369151290948));
#8378=CARTESIAN_POINT('',(17.5,0.098301130745253,38.));
#8379=CARTESIAN_POINT('',(17.5,0.0491505653725714,38.));
#8380=CARTESIAN_POINT('',(17.5,0.098301130745253,37.8));
#8381=CARTESIAN_POINT('',(17.5,0.098301130745253,-96.7369151290948));
#8382=CARTESIAN_POINT('',(17.5,0.0491505653725714,37.8));
#8383=CARTESIAN_POINT('Ctrl Pts',(17.5,0.098301130745253,-96.7369151290948));
#8384=CARTESIAN_POINT('Ctrl Pts',(17.5,0.098301130745253,172.736915129095));
#8385=CARTESIAN_POINT('Ctrl Pts',(17.5,0.348764952637648,-96.7369151290948));
#8386=CARTESIAN_POINT('Ctrl Pts',(17.5,0.348764952637648,172.736915129095));
#8387=CARTESIAN_POINT('Ctrl Pts',(17.2495361781076,0.348764952637648,-96.7369151290948));
#8388=CARTESIAN_POINT('Ctrl Pts',(17.2495361781076,0.348764952637648,172.736915129095));
#8389=CARTESIAN_POINT('',(17.2495361781076,0.348764952637648,38.));
#8390=CARTESIAN_POINT('Ctrl Pts',(17.2495361781076,0.348764952637648,38.));
#8391=CARTESIAN_POINT('Ctrl Pts',(17.5,0.348764952637648,38.));
#8392=CARTESIAN_POINT('Ctrl Pts',(17.5,0.098301130745253,38.));
#8393=CARTESIAN_POINT('',(17.2495361781076,0.348764952637648,37.8));
#8394=CARTESIAN_POINT('',(17.2495361781076,0.348764952637648,-96.7369151290948));
#8395=CARTESIAN_POINT('Ctrl Pts',(17.2495361781076,0.348764952637648,37.8));
#8396=CARTESIAN_POINT('Ctrl Pts',(17.2743159759384,0.348764952637648,37.8));
#8397=CARTESIAN_POINT('Ctrl Pts',(17.2995108557259,0.346926248820375,37.8));
#8398=CARTESIAN_POINT('Ctrl Pts',(17.3449634974174,0.338179596583903,37.8));
#8399=CARTESIAN_POINT('Ctrl Pts',(17.365712737717,0.331924016889857,37.8));
#8400=CARTESIAN_POINT('Ctrl Pts',(17.4065191653988,0.31247652958633,37.8));
#8401=CARTESIAN_POINT('Ctrl Pts',(17.4255859426824,0.298976616861251,37.8));
#8402=CARTESIAN_POINT('Ctrl Pts',(17.4594951808776,0.262576688387184,37.8));
#8403=CARTESIAN_POINT('Ctrl Pts',(17.4724214962841,0.240286901780842,37.8));
#8404=CARTESIAN_POINT('Ctrl Pts',(17.495333746518,0.178845378555264,37.8));
#8405=CARTESIAN_POINT('Ctrl Pts',(17.5,0.13777648476148,37.8));
#8406=CARTESIAN_POINT('Ctrl Pts',(17.5,0.098301130745253,37.8));
#8407=CARTESIAN_POINT('Origin',(12.7504638218924,0.348764952637648,-96.7369151290948));
#8408=CARTESIAN_POINT('',(12.7504638218924,0.348764952637648,38.));
#8409=CARTESIAN_POINT('',(-9.6747680890538,0.348764952637648,38.));
#8410=CARTESIAN_POINT('',(12.7504638218924,0.348764952637648,37.8));
#8411=CARTESIAN_POINT('',(12.7504638218924,0.348764952637648,-96.7369151290948));
#8412=CARTESIAN_POINT('',(-9.6747680890538,0.348764952637648,37.8));
#8413=CARTESIAN_POINT('Ctrl Pts',(12.7504638218924,0.348764952637648,-96.7369151290948));
#8414=CARTESIAN_POINT('Ctrl Pts',(12.7504638218924,0.348764952637648,172.736915129095));
#8415=CARTESIAN_POINT('Ctrl Pts',(12.5,0.348764952637648,-96.7369151290948));
#8416=CARTESIAN_POINT('Ctrl Pts',(12.5,0.348764952637648,172.736915129095));
#8417=CARTESIAN_POINT('Ctrl Pts',(12.5,0.098301130745253,-96.7369151290948));
#8418=CARTESIAN_POINT('Ctrl Pts',(12.5,0.098301130745253,172.736915129095));
#8419=CARTESIAN_POINT('',(12.5,0.098301130745253,38.));
#8420=CARTESIAN_POINT('Ctrl Pts',(12.5,0.098301130745253,38.));
#8421=CARTESIAN_POINT('Ctrl Pts',(12.5,0.348764952637648,38.));
#8422=CARTESIAN_POINT('Ctrl Pts',(12.7504638218924,0.348764952637648,38.));
#8423=CARTESIAN_POINT('',(12.5,0.098301130745253,37.8));
#8424=CARTESIAN_POINT('',(12.5,0.098301130745253,-96.7369151290948));
#8425=CARTESIAN_POINT('Ctrl Pts',(12.5,0.098301130745253,37.8));
#8426=CARTESIAN_POINT('Ctrl Pts',(12.5,0.26527701200685,37.8));
#8427=CARTESIAN_POINT('Ctrl Pts',(12.5834879406308,0.348764952637648,37.8));
#8428=CARTESIAN_POINT('Ctrl Pts',(12.7504638218924,0.348764952637648,37.8));
#8429=CARTESIAN_POINT('Ctrl Pts',(12.5,0.098301130745253,-96.7369151290948));
#8430=CARTESIAN_POINT('Ctrl Pts',(12.5,0.098301130745253,172.736915129095));
#8431=CARTESIAN_POINT('Ctrl Pts',(12.5,-0.152162691147142,-96.7369151290948));
#8432=CARTESIAN_POINT('Ctrl Pts',(12.5,-0.152162691147142,172.736915129095));
#8433=CARTESIAN_POINT('Ctrl Pts',(12.7504638218924,-0.152162691147142,-96.7369151290948));
#8434=CARTESIAN_POINT('Ctrl Pts',(12.7504638218924,-0.152162691147142,172.736915129095));
#8435=CARTESIAN_POINT('',(12.7504638218924,-0.152162691147142,38.));
#8436=CARTESIAN_POINT('Ctrl Pts',(12.7504638218924,-0.152162691147142,38.));
#8437=CARTESIAN_POINT('Ctrl Pts',(12.5,-0.152162691147142,38.));
#8438=CARTESIAN_POINT('Ctrl Pts',(12.5,0.098301130745253,38.));
#8439=CARTESIAN_POINT('',(12.7504638218924,-0.152162691147142,37.8));
#8440=CARTESIAN_POINT('',(12.7504638218924,-0.152162691147142,-96.7369151290948));
#8441=CARTESIAN_POINT('Ctrl Pts',(12.7504638218924,-0.152162691147142,37.8));
#8442=CARTESIAN_POINT('Ctrl Pts',(12.5834879406308,-0.152162691147142,37.8));
#8443=CARTESIAN_POINT('Ctrl Pts',(12.5,-0.0686747505163436,37.8));
#8444=CARTESIAN_POINT('Ctrl Pts',(12.5,0.098301130745253,37.8));
#8445=CARTESIAN_POINT('Origin',(15.,-0.152162691147142,-96.7369151290948));
#8446=CARTESIAN_POINT('',(15.,-0.152162691147142,38.));
#8447=CARTESIAN_POINT('',(-8.55,-0.152162691147142,38.));
#8448=CARTESIAN_POINT('',(15.,-0.152162691147142,37.8));
#8449=CARTESIAN_POINT('',(15.,-0.152162691147142,-96.7369151290948));
#8450=CARTESIAN_POINT('',(-8.55,-0.152162691147142,37.8));
#8451=CARTESIAN_POINT('Origin',(15.,-1.90077122546996,-96.7369151290948));
#8452=CARTESIAN_POINT('',(15.,-1.90077122546996,38.));
#8453=CARTESIAN_POINT('',(15.,-0.950385612734981,38.));
#8454=CARTESIAN_POINT('',(15.,-1.90077122546996,37.8));
#8455=CARTESIAN_POINT('',(15.,-1.90077122546996,-96.7369151290948));
#8456=CARTESIAN_POINT('',(15.,-0.950385612734981,37.8));
#8457=CARTESIAN_POINT('Ctrl Pts',(15.,-1.90077122546996,-96.7369151290948));
#8458=CARTESIAN_POINT('Ctrl Pts',(15.,-1.90077122546996,172.736915129095));
#8459=CARTESIAN_POINT('Ctrl Pts',(15.,-2.15123504736235,-96.7369151290948));
#8460=CARTESIAN_POINT('Ctrl Pts',(15.,-2.15123504736235,172.736915129095));
#8461=CARTESIAN_POINT('Ctrl Pts',(15.2504638218924,-2.15123504736235,-96.7369151290948));
#8462=CARTESIAN_POINT('Ctrl Pts',(15.2504638218924,-2.15123504736235,172.736915129095));
#8463=CARTESIAN_POINT('Ctrl Pts',(15.2504638218924,-2.15123504736235,38.));
#8464=CARTESIAN_POINT('Ctrl Pts',(15.,-2.15123504736235,38.));
#8465=CARTESIAN_POINT('Ctrl Pts',(15.,-1.90077122546996,38.));
#8466=CARTESIAN_POINT('Ctrl Pts',(15.2504638218924,-2.15123504736235,37.8));
#8467=CARTESIAN_POINT('Ctrl Pts',(15.0834879406308,-2.15123504736235,37.8));
#8468=CARTESIAN_POINT('Ctrl Pts',(15.,-2.06774710673156,37.8));
#8469=CARTESIAN_POINT('Ctrl Pts',(15.,-1.90077122546996,37.8));
#8470=CARTESIAN_POINT('Origin',(-32.1,0.,37.8));
#8471=CARTESIAN_POINT('Origin',(-32.1,0.,37.8));
#8472=CARTESIAN_POINT('',(17.5,-3.39891593790039,37.8));
#8473=CARTESIAN_POINT('',(17.2495361781076,-3.64937975979278,37.8));
#8474=CARTESIAN_POINT('Ctrl Pts',(17.5,-3.39891593790039,37.8));
#8475=CARTESIAN_POINT('Ctrl Pts',(17.5,-3.56589181916198,37.8));
#8476=CARTESIAN_POINT('Ctrl Pts',(17.4165120593692,-3.64937975979278,37.8));
#8477=CARTESIAN_POINT('Ctrl Pts',(17.2495361781076,-3.64937975979278,37.8));
#8478=CARTESIAN_POINT('',(17.2495361781076,-3.14845211600799,37.8));
#8479=CARTESIAN_POINT('Ctrl Pts',(17.2495361781076,-3.14845211600799,37.8));
#8480=CARTESIAN_POINT('Ctrl Pts',(17.4165120593692,-3.14845211600799,37.8));
#8481=CARTESIAN_POINT('Ctrl Pts',(17.5,-3.23194005663879,37.8));
#8482=CARTESIAN_POINT('Ctrl Pts',(17.5,-3.39891593790039,37.8));
#8483=CARTESIAN_POINT('',(12.7504638218924,-3.14845211600799,37.8));
#8484=CARTESIAN_POINT('',(-9.6747680890538,-3.14845211600799,37.8));
#8485=CARTESIAN_POINT('',(12.5,-3.39891593790039,37.8));
#8486=CARTESIAN_POINT('Ctrl Pts',(12.5,-3.39891593790039,37.8));
#8487=CARTESIAN_POINT('Ctrl Pts',(12.5,-3.23194005663879,37.8));
#8488=CARTESIAN_POINT('Ctrl Pts',(12.5834879406308,-3.14845211600799,37.8));
#8489=CARTESIAN_POINT('Ctrl Pts',(12.7504638218924,-3.14845211600799,37.8));
#8490=CARTESIAN_POINT('',(12.5,-5.3979882941156,37.8));
#8491=CARTESIAN_POINT('',(12.5,-2.69899414705783,37.8));
#8492=CARTESIAN_POINT('',(12.7504638218924,-5.64845211600799,37.8));
#8493=CARTESIAN_POINT('Ctrl Pts',(12.7504638218924,-5.64845211600799,37.8));
#8494=CARTESIAN_POINT('Ctrl Pts',(12.7256840240616,-5.64845211600799,37.8));
#8495=CARTESIAN_POINT('Ctrl Pts',(12.7004891442741,-5.64661341219072,37.8));
#8496=CARTESIAN_POINT('Ctrl Pts',(12.6550365025826,-5.63786675995425,37.8));
#8497=CARTESIAN_POINT('Ctrl Pts',(12.634287262283,-5.6316111802602,37.8));
#8498=CARTESIAN_POINT('Ctrl Pts',(12.5934808346012,-5.61216369295667,37.8));
#8499=CARTESIAN_POINT('Ctrl Pts',(12.5744140573176,-5.59866378023159,37.8));
#8500=CARTESIAN_POINT('Ctrl Pts',(12.5405048191224,-5.56226385175752,37.8));
#8501=CARTESIAN_POINT('Ctrl Pts',(12.5275785037159,-5.53997406515118,37.8));
#8502=CARTESIAN_POINT('Ctrl Pts',(12.504666253482,-5.47853254192562,37.8));
#8503=CARTESIAN_POINT('Ctrl Pts',(12.5,-5.43746364813185,37.8));
#8504=CARTESIAN_POINT('Ctrl Pts',(12.5,-5.3979882941156,37.8));
#8505=CARTESIAN_POINT('',(13.0009276437848,-5.3979882941156,37.8));
#8506=CARTESIAN_POINT('Ctrl Pts',(13.0009276437848,-5.3979882941156,37.8));
#8507=CARTESIAN_POINT('Ctrl Pts',(13.0009276437848,-5.5649641753772,37.8));
#8508=CARTESIAN_POINT('Ctrl Pts',(12.917439703154,-5.64845211600799,37.8));
#8509=CARTESIAN_POINT('Ctrl Pts',(12.7504638218924,-5.64845211600799,37.8));
#8510=CARTESIAN_POINT('',(13.0009276437848,-3.64937975979278,37.8));
#8511=CARTESIAN_POINT('',(13.0009276437848,-1.82468987989642,37.8));
#8512=CARTESIAN_POINT('',(-7.4252319109462,-3.64937975979278,37.8));
#8513=CARTESIAN_POINT('Origin',(12.5,-5.3979882941156,-96.7369151290948));
#8514=CARTESIAN_POINT('',(12.5,-5.3979882941156,38.));
#8515=CARTESIAN_POINT('',(12.5,-3.39891593790039,38.));
#8516=CARTESIAN_POINT('',(12.5,-2.69899414705783,38.));
#8517=CARTESIAN_POINT('',(12.5,-5.3979882941156,-96.7369151290948));
#8518=CARTESIAN_POINT('',(12.5,-3.39891593790039,-96.7369151290948));
#8519=CARTESIAN_POINT('Ctrl Pts',(12.7504638218924,-3.14845211600799,-96.7369151290948));
#8520=CARTESIAN_POINT('Ctrl Pts',(12.7504638218924,-3.14845211600799,172.736915129095));
#8521=CARTESIAN_POINT('Ctrl Pts',(12.5,-3.14845211600799,-96.7369151290948));
#8522=CARTESIAN_POINT('Ctrl Pts',(12.5,-3.14845211600799,172.736915129095));
#8523=CARTESIAN_POINT('Ctrl Pts',(12.5,-3.39891593790039,-96.7369151290948));
#8524=CARTESIAN_POINT('Ctrl Pts',(12.5,-3.39891593790039,172.736915129095));
#8525=CARTESIAN_POINT('',(12.7504638218924,-3.14845211600799,38.));
#8526=CARTESIAN_POINT('Ctrl Pts',(12.5,-3.39891593790039,38.));
#8527=CARTESIAN_POINT('Ctrl Pts',(12.5,-3.14845211600799,38.));
#8528=CARTESIAN_POINT('Ctrl Pts',(12.7504638218924,-3.14845211600799,38.));
#8529=CARTESIAN_POINT('',(12.7504638218924,-3.14845211600799,-96.7369151290948));
#8530=CARTESIAN_POINT('Origin',(12.7504638218924,-3.14845211600799,-96.7369151290948));
#8531=CARTESIAN_POINT('',(17.2495361781076,-3.14845211600799,38.));
#8532=CARTESIAN_POINT('',(-9.6747680890538,-3.14845211600799,38.));
#8533=CARTESIAN_POINT('',(17.2495361781076,-3.14845211600799,-96.7369151290948));
#8534=CARTESIAN_POINT('Ctrl Pts',(17.5,-3.39891593790039,-96.7369151290948));
#8535=CARTESIAN_POINT('Ctrl Pts',(17.5,-3.39891593790039,172.736915129095));
#8536=CARTESIAN_POINT('Ctrl Pts',(17.5,-3.14845211600799,-96.7369151290948));
#8537=CARTESIAN_POINT('Ctrl Pts',(17.5,-3.14845211600799,172.736915129095));
#8538=CARTESIAN_POINT('Ctrl Pts',(17.2495361781076,-3.14845211600799,-96.7369151290948));
#8539=CARTESIAN_POINT('Ctrl Pts',(17.2495361781076,-3.14845211600799,172.736915129095));
#8540=CARTESIAN_POINT('',(17.5,-3.39891593790039,38.));
#8541=CARTESIAN_POINT('Ctrl Pts',(17.2495361781076,-3.14845211600799,38.));
#8542=CARTESIAN_POINT('Ctrl Pts',(17.5,-3.14845211600799,38.));
#8543=CARTESIAN_POINT('Ctrl Pts',(17.5,-3.39891593790039,38.));
#8544=CARTESIAN_POINT('',(17.5,-3.39891593790039,-96.7369151290948));
#8545=CARTESIAN_POINT('Ctrl Pts',(17.2495361781076,-3.64937975979278,-96.7369151290948));
#8546=CARTESIAN_POINT('Ctrl Pts',(17.2495361781076,-3.64937975979278,172.736915129095));
#8547=CARTESIAN_POINT('Ctrl Pts',(17.5,-3.64937975979278,-96.7369151290948));
#8548=CARTESIAN_POINT('Ctrl Pts',(17.5,-3.64937975979278,172.736915129095));
#8549=CARTESIAN_POINT('Ctrl Pts',(17.5,-3.39891593790039,-96.7369151290948));
#8550=CARTESIAN_POINT('Ctrl Pts',(17.5,-3.39891593790039,172.736915129095));
#8551=CARTESIAN_POINT('',(17.2495361781076,-3.64937975979278,38.));
#8552=CARTESIAN_POINT('Ctrl Pts',(17.5,-3.39891593790039,38.));
#8553=CARTESIAN_POINT('Ctrl Pts',(17.5,-3.64937975979278,38.));
#8554=CARTESIAN_POINT('Ctrl Pts',(17.2495361781076,-3.64937975979278,38.));
#8555=CARTESIAN_POINT('',(17.2495361781076,-3.64937975979278,-96.7369151290948));
#8556=CARTESIAN_POINT('Origin',(17.2495361781076,-3.64937975979278,-96.7369151290948));
#8557=CARTESIAN_POINT('',(13.0009276437848,-3.64937975979278,38.));
#8558=CARTESIAN_POINT('',(-7.4252319109462,-3.64937975979278,38.));
#8559=CARTESIAN_POINT('',(13.0009276437848,-3.64937975979278,-96.7369151290948));
#8560=CARTESIAN_POINT('Origin',(13.0009276437848,-3.64937975979278,-96.7369151290948));
#8561=CARTESIAN_POINT('',(13.0009276437848,-5.3979882941156,38.));
#8562=CARTESIAN_POINT('',(13.0009276437848,-1.82468987989642,38.));
#8563=CARTESIAN_POINT('',(13.0009276437848,-5.3979882941156,-96.7369151290948));
#8564=CARTESIAN_POINT('Ctrl Pts',(12.7504638218924,-5.64845211600799,-96.7369151290948));
#8565=CARTESIAN_POINT('Ctrl Pts',(12.7504638218924,-5.64845211600799,172.736915129095));
#8566=CARTESIAN_POINT('Ctrl Pts',(13.0009276437848,-5.64845211600799,-96.7369151290948));
#8567=CARTESIAN_POINT('Ctrl Pts',(13.0009276437848,-5.64845211600799,172.736915129095));
#8568=CARTESIAN_POINT('Ctrl Pts',(13.0009276437848,-5.3979882941156,-96.7369151290948));
#8569=CARTESIAN_POINT('Ctrl Pts',(13.0009276437848,-5.3979882941156,172.736915129095));
#8570=CARTESIAN_POINT('',(12.7504638218924,-5.64845211600799,38.));
#8571=CARTESIAN_POINT('Ctrl Pts',(13.0009276437848,-5.3979882941156,38.));
#8572=CARTESIAN_POINT('Ctrl Pts',(13.0009276437848,-5.64845211600799,38.));
#8573=CARTESIAN_POINT('Ctrl Pts',(12.7504638218924,-5.64845211600799,38.));
#8574=CARTESIAN_POINT('',(12.7504638218924,-5.64845211600799,-96.7369151290948));
#8575=CARTESIAN_POINT('Ctrl Pts',(12.5,-5.3979882941156,-96.7369151290948));
#8576=CARTESIAN_POINT('Ctrl Pts',(12.5,-5.3979882941156,172.736915129095));
#8577=CARTESIAN_POINT('Ctrl Pts',(12.5,-5.64845211600799,-96.7369151290948));
#8578=CARTESIAN_POINT('Ctrl Pts',(12.5,-5.64845211600799,172.736915129095));
#8579=CARTESIAN_POINT('Ctrl Pts',(12.7504638218924,-5.64845211600799,-96.7369151290948));
#8580=CARTESIAN_POINT('Ctrl Pts',(12.7504638218924,-5.64845211600799,172.736915129095));
#8581=CARTESIAN_POINT('Ctrl Pts',(12.7504638218924,-5.64845211600799,38.));
#8582=CARTESIAN_POINT('Ctrl Pts',(12.5,-5.64845211600799,38.));
#8583=CARTESIAN_POINT('Ctrl Pts',(12.5,-5.3979882941156,38.));
#8584=CARTESIAN_POINT('Ctrl Pts',(16.0018552875696,-9.64195860951449,-96.7369151290948));
#8585=CARTESIAN_POINT('Ctrl Pts',(16.0018552875696,-9.64195860951449,172.736915129095));
#8586=CARTESIAN_POINT('Ctrl Pts',(16.6233766233766,-9.64195860951449,-96.7369151290948));
#8587=CARTESIAN_POINT('Ctrl Pts',(16.6233766233766,-9.64195860951449,172.736915129095));
#8588=CARTESIAN_POINT('Ctrl Pts',(17.5,-8.76997345181504,-96.7369151290948));
#8589=CARTESIAN_POINT('Ctrl Pts',(17.5,-8.76997345181504,172.736915129095));
#8590=CARTESIAN_POINT('Ctrl Pts',(17.5,-8.14381389708406,-96.7369151290948));
#8591=CARTESIAN_POINT('Ctrl Pts',(17.5,-8.14381389708406,172.736915129095));
#8592=CARTESIAN_POINT('',(17.5,-8.14381389708406,38.));
#8593=CARTESIAN_POINT('',(16.0018552875696,-9.64195860951449,38.));
#8594=CARTESIAN_POINT('Ctrl Pts',(17.5,-8.14381389708406,38.));
#8595=CARTESIAN_POINT('Ctrl Pts',(17.5,-8.76997345181504,38.));
#8596=CARTESIAN_POINT('Ctrl Pts',(16.6233766233766,-9.64195860951449,38.));
#8597=CARTESIAN_POINT('Ctrl Pts',(16.0018552875696,-9.64195860951449,38.));
#8598=CARTESIAN_POINT('',(17.5,-8.14381389708406,37.8));
#8599=CARTESIAN_POINT('',(17.5,-8.14381389708406,-96.7369151290948));
#8600=CARTESIAN_POINT('',(16.0018552875696,-9.64195860951449,37.8));
#8601=CARTESIAN_POINT('Ctrl Pts',(17.5,-8.14381389708406,37.8));
#8602=CARTESIAN_POINT('Ctrl Pts',(17.5,-8.56125360023805,37.8));
#8603=CARTESIAN_POINT('Ctrl Pts',(17.3538961038961,-8.91530431143161,37.8));
#8604=CARTESIAN_POINT('Ctrl Pts',(17.0616883116883,-9.20596603066476,37.8));
#8605=CARTESIAN_POINT('Ctrl Pts',(16.7694805194805,-9.49662774989791,37.8));
#8606=CARTESIAN_POINT('Ctrl Pts',(16.4162028447743,-9.64195860951449,37.8));
#8607=CARTESIAN_POINT('Ctrl Pts',(16.0018552875696,-9.64195860951449,37.8));
#8608=CARTESIAN_POINT('',(16.0018552875696,-9.64195860951449,-96.7369151290948));
#8609=CARTESIAN_POINT('Ctrl Pts',(17.5,-8.14381389708406,-96.7369151290948));
#8610=CARTESIAN_POINT('Ctrl Pts',(17.5,-8.14381389708406,172.736915129095));
#8611=CARTESIAN_POINT('Ctrl Pts',(17.5,-7.52229256127701,-96.7369151290948));
#8612=CARTESIAN_POINT('Ctrl Pts',(17.5,-7.52229256127701,172.736915129095));
#8613=CARTESIAN_POINT('Ctrl Pts',(16.6233766233766,-6.64566918465363,-96.7369151290948));
#8614=CARTESIAN_POINT('Ctrl Pts',(16.6233766233766,-6.64566918465363,172.736915129095));
#8615=CARTESIAN_POINT('Ctrl Pts',(16.0018552875696,-6.64566918465363,-96.7369151290948));
#8616=CARTESIAN_POINT('Ctrl Pts',(16.0018552875696,-6.64566918465363,172.736915129095));
#8617=CARTESIAN_POINT('',(16.0018552875696,-6.64566918465363,38.));
#8618=CARTESIAN_POINT('Ctrl Pts',(16.0018552875696,-6.64566918465363,38.));
#8619=CARTESIAN_POINT('Ctrl Pts',(16.6233766233766,-6.64566918465363,38.));
#8620=CARTESIAN_POINT('Ctrl Pts',(17.5,-7.52229256127701,38.));
#8621=CARTESIAN_POINT('Ctrl Pts',(17.5,-8.14381389708406,38.));
#8622=CARTESIAN_POINT('',(16.0018552875696,-6.64566918465363,37.8));
#8623=CARTESIAN_POINT('',(16.0018552875696,-6.64566918465363,-96.7369151290948));
#8624=CARTESIAN_POINT('Ctrl Pts',(16.0018552875696,-6.64566918465363,37.8));
#8625=CARTESIAN_POINT('Ctrl Pts',(16.4162028447743,-6.64566918465363,37.8));
#8626=CARTESIAN_POINT('Ctrl Pts',(16.7694805194805,-6.79177308075753,37.8));
#8627=CARTESIAN_POINT('Ctrl Pts',(17.0616883116883,-7.08398087296532,37.8));
#8628=CARTESIAN_POINT('Ctrl Pts',(17.3538961038961,-7.37618866517311,37.8));
#8629=CARTESIAN_POINT('Ctrl Pts',(17.5,-7.72946633987936,37.8));
#8630=CARTESIAN_POINT('Ctrl Pts',(17.5,-8.14381389708406,37.8));
#8631=CARTESIAN_POINT('Origin',(13.9981447124304,-6.64566918465363,-96.7369151290948));
#8632=CARTESIAN_POINT('',(13.9981447124304,-6.64566918465363,38.));
#8633=CARTESIAN_POINT('',(-9.05092764378479,-6.64566918465363,38.));
#8634=CARTESIAN_POINT('',(13.9981447124304,-6.64566918465363,37.8));
#8635=CARTESIAN_POINT('',(13.9981447124304,-6.64566918465363,-96.7369151290948));
#8636=CARTESIAN_POINT('',(-9.05092764378479,-6.64566918465363,37.8));
#8637=CARTESIAN_POINT('Origin',(16.0018552875696,-9.1410309657297,-96.7369151290948));
#8638=CARTESIAN_POINT('',(14.0027829313544,-9.1410309657297,38.));
#8639=CARTESIAN_POINT('',(16.0018552875696,-9.1410309657297,38.));
#8640=CARTESIAN_POINT('',(-8.04907235621522,-9.1410309657297,38.));
#8641=CARTESIAN_POINT('',(14.0027829313544,-9.1410309657297,37.8));
#8642=CARTESIAN_POINT('',(14.0027829313544,-9.1410309657297,-96.7369151290948));
#8643=CARTESIAN_POINT('',(16.0018552875696,-9.1410309657297,37.8));
#8644=CARTESIAN_POINT('',(-8.04907235621522,-9.1410309657297,37.8));
#8645=CARTESIAN_POINT('',(16.0018552875696,-9.1410309657297,-96.7369151290948));
#8646=CARTESIAN_POINT('Ctrl Pts',(16.0018552875696,-9.1410309657297,-96.7369151290948));
#8647=CARTESIAN_POINT('Ctrl Pts',(16.0018552875696,-9.1410309657297,172.736915129095));
#8648=CARTESIAN_POINT('Ctrl Pts',(16.4192949907236,-9.1410309657297,-96.7369151290948));
#8649=CARTESIAN_POINT('Ctrl Pts',(16.4192949907236,-9.1410309657297,172.736915129095));
#8650=CARTESIAN_POINT('Ctrl Pts',(16.9990723562152,-8.56125360023805,-96.7369151290948));
#8651=CARTESIAN_POINT('Ctrl Pts',(16.9990723562152,-8.56125360023805,172.736915129095));
#8652=CARTESIAN_POINT('Ctrl Pts',(16.9990723562152,-8.14381389708406,-96.7369151290948));
#8653=CARTESIAN_POINT('Ctrl Pts',(16.9990723562152,-8.14381389708406,172.736915129095));
#8654=CARTESIAN_POINT('',(16.9990723562152,-8.14381389708406,38.));
#8655=CARTESIAN_POINT('Ctrl Pts',(16.0018552875696,-9.1410309657297,38.));
#8656=CARTESIAN_POINT('Ctrl Pts',(16.4192949907236,-9.1410309657297,38.));
#8657=CARTESIAN_POINT('Ctrl Pts',(16.9990723562152,-8.56125360023805,38.));
#8658=CARTESIAN_POINT('Ctrl Pts',(16.9990723562152,-8.14381389708406,38.));
#8659=CARTESIAN_POINT('',(16.9990723562152,-8.14381389708406,37.8));
#8660=CARTESIAN_POINT('Ctrl Pts',(16.0018552875696,-9.1410309657297,37.8));
#8661=CARTESIAN_POINT('Ctrl Pts',(16.2801484230056,-9.1410309657297,37.8));
#8662=CARTESIAN_POINT('Ctrl Pts',(16.5159245516388,-9.04440140481442,37.8));
#8663=CARTESIAN_POINT('Ctrl Pts',(16.7091836734694,-8.85114228298387,37.8));
#8664=CARTESIAN_POINT('Ctrl Pts',(16.9024427952999,-8.65788316115332,37.8));
#8665=CARTESIAN_POINT('Ctrl Pts',(16.9990723562152,-8.42210703252005,37.8));
#8666=CARTESIAN_POINT('Ctrl Pts',(16.9990723562152,-8.14381389708406,37.8));
#8667=CARTESIAN_POINT('',(16.9990723562152,-8.14381389708406,-96.7369151290948));
#8668=CARTESIAN_POINT('Ctrl Pts',(16.9990723562152,-8.14381389708406,-96.7369151290948));
#8669=CARTESIAN_POINT('Ctrl Pts',(16.9990723562152,-8.14381389708406,172.736915129095));
#8670=CARTESIAN_POINT('Ctrl Pts',(16.9990723562152,-7.72637419393007,-96.7369151290948));
#8671=CARTESIAN_POINT('Ctrl Pts',(16.9990723562152,-7.72637419393007,172.736915129095));
#8672=CARTESIAN_POINT('Ctrl Pts',(16.4192949907236,-7.14659682843842,-96.7369151290948));
#8673=CARTESIAN_POINT('Ctrl Pts',(16.4192949907236,-7.14659682843842,172.736915129095));
#8674=CARTESIAN_POINT('Ctrl Pts',(16.0018552875696,-7.14659682843842,-96.7369151290948));
#8675=CARTESIAN_POINT('Ctrl Pts',(16.0018552875696,-7.14659682843842,172.736915129095));
#8676=CARTESIAN_POINT('',(16.0018552875696,-7.14659682843842,38.));
#8677=CARTESIAN_POINT('Ctrl Pts',(16.9990723562152,-8.14381389708406,38.));
#8678=CARTESIAN_POINT('Ctrl Pts',(16.9990723562152,-7.72637419393007,38.));
#8679=CARTESIAN_POINT('Ctrl Pts',(16.4192949907236,-7.14659682843842,38.));
#8680=CARTESIAN_POINT('Ctrl Pts',(16.0018552875696,-7.14659682843842,38.));
#8681=CARTESIAN_POINT('',(16.0018552875696,-7.14659682843842,37.8));
#8682=CARTESIAN_POINT('Ctrl Pts',(16.9990723562152,-8.14381389708406,37.8));
#8683=CARTESIAN_POINT('Ctrl Pts',(16.9990723562152,-7.86552076164807,37.8));
#8684=CARTESIAN_POINT('Ctrl Pts',(16.9024427952999,-7.6297446330148,37.8));
#8685=CARTESIAN_POINT('Ctrl Pts',(16.7091836734694,-7.43648551118425,37.8));
#8686=CARTESIAN_POINT('Ctrl Pts',(16.5159245516388,-7.2432263893537,37.8));
#8687=CARTESIAN_POINT('Ctrl Pts',(16.2801484230056,-7.14659682843842,37.8));
#8688=CARTESIAN_POINT('Ctrl Pts',(16.0018552875696,-7.14659682843842,37.8));
#8689=CARTESIAN_POINT('',(16.0018552875696,-7.14659682843842,-96.7369151290948));
#8690=CARTESIAN_POINT('Ctrl Pts',(13.9981447124304,-6.64566918465363,-96.7369151290948));
#8691=CARTESIAN_POINT('Ctrl Pts',(13.9981447124304,-6.64566918465363,172.736915129095));
#8692=CARTESIAN_POINT('Ctrl Pts',(13.3766233766234,-6.64566918465363,-96.7369151290948));
#8693=CARTESIAN_POINT('Ctrl Pts',(13.3766233766234,-6.64566918465363,172.736915129095));
#8694=CARTESIAN_POINT('Ctrl Pts',(12.5,-7.52229256127701,-96.7369151290948));
#8695=CARTESIAN_POINT('Ctrl Pts',(12.5,-7.52229256127701,172.736915129095));
#8696=CARTESIAN_POINT('Ctrl Pts',(12.5,-8.14381389708406,-96.7369151290948));
#8697=CARTESIAN_POINT('Ctrl Pts',(12.5,-8.14381389708406,172.736915129095));
#8698=CARTESIAN_POINT('',(12.5,-8.14381389708406,38.));
#8699=CARTESIAN_POINT('Ctrl Pts',(12.5,-8.14381389708406,38.));
#8700=CARTESIAN_POINT('Ctrl Pts',(12.5,-7.52229256127701,38.));
#8701=CARTESIAN_POINT('Ctrl Pts',(13.3766233766234,-6.64566918465363,38.));
#8702=CARTESIAN_POINT('Ctrl Pts',(13.9981447124304,-6.64566918465363,38.));
#8703=CARTESIAN_POINT('',(12.5,-8.14381389708406,37.8));
#8704=CARTESIAN_POINT('',(12.5,-8.14381389708406,-96.7369151290948));
#8705=CARTESIAN_POINT('Ctrl Pts',(12.5,-8.14381389708406,37.8));
#8706=CARTESIAN_POINT('Ctrl Pts',(12.5,-7.72946633987936,37.8));
#8707=CARTESIAN_POINT('Ctrl Pts',(12.6461038961039,-7.37618866517311,37.8));
#8708=CARTESIAN_POINT('Ctrl Pts',(12.9383116883117,-7.08398087296532,37.8));
#8709=CARTESIAN_POINT('Ctrl Pts',(13.2305194805195,-6.79177308075753,37.8));
#8710=CARTESIAN_POINT('Ctrl Pts',(13.5837971552257,-6.64566918465363,37.8));
#8711=CARTESIAN_POINT('Ctrl Pts',(13.9981447124304,-6.64566918465363,37.8));
#8712=CARTESIAN_POINT('Ctrl Pts',(12.5,-8.14381389708406,-96.7369151290948));
#8713=CARTESIAN_POINT('Ctrl Pts',(12.5,-8.14381389708406,172.736915129095));
#8714=CARTESIAN_POINT('Ctrl Pts',(12.5,-8.76533523289111,-96.7369151290948));
#8715=CARTESIAN_POINT('Ctrl Pts',(12.5,-8.76533523289111,172.736915129095));
#8716=CARTESIAN_POINT('Ctrl Pts',(13.3766233766234,-9.64195860951449,-96.7369151290948));
#8717=CARTESIAN_POINT('Ctrl Pts',(13.3766233766234,-9.64195860951449,172.736915129095));
#8718=CARTESIAN_POINT('Ctrl Pts',(13.9981447124304,-9.64195860951449,-96.7369151290948));
#8719=CARTESIAN_POINT('Ctrl Pts',(13.9981447124304,-9.64195860951449,172.736915129095));
#8720=CARTESIAN_POINT('',(13.9981447124304,-9.64195860951449,38.));
#8721=CARTESIAN_POINT('Ctrl Pts',(13.9981447124304,-9.64195860951449,38.));
#8722=CARTESIAN_POINT('Ctrl Pts',(13.3766233766234,-9.64195860951449,38.));
#8723=CARTESIAN_POINT('Ctrl Pts',(12.5,-8.76533523289111,38.));
#8724=CARTESIAN_POINT('Ctrl Pts',(12.5,-8.14381389708406,38.));
#8725=CARTESIAN_POINT('',(13.9981447124304,-9.64195860951449,37.8));
#8726=CARTESIAN_POINT('',(13.9981447124304,-9.64195860951449,-96.7369151290948));
#8727=CARTESIAN_POINT('Ctrl Pts',(13.9981447124304,-9.64195860951449,37.8));
#8728=CARTESIAN_POINT('Ctrl Pts',(13.5837971552257,-9.64195860951449,37.8));
#8729=CARTESIAN_POINT('Ctrl Pts',(13.2305194805195,-9.49585471341059,37.8));
#8730=CARTESIAN_POINT('Ctrl Pts',(12.9383116883117,-9.2036469212028,37.8));
#8731=CARTESIAN_POINT('Ctrl Pts',(12.6461038961039,-8.91143912899501,37.8));
#8732=CARTESIAN_POINT('Ctrl Pts',(12.5,-8.55816145428876,37.8));
#8733=CARTESIAN_POINT('Ctrl Pts',(12.5,-8.14381389708406,37.8));
#8734=CARTESIAN_POINT('Origin',(16.0018552875696,-9.64195860951449,-96.7369151290948));
#8735=CARTESIAN_POINT('',(-8.04907235621522,-9.64195860951449,38.));
#8736=CARTESIAN_POINT('',(-8.04907235621522,-9.64195860951449,37.8));
#8737=CARTESIAN_POINT('Ctrl Pts',(13.0009276437848,-8.14381389708406,-96.7369151290948));
#8738=CARTESIAN_POINT('Ctrl Pts',(13.0009276437848,-8.14381389708406,172.736915129095));
#8739=CARTESIAN_POINT('Ctrl Pts',(13.0009276437848,-8.56125360023805,-96.7369151290948));
#8740=CARTESIAN_POINT('Ctrl Pts',(13.0009276437848,-8.56125360023805,172.736915129095));
#8741=CARTESIAN_POINT('Ctrl Pts',(13.5807050092764,-9.1410309657297,-96.7369151290948));
#8742=CARTESIAN_POINT('Ctrl Pts',(13.5807050092764,-9.1410309657297,172.736915129095));
#8743=CARTESIAN_POINT('Ctrl Pts',(14.0027829313544,-9.1410309657297,-96.7369151290948));
#8744=CARTESIAN_POINT('Ctrl Pts',(14.0027829313544,-9.1410309657297,172.736915129095));
#8745=CARTESIAN_POINT('',(13.0009276437848,-8.14381389708406,38.));
#8746=CARTESIAN_POINT('Ctrl Pts',(13.0009276437848,-8.14381389708406,38.));
#8747=CARTESIAN_POINT('Ctrl Pts',(13.0009276437848,-8.56125360023805,38.));
#8748=CARTESIAN_POINT('Ctrl Pts',(13.5807050092764,-9.1410309657297,38.));
#8749=CARTESIAN_POINT('Ctrl Pts',(14.0027829313544,-9.1410309657297,38.));
#8750=CARTESIAN_POINT('',(13.0009276437848,-8.14381389708406,37.8));
#8751=CARTESIAN_POINT('',(13.0009276437848,-8.14381389708406,-96.7369151290948));
#8752=CARTESIAN_POINT('Ctrl Pts',(13.0009276437848,-8.14381389708406,37.8));
#8753=CARTESIAN_POINT('Ctrl Pts',(13.0009276437848,-8.42210703252005,37.8));
#8754=CARTESIAN_POINT('Ctrl Pts',(13.0975572047001,-8.65788316115332,37.8));
#8755=CARTESIAN_POINT('Ctrl Pts',(13.2908163265306,-8.85114228298387,37.8));
#8756=CARTESIAN_POINT('Ctrl Pts',(13.4840754483612,-9.04440140481442,37.8));
#8757=CARTESIAN_POINT('Ctrl Pts',(13.7213976499691,-9.1410309657297,37.8));
#8758=CARTESIAN_POINT('Ctrl Pts',(14.0027829313544,-9.1410309657297,37.8));
#8759=CARTESIAN_POINT('Ctrl Pts',(14.0027829313544,-7.14659682843842,-96.7369151290948));
#8760=CARTESIAN_POINT('Ctrl Pts',(14.0027829313544,-7.14659682843842,172.736915129095));
#8761=CARTESIAN_POINT('Ctrl Pts',(13.5807050092764,-7.14659682843842,-96.7369151290948));
#8762=CARTESIAN_POINT('Ctrl Pts',(13.5807050092764,-7.14659682843842,172.736915129095));
#8763=CARTESIAN_POINT('Ctrl Pts',(13.0009276437848,-7.72637419393007,-96.7369151290948));
#8764=CARTESIAN_POINT('Ctrl Pts',(13.0009276437848,-7.72637419393007,172.736915129095));
#8765=CARTESIAN_POINT('Ctrl Pts',(13.0009276437848,-8.14381389708406,-96.7369151290948));
#8766=CARTESIAN_POINT('Ctrl Pts',(13.0009276437848,-8.14381389708406,172.736915129095));
#8767=CARTESIAN_POINT('',(14.0027829313544,-7.14659682843842,38.));
#8768=CARTESIAN_POINT('Ctrl Pts',(14.0027829313544,-7.14659682843842,38.));
#8769=CARTESIAN_POINT('Ctrl Pts',(13.5807050092764,-7.14659682843842,38.));
#8770=CARTESIAN_POINT('Ctrl Pts',(13.0009276437848,-7.72637419393007,38.));
#8771=CARTESIAN_POINT('Ctrl Pts',(13.0009276437848,-8.14381389708406,38.));
#8772=CARTESIAN_POINT('',(14.0027829313544,-7.14659682843842,37.8));
#8773=CARTESIAN_POINT('',(14.0027829313544,-7.14659682843842,-96.7369151290948));
#8774=CARTESIAN_POINT('Ctrl Pts',(14.0027829313544,-7.14659682843842,37.8));
#8775=CARTESIAN_POINT('Ctrl Pts',(13.7213976499691,-7.14659682843842,37.8));
#8776=CARTESIAN_POINT('Ctrl Pts',(13.4840754483612,-7.2432263893537,37.8));
#8777=CARTESIAN_POINT('Ctrl Pts',(13.2908163265306,-7.43648551118425,37.8));
#8778=CARTESIAN_POINT('Ctrl Pts',(13.0975572047001,-7.6297446330148,37.8));
#8779=CARTESIAN_POINT('Ctrl Pts',(13.0009276437848,-7.86552076164807,37.8));
#8780=CARTESIAN_POINT('Ctrl Pts',(13.0009276437848,-8.14381389708406,37.8));
#8781=CARTESIAN_POINT('Origin',(14.0027829313544,-7.14659682843842,-96.7369151290948));
#8782=CARTESIAN_POINT('',(-9.04860853432282,-7.14659682843842,38.));
#8783=CARTESIAN_POINT('',(-9.04860853432282,-7.14659682843842,37.8));
#8784=CARTESIAN_POINT('Origin',(-32.1,0.,37.8));
#8785=CARTESIAN_POINT('Origin',(-32.1,0.,37.8));
#8786=CARTESIAN_POINT('',(-12.7504638218924,15.990260167113,37.8));
#8787=CARTESIAN_POINT('',(-12.5,15.7397963452206,37.8));
#8788=CARTESIAN_POINT('Ctrl Pts',(-12.7504638218924,15.990260167113,37.8));
#8789=CARTESIAN_POINT('Ctrl Pts',(-12.5834879406308,15.990260167113,37.8));
#8790=CARTESIAN_POINT('Ctrl Pts',(-12.5,15.9067722264822,37.8));
#8791=CARTESIAN_POINT('Ctrl Pts',(-12.5,15.7397963452206,37.8));
#8792=CARTESIAN_POINT('',(-17.2495361781076,15.990260167113,37.8));
#8793=CARTESIAN_POINT('',(-24.6747680890538,15.990260167113,37.8));
#8794=CARTESIAN_POINT('',(-17.5,15.7397963452206,37.8));
#8795=CARTESIAN_POINT('Ctrl Pts',(-17.5,15.7397963452206,37.8));
#8796=CARTESIAN_POINT('Ctrl Pts',(-17.5,15.9067722264822,37.8));
#8797=CARTESIAN_POINT('Ctrl Pts',(-17.4165120593692,15.990260167113,37.8));
#8798=CARTESIAN_POINT('Ctrl Pts',(-17.2495361781076,15.990260167113,37.8));
#8799=CARTESIAN_POINT('',(-17.2495361781076,15.4893325233283,37.8));
#8800=CARTESIAN_POINT('Ctrl Pts',(-17.2495361781076,15.4893325233283,37.8));
#8801=CARTESIAN_POINT('Ctrl Pts',(-17.4165120593692,15.4893325233283,37.8));
#8802=CARTESIAN_POINT('Ctrl Pts',(-17.5,15.5728204639591,37.8));
#8803=CARTESIAN_POINT('Ctrl Pts',(-17.5,15.7397963452206,37.8));
#8804=CARTESIAN_POINT('',(-15.,15.4893325233283,37.8));
#8805=CARTESIAN_POINT('',(-23.55,15.4893325233283,37.8));
#8806=CARTESIAN_POINT('',(-15.,13.494898386037,37.8));
#8807=CARTESIAN_POINT('',(-15.,6.74744919301848,37.8));
#8808=CARTESIAN_POINT('',(-17.2495361781076,13.494898386037,37.8));
#8809=CARTESIAN_POINT('',(-24.6747680890538,13.494898386037,37.8));
#8810=CARTESIAN_POINT('',(-17.5,13.2444345641446,37.8));
#8811=CARTESIAN_POINT('Ctrl Pts',(-17.5,13.2444345641446,37.8));
#8812=CARTESIAN_POINT('Ctrl Pts',(-17.5,13.4114104454062,37.8));
#8813=CARTESIAN_POINT('Ctrl Pts',(-17.4165120593692,13.494898386037,37.8));
#8814=CARTESIAN_POINT('Ctrl Pts',(-17.2495361781076,13.494898386037,37.8));
#8815=CARTESIAN_POINT('',(-17.2495361781076,12.9939707422522,37.8));
#8816=CARTESIAN_POINT('Ctrl Pts',(-17.2495361781076,12.9939707422522,37.8));
#8817=CARTESIAN_POINT('Ctrl Pts',(-17.4165120593692,12.9939707422522,37.8));
#8818=CARTESIAN_POINT('Ctrl Pts',(-17.5,13.077458682883,37.8));
#8819=CARTESIAN_POINT('Ctrl Pts',(-17.5,13.2444345641446,37.8));
#8820=CARTESIAN_POINT('',(-12.7504638218924,12.9939707422522,37.8));
#8821=CARTESIAN_POINT('',(-22.4252319109462,12.9939707422522,37.8));
#8822=CARTESIAN_POINT('',(-12.5,13.2444345641446,37.8));
#8823=CARTESIAN_POINT('Ctrl Pts',(-12.5,13.2444345641446,37.8));
#8824=CARTESIAN_POINT('Ctrl Pts',(-12.5,13.077458682883,37.8));
#8825=CARTESIAN_POINT('Ctrl Pts',(-12.5834879406308,12.9939707422522,37.8));
#8826=CARTESIAN_POINT('Ctrl Pts',(-12.7504638218924,12.9939707422522,37.8));
#8827=CARTESIAN_POINT('',(-12.7504638218924,13.494898386037,37.8));
#8828=CARTESIAN_POINT('Ctrl Pts',(-12.7504638218924,13.494898386037,37.8));
#8829=CARTESIAN_POINT('Ctrl Pts',(-12.5834879406308,13.494898386037,37.8));
#8830=CARTESIAN_POINT('Ctrl Pts',(-12.5,13.4114104454062,37.8));
#8831=CARTESIAN_POINT('Ctrl Pts',(-12.5,13.2444345641446,37.8));
#8832=CARTESIAN_POINT('',(-14.4990723562152,13.494898386037,37.8));
#8833=CARTESIAN_POINT('',(-23.2995361781076,13.494898386037,37.8));
#8834=CARTESIAN_POINT('',(-14.4990723562152,15.4893325233283,37.8));
#8835=CARTESIAN_POINT('',(-14.4990723562152,7.74466626166412,37.8));
#8836=CARTESIAN_POINT('',(-12.7504638218924,15.4893325233283,37.8));
#8837=CARTESIAN_POINT('',(-22.4252319109462,15.4893325233283,37.8));
#8838=CARTESIAN_POINT('Ctrl Pts',(-12.5,15.7397963452206,37.8));
#8839=CARTESIAN_POINT('Ctrl Pts',(-12.5,15.7150165473898,37.8));
#8840=CARTESIAN_POINT('Ctrl Pts',(-12.5018387038173,15.6898216676023,37.8));
#8841=CARTESIAN_POINT('Ctrl Pts',(-12.5105853560537,15.6443690259108,37.8));
#8842=CARTESIAN_POINT('Ctrl Pts',(-12.5168409357478,15.6236197856112,37.8));
#8843=CARTESIAN_POINT('Ctrl Pts',(-12.5362884230513,15.5828133579294,37.8));
#8844=CARTESIAN_POINT('Ctrl Pts',(-12.5497883357764,15.5637465806459,37.8));
#8845=CARTESIAN_POINT('Ctrl Pts',(-12.5861882642505,15.5298373424507,37.8));
#8846=CARTESIAN_POINT('Ctrl Pts',(-12.6084780508568,15.5169110270442,37.8));
#8847=CARTESIAN_POINT('Ctrl Pts',(-12.6699195740824,15.4939987768103,37.8));
#8848=CARTESIAN_POINT('Ctrl Pts',(-12.7109884678762,15.4893325233283,37.8));
#8849=CARTESIAN_POINT('Ctrl Pts',(-12.7504638218924,15.4893325233283,37.8));
#8850=CARTESIAN_POINT('Ctrl Pts',(-17.2495361781076,13.494898386037,-96.7369151290948));
#8851=CARTESIAN_POINT('Ctrl Pts',(-17.2495361781076,13.494898386037,172.736915129095));
#8852=CARTESIAN_POINT('Ctrl Pts',(-17.5,13.494898386037,-96.7369151290948));
#8853=CARTESIAN_POINT('Ctrl Pts',(-17.5,13.494898386037,172.736915129095));
#8854=CARTESIAN_POINT('Ctrl Pts',(-17.5,13.2444345641446,-96.7369151290948));
#8855=CARTESIAN_POINT('Ctrl Pts',(-17.5,13.2444345641446,172.736915129095));
#8856=CARTESIAN_POINT('',(-17.5,13.2444345641446,38.));
#8857=CARTESIAN_POINT('',(-17.2495361781076,13.494898386037,38.));
#8858=CARTESIAN_POINT('Ctrl Pts',(-17.5,13.2444345641446,38.));
#8859=CARTESIAN_POINT('Ctrl Pts',(-17.5,13.494898386037,38.));
#8860=CARTESIAN_POINT('Ctrl Pts',(-17.2495361781076,13.494898386037,38.));
#8861=CARTESIAN_POINT('',(-17.5,13.2444345641446,-96.7369151290948));
#8862=CARTESIAN_POINT('',(-17.2495361781076,13.494898386037,-96.7369151290948));
#8863=CARTESIAN_POINT('Origin',(-17.2495361781076,13.494898386037,-96.7369151290948));
#8864=CARTESIAN_POINT('',(-15.,13.494898386037,38.));
#8865=CARTESIAN_POINT('',(-24.6747680890538,13.494898386037,38.));
#8866=CARTESIAN_POINT('',(-15.,13.494898386037,-96.7369151290948));
#8867=CARTESIAN_POINT('Origin',(-15.,13.494898386037,-96.7369151290948));
#8868=CARTESIAN_POINT('',(-15.,15.4893325233283,38.));
#8869=CARTESIAN_POINT('',(-15.,6.74744919301848,38.));
#8870=CARTESIAN_POINT('',(-15.,15.4893325233283,-96.7369151290948));
#8871=CARTESIAN_POINT('Origin',(-15.,15.4893325233283,-96.7369151290948));
#8872=CARTESIAN_POINT('',(-17.2495361781076,15.4893325233283,38.));
#8873=CARTESIAN_POINT('',(-23.55,15.4893325233283,38.));
#8874=CARTESIAN_POINT('',(-17.2495361781076,15.4893325233283,-96.7369151290948));
#8875=CARTESIAN_POINT('Ctrl Pts',(-17.5,15.7397963452206,-96.7369151290948));
#8876=CARTESIAN_POINT('Ctrl Pts',(-17.5,15.7397963452206,172.736915129095));
#8877=CARTESIAN_POINT('Ctrl Pts',(-17.5,15.4893325233283,-96.7369151290948));
#8878=CARTESIAN_POINT('Ctrl Pts',(-17.5,15.4893325233283,172.736915129095));
#8879=CARTESIAN_POINT('Ctrl Pts',(-17.2495361781076,15.4893325233283,-96.7369151290948));
#8880=CARTESIAN_POINT('Ctrl Pts',(-17.2495361781076,15.4893325233283,172.736915129095));
#8881=CARTESIAN_POINT('',(-17.5,15.7397963452206,38.));
#8882=CARTESIAN_POINT('Ctrl Pts',(-17.2495361781076,15.4893325233283,38.));
#8883=CARTESIAN_POINT('Ctrl Pts',(-17.5,15.4893325233283,38.));
#8884=CARTESIAN_POINT('Ctrl Pts',(-17.5,15.7397963452206,38.));
#8885=CARTESIAN_POINT('',(-17.5,15.7397963452206,-96.7369151290948));
#8886=CARTESIAN_POINT('Ctrl Pts',(-17.2495361781076,15.990260167113,-96.7369151290948));
#8887=CARTESIAN_POINT('Ctrl Pts',(-17.2495361781076,15.990260167113,172.736915129095));
#8888=CARTESIAN_POINT('Ctrl Pts',(-17.5,15.990260167113,-96.7369151290948));
#8889=CARTESIAN_POINT('Ctrl Pts',(-17.5,15.990260167113,172.736915129095));
#8890=CARTESIAN_POINT('Ctrl Pts',(-17.5,15.7397963452206,-96.7369151290948));
#8891=CARTESIAN_POINT('Ctrl Pts',(-17.5,15.7397963452206,172.736915129095));
#8892=CARTESIAN_POINT('',(-17.2495361781076,15.990260167113,38.));
#8893=CARTESIAN_POINT('Ctrl Pts',(-17.5,15.7397963452206,38.));
#8894=CARTESIAN_POINT('Ctrl Pts',(-17.5,15.990260167113,38.));
#8895=CARTESIAN_POINT('Ctrl Pts',(-17.2495361781076,15.990260167113,38.));
#8896=CARTESIAN_POINT('',(-17.2495361781076,15.990260167113,-96.7369151290948));
#8897=CARTESIAN_POINT('Origin',(-17.2495361781076,15.990260167113,-96.7369151290948));
#8898=CARTESIAN_POINT('',(-12.7504638218924,15.990260167113,38.));
#8899=CARTESIAN_POINT('',(-24.6747680890538,15.990260167113,38.));
#8900=CARTESIAN_POINT('',(-12.7504638218924,15.990260167113,-96.7369151290948));
#8901=CARTESIAN_POINT('Ctrl Pts',(-12.5,15.7397963452206,-96.7369151290948));
#8902=CARTESIAN_POINT('Ctrl Pts',(-12.5,15.7397963452206,172.736915129095));
#8903=CARTESIAN_POINT('Ctrl Pts',(-12.5,15.990260167113,-96.7369151290948));
#8904=CARTESIAN_POINT('Ctrl Pts',(-12.5,15.990260167113,172.736915129095));
#8905=CARTESIAN_POINT('Ctrl Pts',(-12.7504638218924,15.990260167113,-96.7369151290948));
#8906=CARTESIAN_POINT('Ctrl Pts',(-12.7504638218924,15.990260167113,172.736915129095));
#8907=CARTESIAN_POINT('',(-12.5,15.7397963452206,38.));
#8908=CARTESIAN_POINT('Ctrl Pts',(-12.7504638218924,15.990260167113,38.));
#8909=CARTESIAN_POINT('Ctrl Pts',(-12.5,15.990260167113,38.));
#8910=CARTESIAN_POINT('Ctrl Pts',(-12.5,15.7397963452206,38.));
#8911=CARTESIAN_POINT('',(-12.5,15.7397963452206,-96.7369151290948));
#8912=CARTESIAN_POINT('Ctrl Pts',(-12.7504638218924,15.4893325233283,-96.7369151290948));
#8913=CARTESIAN_POINT('Ctrl Pts',(-12.7504638218924,15.4893325233283,172.736915129095));
#8914=CARTESIAN_POINT('Ctrl Pts',(-12.5,15.4893325233283,-96.7369151290948));
#8915=CARTESIAN_POINT('Ctrl Pts',(-12.5,15.4893325233283,172.736915129095));
#8916=CARTESIAN_POINT('Ctrl Pts',(-12.5,15.7397963452206,-96.7369151290948));
#8917=CARTESIAN_POINT('Ctrl Pts',(-12.5,15.7397963452206,172.736915129095));
#8918=CARTESIAN_POINT('',(-12.7504638218924,15.4893325233283,38.));
#8919=CARTESIAN_POINT('Ctrl Pts',(-12.5,15.7397963452206,38.));
#8920=CARTESIAN_POINT('Ctrl Pts',(-12.5,15.4893325233283,38.));
#8921=CARTESIAN_POINT('Ctrl Pts',(-12.7504638218924,15.4893325233283,38.));
#8922=CARTESIAN_POINT('',(-12.7504638218924,15.4893325233283,-96.7369151290948));
#8923=CARTESIAN_POINT('Origin',(-12.7504638218924,15.4893325233283,-96.7369151290948));
#8924=CARTESIAN_POINT('',(-14.4990723562152,15.4893325233283,38.));
#8925=CARTESIAN_POINT('',(-22.4252319109462,15.4893325233283,38.));
#8926=CARTESIAN_POINT('',(-14.4990723562152,15.4893325233283,-96.7369151290948));
#8927=CARTESIAN_POINT('Origin',(-14.4990723562152,15.4893325233283,-96.7369151290948));
#8928=CARTESIAN_POINT('',(-14.4990723562152,13.494898386037,38.));
#8929=CARTESIAN_POINT('',(-14.4990723562152,7.74466626166412,38.));
#8930=CARTESIAN_POINT('',(-14.4990723562152,13.494898386037,-96.7369151290948));
#8931=CARTESIAN_POINT('Origin',(-14.4990723562152,13.494898386037,-96.7369151290948));
#8932=CARTESIAN_POINT('',(-12.7504638218924,13.494898386037,38.));
#8933=CARTESIAN_POINT('',(-23.2995361781076,13.494898386037,38.));
#8934=CARTESIAN_POINT('',(-12.7504638218924,13.494898386037,-96.7369151290948));
#8935=CARTESIAN_POINT('Ctrl Pts',(-12.5,13.2444345641446,-96.7369151290948));
#8936=CARTESIAN_POINT('Ctrl Pts',(-12.5,13.2444345641446,172.736915129095));
#8937=CARTESIAN_POINT('Ctrl Pts',(-12.5,13.494898386037,-96.7369151290948));
#8938=CARTESIAN_POINT('Ctrl Pts',(-12.5,13.494898386037,172.736915129095));
#8939=CARTESIAN_POINT('Ctrl Pts',(-12.7504638218924,13.494898386037,-96.7369151290948));
#8940=CARTESIAN_POINT('Ctrl Pts',(-12.7504638218924,13.494898386037,172.736915129095));
#8941=CARTESIAN_POINT('',(-12.5,13.2444345641446,38.));
#8942=CARTESIAN_POINT('Ctrl Pts',(-12.7504638218924,13.494898386037,38.));
#8943=CARTESIAN_POINT('Ctrl Pts',(-12.5,13.494898386037,38.));
#8944=CARTESIAN_POINT('Ctrl Pts',(-12.5,13.2444345641446,38.));
#8945=CARTESIAN_POINT('',(-12.5,13.2444345641446,-96.7369151290948));
#8946=CARTESIAN_POINT('Ctrl Pts',(-12.7504638218924,12.9939707422522,-96.7369151290948));
#8947=CARTESIAN_POINT('Ctrl Pts',(-12.7504638218924,12.9939707422522,172.736915129095));
#8948=CARTESIAN_POINT('Ctrl Pts',(-12.5,12.9939707422522,-96.7369151290948));
#8949=CARTESIAN_POINT('Ctrl Pts',(-12.5,12.9939707422522,172.736915129095));
#8950=CARTESIAN_POINT('Ctrl Pts',(-12.5,13.2444345641446,-96.7369151290948));
#8951=CARTESIAN_POINT('Ctrl Pts',(-12.5,13.2444345641446,172.736915129095));
#8952=CARTESIAN_POINT('',(-12.7504638218924,12.9939707422522,38.));
#8953=CARTESIAN_POINT('Ctrl Pts',(-12.5,13.2444345641446,38.));
#8954=CARTESIAN_POINT('Ctrl Pts',(-12.5,12.9939707422522,38.));
#8955=CARTESIAN_POINT('Ctrl Pts',(-12.7504638218924,12.9939707422522,38.));
#8956=CARTESIAN_POINT('',(-12.7504638218924,12.9939707422522,-96.7369151290948));
#8957=CARTESIAN_POINT('Origin',(-12.7504638218924,12.9939707422522,-96.7369151290948));
#8958=CARTESIAN_POINT('',(-17.2495361781076,12.9939707422522,38.));
#8959=CARTESIAN_POINT('',(-22.4252319109462,12.9939707422522,38.));
#8960=CARTESIAN_POINT('',(-17.2495361781076,12.9939707422522,-96.7369151290948));
#8961=CARTESIAN_POINT('Ctrl Pts',(-17.5,13.2444345641446,-96.7369151290948));
#8962=CARTESIAN_POINT('Ctrl Pts',(-17.5,13.2444345641446,172.736915129095));
#8963=CARTESIAN_POINT('Ctrl Pts',(-17.5,12.9939707422522,-96.7369151290948));
#8964=CARTESIAN_POINT('Ctrl Pts',(-17.5,12.9939707422522,172.736915129095));
#8965=CARTESIAN_POINT('Ctrl Pts',(-17.2495361781076,12.9939707422522,-96.7369151290948));
#8966=CARTESIAN_POINT('Ctrl Pts',(-17.2495361781076,12.9939707422522,172.736915129095));
#8967=CARTESIAN_POINT('Ctrl Pts',(-17.2495361781076,12.9939707422522,38.));
#8968=CARTESIAN_POINT('Ctrl Pts',(-17.5,12.9939707422522,38.));
#8969=CARTESIAN_POINT('Ctrl Pts',(-17.5,13.2444345641446,38.));
#8970=CARTESIAN_POINT('Origin',(12.7179962894249,-11.6456691846536,-96.7369151290948));
#8971=CARTESIAN_POINT('',(12.7179962894249,-11.6456691846536,38.));
#8972=CARTESIAN_POINT('',(17.1938775510204,-10.648452116008,38.));
#8973=CARTESIAN_POINT('',(-7.39528489147121,-16.1268665462004,38.));
#8974=CARTESIAN_POINT('',(12.7179962894249,-11.6456691846536,37.8));
#8975=CARTESIAN_POINT('',(12.7179962894249,-11.6456691846536,-96.7369151290948));
#8976=CARTESIAN_POINT('',(17.1938775510204,-10.648452116008,37.8));
#8977=CARTESIAN_POINT('',(-7.39528489147121,-16.1268665462004,37.8));
#8978=CARTESIAN_POINT('',(17.1938775510204,-10.648452116008,-96.7369151290948));
#8979=CARTESIAN_POINT('Ctrl Pts',(12.7179962894249,-11.6456691846536,-96.7369151290948));
#8980=CARTESIAN_POINT('Ctrl Pts',(12.7179962894249,-11.6456691846536,172.736915129095));
#8981=CARTESIAN_POINT('Ctrl Pts',(12.5,-11.6966895928169,-96.7369151290948));
#8982=CARTESIAN_POINT('Ctrl Pts',(12.5,-11.6966895928169,172.736915129095));
#8983=CARTESIAN_POINT('Ctrl Pts',(12.5,-11.8914947876221,-96.7369151290948));
#8984=CARTESIAN_POINT('Ctrl Pts',(12.5,-11.8914947876221,172.736915129095));
#8985=CARTESIAN_POINT('',(12.5,-11.8914947876221,38.));
#8986=CARTESIAN_POINT('Ctrl Pts',(12.5,-11.8914947876221,38.));
#8987=CARTESIAN_POINT('Ctrl Pts',(12.5,-11.6966895928169,38.));
#8988=CARTESIAN_POINT('Ctrl Pts',(12.7179962894249,-11.6456691846536,38.));
#8989=CARTESIAN_POINT('',(12.5,-11.8914947876221,37.8));
#8990=CARTESIAN_POINT('',(12.5,-11.8914947876221,-96.7369151290948));
#8991=CARTESIAN_POINT('Ctrl Pts',(12.5,-11.8914947876221,37.8));
#8992=CARTESIAN_POINT('Ctrl Pts',(12.5,-11.761624657752,37.8));
#8993=CARTESIAN_POINT('Ctrl Pts',(12.5726654298083,-11.6796827900958,37.8));
#8994=CARTESIAN_POINT('Ctrl Pts',(12.7179962894249,-11.6456691846536,37.8));
#8995=CARTESIAN_POINT('Ctrl Pts',(12.5,-11.8914947876221,-96.7369151290948));
#8996=CARTESIAN_POINT('Ctrl Pts',(12.5,-11.8914947876221,172.736915129095));
#8997=CARTESIAN_POINT('Ctrl Pts',(12.5,-12.0723853256555,-96.7369151290948));
#8998=CARTESIAN_POINT('Ctrl Pts',(12.5,-12.0723853256555,172.736915129095));
#8999=CARTESIAN_POINT('Ctrl Pts',(12.7179962894249,-12.1465968284384,-96.7369151290948));
#9000=CARTESIAN_POINT('Ctrl Pts',(12.7179962894249,-12.1465968284384,172.736915129095));
#9001=CARTESIAN_POINT('',(12.7179962894249,-12.1465968284384,38.));
#9002=CARTESIAN_POINT('Ctrl Pts',(12.7179962894249,-12.1465968284384,38.));
#9003=CARTESIAN_POINT('Ctrl Pts',(12.5,-12.0723853256555,38.));
#9004=CARTESIAN_POINT('Ctrl Pts',(12.5,-11.8914947876221,38.));
#9005=CARTESIAN_POINT('',(12.7179962894249,-12.1465968284384,37.8));
#9006=CARTESIAN_POINT('',(12.7179962894249,-12.1465968284384,-96.7369151290948));
#9007=CARTESIAN_POINT('Ctrl Pts',(12.7179962894249,-12.1465968284384,37.8));
#9008=CARTESIAN_POINT('Ctrl Pts',(12.5726654298083,-12.0971224932498,37.8));
#9009=CARTESIAN_POINT('Ctrl Pts',(12.5,-12.0120884796443,37.8));
#9010=CARTESIAN_POINT('Ctrl Pts',(12.5,-11.8914947876221,37.8));
#9011=CARTESIAN_POINT('Origin',(14.9628942486085,-12.8933500751917,-96.7369151290948));
#9012=CARTESIAN_POINT('',(14.9628942486085,-12.8933500751917,38.));
#9013=CARTESIAN_POINT('',(-8.15495776436973,-5.20332078988284,38.));
#9014=CARTESIAN_POINT('',(14.9628942486085,-12.8933500751917,37.8));
#9015=CARTESIAN_POINT('',(14.9628942486085,-12.8933500751917,-96.7369151290948));
#9016=CARTESIAN_POINT('',(-8.15495776436973,-5.20332078988284,37.8));
#9017=CARTESIAN_POINT('Origin',(12.7179962894249,-13.6401033219449,-96.7369151290948));
#9018=CARTESIAN_POINT('',(12.7179962894249,-13.6401033219449,38.));
#9019=CARTESIAN_POINT('',(-5.41579941026471,-19.6722130484946,38.));
#9020=CARTESIAN_POINT('',(12.7179962894249,-13.6401033219449,37.8));
#9021=CARTESIAN_POINT('',(12.7179962894249,-13.6401033219449,-96.7369151290948));
#9022=CARTESIAN_POINT('',(-5.41579941026471,-19.6722130484946,37.8));
#9023=CARTESIAN_POINT('Ctrl Pts',(12.7179962894249,-13.6401033219449,-96.7369151290948));
#9024=CARTESIAN_POINT('Ctrl Pts',(12.7179962894249,-13.6401033219449,172.736915129095));
#9025=CARTESIAN_POINT('Ctrl Pts',(12.5,-13.7143148247278,-96.7369151290948));
#9026=CARTESIAN_POINT('Ctrl Pts',(12.5,-13.7143148247278,172.736915129095));
#9027=CARTESIAN_POINT('Ctrl Pts',(12.5,-13.8905671438373,-96.7369151290948));
#9028=CARTESIAN_POINT('Ctrl Pts',(12.5,-13.8905671438373,172.736915129095));
#9029=CARTESIAN_POINT('',(12.5,-13.8905671438373,38.));
#9030=CARTESIAN_POINT('Ctrl Pts',(12.5,-13.8905671438373,38.));
#9031=CARTESIAN_POINT('Ctrl Pts',(12.5,-13.7143148247278,38.));
#9032=CARTESIAN_POINT('Ctrl Pts',(12.7179962894249,-13.6401033219449,38.));
#9033=CARTESIAN_POINT('',(12.5,-13.8905671438373,37.8));
#9034=CARTESIAN_POINT('',(12.5,-13.8905671438373,-96.7369151290948));
#9035=CARTESIAN_POINT('Ctrl Pts',(12.5,-13.8905671438373,37.8));
#9036=CARTESIAN_POINT('Ctrl Pts',(12.5,-13.7730655977643,37.8));
#9037=CARTESIAN_POINT('Ctrl Pts',(12.5726654298083,-13.6895776571335,37.8));
#9038=CARTESIAN_POINT('Ctrl Pts',(12.7179962894249,-13.6401033219449,37.8));
#9039=CARTESIAN_POINT('Ctrl Pts',(12.5,-13.8905671438373,-96.7369151290948));
#9040=CARTESIAN_POINT('Ctrl Pts',(12.5,-13.8905671438373,172.736915129095));
#9041=CARTESIAN_POINT('Ctrl Pts',(12.5,-14.0946487764904,-96.7369151290948));
#9042=CARTESIAN_POINT('Ctrl Pts',(12.5,-14.0946487764904,172.736915129095));
#9043=CARTESIAN_POINT('Ctrl Pts',(12.708719851577,-14.1363927468058,-96.7369151290948));
#9044=CARTESIAN_POINT('Ctrl Pts',(12.708719851577,-14.1363927468058,172.736915129095));
#9045=CARTESIAN_POINT('',(12.708719851577,-14.1363927468058,38.));
#9046=CARTESIAN_POINT('Ctrl Pts',(12.708719851577,-14.1363927468058,38.));
#9047=CARTESIAN_POINT('Ctrl Pts',(12.5,-14.0946487764904,38.));
#9048=CARTESIAN_POINT('Ctrl Pts',(12.5,-13.8905671438373,38.));
#9049=CARTESIAN_POINT('',(12.708719851577,-14.1363927468058,37.8));
#9050=CARTESIAN_POINT('',(12.708719851577,-14.1363927468058,-96.7369151290948));
#9051=CARTESIAN_POINT('Ctrl Pts',(12.708719851577,-14.1363927468058,37.8));
#9052=CARTESIAN_POINT('Ctrl Pts',(12.569573283859,-14.1085634332622,37.8));
#9053=CARTESIAN_POINT('Ctrl Pts',(12.5,-14.026621565606,37.8));
#9054=CARTESIAN_POINT('Ctrl Pts',(12.5,-13.8905671438373,37.8));
#9055=CARTESIAN_POINT('Origin',(17.1938775510204,-15.1336098154514,-96.7369151290948));
#9056=CARTESIAN_POINT('',(17.1938775510204,-15.1336098154514,38.));
#9057=CARTESIAN_POINT('',(-7.8951947611995,-9.55537760539213,38.));
#9058=CARTESIAN_POINT('',(17.1938775510204,-15.1336098154514,37.8));
#9059=CARTESIAN_POINT('',(17.1938775510204,-15.1336098154514,-96.7369151290948));
#9060=CARTESIAN_POINT('',(-7.8951947611995,-9.55537760539213,37.8));
#9061=CARTESIAN_POINT('Ctrl Pts',(17.1938775510204,-15.1336098154514,-96.7369151290948));
#9062=CARTESIAN_POINT('Ctrl Pts',(17.1938775510204,-15.1336098154514,172.736915129095));
#9063=CARTESIAN_POINT('Ctrl Pts',(17.2263450834879,-15.1428862532993,-96.7369151290948));
#9064=CARTESIAN_POINT('Ctrl Pts',(17.2263450834879,-15.1428862532993,172.736915129095));
#9065=CARTESIAN_POINT('Ctrl Pts',(17.2495361781076,-15.1428862532993,-96.7369151290948));
#9066=CARTESIAN_POINT('Ctrl Pts',(17.2495361781076,-15.1428862532993,172.736915129095));
#9067=CARTESIAN_POINT('',(17.2495361781076,-15.1428862532993,38.));
#9068=CARTESIAN_POINT('Ctrl Pts',(17.2495361781076,-15.1428862532993,38.));
#9069=CARTESIAN_POINT('Ctrl Pts',(17.2263450834879,-15.1428862532993,38.));
#9070=CARTESIAN_POINT('Ctrl Pts',(17.1938775510204,-15.1336098154514,38.));
#9071=CARTESIAN_POINT('',(17.2495361781076,-15.1428862532993,37.8));
#9072=CARTESIAN_POINT('',(17.2495361781076,-15.1428862532993,-96.7369151290948));
#9073=CARTESIAN_POINT('Ctrl Pts',(17.2495361781076,-15.1428862532993,37.8));
#9074=CARTESIAN_POINT('Ctrl Pts',(17.2340754483612,-15.1428862532993,37.8));
#9075=CARTESIAN_POINT('Ctrl Pts',(17.2155225726654,-15.13979410735,37.8));
#9076=CARTESIAN_POINT('Ctrl Pts',(17.1938775510204,-15.1336098154514,37.8));
#9077=CARTESIAN_POINT('Ctrl Pts',(17.2495361781076,-15.1428862532993,-96.7369151290948));
#9078=CARTESIAN_POINT('Ctrl Pts',(17.2495361781076,-15.1428862532993,172.736915129095));
#9079=CARTESIAN_POINT('Ctrl Pts',(17.5,-15.1428862532993,-96.7369151290948));
#9080=CARTESIAN_POINT('Ctrl Pts',(17.5,-15.1428862532993,172.736915129095));
#9081=CARTESIAN_POINT('Ctrl Pts',(17.5,-14.8924224314069,-96.7369151290948));
#9082=CARTESIAN_POINT('Ctrl Pts',(17.5,-14.8924224314069,172.736915129095));
#9083=CARTESIAN_POINT('',(17.5,-14.8924224314069,38.));
#9084=CARTESIAN_POINT('Ctrl Pts',(17.5,-14.8924224314069,38.));
#9085=CARTESIAN_POINT('Ctrl Pts',(17.5,-15.1428862532993,38.));
#9086=CARTESIAN_POINT('Ctrl Pts',(17.2495361781076,-15.1428862532993,38.));
#9087=CARTESIAN_POINT('',(17.5,-14.8924224314069,37.8));
#9088=CARTESIAN_POINT('',(17.5,-14.8924224314069,-96.7369151290948));
#9089=CARTESIAN_POINT('Ctrl Pts',(17.5,-14.8924224314069,37.8));
#9090=CARTESIAN_POINT('Ctrl Pts',(17.5,-15.0593983126685,37.8));
#9091=CARTESIAN_POINT('Ctrl Pts',(17.4165120593692,-15.1428862532993,37.8));
#9092=CARTESIAN_POINT('Ctrl Pts',(17.2495361781076,-15.1428862532993,37.8));
#9093=CARTESIAN_POINT('Ctrl Pts',(17.5,-14.8924224314069,-96.7369151290948));
#9094=CARTESIAN_POINT('Ctrl Pts',(17.5,-14.8924224314069,172.736915129095));
#9095=CARTESIAN_POINT('Ctrl Pts',(17.5,-14.6929790176778,-96.7369151290948));
#9096=CARTESIAN_POINT('Ctrl Pts',(17.5,-14.6929790176778,172.736915129095));
#9097=CARTESIAN_POINT('Ctrl Pts',(17.3051948051948,-14.6465968284384,-96.7369151290948));
#9098=CARTESIAN_POINT('Ctrl Pts',(17.3051948051948,-14.6465968284384,172.736915129095));
#9099=CARTESIAN_POINT('',(17.3051948051948,-14.6465968284384,38.));
#9100=CARTESIAN_POINT('Ctrl Pts',(17.3051948051948,-14.6465968284384,38.));
#9101=CARTESIAN_POINT('Ctrl Pts',(17.5,-14.6929790176778,38.));
#9102=CARTESIAN_POINT('Ctrl Pts',(17.5,-14.8924224314069,38.));
#9103=CARTESIAN_POINT('',(17.3051948051948,-14.6465968284384,37.8));
#9104=CARTESIAN_POINT('',(17.3051948051948,-14.6465968284384,-96.7369151290948));
#9105=CARTESIAN_POINT('Ctrl Pts',(17.3051948051948,-14.6465968284384,37.8));
#9106=CARTESIAN_POINT('Ctrl Pts',(17.4350649350649,-14.6775182879313,37.8));
#9107=CARTESIAN_POINT('Ctrl Pts',(17.5,-14.7594601555875,37.8));
#9108=CARTESIAN_POINT('Ctrl Pts',(17.5,-14.8924224314069,37.8));
#9109=CARTESIAN_POINT('Origin',(13.6873840445269,-13.844184954598,-96.7369151290948));
#9110=CARTESIAN_POINT('',(13.6873840445269,-13.844184954598,38.));
#9111=CARTESIAN_POINT('',(-9.59620386269931,-8.68000455979,38.));
#9112=CARTESIAN_POINT('',(13.6873840445269,-13.844184954598,37.8));
#9113=CARTESIAN_POINT('',(13.6873840445269,-13.844184954598,-96.7369151290948));
#9114=CARTESIAN_POINT('',(-9.59620386269931,-8.68000455979,37.8));
#9115=CARTESIAN_POINT('Origin',(15.7931354359926,-13.1438138970841,-96.7369151290948));
#9116=CARTESIAN_POINT('',(15.7931354359926,-13.1438138970841,38.));
#9117=CARTESIAN_POINT('',(-3.80016800067747,-19.660529357298,38.));
#9118=CARTESIAN_POINT('',(15.7931354359926,-13.1438138970841,37.8));
#9119=CARTESIAN_POINT('',(15.7931354359926,-13.1438138970841,-96.7369151290948));
#9120=CARTESIAN_POINT('',(-3.80016800067747,-19.660529357298,37.8));
#9121=CARTESIAN_POINT('Ctrl Pts',(15.7931354359926,-13.1438138970841,-96.7369151290948));
#9122=CARTESIAN_POINT('Ctrl Pts',(15.7931354359926,-13.1438138970841,172.736915129095));
#9123=CARTESIAN_POINT('Ctrl Pts',(15.9972170686456,-13.0742406132251,-96.7369151290948));
#9124=CARTESIAN_POINT('Ctrl Pts',(15.9972170686456,-13.0742406132251,172.736915129095));
#9125=CARTESIAN_POINT('Ctrl Pts',(15.9972170686456,-12.8933500751917,-96.7369151290948));
#9126=CARTESIAN_POINT('Ctrl Pts',(15.9972170686456,-12.8933500751917,172.736915129095));
#9127=CARTESIAN_POINT('',(15.9972170686456,-12.8933500751917,38.));
#9128=CARTESIAN_POINT('Ctrl Pts',(15.9972170686456,-12.8933500751917,38.));
#9129=CARTESIAN_POINT('Ctrl Pts',(15.9972170686456,-13.0742406132251,38.));
#9130=CARTESIAN_POINT('Ctrl Pts',(15.7931354359926,-13.1438138970841,38.));
#9131=CARTESIAN_POINT('',(15.9972170686456,-12.8933500751917,37.8));
#9132=CARTESIAN_POINT('',(15.9972170686456,-12.8933500751917,-96.7369151290948));
#9133=CARTESIAN_POINT('Ctrl Pts',(15.9972170686456,-12.8933500751917,37.8));
#9134=CARTESIAN_POINT('Ctrl Pts',(15.9972170686456,-13.0139437672139,37.8));
#9135=CARTESIAN_POINT('Ctrl Pts',(15.9291898577613,-13.0974317078447,37.8));
#9136=CARTESIAN_POINT('Ctrl Pts',(15.7931354359926,-13.1438138970841,37.8));
#9137=CARTESIAN_POINT('Ctrl Pts',(15.9972170686456,-12.8933500751917,-96.7369151290948));
#9138=CARTESIAN_POINT('Ctrl Pts',(15.9972170686456,-12.8933500751917,172.736915129095));
#9139=CARTESIAN_POINT('Ctrl Pts',(15.9972170686456,-12.7124595371583,-96.7369151290948));
#9140=CARTESIAN_POINT('Ctrl Pts',(15.9972170686456,-12.7124595371583,172.736915129095));
#9141=CARTESIAN_POINT('Ctrl Pts',(15.7931354359926,-12.6475244722232,-96.7369151290948));
#9142=CARTESIAN_POINT('Ctrl Pts',(15.7931354359926,-12.6475244722232,172.736915129095));
#9143=CARTESIAN_POINT('',(15.7931354359926,-12.6475244722232,38.));
#9144=CARTESIAN_POINT('Ctrl Pts',(15.7931354359926,-12.6475244722232,38.));
#9145=CARTESIAN_POINT('Ctrl Pts',(15.9972170686456,-12.7124595371583,38.));
#9146=CARTESIAN_POINT('Ctrl Pts',(15.9972170686456,-12.8933500751917,38.));
#9147=CARTESIAN_POINT('',(15.7931354359926,-12.6475244722232,37.8));
#9148=CARTESIAN_POINT('',(15.7931354359926,-12.6475244722232,-96.7369151290948));
#9149=CARTESIAN_POINT('Ctrl Pts',(15.7931354359926,-12.6475244722232,37.8));
#9150=CARTESIAN_POINT('Ctrl Pts',(15.9291898577613,-12.6908145155132,37.8));
#9151=CARTESIAN_POINT('Ctrl Pts',(15.9972170686456,-12.7727563831694,37.8));
#9152=CARTESIAN_POINT('Ctrl Pts',(15.9972170686456,-12.8933500751917,37.8));
#9153=CARTESIAN_POINT('Origin',(13.682745825603,-11.9425151957853,-96.7369151290948));
#9154=CARTESIAN_POINT('',(13.682745825603,-11.9425151957853,38.));
#9155=CARTESIAN_POINT('',(-8.70495260763654,-4.46354780709863,38.));
#9156=CARTESIAN_POINT('',(13.682745825603,-11.9425151957853,37.8));
#9157=CARTESIAN_POINT('',(13.682745825603,-11.9425151957853,-96.7369151290948));
#9158=CARTESIAN_POINT('',(-8.70495260763654,-4.46354780709863,37.8));
#9159=CARTESIAN_POINT('Origin',(17.3051948051948,-11.1401033219449,-96.7369151290948));
#9160=CARTESIAN_POINT('',(17.3051948051948,-11.1401033219449,38.));
#9161=CARTESIAN_POINT('',(-5.06589182565858,-16.0955424860135,38.));
#9162=CARTESIAN_POINT('',(17.3051948051948,-11.1401033219449,37.8));
#9163=CARTESIAN_POINT('',(17.3051948051948,-11.1401033219449,-96.7369151290948));
#9164=CARTESIAN_POINT('',(-5.06589182565858,-16.0955424860135,37.8));
#9165=CARTESIAN_POINT('Ctrl Pts',(17.3051948051948,-11.1401033219449,-96.7369151290948));
#9166=CARTESIAN_POINT('Ctrl Pts',(17.3051948051948,-11.1401033219449,172.736915129095));
#9167=CARTESIAN_POINT('Ctrl Pts',(17.5,-11.0937211327056,-96.7369151290948));
#9168=CARTESIAN_POINT('Ctrl Pts',(17.5,-11.0937211327056,172.736915129095));
#9169=CARTESIAN_POINT('Ctrl Pts',(17.5,-10.8942777189765,-96.7369151290948));
#9170=CARTESIAN_POINT('Ctrl Pts',(17.5,-10.8942777189765,172.736915129095));
#9171=CARTESIAN_POINT('',(17.5,-10.8942777189765,38.));
#9172=CARTESIAN_POINT('Ctrl Pts',(17.5,-10.8942777189765,38.));
#9173=CARTESIAN_POINT('Ctrl Pts',(17.5,-11.0937211327056,38.));
#9174=CARTESIAN_POINT('Ctrl Pts',(17.3051948051948,-11.1401033219449,38.));
#9175=CARTESIAN_POINT('',(17.5,-10.8942777189765,37.8));
#9176=CARTESIAN_POINT('',(17.5,-10.8942777189765,-96.7369151290948));
#9177=CARTESIAN_POINT('Ctrl Pts',(17.5,-10.8942777189765,37.8));
#9178=CARTESIAN_POINT('Ctrl Pts',(17.5,-11.0272399947959,37.8));
#9179=CARTESIAN_POINT('Ctrl Pts',(17.4350649350649,-11.109181862452,37.8));
#9180=CARTESIAN_POINT('Ctrl Pts',(17.3051948051948,-11.1401033219449,37.8));
#9181=CARTESIAN_POINT('Ctrl Pts',(17.5,-10.8942777189765,-96.7369151290948));
#9182=CARTESIAN_POINT('Ctrl Pts',(17.5,-10.8942777189765,172.736915129095));
#9183=CARTESIAN_POINT('Ctrl Pts',(17.5,-10.6438138970841,-96.7369151290948));
#9184=CARTESIAN_POINT('Ctrl Pts',(17.5,-10.6438138970841,172.736915129095));
#9185=CARTESIAN_POINT('Ctrl Pts',(17.2495361781076,-10.6438138970841,-96.7369151290948));
#9186=CARTESIAN_POINT('Ctrl Pts',(17.2495361781076,-10.6438138970841,172.736915129095));
#9187=CARTESIAN_POINT('',(17.2495361781076,-10.6438138970841,38.));
#9188=CARTESIAN_POINT('Ctrl Pts',(17.2495361781076,-10.6438138970841,38.));
#9189=CARTESIAN_POINT('Ctrl Pts',(17.5,-10.6438138970841,38.));
#9190=CARTESIAN_POINT('Ctrl Pts',(17.5,-10.8942777189765,38.));
#9191=CARTESIAN_POINT('',(17.2495361781076,-10.6438138970841,37.8));
#9192=CARTESIAN_POINT('',(17.2495361781076,-10.6438138970841,-96.7369151290948));
#9193=CARTESIAN_POINT('Ctrl Pts',(17.2495361781076,-10.6438138970841,37.8));
#9194=CARTESIAN_POINT('Ctrl Pts',(17.4165120593692,-10.6438138970841,37.8));
#9195=CARTESIAN_POINT('Ctrl Pts',(17.5,-10.7273018377149,37.8));
#9196=CARTESIAN_POINT('Ctrl Pts',(17.5,-10.8942777189765,37.8));
#9197=CARTESIAN_POINT('Ctrl Pts',(17.2495361781076,-10.6438138970841,-96.7369151290948));
#9198=CARTESIAN_POINT('Ctrl Pts',(17.2495361781076,-10.6438138970841,172.736915129095));
#9199=CARTESIAN_POINT('Ctrl Pts',(17.2263450834879,-10.6438138970841,-96.7369151290948));
#9200=CARTESIAN_POINT('Ctrl Pts',(17.2263450834879,-10.6438138970841,172.736915129095));
#9201=CARTESIAN_POINT('Ctrl Pts',(17.1938775510204,-10.648452116008,-96.7369151290948));
#9202=CARTESIAN_POINT('Ctrl Pts',(17.1938775510204,-10.648452116008,172.736915129095));
#9203=CARTESIAN_POINT('Ctrl Pts',(17.1938775510204,-10.648452116008,38.));
#9204=CARTESIAN_POINT('Ctrl Pts',(17.2263450834879,-10.6438138970841,38.));
#9205=CARTESIAN_POINT('Ctrl Pts',(17.2495361781076,-10.6438138970841,38.));
#9206=CARTESIAN_POINT('Ctrl Pts',(17.1938775510204,-10.648452116008,37.8));
#9207=CARTESIAN_POINT('Ctrl Pts',(17.2155225726654,-10.6453599700587,37.8));
#9208=CARTESIAN_POINT('Ctrl Pts',(17.2340754483612,-10.6438138970841,37.8));
#9209=CARTESIAN_POINT('Ctrl Pts',(17.2495361781076,-10.6438138970841,37.8));
#9210=CARTESIAN_POINT('Origin',(-32.1,0.,37.8));
#9211=CARTESIAN_POINT('Origin',(-32.1,0.,37.8));
#9212=CARTESIAN_POINT('',(-16.9990723562152,7.99860896117612,37.8));
#9213=CARTESIAN_POINT('',(-15.,7.99860896117612,37.8));
#9214=CARTESIAN_POINT('',(-24.5495361781076,7.99860896117612,37.8));
#9215=CARTESIAN_POINT('',(-16.9990723562152,9.24628985171415,37.8));
#9216=CARTESIAN_POINT('',(-16.9990723562152,4.62314492585708,37.8));
#9217=CARTESIAN_POINT('',(-16.247680890538,9.9930430984674,37.8));
#9218=CARTESIAN_POINT('Ctrl Pts',(-16.247680890538,9.9930430984674,37.8));
#9219=CARTESIAN_POINT('Ctrl Pts',(-16.4579468150897,9.9930430984674,37.8));
#9220=CARTESIAN_POINT('Ctrl Pts',(-16.6357452071738,9.92037766865911,37.8));
#9221=CARTESIAN_POINT('Ctrl Pts',(-16.7810760667904,9.77504680904254,37.8));
#9222=CARTESIAN_POINT('Ctrl Pts',(-16.9264069264069,9.62971594942596,37.8));
#9223=CARTESIAN_POINT('Ctrl Pts',(-16.9990723562152,9.4534636303165,37.8));
#9224=CARTESIAN_POINT('Ctrl Pts',(-16.9990723562152,9.24628985171415,37.8));
#9225=CARTESIAN_POINT('',(-13.752319109462,9.9930430984674,37.8));
#9226=CARTESIAN_POINT('',(-22.926159554731,9.9930430984674,37.8));
#9227=CARTESIAN_POINT('',(-13.0009276437848,9.24628985171415,37.8));
#9228=CARTESIAN_POINT('Ctrl Pts',(-13.0009276437848,9.24628985171415,37.8));
#9229=CARTESIAN_POINT('Ctrl Pts',(-13.0009276437848,9.2982980221492,37.8));
#9230=CARTESIAN_POINT('Ctrl Pts',(-13.00555568456,9.35003309176859,37.8));
#9231=CARTESIAN_POINT('Ctrl Pts',(-13.0254583548183,9.45004323093897,37.8));
#9232=CARTESIAN_POINT('Ctrl Pts',(-13.0401373310958,9.49752378539658,37.8));
#9233=CARTESIAN_POINT('Ctrl Pts',(-13.0981129234787,9.63098093897061,37.8));
#9234=CARTESIAN_POINT('Ctrl Pts',(-13.154141939194,9.7107175974189,37.8));
#9235=CARTESIAN_POINT('Ctrl Pts',(-13.298104974585,9.8490172058786,37.8));
#9236=CARTESIAN_POINT('Ctrl Pts',(-13.3745933947829,9.90130192082604,37.8));
#9237=CARTESIAN_POINT('Ctrl Pts',(-13.5540513020687,9.97592892811129,37.8));
#9238=CARTESIAN_POINT('Ctrl Pts',(-13.6517768156617,9.9930430984674,37.8));
#9239=CARTESIAN_POINT('Ctrl Pts',(-13.752319109462,9.9930430984674,37.8));
#9240=CARTESIAN_POINT('',(-13.0009276437848,7.74814513928373,37.8));
#9241=CARTESIAN_POINT('',(-13.0009276437848,3.87407256964183,37.8));
#9242=CARTESIAN_POINT('',(-12.7504638218924,7.49768131739133,37.8));
#9243=CARTESIAN_POINT('Ctrl Pts',(-12.7504638218924,7.49768131739133,37.8));
#9244=CARTESIAN_POINT('Ctrl Pts',(-12.917439703154,7.49768131739133,37.8));
#9245=CARTESIAN_POINT('Ctrl Pts',(-13.0009276437848,7.58116925802213,37.8));
#9246=CARTESIAN_POINT('Ctrl Pts',(-13.0009276437848,7.74814513928373,37.8));
#9247=CARTESIAN_POINT('',(-12.5,7.74814513928373,37.8));
#9248=CARTESIAN_POINT('Ctrl Pts',(-12.5,7.74814513928373,37.8));
#9249=CARTESIAN_POINT('Ctrl Pts',(-12.5,7.58116925802213,37.8));
#9250=CARTESIAN_POINT('Ctrl Pts',(-12.5834879406308,7.49768131739133,37.8));
#9251=CARTESIAN_POINT('Ctrl Pts',(-12.7504638218924,7.49768131739133,37.8));
#9252=CARTESIAN_POINT('',(-12.5,9.24628985171415,37.8));
#9253=CARTESIAN_POINT('',(-12.5,4.62314492585705,37.8));
#9254=CARTESIAN_POINT('',(-13.747680890538,10.4939707422522,37.8));
#9255=CARTESIAN_POINT('Ctrl Pts',(-13.747680890538,10.4939707422522,37.8));
#9256=CARTESIAN_POINT('Ctrl Pts',(-13.404452690167,10.4939707422522,37.8));
#9257=CARTESIAN_POINT('Ctrl Pts',(-13.1106988249845,10.3726040137426,37.8));
#9258=CARTESIAN_POINT('Ctrl Pts',(-12.8664192949907,10.1298705567234,37.8));
#9259=CARTESIAN_POINT('Ctrl Pts',(-12.6221397649969,9.88713709970426,37.8));
#9260=CARTESIAN_POINT('Ctrl Pts',(-12.5,9.5926101980345,37.8));
#9261=CARTESIAN_POINT('Ctrl Pts',(-12.5,9.24628985171415,37.8));
#9262=CARTESIAN_POINT('',(-16.247680890538,10.4939707422522,37.8));
#9263=CARTESIAN_POINT('',(-24.173840445269,10.4939707422522,37.8));
#9264=CARTESIAN_POINT('',(-17.5,9.24628985171415,37.8));
#9265=CARTESIAN_POINT('Ctrl Pts',(-17.5,9.24628985171415,37.8));
#9266=CARTESIAN_POINT('Ctrl Pts',(-17.5,9.5926101980345,37.8));
#9267=CARTESIAN_POINT('Ctrl Pts',(-17.3778602350031,9.88713709970426,37.8));
#9268=CARTESIAN_POINT('Ctrl Pts',(-17.1335807050093,10.1298705567234,37.8));
#9269=CARTESIAN_POINT('Ctrl Pts',(-16.8893011750155,10.3726040137426,37.8));
#9270=CARTESIAN_POINT('Ctrl Pts',(-16.5940012368584,10.4939707422522,37.8));
#9271=CARTESIAN_POINT('Ctrl Pts',(-16.247680890538,10.4939707422522,37.8));
#9272=CARTESIAN_POINT('',(-17.5,7.74814513928373,37.8));
#9273=CARTESIAN_POINT('',(-17.5,3.87407256964186,37.8));
#9274=CARTESIAN_POINT('',(-17.2495361781076,7.49768131739133,37.8));
#9275=CARTESIAN_POINT('Ctrl Pts',(-17.2495361781076,7.49768131739133,37.8));
#9276=CARTESIAN_POINT('Ctrl Pts',(-17.4165120593692,7.49768131739133,37.8));
#9277=CARTESIAN_POINT('Ctrl Pts',(-17.5,7.58116925802213,37.8));
#9278=CARTESIAN_POINT('Ctrl Pts',(-17.5,7.74814513928373,37.8));
#9279=CARTESIAN_POINT('',(-14.7495361781076,7.49768131739133,37.8));
#9280=CARTESIAN_POINT('',(-23.4247680890538,7.49768131739134,37.8));
#9281=CARTESIAN_POINT('',(-14.4990723562152,7.74814513928373,37.8));
#9282=CARTESIAN_POINT('Ctrl Pts',(-14.4990723562152,7.74814513928373,37.8));
#9283=CARTESIAN_POINT('Ctrl Pts',(-14.4990723562152,7.58116925802213,37.8));
#9284=CARTESIAN_POINT('Ctrl Pts',(-14.582560296846,7.49768131739133,37.8));
#9285=CARTESIAN_POINT('Ctrl Pts',(-14.7495361781076,7.49768131739133,37.8));
#9286=CARTESIAN_POINT('',(-14.4990723562152,8.49953660496091,37.8));
#9287=CARTESIAN_POINT('',(-14.4990723562152,4.24976830248045,37.8));
#9288=CARTESIAN_POINT('',(-14.7495361781076,8.7500004268533,37.8));
#9289=CARTESIAN_POINT('Ctrl Pts',(-14.7495361781076,8.7500004268533,37.8));
#9290=CARTESIAN_POINT('Ctrl Pts',(-14.582560296846,8.7500004268533,37.8));
#9291=CARTESIAN_POINT('Ctrl Pts',(-14.4990723562152,8.6665124862225,37.8));
#9292=CARTESIAN_POINT('Ctrl Pts',(-14.4990723562152,8.49953660496091,37.8));
#9293=CARTESIAN_POINT('',(-15.,8.49953660496091,37.8));
#9294=CARTESIAN_POINT('Ctrl Pts',(-15.,8.49953660496091,37.8));
#9295=CARTESIAN_POINT('Ctrl Pts',(-15.,8.6665124862225,37.8));
#9296=CARTESIAN_POINT('Ctrl Pts',(-14.9165120593692,8.7500004268533,37.8));
#9297=CARTESIAN_POINT('Ctrl Pts',(-14.7495361781076,8.7500004268533,37.8));
#9298=CARTESIAN_POINT('',(-15.,3.99930448058806,37.8));
#9299=CARTESIAN_POINT('Ctrl Pts',(-12.5,9.24628985171415,-96.7369151290948));
#9300=CARTESIAN_POINT('Ctrl Pts',(-12.5,9.24628985171415,172.736915129095));
#9301=CARTESIAN_POINT('Ctrl Pts',(-12.5,9.76577037119467,-96.7369151290948));
#9302=CARTESIAN_POINT('Ctrl Pts',(-12.5,9.76577037119467,172.736915129095));
#9303=CARTESIAN_POINT('Ctrl Pts',(-13.2328385899814,10.4939707422522,-96.7369151290948));
#9304=CARTESIAN_POINT('Ctrl Pts',(-13.2328385899814,10.4939707422522,172.736915129095));
#9305=CARTESIAN_POINT('Ctrl Pts',(-13.747680890538,10.4939707422522,-96.7369151290948));
#9306=CARTESIAN_POINT('Ctrl Pts',(-13.747680890538,10.4939707422522,172.736915129095));
#9307=CARTESIAN_POINT('',(-13.747680890538,10.4939707422522,38.));
#9308=CARTESIAN_POINT('',(-12.5,9.24628985171415,38.));
#9309=CARTESIAN_POINT('Ctrl Pts',(-13.747680890538,10.4939707422522,38.));
#9310=CARTESIAN_POINT('Ctrl Pts',(-13.2328385899814,10.4939707422522,38.));
#9311=CARTESIAN_POINT('Ctrl Pts',(-12.5,9.76577037119467,38.));
#9312=CARTESIAN_POINT('Ctrl Pts',(-12.5,9.24628985171415,38.));
#9313=CARTESIAN_POINT('',(-13.747680890538,10.4939707422522,-96.7369151290948));
#9314=CARTESIAN_POINT('',(-12.5,9.24628985171415,-96.7369151290948));
#9315=CARTESIAN_POINT('Origin',(-12.5,9.24628985171415,-96.7369151290948));
#9316=CARTESIAN_POINT('',(-12.5,7.74814513928373,38.));
#9317=CARTESIAN_POINT('',(-12.5,4.62314492585705,38.));
#9318=CARTESIAN_POINT('',(-12.5,7.74814513928373,-96.7369151290948));
#9319=CARTESIAN_POINT('Ctrl Pts',(-12.7504638218924,7.49768131739133,-96.7369151290948));
#9320=CARTESIAN_POINT('Ctrl Pts',(-12.7504638218924,7.49768131739133,172.736915129095));
#9321=CARTESIAN_POINT('Ctrl Pts',(-12.5,7.49768131739133,-96.7369151290948));
#9322=CARTESIAN_POINT('Ctrl Pts',(-12.5,7.49768131739133,172.736915129095));
#9323=CARTESIAN_POINT('Ctrl Pts',(-12.5,7.74814513928373,-96.7369151290948));
#9324=CARTESIAN_POINT('Ctrl Pts',(-12.5,7.74814513928373,172.736915129095));
#9325=CARTESIAN_POINT('',(-12.7504638218924,7.49768131739133,38.));
#9326=CARTESIAN_POINT('Ctrl Pts',(-12.5,7.74814513928373,38.));
#9327=CARTESIAN_POINT('Ctrl Pts',(-12.5,7.49768131739133,38.));
#9328=CARTESIAN_POINT('Ctrl Pts',(-12.7504638218924,7.49768131739133,38.));
#9329=CARTESIAN_POINT('',(-12.7504638218924,7.49768131739133,-96.7369151290948));
#9330=CARTESIAN_POINT('Ctrl Pts',(-13.0009276437848,7.74814513928373,-96.7369151290948));
#9331=CARTESIAN_POINT('Ctrl Pts',(-13.0009276437848,7.74814513928373,172.736915129095));
#9332=CARTESIAN_POINT('Ctrl Pts',(-13.0009276437848,7.49768131739133,-96.7369151290948));
#9333=CARTESIAN_POINT('Ctrl Pts',(-13.0009276437848,7.49768131739133,172.736915129095));
#9334=CARTESIAN_POINT('Ctrl Pts',(-12.7504638218924,7.49768131739133,-96.7369151290948));
#9335=CARTESIAN_POINT('Ctrl Pts',(-12.7504638218924,7.49768131739133,172.736915129095));
#9336=CARTESIAN_POINT('',(-13.0009276437848,7.74814513928373,38.));
#9337=CARTESIAN_POINT('Ctrl Pts',(-12.7504638218924,7.49768131739133,38.));
#9338=CARTESIAN_POINT('Ctrl Pts',(-13.0009276437848,7.49768131739133,38.));
#9339=CARTESIAN_POINT('Ctrl Pts',(-13.0009276437848,7.74814513928373,38.));
#9340=CARTESIAN_POINT('',(-13.0009276437848,7.74814513928373,-96.7369151290948));
#9341=CARTESIAN_POINT('Origin',(-13.0009276437848,7.74814513928373,-96.7369151290948));
#9342=CARTESIAN_POINT('',(-13.0009276437848,9.24628985171415,38.));
#9343=CARTESIAN_POINT('',(-13.0009276437848,3.87407256964183,38.));
#9344=CARTESIAN_POINT('',(-13.0009276437848,9.24628985171415,-96.7369151290948));
#9345=CARTESIAN_POINT('Ctrl Pts',(-13.752319109462,9.9930430984674,-96.7369151290948));
#9346=CARTESIAN_POINT('Ctrl Pts',(-13.752319109462,9.9930430984674,172.736915129095));
#9347=CARTESIAN_POINT('Ctrl Pts',(-13.4415584415584,9.9930430984674,-96.7369151290948));
#9348=CARTESIAN_POINT('Ctrl Pts',(-13.4415584415584,9.9930430984674,172.736915129095));
#9349=CARTESIAN_POINT('Ctrl Pts',(-13.0009276437848,9.55705051961768,-96.7369151290948));
#9350=CARTESIAN_POINT('Ctrl Pts',(-13.0009276437848,9.55705051961768,172.736915129095));
#9351=CARTESIAN_POINT('Ctrl Pts',(-13.0009276437848,9.24628985171415,-96.7369151290948));
#9352=CARTESIAN_POINT('Ctrl Pts',(-13.0009276437848,9.24628985171415,172.736915129095));
#9353=CARTESIAN_POINT('',(-13.752319109462,9.9930430984674,38.));
#9354=CARTESIAN_POINT('Ctrl Pts',(-13.0009276437848,9.24628985171415,38.));
#9355=CARTESIAN_POINT('Ctrl Pts',(-13.0009276437848,9.55705051961768,38.));
#9356=CARTESIAN_POINT('Ctrl Pts',(-13.4415584415584,9.9930430984674,38.));
#9357=CARTESIAN_POINT('Ctrl Pts',(-13.752319109462,9.9930430984674,38.));
#9358=CARTESIAN_POINT('',(-13.752319109462,9.9930430984674,-96.7369151290948));
#9359=CARTESIAN_POINT('Origin',(-13.752319109462,9.9930430984674,-96.7369151290948));
#9360=CARTESIAN_POINT('',(-16.247680890538,9.9930430984674,38.));
#9361=CARTESIAN_POINT('',(-22.926159554731,9.9930430984674,38.));
#9362=CARTESIAN_POINT('',(-16.247680890538,9.9930430984674,-96.7369151290948));
#9363=CARTESIAN_POINT('Ctrl Pts',(-16.9990723562152,9.24628985171415,-96.7369151290948));
#9364=CARTESIAN_POINT('Ctrl Pts',(-16.9990723562152,9.24628985171415,172.736915129095));
#9365=CARTESIAN_POINT('Ctrl Pts',(-16.9990723562152,9.55705051961768,-96.7369151290948));
#9366=CARTESIAN_POINT('Ctrl Pts',(-16.9990723562152,9.55705051961768,172.736915129095));
#9367=CARTESIAN_POINT('Ctrl Pts',(-16.5630797773655,9.9930430984674,-96.7369151290948));
#9368=CARTESIAN_POINT('Ctrl Pts',(-16.5630797773655,9.9930430984674,172.736915129095));
#9369=CARTESIAN_POINT('Ctrl Pts',(-16.247680890538,9.9930430984674,-96.7369151290948));
#9370=CARTESIAN_POINT('Ctrl Pts',(-16.247680890538,9.9930430984674,172.736915129095));
#9371=CARTESIAN_POINT('',(-16.9990723562152,9.24628985171415,38.));
#9372=CARTESIAN_POINT('Ctrl Pts',(-16.247680890538,9.9930430984674,38.));
#9373=CARTESIAN_POINT('Ctrl Pts',(-16.5630797773655,9.9930430984674,38.));
#9374=CARTESIAN_POINT('Ctrl Pts',(-16.9990723562152,9.55705051961768,38.));
#9375=CARTESIAN_POINT('Ctrl Pts',(-16.9990723562152,9.24628985171415,38.));
#9376=CARTESIAN_POINT('',(-16.9990723562152,9.24628985171415,-96.7369151290948));
#9377=CARTESIAN_POINT('Origin',(-16.9990723562152,9.24628985171415,-96.7369151290948));
#9378=CARTESIAN_POINT('',(-16.9990723562152,7.99860896117612,38.));
#9379=CARTESIAN_POINT('',(-16.9990723562152,4.62314492585708,38.));
#9380=CARTESIAN_POINT('',(-16.9990723562152,7.99860896117612,-96.7369151290948));
#9381=CARTESIAN_POINT('Origin',(-16.9990723562152,7.99860896117612,-96.7369151290948));
#9382=CARTESIAN_POINT('',(-15.,7.99860896117612,38.));
#9383=CARTESIAN_POINT('',(-24.5495361781076,7.99860896117612,38.));
#9384=CARTESIAN_POINT('',(-15.,7.99860896117612,-96.7369151290948));
#9385=CARTESIAN_POINT('Origin',(-15.,7.99860896117612,-96.7369151290948));
#9386=CARTESIAN_POINT('',(-15.,8.49953660496091,38.));
#9387=CARTESIAN_POINT('',(-15.,3.99930448058806,38.));
#9388=CARTESIAN_POINT('',(-15.,8.49953660496091,-96.7369151290948));
#9389=CARTESIAN_POINT('Ctrl Pts',(-14.7495361781076,8.7500004268533,-96.7369151290948));
#9390=CARTESIAN_POINT('Ctrl Pts',(-14.7495361781076,8.7500004268533,172.736915129095));
#9391=CARTESIAN_POINT('Ctrl Pts',(-15.,8.7500004268533,-96.7369151290948));
#9392=CARTESIAN_POINT('Ctrl Pts',(-15.,8.7500004268533,172.736915129095));
#9393=CARTESIAN_POINT('Ctrl Pts',(-15.,8.49953660496091,-96.7369151290948));
#9394=CARTESIAN_POINT('Ctrl Pts',(-15.,8.49953660496091,172.736915129095));
#9395=CARTESIAN_POINT('',(-14.7495361781076,8.7500004268533,38.));
#9396=CARTESIAN_POINT('Ctrl Pts',(-15.,8.49953660496091,38.));
#9397=CARTESIAN_POINT('Ctrl Pts',(-15.,8.7500004268533,38.));
#9398=CARTESIAN_POINT('Ctrl Pts',(-14.7495361781076,8.7500004268533,38.));
#9399=CARTESIAN_POINT('',(-14.7495361781076,8.7500004268533,-96.7369151290948));
#9400=CARTESIAN_POINT('Ctrl Pts',(-14.4990723562152,8.49953660496091,-96.7369151290948));
#9401=CARTESIAN_POINT('Ctrl Pts',(-14.4990723562152,8.49953660496091,172.736915129095));
#9402=CARTESIAN_POINT('Ctrl Pts',(-14.4990723562152,8.7500004268533,-96.7369151290948));
#9403=CARTESIAN_POINT('Ctrl Pts',(-14.4990723562152,8.7500004268533,172.736915129095));
#9404=CARTESIAN_POINT('Ctrl Pts',(-14.7495361781076,8.7500004268533,-96.7369151290948));
#9405=CARTESIAN_POINT('Ctrl Pts',(-14.7495361781076,8.7500004268533,172.736915129095));
#9406=CARTESIAN_POINT('',(-14.4990723562152,8.49953660496091,38.));
#9407=CARTESIAN_POINT('Ctrl Pts',(-14.7495361781076,8.7500004268533,38.));
#9408=CARTESIAN_POINT('Ctrl Pts',(-14.4990723562152,8.7500004268533,38.));
#9409=CARTESIAN_POINT('Ctrl Pts',(-14.4990723562152,8.49953660496091,38.));
#9410=CARTESIAN_POINT('',(-14.4990723562152,8.49953660496091,-96.7369151290948));
#9411=CARTESIAN_POINT('Origin',(-14.4990723562152,8.49953660496091,-96.7369151290948));
#9412=CARTESIAN_POINT('',(-14.4990723562152,7.74814513928373,38.));
#9413=CARTESIAN_POINT('',(-14.4990723562152,4.24976830248045,38.));
#9414=CARTESIAN_POINT('',(-14.4990723562152,7.74814513928373,-96.7369151290948));
#9415=CARTESIAN_POINT('Ctrl Pts',(-14.7495361781076,7.49768131739133,-96.7369151290948));
#9416=CARTESIAN_POINT('Ctrl Pts',(-14.7495361781076,7.49768131739133,172.736915129095));
#9417=CARTESIAN_POINT('Ctrl Pts',(-14.4990723562152,7.49768131739133,-96.7369151290948));
#9418=CARTESIAN_POINT('Ctrl Pts',(-14.4990723562152,7.49768131739133,172.736915129095));
#9419=CARTESIAN_POINT('Ctrl Pts',(-14.4990723562152,7.74814513928373,-96.7369151290948));
#9420=CARTESIAN_POINT('Ctrl Pts',(-14.4990723562152,7.74814513928373,172.736915129095));
#9421=CARTESIAN_POINT('',(-14.7495361781076,7.49768131739133,38.));
#9422=CARTESIAN_POINT('Ctrl Pts',(-14.4990723562152,7.74814513928373,38.));
#9423=CARTESIAN_POINT('Ctrl Pts',(-14.4990723562152,7.49768131739133,38.));
#9424=CARTESIAN_POINT('Ctrl Pts',(-14.7495361781076,7.49768131739133,38.));
#9425=CARTESIAN_POINT('',(-14.7495361781076,7.49768131739133,-96.7369151290948));
#9426=CARTESIAN_POINT('Origin',(-14.7495361781076,7.49768131739133,-96.7369151290948));
#9427=CARTESIAN_POINT('',(-17.2495361781076,7.49768131739133,38.));
#9428=CARTESIAN_POINT('',(-23.4247680890538,7.49768131739134,38.));
#9429=CARTESIAN_POINT('',(-17.2495361781076,7.49768131739133,-96.7369151290948));
#9430=CARTESIAN_POINT('Ctrl Pts',(-17.5,7.74814513928373,-96.7369151290948));
#9431=CARTESIAN_POINT('Ctrl Pts',(-17.5,7.74814513928373,172.736915129095));
#9432=CARTESIAN_POINT('Ctrl Pts',(-17.5,7.49768131739133,-96.7369151290948));
#9433=CARTESIAN_POINT('Ctrl Pts',(-17.5,7.49768131739133,172.736915129095));
#9434=CARTESIAN_POINT('Ctrl Pts',(-17.2495361781076,7.49768131739133,-96.7369151290948));
#9435=CARTESIAN_POINT('Ctrl Pts',(-17.2495361781076,7.49768131739133,172.736915129095));
#9436=CARTESIAN_POINT('',(-17.5,7.74814513928373,38.));
#9437=CARTESIAN_POINT('Ctrl Pts',(-17.2495361781076,7.49768131739133,38.));
#9438=CARTESIAN_POINT('Ctrl Pts',(-17.5,7.49768131739133,38.));
#9439=CARTESIAN_POINT('Ctrl Pts',(-17.5,7.74814513928373,38.));
#9440=CARTESIAN_POINT('',(-17.5,7.74814513928373,-96.7369151290948));
#9441=CARTESIAN_POINT('Origin',(-17.5,7.74814513928373,-96.7369151290948));
#9442=CARTESIAN_POINT('',(-17.5,9.24628985171415,38.));
#9443=CARTESIAN_POINT('',(-17.5,3.87407256964186,38.));
#9444=CARTESIAN_POINT('',(-17.5,9.24628985171415,-96.7369151290948));
#9445=CARTESIAN_POINT('Ctrl Pts',(-16.247680890538,10.4939707422522,-96.7369151290948));
#9446=CARTESIAN_POINT('Ctrl Pts',(-16.247680890538,10.4939707422522,172.736915129095));
#9447=CARTESIAN_POINT('Ctrl Pts',(-16.7671614100186,10.4939707422522,-96.7369151290948));
#9448=CARTESIAN_POINT('Ctrl Pts',(-16.7671614100186,10.4939707422522,172.736915129095));
#9449=CARTESIAN_POINT('Ctrl Pts',(-17.5,9.76577037119467,-96.7369151290948));
#9450=CARTESIAN_POINT('Ctrl Pts',(-17.5,9.76577037119467,172.736915129095));
#9451=CARTESIAN_POINT('Ctrl Pts',(-17.5,9.24628985171415,-96.7369151290948));
#9452=CARTESIAN_POINT('Ctrl Pts',(-17.5,9.24628985171415,172.736915129095));
#9453=CARTESIAN_POINT('',(-16.247680890538,10.4939707422522,38.));
#9454=CARTESIAN_POINT('Ctrl Pts',(-17.5,9.24628985171415,38.));
#9455=CARTESIAN_POINT('Ctrl Pts',(-17.5,9.76577037119467,38.));
#9456=CARTESIAN_POINT('Ctrl Pts',(-16.7671614100186,10.4939707422522,38.));
#9457=CARTESIAN_POINT('Ctrl Pts',(-16.247680890538,10.4939707422522,38.));
#9458=CARTESIAN_POINT('',(-16.247680890538,10.4939707422522,-96.7369151290948));
#9459=CARTESIAN_POINT('Origin',(-16.247680890538,10.4939707422522,-96.7369151290948));
#9460=CARTESIAN_POINT('',(-24.173840445269,10.4939707422522,38.));
#9461=CARTESIAN_POINT('Origin',(-12.7504638218924,11.4911878108978,-96.7369151290948));
#9462=CARTESIAN_POINT('',(-12.7504638218924,11.4911878108978,38.));
#9463=CARTESIAN_POINT('',(-17.2495361781076,11.4911878108978,38.));
#9464=CARTESIAN_POINT('',(-22.4252319109462,11.4911878108978,38.));
#9465=CARTESIAN_POINT('',(-12.7504638218924,11.4911878108978,37.8));
#9466=CARTESIAN_POINT('',(-12.7504638218924,11.4911878108978,-96.7369151290948));
#9467=CARTESIAN_POINT('',(-17.2495361781076,11.4911878108978,37.8));
#9468=CARTESIAN_POINT('',(-22.4252319109462,11.4911878108978,37.8));
#9469=CARTESIAN_POINT('',(-17.2495361781076,11.4911878108978,-96.7369151290948));
#9470=CARTESIAN_POINT('Ctrl Pts',(-12.7504638218924,11.4911878108978,-96.7369151290948));
#9471=CARTESIAN_POINT('Ctrl Pts',(-12.7504638218924,11.4911878108978,172.736915129095));
#9472=CARTESIAN_POINT('Ctrl Pts',(-12.5,11.4911878108978,-96.7369151290948));
#9473=CARTESIAN_POINT('Ctrl Pts',(-12.5,11.4911878108978,172.736915129095));
#9474=CARTESIAN_POINT('Ctrl Pts',(-12.5,11.7416516327902,-96.7369151290948));
#9475=CARTESIAN_POINT('Ctrl Pts',(-12.5,11.7416516327902,172.736915129095));
#9476=CARTESIAN_POINT('',(-12.5,11.7416516327902,38.));
#9477=CARTESIAN_POINT('Ctrl Pts',(-12.5,11.7416516327902,38.));
#9478=CARTESIAN_POINT('Ctrl Pts',(-12.5,11.4911878108978,38.));
#9479=CARTESIAN_POINT('Ctrl Pts',(-12.7504638218924,11.4911878108978,38.));
#9480=CARTESIAN_POINT('',(-12.5,11.7416516327902,37.8));
#9481=CARTESIAN_POINT('',(-12.5,11.7416516327902,-96.7369151290948));
#9482=CARTESIAN_POINT('Ctrl Pts',(-12.5,11.7416516327902,37.8));
#9483=CARTESIAN_POINT('Ctrl Pts',(-12.5,11.5746757515286,37.8));
#9484=CARTESIAN_POINT('Ctrl Pts',(-12.5834879406308,11.4911878108978,37.8));
#9485=CARTESIAN_POINT('Ctrl Pts',(-12.7504638218924,11.4911878108978,37.8));
#9486=CARTESIAN_POINT('Ctrl Pts',(-12.5,11.7416516327902,-96.7369151290948));
#9487=CARTESIAN_POINT('Ctrl Pts',(-12.5,11.7416516327902,172.736915129095));
#9488=CARTESIAN_POINT('Ctrl Pts',(-12.5,11.9921154546826,-96.7369151290948));
#9489=CARTESIAN_POINT('Ctrl Pts',(-12.5,11.9921154546826,172.736915129095));
#9490=CARTESIAN_POINT('Ctrl Pts',(-12.7504638218924,11.9921154546826,-96.7369151290948));
#9491=CARTESIAN_POINT('Ctrl Pts',(-12.7504638218924,11.9921154546826,172.736915129095));
#9492=CARTESIAN_POINT('',(-12.7504638218924,11.9921154546826,38.));
#9493=CARTESIAN_POINT('Ctrl Pts',(-12.7504638218924,11.9921154546826,38.));
#9494=CARTESIAN_POINT('Ctrl Pts',(-12.5,11.9921154546826,38.));
#9495=CARTESIAN_POINT('Ctrl Pts',(-12.5,11.7416516327902,38.));
#9496=CARTESIAN_POINT('',(-12.7504638218924,11.9921154546826,37.8));
#9497=CARTESIAN_POINT('',(-12.7504638218924,11.9921154546826,-96.7369151290948));
#9498=CARTESIAN_POINT('Ctrl Pts',(-12.7504638218924,11.9921154546826,37.8));
#9499=CARTESIAN_POINT('Ctrl Pts',(-12.7256840240616,11.9921154546826,37.8));
#9500=CARTESIAN_POINT('Ctrl Pts',(-12.7004891442741,11.9902767508653,37.8));
#9501=CARTESIAN_POINT('Ctrl Pts',(-12.6550365025826,11.9815300986289,37.8));
#9502=CARTESIAN_POINT('Ctrl Pts',(-12.634287262283,11.9752745189348,37.8));
#9503=CARTESIAN_POINT('Ctrl Pts',(-12.5934808346012,11.9558270316313,37.8));
#9504=CARTESIAN_POINT('Ctrl Pts',(-12.5744140573176,11.9423271189062,37.8));
#9505=CARTESIAN_POINT('Ctrl Pts',(-12.5405048191224,11.9059271904321,37.8));
#9506=CARTESIAN_POINT('Ctrl Pts',(-12.5275785037159,11.8836374038258,37.8));
#9507=CARTESIAN_POINT('Ctrl Pts',(-12.504666253482,11.8221958806002,37.8));
#9508=CARTESIAN_POINT('Ctrl Pts',(-12.5,11.7811269868065,37.8));
#9509=CARTESIAN_POINT('Ctrl Pts',(-12.5,11.7416516327902,37.8));
#9510=CARTESIAN_POINT('Origin',(-17.2495361781076,11.9921154546826,-96.7369151290948));
#9511=CARTESIAN_POINT('',(-17.2495361781076,11.9921154546826,38.));
#9512=CARTESIAN_POINT('',(-24.6747680890538,11.9921154546826,38.));
#9513=CARTESIAN_POINT('',(-17.2495361781076,11.9921154546826,37.8));
#9514=CARTESIAN_POINT('',(-17.2495361781076,11.9921154546826,-96.7369151290948));
#9515=CARTESIAN_POINT('',(-24.6747680890538,11.9921154546826,37.8));
#9516=CARTESIAN_POINT('Ctrl Pts',(-17.2495361781076,11.9921154546826,-96.7369151290948));
#9517=CARTESIAN_POINT('Ctrl Pts',(-17.2495361781076,11.9921154546826,172.736915129095));
#9518=CARTESIAN_POINT('Ctrl Pts',(-17.5,11.9921154546826,-96.7369151290948));
#9519=CARTESIAN_POINT('Ctrl Pts',(-17.5,11.9921154546826,172.736915129095));
#9520=CARTESIAN_POINT('Ctrl Pts',(-17.5,11.7416516327902,-96.7369151290948));
#9521=CARTESIAN_POINT('Ctrl Pts',(-17.5,11.7416516327902,172.736915129095));
#9522=CARTESIAN_POINT('',(-17.5,11.7416516327902,38.));
#9523=CARTESIAN_POINT('Ctrl Pts',(-17.5,11.7416516327902,38.));
#9524=CARTESIAN_POINT('Ctrl Pts',(-17.5,11.9921154546826,38.));
#9525=CARTESIAN_POINT('Ctrl Pts',(-17.2495361781076,11.9921154546826,38.));
#9526=CARTESIAN_POINT('',(-17.5,11.7416516327902,37.8));
#9527=CARTESIAN_POINT('',(-17.5,11.7416516327902,-96.7369151290948));
#9528=CARTESIAN_POINT('Ctrl Pts',(-17.5,11.7416516327902,37.8));
#9529=CARTESIAN_POINT('Ctrl Pts',(-17.5,11.9086275140518,37.8));
#9530=CARTESIAN_POINT('Ctrl Pts',(-17.4165120593692,11.9921154546826,37.8));
#9531=CARTESIAN_POINT('Ctrl Pts',(-17.2495361781076,11.9921154546826,37.8));
#9532=CARTESIAN_POINT('Ctrl Pts',(-17.5,11.7416516327902,-96.7369151290948));
#9533=CARTESIAN_POINT('Ctrl Pts',(-17.5,11.7416516327902,172.736915129095));
#9534=CARTESIAN_POINT('Ctrl Pts',(-17.5,11.4911878108978,-96.7369151290948));
#9535=CARTESIAN_POINT('Ctrl Pts',(-17.5,11.4911878108978,172.736915129095));
#9536=CARTESIAN_POINT('Ctrl Pts',(-17.2495361781076,11.4911878108978,-96.7369151290948));
#9537=CARTESIAN_POINT('Ctrl Pts',(-17.2495361781076,11.4911878108978,172.736915129095));
#9538=CARTESIAN_POINT('Ctrl Pts',(-17.2495361781076,11.4911878108978,38.));
#9539=CARTESIAN_POINT('Ctrl Pts',(-17.5,11.4911878108978,38.));
#9540=CARTESIAN_POINT('Ctrl Pts',(-17.5,11.7416516327902,38.));
#9541=CARTESIAN_POINT('Ctrl Pts',(-17.2495361781076,11.4911878108978,37.8));
#9542=CARTESIAN_POINT('Ctrl Pts',(-17.4165120593692,11.4911878108978,37.8));
#9543=CARTESIAN_POINT('Ctrl Pts',(-17.5,11.5746757515286,37.8));
#9544=CARTESIAN_POINT('Ctrl Pts',(-17.5,11.7416516327902,37.8));
#9545=CARTESIAN_POINT('Origin',(-32.1,0.,37.8));
#9546=CARTESIAN_POINT('Origin',(-32.1,0.,37.8));
#9547=CARTESIAN_POINT('',(-12.7504638218924,-0.503246326393454,37.8));
#9548=CARTESIAN_POINT('',(-12.5,-0.753710148285848,37.8));
#9549=CARTESIAN_POINT('Ctrl Pts',(-12.7504638218924,-0.503246326393454,
37.8));
#9550=CARTESIAN_POINT('Ctrl Pts',(-12.5834879406308,-0.503246326393454,
37.8));
#9551=CARTESIAN_POINT('Ctrl Pts',(-12.5,-0.586734267024252,37.8));
#9552=CARTESIAN_POINT('Ctrl Pts',(-12.5,-0.753710148285848,37.8));
#9553=CARTESIAN_POINT('',(-17.2495361781076,-0.503246326393453,37.8));
#9554=CARTESIAN_POINT('',(-24.6747680890538,-0.503246326393452,37.8));
#9555=CARTESIAN_POINT('',(-17.5,-0.753710148285847,37.8));
#9556=CARTESIAN_POINT('Ctrl Pts',(-17.5,-0.753710148285847,37.8));
#9557=CARTESIAN_POINT('Ctrl Pts',(-17.5,-0.586734267024251,37.8));
#9558=CARTESIAN_POINT('Ctrl Pts',(-17.4165120593692,-0.503246326393453,
37.8));
#9559=CARTESIAN_POINT('Ctrl Pts',(-17.2495361781076,-0.503246326393453,
37.8));
#9560=CARTESIAN_POINT('',(-17.2495361781076,-1.00417397017824,37.8));
#9561=CARTESIAN_POINT('Ctrl Pts',(-17.2495361781076,-1.00417397017824,37.8));
#9562=CARTESIAN_POINT('Ctrl Pts',(-17.4165120593692,-1.00417397017824,37.8));
#9563=CARTESIAN_POINT('Ctrl Pts',(-17.5,-0.920686029547442,37.8));
#9564=CARTESIAN_POINT('Ctrl Pts',(-17.5,-0.753710148285847,37.8));
#9565=CARTESIAN_POINT('',(-15.,-1.00417397017824,37.8));
#9566=CARTESIAN_POINT('',(-23.55,-1.00417397017824,37.8));
#9567=CARTESIAN_POINT('',(-15.,-2.75278250450106,37.8));
#9568=CARTESIAN_POINT('',(-15.,-1.37639125225053,37.8));
#9569=CARTESIAN_POINT('',(-14.7495361781076,-3.00324632639345,37.8));
#9570=CARTESIAN_POINT('Ctrl Pts',(-14.7495361781076,-3.00324632639345,37.8));
#9571=CARTESIAN_POINT('Ctrl Pts',(-14.9165120593692,-3.00324632639345,37.8));
#9572=CARTESIAN_POINT('Ctrl Pts',(-15.,-2.91975838576266,37.8));
#9573=CARTESIAN_POINT('Ctrl Pts',(-15.,-2.75278250450106,37.8));
#9574=CARTESIAN_POINT('',(-14.4990723562152,-2.75278250450106,37.8));
#9575=CARTESIAN_POINT('Ctrl Pts',(-14.4990723562152,-2.75278250450106,37.8));
#9576=CARTESIAN_POINT('Ctrl Pts',(-14.4990723562152,-2.91975838576266,37.8));
#9577=CARTESIAN_POINT('Ctrl Pts',(-14.582560296846,-3.00324632639345,37.8));
#9578=CARTESIAN_POINT('Ctrl Pts',(-14.7495361781076,-3.00324632639345,37.8));
#9579=CARTESIAN_POINT('',(-14.4990723562152,-1.00417397017824,37.8));
#9580=CARTESIAN_POINT('',(-14.4990723562152,-0.50208698508912,37.8));
#9581=CARTESIAN_POINT('',(-13.0009276437848,-1.00417397017824,37.8));
#9582=CARTESIAN_POINT('',(-22.5504638218924,-1.00417397017824,37.8));
#9583=CARTESIAN_POINT('',(-13.0009276437848,-2.75278250450106,37.8));
#9584=CARTESIAN_POINT('',(-13.0009276437848,-1.37639125225053,37.8));
#9585=CARTESIAN_POINT('',(-12.7504638218924,-3.00324632639345,37.8));
#9586=CARTESIAN_POINT('Ctrl Pts',(-12.7504638218924,-3.00324632639345,37.8));
#9587=CARTESIAN_POINT('Ctrl Pts',(-12.917439703154,-3.00324632639345,37.8));
#9588=CARTESIAN_POINT('Ctrl Pts',(-13.0009276437848,-2.91975838576266,37.8));
#9589=CARTESIAN_POINT('Ctrl Pts',(-13.0009276437848,-2.75278250450106,37.8));
#9590=CARTESIAN_POINT('',(-12.5,-2.75278250450106,37.8));
#9591=CARTESIAN_POINT('Ctrl Pts',(-12.5,-2.75278250450106,37.8));
#9592=CARTESIAN_POINT('Ctrl Pts',(-12.5,-2.91975838576266,37.8));
#9593=CARTESIAN_POINT('Ctrl Pts',(-12.5834879406308,-3.00324632639345,37.8));
#9594=CARTESIAN_POINT('Ctrl Pts',(-12.7504638218924,-3.00324632639345,37.8));
#9595=CARTESIAN_POINT('',(-12.5,-0.376855074142924,37.8));
#9596=CARTESIAN_POINT('Ctrl Pts',(-15.,-2.75278250450106,-96.7369151290948));
#9597=CARTESIAN_POINT('Ctrl Pts',(-15.,-2.75278250450106,172.736915129095));
#9598=CARTESIAN_POINT('Ctrl Pts',(-15.,-3.00324632639345,-96.7369151290948));
#9599=CARTESIAN_POINT('Ctrl Pts',(-15.,-3.00324632639345,172.736915129095));
#9600=CARTESIAN_POINT('Ctrl Pts',(-14.7495361781076,-3.00324632639345,-96.7369151290948));
#9601=CARTESIAN_POINT('Ctrl Pts',(-14.7495361781076,-3.00324632639345,172.736915129095));
#9602=CARTESIAN_POINT('',(-14.7495361781076,-3.00324632639345,38.));
#9603=CARTESIAN_POINT('',(-15.,-2.75278250450106,38.));
#9604=CARTESIAN_POINT('Ctrl Pts',(-14.7495361781076,-3.00324632639345,38.));
#9605=CARTESIAN_POINT('Ctrl Pts',(-15.,-3.00324632639345,38.));
#9606=CARTESIAN_POINT('Ctrl Pts',(-15.,-2.75278250450106,38.));
#9607=CARTESIAN_POINT('',(-14.7495361781076,-3.00324632639345,-96.7369151290948));
#9608=CARTESIAN_POINT('',(-15.,-2.75278250450106,-96.7369151290948));
#9609=CARTESIAN_POINT('Origin',(-15.,-2.75278250450106,-96.7369151290948));
#9610=CARTESIAN_POINT('',(-15.,-1.00417397017824,38.));
#9611=CARTESIAN_POINT('',(-15.,-1.37639125225053,38.));
#9612=CARTESIAN_POINT('',(-15.,-1.00417397017824,-96.7369151290948));
#9613=CARTESIAN_POINT('Origin',(-15.,-1.00417397017824,-96.7369151290948));
#9614=CARTESIAN_POINT('',(-17.2495361781076,-1.00417397017824,38.));
#9615=CARTESIAN_POINT('',(-23.55,-1.00417397017824,38.));
#9616=CARTESIAN_POINT('',(-17.2495361781076,-1.00417397017824,-96.7369151290948));
#9617=CARTESIAN_POINT('Ctrl Pts',(-17.5,-0.753710148285847,-96.7369151290948));
#9618=CARTESIAN_POINT('Ctrl Pts',(-17.5,-0.753710148285847,172.736915129095));
#9619=CARTESIAN_POINT('Ctrl Pts',(-17.5,-1.00417397017824,-96.7369151290948));
#9620=CARTESIAN_POINT('Ctrl Pts',(-17.5,-1.00417397017824,172.736915129095));
#9621=CARTESIAN_POINT('Ctrl Pts',(-17.2495361781076,-1.00417397017824,-96.7369151290948));
#9622=CARTESIAN_POINT('Ctrl Pts',(-17.2495361781076,-1.00417397017824,172.736915129095));
#9623=CARTESIAN_POINT('',(-17.5,-0.753710148285847,38.));
#9624=CARTESIAN_POINT('Ctrl Pts',(-17.2495361781076,-1.00417397017824,38.));
#9625=CARTESIAN_POINT('Ctrl Pts',(-17.5,-1.00417397017824,38.));
#9626=CARTESIAN_POINT('Ctrl Pts',(-17.5,-0.753710148285847,38.));
#9627=CARTESIAN_POINT('',(-17.5,-0.753710148285847,-96.7369151290948));
#9628=CARTESIAN_POINT('Ctrl Pts',(-17.2495361781076,-0.503246326393453,
-96.7369151290948));
#9629=CARTESIAN_POINT('Ctrl Pts',(-17.2495361781076,-0.503246326393453,
172.736915129095));
#9630=CARTESIAN_POINT('Ctrl Pts',(-17.5,-0.503246326393453,-96.7369151290948));
#9631=CARTESIAN_POINT('Ctrl Pts',(-17.5,-0.503246326393453,172.736915129095));
#9632=CARTESIAN_POINT('Ctrl Pts',(-17.5,-0.753710148285847,-96.7369151290948));
#9633=CARTESIAN_POINT('Ctrl Pts',(-17.5,-0.753710148285847,172.736915129095));
#9634=CARTESIAN_POINT('',(-17.2495361781076,-0.503246326393453,38.));
#9635=CARTESIAN_POINT('Ctrl Pts',(-17.5,-0.753710148285847,38.));
#9636=CARTESIAN_POINT('Ctrl Pts',(-17.5,-0.503246326393453,38.));
#9637=CARTESIAN_POINT('Ctrl Pts',(-17.2495361781076,-0.503246326393453,
38.));
#9638=CARTESIAN_POINT('',(-17.2495361781076,-0.503246326393453,-96.7369151290948));
#9639=CARTESIAN_POINT('Origin',(-17.2495361781076,-0.503246326393453,-96.7369151290948));
#9640=CARTESIAN_POINT('',(-12.7504638218924,-0.503246326393454,38.));
#9641=CARTESIAN_POINT('',(-24.6747680890538,-0.503246326393452,38.));
#9642=CARTESIAN_POINT('',(-12.7504638218924,-0.503246326393454,-96.7369151290948));
#9643=CARTESIAN_POINT('Ctrl Pts',(-12.5,-0.753710148285848,-96.7369151290948));
#9644=CARTESIAN_POINT('Ctrl Pts',(-12.5,-0.753710148285848,172.736915129095));
#9645=CARTESIAN_POINT('Ctrl Pts',(-12.5,-0.503246326393454,-96.7369151290948));
#9646=CARTESIAN_POINT('Ctrl Pts',(-12.5,-0.503246326393454,172.736915129095));
#9647=CARTESIAN_POINT('Ctrl Pts',(-12.7504638218924,-0.503246326393454,
-96.7369151290948));
#9648=CARTESIAN_POINT('Ctrl Pts',(-12.7504638218924,-0.503246326393454,
172.736915129095));
#9649=CARTESIAN_POINT('',(-12.5,-0.753710148285848,38.));
#9650=CARTESIAN_POINT('Ctrl Pts',(-12.7504638218924,-0.503246326393454,
38.));
#9651=CARTESIAN_POINT('Ctrl Pts',(-12.5,-0.503246326393454,38.));
#9652=CARTESIAN_POINT('Ctrl Pts',(-12.5,-0.753710148285848,38.));
#9653=CARTESIAN_POINT('',(-12.5,-0.753710148285848,-96.7369151290948));
#9654=CARTESIAN_POINT('Origin',(-12.5,-0.753710148285848,-96.7369151290948));
#9655=CARTESIAN_POINT('',(-12.5,-2.75278250450106,38.));
#9656=CARTESIAN_POINT('',(-12.5,-0.376855074142924,38.));
#9657=CARTESIAN_POINT('',(-12.5,-2.75278250450106,-96.7369151290948));
#9658=CARTESIAN_POINT('Ctrl Pts',(-12.7504638218924,-3.00324632639345,-96.7369151290948));
#9659=CARTESIAN_POINT('Ctrl Pts',(-12.7504638218924,-3.00324632639345,172.736915129095));
#9660=CARTESIAN_POINT('Ctrl Pts',(-12.5,-3.00324632639345,-96.7369151290948));
#9661=CARTESIAN_POINT('Ctrl Pts',(-12.5,-3.00324632639345,172.736915129095));
#9662=CARTESIAN_POINT('Ctrl Pts',(-12.5,-2.75278250450106,-96.7369151290948));
#9663=CARTESIAN_POINT('Ctrl Pts',(-12.5,-2.75278250450106,172.736915129095));
#9664=CARTESIAN_POINT('',(-12.7504638218924,-3.00324632639345,38.));
#9665=CARTESIAN_POINT('Ctrl Pts',(-12.5,-2.75278250450106,38.));
#9666=CARTESIAN_POINT('Ctrl Pts',(-12.5,-3.00324632639345,38.));
#9667=CARTESIAN_POINT('Ctrl Pts',(-12.7504638218924,-3.00324632639345,38.));
#9668=CARTESIAN_POINT('',(-12.7504638218924,-3.00324632639345,-96.7369151290948));
#9669=CARTESIAN_POINT('Ctrl Pts',(-13.0009276437848,-2.75278250450106,-96.7369151290948));
#9670=CARTESIAN_POINT('Ctrl Pts',(-13.0009276437848,-2.75278250450106,172.736915129095));
#9671=CARTESIAN_POINT('Ctrl Pts',(-13.0009276437848,-3.00324632639345,-96.7369151290948));
#9672=CARTESIAN_POINT('Ctrl Pts',(-13.0009276437848,-3.00324632639345,172.736915129095));
#9673=CARTESIAN_POINT('Ctrl Pts',(-12.7504638218924,-3.00324632639345,-96.7369151290948));
#9674=CARTESIAN_POINT('Ctrl Pts',(-12.7504638218924,-3.00324632639345,172.736915129095));
#9675=CARTESIAN_POINT('',(-13.0009276437848,-2.75278250450106,38.));
#9676=CARTESIAN_POINT('Ctrl Pts',(-12.7504638218924,-3.00324632639345,38.));
#9677=CARTESIAN_POINT('Ctrl Pts',(-13.0009276437848,-3.00324632639345,38.));
#9678=CARTESIAN_POINT('Ctrl Pts',(-13.0009276437848,-2.75278250450106,38.));
#9679=CARTESIAN_POINT('',(-13.0009276437848,-2.75278250450106,-96.7369151290948));
#9680=CARTESIAN_POINT('Origin',(-13.0009276437848,-2.75278250450106,-96.7369151290948));
#9681=CARTESIAN_POINT('',(-13.0009276437848,-1.00417397017824,38.));
#9682=CARTESIAN_POINT('',(-13.0009276437848,-1.37639125225053,38.));
#9683=CARTESIAN_POINT('',(-13.0009276437848,-1.00417397017824,-96.7369151290948));
#9684=CARTESIAN_POINT('Origin',(-13.0009276437848,-1.00417397017824,-96.7369151290948));
#9685=CARTESIAN_POINT('',(-14.4990723562152,-1.00417397017824,38.));
#9686=CARTESIAN_POINT('',(-22.5504638218924,-1.00417397017824,38.));
#9687=CARTESIAN_POINT('',(-14.4990723562152,-1.00417397017824,-96.7369151290948));
#9688=CARTESIAN_POINT('Origin',(-14.4990723562152,-1.00417397017824,-96.7369151290948));
#9689=CARTESIAN_POINT('',(-14.4990723562152,-2.75278250450106,38.));
#9690=CARTESIAN_POINT('',(-14.4990723562152,-0.50208698508912,38.));
#9691=CARTESIAN_POINT('',(-14.4990723562152,-2.75278250450106,-96.7369151290948));
#9692=CARTESIAN_POINT('Ctrl Pts',(-14.7495361781076,-3.00324632639345,-96.7369151290948));
#9693=CARTESIAN_POINT('Ctrl Pts',(-14.7495361781076,-3.00324632639345,172.736915129095));
#9694=CARTESIAN_POINT('Ctrl Pts',(-14.4990723562152,-3.00324632639345,-96.7369151290948));
#9695=CARTESIAN_POINT('Ctrl Pts',(-14.4990723562152,-3.00324632639345,172.736915129095));
#9696=CARTESIAN_POINT('Ctrl Pts',(-14.4990723562152,-2.75278250450106,-96.7369151290948));
#9697=CARTESIAN_POINT('Ctrl Pts',(-14.4990723562152,-2.75278250450106,172.736915129095));
#9698=CARTESIAN_POINT('Ctrl Pts',(-14.4990723562152,-2.75278250450106,38.));
#9699=CARTESIAN_POINT('Ctrl Pts',(-14.4990723562152,-3.00324632639345,38.));
#9700=CARTESIAN_POINT('Ctrl Pts',(-14.7495361781076,-3.00324632639345,38.));
#9701=CARTESIAN_POINT('Ctrl Pts',(-17.5,3.7500004268533,-96.7369151290948));
#9702=CARTESIAN_POINT('Ctrl Pts',(-17.5,3.7500004268533,172.736915129095));
#9703=CARTESIAN_POINT('Ctrl Pts',(-17.5,3.49953660496091,-96.7369151290948));
#9704=CARTESIAN_POINT('Ctrl Pts',(-17.5,3.49953660496091,172.736915129095));
#9705=CARTESIAN_POINT('Ctrl Pts',(-17.2495361781076,3.49953660496091,-96.7369151290948));
#9706=CARTESIAN_POINT('Ctrl Pts',(-17.2495361781076,3.49953660496091,172.736915129095));
#9707=CARTESIAN_POINT('',(-17.2495361781076,3.49953660496091,38.));
#9708=CARTESIAN_POINT('',(-17.5,3.7500004268533,38.));
#9709=CARTESIAN_POINT('Ctrl Pts',(-17.2495361781076,3.49953660496091,38.));
#9710=CARTESIAN_POINT('Ctrl Pts',(-17.5,3.49953660496091,38.));
#9711=CARTESIAN_POINT('Ctrl Pts',(-17.5,3.7500004268533,38.));
#9712=CARTESIAN_POINT('',(-17.2495361781076,3.49953660496091,37.8));
#9713=CARTESIAN_POINT('',(-17.2495361781076,3.49953660496091,-96.7369151290948));
#9714=CARTESIAN_POINT('',(-17.5,3.7500004268533,37.8));
#9715=CARTESIAN_POINT('Ctrl Pts',(-17.2495361781076,3.49953660496091,37.8));
#9716=CARTESIAN_POINT('Ctrl Pts',(-17.4165120593692,3.49953660496091,37.8));
#9717=CARTESIAN_POINT('Ctrl Pts',(-17.5,3.5830245455917,37.8));
#9718=CARTESIAN_POINT('Ctrl Pts',(-17.5,3.7500004268533,37.8));
#9719=CARTESIAN_POINT('',(-17.5,3.7500004268533,-96.7369151290948));
#9720=CARTESIAN_POINT('Origin',(-12.7504638218924,3.49953660496091,-96.7369151290948));
#9721=CARTESIAN_POINT('',(-12.7504638218924,3.49953660496091,38.));
#9722=CARTESIAN_POINT('',(-22.4252319109462,3.49953660496091,38.));
#9723=CARTESIAN_POINT('',(-12.7504638218924,3.49953660496091,37.8));
#9724=CARTESIAN_POINT('',(-12.7504638218924,3.49953660496091,-96.7369151290948));
#9725=CARTESIAN_POINT('',(-22.4252319109462,3.49953660496091,37.8));
#9726=CARTESIAN_POINT('Ctrl Pts',(-12.7504638218924,3.49953660496091,-96.7369151290948));
#9727=CARTESIAN_POINT('Ctrl Pts',(-12.7504638218924,3.49953660496091,172.736915129095));
#9728=CARTESIAN_POINT('Ctrl Pts',(-12.5,3.49953660496091,-96.7369151290948));
#9729=CARTESIAN_POINT('Ctrl Pts',(-12.5,3.49953660496091,172.736915129095));
#9730=CARTESIAN_POINT('Ctrl Pts',(-12.5,3.7500004268533,-96.7369151290948));
#9731=CARTESIAN_POINT('Ctrl Pts',(-12.5,3.7500004268533,172.736915129095));
#9732=CARTESIAN_POINT('',(-12.5,3.7500004268533,38.));
#9733=CARTESIAN_POINT('Ctrl Pts',(-12.5,3.7500004268533,38.));
#9734=CARTESIAN_POINT('Ctrl Pts',(-12.5,3.49953660496091,38.));
#9735=CARTESIAN_POINT('Ctrl Pts',(-12.7504638218924,3.49953660496091,38.));
#9736=CARTESIAN_POINT('',(-12.5,3.7500004268533,37.8));
#9737=CARTESIAN_POINT('',(-12.5,3.7500004268533,-96.7369151290948));
#9738=CARTESIAN_POINT('Ctrl Pts',(-12.5,3.7500004268533,37.8));
#9739=CARTESIAN_POINT('Ctrl Pts',(-12.5,3.72522062902249,37.8));
#9740=CARTESIAN_POINT('Ctrl Pts',(-12.5018387038173,3.70002574923499,37.8));
#9741=CARTESIAN_POINT('Ctrl Pts',(-12.5105853560537,3.65457310754348,37.8));
#9742=CARTESIAN_POINT('Ctrl Pts',(-12.5168409357478,3.63382386724387,37.8));
#9743=CARTESIAN_POINT('Ctrl Pts',(-12.5362884230513,3.59301743956209,37.8));
#9744=CARTESIAN_POINT('Ctrl Pts',(-12.5497883357764,3.5739506622785,37.8));
#9745=CARTESIAN_POINT('Ctrl Pts',(-12.5861882642505,3.54004142408334,37.8));
#9746=CARTESIAN_POINT('Ctrl Pts',(-12.6084780508568,3.52711510867682,37.8));
#9747=CARTESIAN_POINT('Ctrl Pts',(-12.6699195740824,3.50420285844295,37.8));
#9748=CARTESIAN_POINT('Ctrl Pts',(-12.7109884678762,3.49953660496091,37.8));
#9749=CARTESIAN_POINT('Ctrl Pts',(-12.7504638218924,3.49953660496091,37.8));
#9750=CARTESIAN_POINT('Ctrl Pts',(-12.5,3.7500004268533,-96.7369151290948));
#9751=CARTESIAN_POINT('Ctrl Pts',(-12.5,3.7500004268533,172.736915129095));
#9752=CARTESIAN_POINT('Ctrl Pts',(-12.5,4.00046424874569,-96.7369151290948));
#9753=CARTESIAN_POINT('Ctrl Pts',(-12.5,4.00046424874569,172.736915129095));
#9754=CARTESIAN_POINT('Ctrl Pts',(-12.7504638218924,4.00046424874569,-96.7369151290948));
#9755=CARTESIAN_POINT('Ctrl Pts',(-12.7504638218924,4.00046424874569,172.736915129095));
#9756=CARTESIAN_POINT('',(-12.7504638218924,4.00046424874569,38.));
#9757=CARTESIAN_POINT('Ctrl Pts',(-12.7504638218924,4.00046424874569,38.));
#9758=CARTESIAN_POINT('Ctrl Pts',(-12.5,4.00046424874569,38.));
#9759=CARTESIAN_POINT('Ctrl Pts',(-12.5,3.7500004268533,38.));
#9760=CARTESIAN_POINT('',(-12.7504638218924,4.00046424874569,37.8));
#9761=CARTESIAN_POINT('',(-12.7504638218924,4.00046424874569,-96.7369151290948));
#9762=CARTESIAN_POINT('Ctrl Pts',(-12.7504638218924,4.00046424874569,37.8));
#9763=CARTESIAN_POINT('Ctrl Pts',(-12.5834879406308,4.00046424874569,37.8));
#9764=CARTESIAN_POINT('Ctrl Pts',(-12.5,3.91697630811489,37.8));
#9765=CARTESIAN_POINT('Ctrl Pts',(-12.5,3.7500004268533,37.8));
#9766=CARTESIAN_POINT('Origin',(-14.4990723562152,4.00046424874569,-96.7369151290948));
#9767=CARTESIAN_POINT('',(-14.4990723562152,4.00046424874569,38.));
#9768=CARTESIAN_POINT('',(-23.2995361781076,4.00046424874569,38.));
#9769=CARTESIAN_POINT('',(-14.4990723562152,4.00046424874569,37.8));
#9770=CARTESIAN_POINT('',(-14.4990723562152,4.00046424874569,-96.7369151290948));
#9771=CARTESIAN_POINT('',(-23.2995361781076,4.00046424874569,37.8));
#9772=CARTESIAN_POINT('Origin',(-14.4990723562152,5.99489838603697,-96.7369151290948));
#9773=CARTESIAN_POINT('',(-14.4990723562152,5.99489838603697,38.));
#9774=CARTESIAN_POINT('',(-14.4990723562152,2.99744919301849,38.));
#9775=CARTESIAN_POINT('',(-14.4990723562152,5.99489838603697,37.8));
#9776=CARTESIAN_POINT('',(-14.4990723562152,5.99489838603697,-96.7369151290948));
#9777=CARTESIAN_POINT('',(-14.4990723562152,2.99744919301849,37.8));
#9778=CARTESIAN_POINT('Origin',(-12.7504638218924,5.99489838603697,-96.7369151290948));
#9779=CARTESIAN_POINT('',(-12.7504638218924,5.99489838603697,38.));
#9780=CARTESIAN_POINT('',(-22.4252319109462,5.99489838603697,38.));
#9781=CARTESIAN_POINT('',(-12.7504638218924,5.99489838603697,37.8));
#9782=CARTESIAN_POINT('',(-12.7504638218924,5.99489838603697,-96.7369151290948));
#9783=CARTESIAN_POINT('',(-22.4252319109462,5.99489838603697,37.8));
#9784=CARTESIAN_POINT('Ctrl Pts',(-12.7504638218924,5.99489838603697,-96.7369151290948));
#9785=CARTESIAN_POINT('Ctrl Pts',(-12.7504638218924,5.99489838603697,172.736915129095));
#9786=CARTESIAN_POINT('Ctrl Pts',(-12.5,5.99489838603697,-96.7369151290948));
#9787=CARTESIAN_POINT('Ctrl Pts',(-12.5,5.99489838603697,172.736915129095));
#9788=CARTESIAN_POINT('Ctrl Pts',(-12.5,6.24536220792937,-96.7369151290948));
#9789=CARTESIAN_POINT('Ctrl Pts',(-12.5,6.24536220792937,172.736915129095));
#9790=CARTESIAN_POINT('',(-12.5,6.24536220792937,38.));
#9791=CARTESIAN_POINT('Ctrl Pts',(-12.5,6.24536220792937,38.));
#9792=CARTESIAN_POINT('Ctrl Pts',(-12.5,5.99489838603697,38.));
#9793=CARTESIAN_POINT('Ctrl Pts',(-12.7504638218924,5.99489838603697,38.));
#9794=CARTESIAN_POINT('',(-12.5,6.24536220792937,37.8));
#9795=CARTESIAN_POINT('',(-12.5,6.24536220792937,-96.7369151290948));
#9796=CARTESIAN_POINT('Ctrl Pts',(-12.5,6.24536220792937,37.8));
#9797=CARTESIAN_POINT('Ctrl Pts',(-12.5,6.07838632666777,37.8));
#9798=CARTESIAN_POINT('Ctrl Pts',(-12.5834879406308,5.99489838603697,37.8));
#9799=CARTESIAN_POINT('Ctrl Pts',(-12.7504638218924,5.99489838603697,37.8));
#9800=CARTESIAN_POINT('Ctrl Pts',(-12.5,6.24536220792937,-96.7369151290948));
#9801=CARTESIAN_POINT('Ctrl Pts',(-12.5,6.24536220792937,172.736915129095));
#9802=CARTESIAN_POINT('Ctrl Pts',(-12.5,6.49582602982176,-96.7369151290948));
#9803=CARTESIAN_POINT('Ctrl Pts',(-12.5,6.49582602982176,172.736915129095));
#9804=CARTESIAN_POINT('Ctrl Pts',(-12.7504638218924,6.49582602982176,-96.7369151290948));
#9805=CARTESIAN_POINT('Ctrl Pts',(-12.7504638218924,6.49582602982176,172.736915129095));
#9806=CARTESIAN_POINT('',(-12.7504638218924,6.49582602982176,38.));
#9807=CARTESIAN_POINT('Ctrl Pts',(-12.7504638218924,6.49582602982176,38.));
#9808=CARTESIAN_POINT('Ctrl Pts',(-12.5,6.49582602982176,38.));
#9809=CARTESIAN_POINT('Ctrl Pts',(-12.5,6.24536220792937,38.));
#9810=CARTESIAN_POINT('',(-12.7504638218924,6.49582602982176,37.8));
#9811=CARTESIAN_POINT('',(-12.7504638218924,6.49582602982176,-96.7369151290948));
#9812=CARTESIAN_POINT('Ctrl Pts',(-12.7504638218924,6.49582602982176,37.8));
#9813=CARTESIAN_POINT('Ctrl Pts',(-12.5834879406308,6.49582602982176,37.8));
#9814=CARTESIAN_POINT('Ctrl Pts',(-12.5,6.41233808919096,37.8));
#9815=CARTESIAN_POINT('Ctrl Pts',(-12.5,6.24536220792937,37.8));
#9816=CARTESIAN_POINT('Origin',(-17.2495361781076,6.49582602982176,-96.7369151290948));
#9817=CARTESIAN_POINT('',(-17.2495361781076,6.49582602982176,38.));
#9818=CARTESIAN_POINT('',(-24.6747680890538,6.49582602982176,38.));
#9819=CARTESIAN_POINT('',(-17.2495361781076,6.49582602982176,37.8));
#9820=CARTESIAN_POINT('',(-17.2495361781076,6.49582602982176,-96.7369151290948));
#9821=CARTESIAN_POINT('',(-24.6747680890538,6.49582602982176,37.8));
#9822=CARTESIAN_POINT('Ctrl Pts',(-17.2495361781076,6.49582602982176,-96.7369151290948));
#9823=CARTESIAN_POINT('Ctrl Pts',(-17.2495361781076,6.49582602982176,172.736915129095));
#9824=CARTESIAN_POINT('Ctrl Pts',(-17.5,6.49582602982176,-96.7369151290948));
#9825=CARTESIAN_POINT('Ctrl Pts',(-17.5,6.49582602982176,172.736915129095));
#9826=CARTESIAN_POINT('Ctrl Pts',(-17.5,6.24536220792937,-96.7369151290948));
#9827=CARTESIAN_POINT('Ctrl Pts',(-17.5,6.24536220792937,172.736915129095));
#9828=CARTESIAN_POINT('',(-17.5,6.24536220792937,38.));
#9829=CARTESIAN_POINT('Ctrl Pts',(-17.5,6.24536220792937,38.));
#9830=CARTESIAN_POINT('Ctrl Pts',(-17.5,6.49582602982176,38.));
#9831=CARTESIAN_POINT('Ctrl Pts',(-17.2495361781076,6.49582602982176,38.));
#9832=CARTESIAN_POINT('',(-17.5,6.24536220792937,37.8));
#9833=CARTESIAN_POINT('',(-17.5,6.24536220792937,-96.7369151290948));
#9834=CARTESIAN_POINT('Ctrl Pts',(-17.5,6.24536220792937,37.8));
#9835=CARTESIAN_POINT('Ctrl Pts',(-17.5,6.2701420057602,37.8));
#9836=CARTESIAN_POINT('Ctrl Pts',(-17.4981612961827,6.29533688554768,37.8));
#9837=CARTESIAN_POINT('Ctrl Pts',(-17.4894146439463,6.34078952723919,37.8));
#9838=CARTESIAN_POINT('Ctrl Pts',(-17.4831590642522,6.3615387675388,37.8));
#9839=CARTESIAN_POINT('Ctrl Pts',(-17.4637115769487,6.40234519522057,37.8));
#9840=CARTESIAN_POINT('Ctrl Pts',(-17.4502116642236,6.42141197250416,37.8));
#9841=CARTESIAN_POINT('Ctrl Pts',(-17.4138117357495,6.45532121069932,37.8));
#9842=CARTESIAN_POINT('Ctrl Pts',(-17.3915219491432,6.46824752610584,37.8));
#9843=CARTESIAN_POINT('Ctrl Pts',(-17.3300804259176,6.49115977633972,37.8));
#9844=CARTESIAN_POINT('Ctrl Pts',(-17.2890115321238,6.49582602982176,37.8));
#9845=CARTESIAN_POINT('Ctrl Pts',(-17.2495361781076,6.49582602982176,37.8));
#9846=CARTESIAN_POINT('Ctrl Pts',(-17.5,6.24536220792937,-96.7369151290948));
#9847=CARTESIAN_POINT('Ctrl Pts',(-17.5,6.24536220792937,172.736915129095));
#9848=CARTESIAN_POINT('Ctrl Pts',(-17.5,5.99489838603697,-96.7369151290948));
#9849=CARTESIAN_POINT('Ctrl Pts',(-17.5,5.99489838603697,172.736915129095));
#9850=CARTESIAN_POINT('Ctrl Pts',(-17.2495361781076,5.99489838603697,-96.7369151290948));
#9851=CARTESIAN_POINT('Ctrl Pts',(-17.2495361781076,5.99489838603697,172.736915129095));
#9852=CARTESIAN_POINT('',(-17.2495361781076,5.99489838603697,38.));
#9853=CARTESIAN_POINT('Ctrl Pts',(-17.2495361781076,5.99489838603697,38.));
#9854=CARTESIAN_POINT('Ctrl Pts',(-17.5,5.99489838603697,38.));
#9855=CARTESIAN_POINT('Ctrl Pts',(-17.5,6.24536220792937,38.));
#9856=CARTESIAN_POINT('',(-17.2495361781076,5.99489838603697,37.8));
#9857=CARTESIAN_POINT('',(-17.2495361781076,5.99489838603697,-96.7369151290948));
#9858=CARTESIAN_POINT('Ctrl Pts',(-17.2495361781076,5.99489838603697,37.8));
#9859=CARTESIAN_POINT('Ctrl Pts',(-17.4165120593692,5.99489838603697,37.8));
#9860=CARTESIAN_POINT('Ctrl Pts',(-17.5,6.07838632666777,37.8));
#9861=CARTESIAN_POINT('Ctrl Pts',(-17.5,6.24536220792937,37.8));
#9862=CARTESIAN_POINT('Origin',(-15.,5.99489838603697,-96.7369151290948));
#9863=CARTESIAN_POINT('',(-15.,5.99489838603697,38.));
#9864=CARTESIAN_POINT('',(-23.55,5.99489838603698,38.));
#9865=CARTESIAN_POINT('',(-15.,5.99489838603697,37.8));
#9866=CARTESIAN_POINT('',(-15.,5.99489838603697,-96.7369151290948));
#9867=CARTESIAN_POINT('',(-23.55,5.99489838603698,37.8));
#9868=CARTESIAN_POINT('Origin',(-15.,4.00046424874569,-96.7369151290948));
#9869=CARTESIAN_POINT('',(-15.,4.00046424874569,38.));
#9870=CARTESIAN_POINT('',(-15.,2.00023212437285,38.));
#9871=CARTESIAN_POINT('',(-15.,4.00046424874569,37.8));
#9872=CARTESIAN_POINT('',(-15.,4.00046424874569,-96.7369151290948));
#9873=CARTESIAN_POINT('',(-15.,2.00023212437285,37.8));
#9874=CARTESIAN_POINT('Origin',(-17.2495361781076,4.00046424874569,-96.7369151290948));
#9875=CARTESIAN_POINT('',(-17.2495361781076,4.00046424874569,38.));
#9876=CARTESIAN_POINT('',(-24.6747680890538,4.0004642487457,38.));
#9877=CARTESIAN_POINT('',(-17.2495361781076,4.00046424874569,37.8));
#9878=CARTESIAN_POINT('',(-17.2495361781076,4.00046424874569,-96.7369151290948));
#9879=CARTESIAN_POINT('',(-24.6747680890538,4.0004642487457,37.8));
#9880=CARTESIAN_POINT('Ctrl Pts',(-17.2495361781076,4.00046424874569,-96.7369151290948));
#9881=CARTESIAN_POINT('Ctrl Pts',(-17.2495361781076,4.00046424874569,172.736915129095));
#9882=CARTESIAN_POINT('Ctrl Pts',(-17.5,4.00046424874569,-96.7369151290948));
#9883=CARTESIAN_POINT('Ctrl Pts',(-17.5,4.00046424874569,172.736915129095));
#9884=CARTESIAN_POINT('Ctrl Pts',(-17.5,3.7500004268533,-96.7369151290948));
#9885=CARTESIAN_POINT('Ctrl Pts',(-17.5,3.7500004268533,172.736915129095));
#9886=CARTESIAN_POINT('Ctrl Pts',(-17.5,3.7500004268533,38.));
#9887=CARTESIAN_POINT('Ctrl Pts',(-17.5,4.00046424874569,38.));
#9888=CARTESIAN_POINT('Ctrl Pts',(-17.2495361781076,4.00046424874569,38.));
#9889=CARTESIAN_POINT('Ctrl Pts',(-17.5,3.7500004268533,37.8));
#9890=CARTESIAN_POINT('Ctrl Pts',(-17.5,3.9169763081149,37.8));
#9891=CARTESIAN_POINT('Ctrl Pts',(-17.4165120593692,4.00046424874569,37.8));
#9892=CARTESIAN_POINT('Ctrl Pts',(-17.2495361781076,4.00046424874569,37.8));
#9893=CARTESIAN_POINT('Origin',(-32.1,0.,37.8));
#9894=CARTESIAN_POINT('Origin',(-32.1,0.,37.8));
#9895=CARTESIAN_POINT('',(-17.5,-8.99582517611516,37.8));
#9896=CARTESIAN_POINT('',(-16.0018552875696,-7.49768046368473,37.8));
#9897=CARTESIAN_POINT('Ctrl Pts',(-17.5,-8.99582517611516,37.8));
#9898=CARTESIAN_POINT('Ctrl Pts',(-17.5,-8.58147761891046,37.8));
#9899=CARTESIAN_POINT('Ctrl Pts',(-17.3538961038961,-8.22819994420421,37.8));
#9900=CARTESIAN_POINT('Ctrl Pts',(-17.0616883116883,-7.93599215199642,37.8));
#9901=CARTESIAN_POINT('Ctrl Pts',(-16.7694805194805,-7.64378435978863,37.8));
#9902=CARTESIAN_POINT('Ctrl Pts',(-16.4162028447743,-7.49768046368473,37.8));
#9903=CARTESIAN_POINT('Ctrl Pts',(-16.0018552875696,-7.49768046368473,37.8));
#9904=CARTESIAN_POINT('',(-16.0018552875696,-10.4939698885456,37.8));
#9905=CARTESIAN_POINT('Ctrl Pts',(-16.0018552875696,-10.4939698885456,37.8));
#9906=CARTESIAN_POINT('Ctrl Pts',(-16.4162028447743,-10.4939698885456,37.8));
#9907=CARTESIAN_POINT('Ctrl Pts',(-16.7694805194805,-10.3478659924417,37.8));
#9908=CARTESIAN_POINT('Ctrl Pts',(-17.0616883116883,-10.0556582002339,37.8));
#9909=CARTESIAN_POINT('Ctrl Pts',(-17.3538961038961,-9.76345040802611,37.8));
#9910=CARTESIAN_POINT('Ctrl Pts',(-17.5,-9.41017273331986,37.8));
#9911=CARTESIAN_POINT('Ctrl Pts',(-17.5,-8.99582517611516,37.8));
#9912=CARTESIAN_POINT('',(-13.9981447124304,-10.4939698885456,37.8));
#9913=CARTESIAN_POINT('',(-23.0490723562152,-10.4939698885456,37.8));
#9914=CARTESIAN_POINT('',(-12.5,-8.99582517611516,37.8));
#9915=CARTESIAN_POINT('Ctrl Pts',(-12.5,-8.99582517611516,37.8));
#9916=CARTESIAN_POINT('Ctrl Pts',(-12.5,-9.41326487926915,37.8));
#9917=CARTESIAN_POINT('Ctrl Pts',(-12.6461038961039,-9.76731559046272,37.8));
#9918=CARTESIAN_POINT('Ctrl Pts',(-12.9383116883117,-10.0579773096959,37.8));
#9919=CARTESIAN_POINT('Ctrl Pts',(-13.2305194805195,-10.348639028929,37.8));
#9920=CARTESIAN_POINT('Ctrl Pts',(-13.5837971552257,-10.4939698885456,37.8));
#9921=CARTESIAN_POINT('Ctrl Pts',(-13.9981447124304,-10.4939698885456,37.8));
#9922=CARTESIAN_POINT('',(-13.9981447124304,-7.49768046368473,37.8));
#9923=CARTESIAN_POINT('Ctrl Pts',(-13.9981447124304,-7.49768046368473,37.8));
#9924=CARTESIAN_POINT('Ctrl Pts',(-13.5837971552257,-7.49768046368473,37.8));
#9925=CARTESIAN_POINT('Ctrl Pts',(-13.2305194805195,-7.64378435978863,37.8));
#9926=CARTESIAN_POINT('Ctrl Pts',(-12.9383116883117,-7.93599215199642,37.8));
#9927=CARTESIAN_POINT('Ctrl Pts',(-12.6461038961039,-8.22819994420421,37.8));
#9928=CARTESIAN_POINT('Ctrl Pts',(-12.5,-8.58147761891046,37.8));
#9929=CARTESIAN_POINT('Ctrl Pts',(-12.5,-8.99582517611516,37.8));
#9930=CARTESIAN_POINT('',(-24.0509276437848,-7.49768046368473,37.8));
#9931=CARTESIAN_POINT('',(-16.9990723562152,-8.99582517611516,37.8));
#9932=CARTESIAN_POINT('',(-15.9972170686456,-9.9930422447608,37.8));
#9933=CARTESIAN_POINT('Ctrl Pts',(-16.9990723562152,-8.99582517611516,37.8));
#9934=CARTESIAN_POINT('Ctrl Pts',(-16.9990723562152,-9.27411831155115,37.8));
#9935=CARTESIAN_POINT('Ctrl Pts',(-16.9024427952999,-9.50989444018442,37.8));
#9936=CARTESIAN_POINT('Ctrl Pts',(-16.7091836734694,-9.70315356201498,37.8));
#9937=CARTESIAN_POINT('Ctrl Pts',(-16.5159245516388,-9.89641268384553,37.8));
#9938=CARTESIAN_POINT('Ctrl Pts',(-16.2786023500309,-9.9930422447608,37.8));
#9939=CARTESIAN_POINT('Ctrl Pts',(-15.9972170686456,-9.9930422447608,37.8));
#9940=CARTESIAN_POINT('',(-15.9972170686456,-7.99860810746952,37.8));
#9941=CARTESIAN_POINT('Ctrl Pts',(-15.9972170686456,-7.99860810746952,37.8));
#9942=CARTESIAN_POINT('Ctrl Pts',(-16.2786023500309,-7.99860810746952,37.8));
#9943=CARTESIAN_POINT('Ctrl Pts',(-16.5159245516388,-8.0952376683848,37.8));
#9944=CARTESIAN_POINT('Ctrl Pts',(-16.7091836734694,-8.28849679021534,37.8));
#9945=CARTESIAN_POINT('Ctrl Pts',(-16.9024427952999,-8.48175591204589,37.8));
#9946=CARTESIAN_POINT('Ctrl Pts',(-16.9990723562152,-8.71753204067917,37.8));
#9947=CARTESIAN_POINT('Ctrl Pts',(-16.9990723562152,-8.99582517611516,37.8));
#9948=CARTESIAN_POINT('',(-13.9981447124304,-7.99860810746952,37.8));
#9949=CARTESIAN_POINT('',(-24.0486085343228,-7.99860810746952,37.8));
#9950=CARTESIAN_POINT('',(-13.0009276437848,-8.99582517611516,37.8));
#9951=CARTESIAN_POINT('Ctrl Pts',(-13.0009276437848,-8.99582517611516,37.8));
#9952=CARTESIAN_POINT('Ctrl Pts',(-13.0009276437848,-8.71753204067917,37.8));
#9953=CARTESIAN_POINT('Ctrl Pts',(-13.0975572047001,-8.4817559120459,37.8));
#9954=CARTESIAN_POINT('Ctrl Pts',(-13.2908163265306,-8.28849679021535,37.8));
#9955=CARTESIAN_POINT('Ctrl Pts',(-13.4840754483612,-8.0952376683848,37.8));
#9956=CARTESIAN_POINT('Ctrl Pts',(-13.7198515769944,-7.99860810746952,37.8));
#9957=CARTESIAN_POINT('Ctrl Pts',(-13.9981447124304,-7.99860810746952,37.8));
#9958=CARTESIAN_POINT('',(-13.9981447124304,-9.9930422447608,37.8));
#9959=CARTESIAN_POINT('Ctrl Pts',(-13.9981447124304,-9.9930422447608,37.8));
#9960=CARTESIAN_POINT('Ctrl Pts',(-13.7198515769944,-9.9930422447608,37.8));
#9961=CARTESIAN_POINT('Ctrl Pts',(-13.4840754483612,-9.89641268384553,37.8));
#9962=CARTESIAN_POINT('Ctrl Pts',(-13.2908163265306,-9.70315356201498,37.8));
#9963=CARTESIAN_POINT('Ctrl Pts',(-13.0975572047001,-9.50989444018442,37.8));
#9964=CARTESIAN_POINT('Ctrl Pts',(-13.0009276437848,-9.27411831155115,37.8));
#9965=CARTESIAN_POINT('Ctrl Pts',(-13.0009276437848,-8.99582517611516,37.8));
#9966=CARTESIAN_POINT('',(-23.0490723562152,-9.9930422447608,37.8));
#9967=CARTESIAN_POINT('Origin',(-15.9972170686456,-7.99860810746952,-96.7369151290948));
#9968=CARTESIAN_POINT('',(-13.9981447124304,-7.99860810746952,38.));
#9969=CARTESIAN_POINT('',(-15.9972170686456,-7.99860810746952,38.));
#9970=CARTESIAN_POINT('',(-24.0486085343228,-7.99860810746952,38.));
#9971=CARTESIAN_POINT('',(-13.9981447124304,-7.99860810746952,-96.7369151290948));
#9972=CARTESIAN_POINT('',(-15.9972170686456,-7.99860810746952,-96.7369151290948));
#9973=CARTESIAN_POINT('Ctrl Pts',(-15.9972170686456,-7.99860810746952,-96.7369151290948));
#9974=CARTESIAN_POINT('Ctrl Pts',(-15.9972170686456,-7.99860810746952,172.736915129095));
#9975=CARTESIAN_POINT('Ctrl Pts',(-16.4192949907236,-7.99860810746952,-96.7369151290948));
#9976=CARTESIAN_POINT('Ctrl Pts',(-16.4192949907236,-7.99860810746952,172.736915129095));
#9977=CARTESIAN_POINT('Ctrl Pts',(-16.9990723562152,-8.57838547296117,-96.7369151290948));
#9978=CARTESIAN_POINT('Ctrl Pts',(-16.9990723562152,-8.57838547296117,172.736915129095));
#9979=CARTESIAN_POINT('Ctrl Pts',(-16.9990723562152,-8.99582517611516,-96.7369151290948));
#9980=CARTESIAN_POINT('Ctrl Pts',(-16.9990723562152,-8.99582517611516,172.736915129095));
#9981=CARTESIAN_POINT('',(-16.9990723562152,-8.99582517611516,38.));
#9982=CARTESIAN_POINT('Ctrl Pts',(-15.9972170686456,-7.99860810746952,38.));
#9983=CARTESIAN_POINT('Ctrl Pts',(-16.4192949907236,-7.99860810746952,38.));
#9984=CARTESIAN_POINT('Ctrl Pts',(-16.9990723562152,-8.57838547296117,38.));
#9985=CARTESIAN_POINT('Ctrl Pts',(-16.9990723562152,-8.99582517611516,38.));
#9986=CARTESIAN_POINT('',(-16.9990723562152,-8.99582517611516,-96.7369151290948));
#9987=CARTESIAN_POINT('Ctrl Pts',(-16.9990723562152,-8.99582517611516,-96.7369151290948));
#9988=CARTESIAN_POINT('Ctrl Pts',(-16.9990723562152,-8.99582517611516,172.736915129095));
#9989=CARTESIAN_POINT('Ctrl Pts',(-16.9990723562152,-9.41326487926915,-96.7369151290948));
#9990=CARTESIAN_POINT('Ctrl Pts',(-16.9990723562152,-9.41326487926915,172.736915129095));
#9991=CARTESIAN_POINT('Ctrl Pts',(-16.4192949907236,-9.9930422447608,-96.7369151290948));
#9992=CARTESIAN_POINT('Ctrl Pts',(-16.4192949907236,-9.9930422447608,172.736915129095));
#9993=CARTESIAN_POINT('Ctrl Pts',(-15.9972170686456,-9.9930422447608,-96.7369151290948));
#9994=CARTESIAN_POINT('Ctrl Pts',(-15.9972170686456,-9.9930422447608,172.736915129095));
#9995=CARTESIAN_POINT('',(-15.9972170686456,-9.9930422447608,38.));
#9996=CARTESIAN_POINT('Ctrl Pts',(-16.9990723562152,-8.99582517611516,38.));
#9997=CARTESIAN_POINT('Ctrl Pts',(-16.9990723562152,-9.41326487926915,38.));
#9998=CARTESIAN_POINT('Ctrl Pts',(-16.4192949907236,-9.9930422447608,38.));
#9999=CARTESIAN_POINT('Ctrl Pts',(-15.9972170686456,-9.9930422447608,38.));
#10000=CARTESIAN_POINT('',(-15.9972170686456,-9.9930422447608,-96.7369151290948));
#10001=CARTESIAN_POINT('Origin',(-13.9981447124304,-10.4939698885456,-96.7369151290948));
#10002=CARTESIAN_POINT('',(-13.9981447124304,-10.4939698885456,38.));
#10003=CARTESIAN_POINT('',(-16.0018552875696,-10.4939698885456,38.));
#10004=CARTESIAN_POINT('',(-23.0490723562152,-10.4939698885456,38.));
#10005=CARTESIAN_POINT('',(-13.9981447124304,-10.4939698885456,-96.7369151290948));
#10006=CARTESIAN_POINT('',(-16.0018552875696,-10.4939698885456,-96.7369151290948));
#10007=CARTESIAN_POINT('Ctrl Pts',(-17.5,-8.99582517611516,-96.7369151290948));
#10008=CARTESIAN_POINT('Ctrl Pts',(-17.5,-8.99582517611516,172.736915129095));
#10009=CARTESIAN_POINT('Ctrl Pts',(-17.5,-9.61734651192221,-96.7369151290948));
#10010=CARTESIAN_POINT('Ctrl Pts',(-17.5,-9.61734651192221,172.736915129095));
#10011=CARTESIAN_POINT('Ctrl Pts',(-16.6233766233766,-10.4939698885456,
-96.7369151290948));
#10012=CARTESIAN_POINT('Ctrl Pts',(-16.6233766233766,-10.4939698885456,
172.736915129095));
#10013=CARTESIAN_POINT('Ctrl Pts',(-16.0018552875696,-10.4939698885456,
-96.7369151290948));
#10014=CARTESIAN_POINT('Ctrl Pts',(-16.0018552875696,-10.4939698885456,
172.736915129095));
#10015=CARTESIAN_POINT('',(-17.5,-8.99582517611516,38.));
#10016=CARTESIAN_POINT('Ctrl Pts',(-16.0018552875696,-10.4939698885456,
38.));
#10017=CARTESIAN_POINT('Ctrl Pts',(-16.6233766233766,-10.4939698885456,
38.));
#10018=CARTESIAN_POINT('Ctrl Pts',(-17.5,-9.61734651192221,38.));
#10019=CARTESIAN_POINT('Ctrl Pts',(-17.5,-8.99582517611516,38.));
#10020=CARTESIAN_POINT('',(-17.5,-8.99582517611516,-96.7369151290948));
#10021=CARTESIAN_POINT('Ctrl Pts',(-16.0018552875696,-7.49768046368473,
-96.7369151290948));
#10022=CARTESIAN_POINT('Ctrl Pts',(-16.0018552875696,-7.49768046368473,
172.736915129095));
#10023=CARTESIAN_POINT('Ctrl Pts',(-16.6233766233766,-7.49768046368473,
-96.7369151290948));
#10024=CARTESIAN_POINT('Ctrl Pts',(-16.6233766233766,-7.49768046368473,
172.736915129095));
#10025=CARTESIAN_POINT('Ctrl Pts',(-17.5,-8.37430384030811,-96.7369151290948));
#10026=CARTESIAN_POINT('Ctrl Pts',(-17.5,-8.37430384030811,172.736915129095));
#10027=CARTESIAN_POINT('Ctrl Pts',(-17.5,-8.99582517611516,-96.7369151290948));
#10028=CARTESIAN_POINT('Ctrl Pts',(-17.5,-8.99582517611516,172.736915129095));
#10029=CARTESIAN_POINT('',(-16.0018552875696,-7.49768046368473,38.));
#10030=CARTESIAN_POINT('Ctrl Pts',(-17.5,-8.99582517611516,38.));
#10031=CARTESIAN_POINT('Ctrl Pts',(-17.5,-8.37430384030811,38.));
#10032=CARTESIAN_POINT('Ctrl Pts',(-16.6233766233766,-7.49768046368473,
38.));
#10033=CARTESIAN_POINT('Ctrl Pts',(-16.0018552875696,-7.49768046368473,
38.));
#10034=CARTESIAN_POINT('',(-16.0018552875696,-7.49768046368473,-96.7369151290948));
#10035=CARTESIAN_POINT('Ctrl Pts',(-13.0009276437848,-8.99582517611516,
-96.7369151290948));
#10036=CARTESIAN_POINT('Ctrl Pts',(-13.0009276437848,-8.99582517611516,
172.736915129095));
#10037=CARTESIAN_POINT('Ctrl Pts',(-13.0009276437848,-8.57838547296117,
-96.7369151290948));
#10038=CARTESIAN_POINT('Ctrl Pts',(-13.0009276437848,-8.57838547296117,
172.736915129095));
#10039=CARTESIAN_POINT('Ctrl Pts',(-13.5807050092764,-7.99860810746952,
-96.7369151290948));
#10040=CARTESIAN_POINT('Ctrl Pts',(-13.5807050092764,-7.99860810746952,
172.736915129095));
#10041=CARTESIAN_POINT('Ctrl Pts',(-13.9981447124304,-7.99860810746952,
-96.7369151290948));
#10042=CARTESIAN_POINT('Ctrl Pts',(-13.9981447124304,-7.99860810746952,
172.736915129095));
#10043=CARTESIAN_POINT('',(-13.0009276437848,-8.99582517611516,38.));
#10044=CARTESIAN_POINT('Ctrl Pts',(-13.0009276437848,-8.99582517611516,
38.));
#10045=CARTESIAN_POINT('Ctrl Pts',(-13.0009276437848,-8.57838547296117,
38.));
#10046=CARTESIAN_POINT('Ctrl Pts',(-13.5807050092764,-7.99860810746952,
38.));
#10047=CARTESIAN_POINT('Ctrl Pts',(-13.9981447124304,-7.99860810746952,
38.));
#10048=CARTESIAN_POINT('',(-13.0009276437848,-8.99582517611516,-96.7369151290948));
#10049=CARTESIAN_POINT('Ctrl Pts',(-13.9981447124304,-9.9930422447608,-96.7369151290948));
#10050=CARTESIAN_POINT('Ctrl Pts',(-13.9981447124304,-9.9930422447608,172.736915129095));
#10051=CARTESIAN_POINT('Ctrl Pts',(-13.5807050092764,-9.9930422447608,-96.7369151290948));
#10052=CARTESIAN_POINT('Ctrl Pts',(-13.5807050092764,-9.9930422447608,172.736915129095));
#10053=CARTESIAN_POINT('Ctrl Pts',(-13.0009276437848,-9.41326487926915,
-96.7369151290948));
#10054=CARTESIAN_POINT('Ctrl Pts',(-13.0009276437848,-9.41326487926915,
172.736915129095));
#10055=CARTESIAN_POINT('Ctrl Pts',(-13.0009276437848,-8.99582517611516,
-96.7369151290948));
#10056=CARTESIAN_POINT('Ctrl Pts',(-13.0009276437848,-8.99582517611516,
172.736915129095));
#10057=CARTESIAN_POINT('',(-13.9981447124304,-9.9930422447608,38.));
#10058=CARTESIAN_POINT('Ctrl Pts',(-13.9981447124304,-9.9930422447608,38.));
#10059=CARTESIAN_POINT('Ctrl Pts',(-13.5807050092764,-9.9930422447608,38.));
#10060=CARTESIAN_POINT('Ctrl Pts',(-13.0009276437848,-9.41326487926915,
38.));
#10061=CARTESIAN_POINT('Ctrl Pts',(-13.0009276437848,-8.99582517611516,
38.));
#10062=CARTESIAN_POINT('',(-13.9981447124304,-9.9930422447608,-96.7369151290948));
#10063=CARTESIAN_POINT('Origin',(-13.9981447124304,-9.9930422447608,-96.7369151290948));
#10064=CARTESIAN_POINT('',(-23.0490723562152,-9.9930422447608,38.));
#10065=CARTESIAN_POINT('Origin',(-16.0018552875696,-7.49768046368473,-96.7369151290948));
#10066=CARTESIAN_POINT('',(-13.9981447124304,-7.49768046368473,38.));
#10067=CARTESIAN_POINT('',(-24.0509276437848,-7.49768046368473,38.));
#10068=CARTESIAN_POINT('',(-13.9981447124304,-7.49768046368473,-96.7369151290948));
#10069=CARTESIAN_POINT('Ctrl Pts',(-12.5,-8.99582517611516,-96.7369151290948));
#10070=CARTESIAN_POINT('Ctrl Pts',(-12.5,-8.99582517611516,172.736915129095));
#10071=CARTESIAN_POINT('Ctrl Pts',(-12.5,-8.37430384030811,-96.7369151290948));
#10072=CARTESIAN_POINT('Ctrl Pts',(-12.5,-8.37430384030811,172.736915129095));
#10073=CARTESIAN_POINT('Ctrl Pts',(-13.3766233766234,-7.49768046368473,
-96.7369151290948));
#10074=CARTESIAN_POINT('Ctrl Pts',(-13.3766233766234,-7.49768046368473,
172.736915129095));
#10075=CARTESIAN_POINT('Ctrl Pts',(-13.9981447124304,-7.49768046368473,
-96.7369151290948));
#10076=CARTESIAN_POINT('Ctrl Pts',(-13.9981447124304,-7.49768046368473,
172.736915129095));
#10077=CARTESIAN_POINT('',(-12.5,-8.99582517611516,38.));
#10078=CARTESIAN_POINT('Ctrl Pts',(-13.9981447124304,-7.49768046368473,
38.));
#10079=CARTESIAN_POINT('Ctrl Pts',(-13.3766233766234,-7.49768046368473,
38.));
#10080=CARTESIAN_POINT('Ctrl Pts',(-12.5,-8.37430384030811,38.));
#10081=CARTESIAN_POINT('Ctrl Pts',(-12.5,-8.99582517611516,38.));
#10082=CARTESIAN_POINT('',(-12.5,-8.99582517611516,-96.7369151290948));
#10083=CARTESIAN_POINT('Ctrl Pts',(-13.9981447124304,-10.4939698885456,
-96.7369151290948));
#10084=CARTESIAN_POINT('Ctrl Pts',(-13.9981447124304,-10.4939698885456,
172.736915129095));
#10085=CARTESIAN_POINT('Ctrl Pts',(-13.3766233766234,-10.4939698885456,
-96.7369151290948));
#10086=CARTESIAN_POINT('Ctrl Pts',(-13.3766233766234,-10.4939698885456,
172.736915129095));
#10087=CARTESIAN_POINT('Ctrl Pts',(-12.5,-9.62198473084614,-96.7369151290948));
#10088=CARTESIAN_POINT('Ctrl Pts',(-12.5,-9.62198473084614,172.736915129095));
#10089=CARTESIAN_POINT('Ctrl Pts',(-12.5,-8.99582517611516,-96.7369151290948));
#10090=CARTESIAN_POINT('Ctrl Pts',(-12.5,-8.99582517611516,172.736915129095));
#10091=CARTESIAN_POINT('Ctrl Pts',(-12.5,-8.99582517611516,38.));
#10092=CARTESIAN_POINT('Ctrl Pts',(-12.5,-9.62198473084614,38.));
#10093=CARTESIAN_POINT('Ctrl Pts',(-13.3766233766234,-10.4939698885456,
38.));
#10094=CARTESIAN_POINT('Ctrl Pts',(-13.9981447124304,-10.4939698885456,
38.));
#10095=CARTESIAN_POINT('Ctrl Pts',(-17.5,-6.2499995731467,-96.7369151290948));
#10096=CARTESIAN_POINT('Ctrl Pts',(-17.5,-6.2499995731467,172.736915129095));
#10097=CARTESIAN_POINT('Ctrl Pts',(-17.5,-6.50046339503909,-96.7369151290948));
#10098=CARTESIAN_POINT('Ctrl Pts',(-17.5,-6.50046339503909,172.736915129095));
#10099=CARTESIAN_POINT('Ctrl Pts',(-17.2495361781076,-6.50046339503909,
-96.7369151290948));
#10100=CARTESIAN_POINT('Ctrl Pts',(-17.2495361781076,-6.50046339503909,
172.736915129095));
#10101=CARTESIAN_POINT('',(-17.2495361781076,-6.50046339503909,38.));
#10102=CARTESIAN_POINT('',(-17.5,-6.2499995731467,38.));
#10103=CARTESIAN_POINT('Ctrl Pts',(-17.2495361781076,-6.50046339503909,
38.));
#10104=CARTESIAN_POINT('Ctrl Pts',(-17.5,-6.50046339503909,38.));
#10105=CARTESIAN_POINT('Ctrl Pts',(-17.5,-6.2499995731467,38.));
#10106=CARTESIAN_POINT('',(-17.2495361781076,-6.50046339503909,37.8));
#10107=CARTESIAN_POINT('',(-17.2495361781076,-6.50046339503909,-96.7369151290948));
#10108=CARTESIAN_POINT('',(-17.5,-6.2499995731467,37.8));
#10109=CARTESIAN_POINT('Ctrl Pts',(-17.2495361781076,-6.50046339503909,
37.8));
#10110=CARTESIAN_POINT('Ctrl Pts',(-17.4165120593692,-6.50046339503909,
37.8));
#10111=CARTESIAN_POINT('Ctrl Pts',(-17.5,-6.41697545440829,37.8));
#10112=CARTESIAN_POINT('Ctrl Pts',(-17.5,-6.2499995731467,37.8));
#10113=CARTESIAN_POINT('',(-17.5,-6.2499995731467,-96.7369151290948));
#10114=CARTESIAN_POINT('Ctrl Pts',(-17.2495361781076,-6.50046339503909,
-96.7369151290948));
#10115=CARTESIAN_POINT('Ctrl Pts',(-17.2495361781076,-6.50046339503909,
172.736915129095));
#10116=CARTESIAN_POINT('Ctrl Pts',(-16.9990723562152,-6.50046339503909,
-96.7369151290948));
#10117=CARTESIAN_POINT('Ctrl Pts',(-16.9990723562152,-6.50046339503909,
172.736915129095));
#10118=CARTESIAN_POINT('Ctrl Pts',(-16.9990723562152,-6.2499995731467,-96.7369151290948));
#10119=CARTESIAN_POINT('Ctrl Pts',(-16.9990723562152,-6.2499995731467,172.736915129095));
#10120=CARTESIAN_POINT('',(-16.9990723562152,-6.2499995731467,38.));
#10121=CARTESIAN_POINT('Ctrl Pts',(-16.9990723562152,-6.2499995731467,38.));
#10122=CARTESIAN_POINT('Ctrl Pts',(-16.9990723562152,-6.50046339503909,
38.));
#10123=CARTESIAN_POINT('Ctrl Pts',(-17.2495361781076,-6.50046339503909,
38.));
#10124=CARTESIAN_POINT('',(-16.9990723562152,-6.2499995731467,37.8));
#10125=CARTESIAN_POINT('',(-16.9990723562152,-6.2499995731467,-96.7369151290948));
#10126=CARTESIAN_POINT('Ctrl Pts',(-16.9990723562152,-6.2499995731467,37.8));
#10127=CARTESIAN_POINT('Ctrl Pts',(-16.9990723562152,-6.41697545440829,
37.8));
#10128=CARTESIAN_POINT('Ctrl Pts',(-17.082560296846,-6.50046339503909,37.8));
#10129=CARTESIAN_POINT('Ctrl Pts',(-17.2495361781076,-6.50046339503909,
37.8));
#10130=CARTESIAN_POINT('Origin',(-16.9990723562152,-4.50139103882388,-96.7369151290948));
#10131=CARTESIAN_POINT('',(-16.9990723562152,-4.50139103882388,38.));
#10132=CARTESIAN_POINT('',(-16.9990723562152,-2.25069551941195,38.));
#10133=CARTESIAN_POINT('',(-16.9990723562152,-4.50139103882388,37.8));
#10134=CARTESIAN_POINT('',(-16.9990723562152,-4.50139103882388,-96.7369151290948));
#10135=CARTESIAN_POINT('',(-16.9990723562152,-2.25069551941195,37.8));
#10136=CARTESIAN_POINT('Origin',(-12.7504638218924,-4.50139103882388,-96.7369151290948));
#10137=CARTESIAN_POINT('',(-12.7504638218924,-4.50139103882388,38.));
#10138=CARTESIAN_POINT('',(-22.4252319109462,-4.50139103882388,38.));
#10139=CARTESIAN_POINT('',(-12.7504638218924,-4.50139103882388,37.8));
#10140=CARTESIAN_POINT('',(-12.7504638218924,-4.50139103882388,-96.7369151290948));
#10141=CARTESIAN_POINT('',(-22.4252319109462,-4.50139103882388,37.8));
#10142=CARTESIAN_POINT('Ctrl Pts',(-12.7504638218924,-4.50139103882388,
-96.7369151290948));
#10143=CARTESIAN_POINT('Ctrl Pts',(-12.7504638218924,-4.50139103882388,
172.736915129095));
#10144=CARTESIAN_POINT('Ctrl Pts',(-12.5,-4.50139103882388,-96.7369151290948));
#10145=CARTESIAN_POINT('Ctrl Pts',(-12.5,-4.50139103882388,172.736915129095));
#10146=CARTESIAN_POINT('Ctrl Pts',(-12.5,-4.25092721693149,-96.7369151290948));
#10147=CARTESIAN_POINT('Ctrl Pts',(-12.5,-4.25092721693149,172.736915129095));
#10148=CARTESIAN_POINT('',(-12.5,-4.25092721693149,38.));
#10149=CARTESIAN_POINT('Ctrl Pts',(-12.5,-4.25092721693149,38.));
#10150=CARTESIAN_POINT('Ctrl Pts',(-12.5,-4.50139103882388,38.));
#10151=CARTESIAN_POINT('Ctrl Pts',(-12.7504638218924,-4.50139103882388,
38.));
#10152=CARTESIAN_POINT('',(-12.5,-4.25092721693149,37.8));
#10153=CARTESIAN_POINT('',(-12.5,-4.25092721693149,-96.7369151290948));
#10154=CARTESIAN_POINT('Ctrl Pts',(-12.5,-4.25092721693149,37.8));
#10155=CARTESIAN_POINT('Ctrl Pts',(-12.5,-4.41790309819308,37.8));
#10156=CARTESIAN_POINT('Ctrl Pts',(-12.5834879406308,-4.50139103882388,
37.8));
#10157=CARTESIAN_POINT('Ctrl Pts',(-12.7504638218924,-4.50139103882388,
37.8));
#10158=CARTESIAN_POINT('Ctrl Pts',(-12.5,-4.25092721693149,-96.7369151290948));
#10159=CARTESIAN_POINT('Ctrl Pts',(-12.5,-4.25092721693149,172.736915129095));
#10160=CARTESIAN_POINT('Ctrl Pts',(-12.5,-4.00046339503909,-96.7369151290948));
#10161=CARTESIAN_POINT('Ctrl Pts',(-12.5,-4.00046339503909,172.736915129095));
#10162=CARTESIAN_POINT('Ctrl Pts',(-12.7504638218924,-4.00046339503909,
-96.7369151290948));
#10163=CARTESIAN_POINT('Ctrl Pts',(-12.7504638218924,-4.00046339503909,
172.736915129095));
#10164=CARTESIAN_POINT('',(-12.7504638218924,-4.00046339503909,38.));
#10165=CARTESIAN_POINT('Ctrl Pts',(-12.7504638218924,-4.00046339503909,
38.));
#10166=CARTESIAN_POINT('Ctrl Pts',(-12.5,-4.00046339503909,38.));
#10167=CARTESIAN_POINT('Ctrl Pts',(-12.5,-4.25092721693149,38.));
#10168=CARTESIAN_POINT('',(-12.7504638218924,-4.00046339503909,37.8));
#10169=CARTESIAN_POINT('',(-12.7504638218924,-4.00046339503909,-96.7369151290948));
#10170=CARTESIAN_POINT('Ctrl Pts',(-12.7504638218924,-4.00046339503909,
37.8));
#10171=CARTESIAN_POINT('Ctrl Pts',(-12.5834879406308,-4.00046339503909,
37.8));
#10172=CARTESIAN_POINT('Ctrl Pts',(-12.5,-4.08395133566989,37.8));
#10173=CARTESIAN_POINT('Ctrl Pts',(-12.5,-4.25092721693149,37.8));
#10174=CARTESIAN_POINT('Origin',(-17.2495361781076,-4.00046339503909,-96.7369151290948));
#10175=CARTESIAN_POINT('',(-17.2495361781076,-4.00046339503909,38.));
#10176=CARTESIAN_POINT('',(-24.6747680890538,-4.00046339503909,38.));
#10177=CARTESIAN_POINT('',(-17.2495361781076,-4.00046339503909,37.8));
#10178=CARTESIAN_POINT('',(-17.2495361781076,-4.00046339503909,-96.7369151290948));
#10179=CARTESIAN_POINT('',(-24.6747680890538,-4.00046339503909,37.8));
#10180=CARTESIAN_POINT('Ctrl Pts',(-17.2495361781076,-4.00046339503909,
-96.7369151290948));
#10181=CARTESIAN_POINT('Ctrl Pts',(-17.2495361781076,-4.00046339503909,
172.736915129095));
#10182=CARTESIAN_POINT('Ctrl Pts',(-17.5,-4.00046339503909,-96.7369151290948));
#10183=CARTESIAN_POINT('Ctrl Pts',(-17.5,-4.00046339503909,172.736915129095));
#10184=CARTESIAN_POINT('Ctrl Pts',(-17.5,-4.25092721693149,-96.7369151290948));
#10185=CARTESIAN_POINT('Ctrl Pts',(-17.5,-4.25092721693149,172.736915129095));
#10186=CARTESIAN_POINT('',(-17.5,-4.25092721693149,38.));
#10187=CARTESIAN_POINT('Ctrl Pts',(-17.5,-4.25092721693149,38.));
#10188=CARTESIAN_POINT('Ctrl Pts',(-17.5,-4.00046339503909,38.));
#10189=CARTESIAN_POINT('Ctrl Pts',(-17.2495361781076,-4.00046339503909,
38.));
#10190=CARTESIAN_POINT('',(-17.5,-4.25092721693149,37.8));
#10191=CARTESIAN_POINT('',(-17.5,-4.25092721693149,-96.7369151290948));
#10192=CARTESIAN_POINT('Ctrl Pts',(-17.5,-4.25092721693149,37.8));
#10193=CARTESIAN_POINT('Ctrl Pts',(-17.5,-4.08395133566989,37.8));
#10194=CARTESIAN_POINT('Ctrl Pts',(-17.4165120593692,-4.00046339503909,
37.8));
#10195=CARTESIAN_POINT('Ctrl Pts',(-17.2495361781076,-4.00046339503909,
37.8));
#10196=CARTESIAN_POINT('Origin',(-17.5,-6.2499995731467,-96.7369151290948));
#10197=CARTESIAN_POINT('',(-17.5,-3.12499978657336,38.));
#10198=CARTESIAN_POINT('',(-17.5,-3.12499978657336,37.8));
#10199=CARTESIAN_POINT('Origin',(-32.1,0.,37.8));
#10200=CARTESIAN_POINT('Origin',(-32.1,0.,38.));
#10201=CARTESIAN_POINT('',(-32.1,0.,38.));
#10202=CARTESIAN_POINT('',(32.1,-3.931116225263E-15,38.));
#10203=CARTESIAN_POINT('Origin',(0.,0.,38.));
#10204=CARTESIAN_POINT('Origin',(0.,0.,38.));
#10205=CARTESIAN_POINT('',(-1.5,0.,38.));
#10206=CARTESIAN_POINT('',(1.5,-1.83697019872103E-16,38.));
#10207=CARTESIAN_POINT('Origin',(0.,0.,38.));
#10208=CARTESIAN_POINT('Origin',(0.,0.,38.));
#10209=CARTESIAN_POINT('Origin',(-32.1,0.,38.));
#10210=CARTESIAN_POINT('Origin',(-39.1761835516075,10.4972267451866,9.));
#10211=CARTESIAN_POINT('',(-37.3050213371101,9.99585034090443,10.));
#10212=CARTESIAN_POINT('Ctrl Pts',(-36.7127553690949,10.8724293334804,9.));
#10213=CARTESIAN_POINT('Ctrl Pts',(-36.7127553690949,10.8724293334804,8.86969257459499));
#10214=CARTESIAN_POINT('Ctrl Pts',(-36.7409929685414,10.8522645721519,8.7345667411434));
#10215=CARTESIAN_POINT('Ctrl Pts',(-36.8363128068477,10.7713010785059,8.48998874573537));
#10216=CARTESIAN_POINT('Ctrl Pts',(-36.9018109422483,10.7100986175069,8.38005582375327));
#10217=CARTESIAN_POINT('Ctrl Pts',(-37.0280885774924,10.564127922205,8.20637590230811));
#10218=CARTESIAN_POINT('Ctrl Pts',(-37.0982372951487,10.4689379655807,8.12986255825557));
#10219=CARTESIAN_POINT('Ctrl Pts',(-37.2202033152461,10.2474375418035,8.02658906086227));
#10220=CARTESIAN_POINT('Ctrl Pts',(-37.2715449767551,10.1207858186017,8.));
#10221=CARTESIAN_POINT('Ctrl Pts',(-37.3384976974651,9.87091486320719,8.));
#10222=CARTESIAN_POINT('Ctrl Pts',(-37.3573603759266,9.7355604227268,8.02658906086227));
#10223=CARTESIAN_POINT('Ctrl Pts',(-37.3624849160125,9.482752418738,8.12986255825557));
#10224=CARTESIAN_POINT('Ctrl Pts',(-37.3493293227913,9.36524113928806,8.20637590230811));
#10225=CARTESIAN_POINT('Ctrl Pts',(-37.3129550303911,9.17568799132649,8.38005582375327));
#10226=CARTESIAN_POINT('Ctrl Pts',(-37.2868332117331,9.08993603762696,8.48998874573537));
#10227=CARTESIAN_POINT('Ctrl Pts',(-37.2447655570982,8.97215967619727,8.7345667411434));
#10228=CARTESIAN_POINT('Ctrl Pts',(-37.2303934592999,8.94057768090226,8.86969257459499));
#10229=CARTESIAN_POINT('Ctrl Pts',(-37.2303934592999,8.94057768090226,9.13030742540501));
#10230=CARTESIAN_POINT('Ctrl Pts',(-37.2447655570982,8.97215967619727,9.2654332588566));
#10231=CARTESIAN_POINT('Ctrl Pts',(-37.2868332117331,9.08993603762696,9.51001125426463));
#10232=CARTESIAN_POINT('Ctrl Pts',(-37.3129550303911,9.17568799132649,9.61994417624673));
#10233=CARTESIAN_POINT('Ctrl Pts',(-37.3493293227913,9.36524113928806,9.79362409769189));
#10234=CARTESIAN_POINT('Ctrl Pts',(-37.3624849160125,9.482752418738,9.87013744174443));
#10235=CARTESIAN_POINT('Ctrl Pts',(-37.3573603759266,9.7355604227268,9.97341093913773));
#10236=CARTESIAN_POINT('Ctrl Pts',(-37.3384976974651,9.87091486320719,10.));
#10237=CARTESIAN_POINT('Ctrl Pts',(-37.2715449767551,10.1207858186017,10.));
#10238=CARTESIAN_POINT('Ctrl Pts',(-37.2202033152461,10.2474375418035,9.97341093913773));
#10239=CARTESIAN_POINT('Ctrl Pts',(-37.0982372951487,10.4689379655807,9.87013744174444));
#10240=CARTESIAN_POINT('Ctrl Pts',(-37.0280885774924,10.564127922205,9.79362409769189));
#10241=CARTESIAN_POINT('Ctrl Pts',(-36.9018109422483,10.7100986175069,9.61994417624673));
#10242=CARTESIAN_POINT('Ctrl Pts',(-36.8363128068477,10.7713010785059,9.51001125426463));
#10243=CARTESIAN_POINT('Ctrl Pts',(-36.7409929685414,10.8522645721519,9.2654332588566));
#10244=CARTESIAN_POINT('Ctrl Pts',(-36.7127553690949,10.8724293334804,9.13030742540501));
#10245=CARTESIAN_POINT('Ctrl Pts',(-36.7127553690949,10.8724293334804,9.));
#10246=CARTESIAN_POINT('',(-39.8202921887668,10.6698151343514,10.));
#10247=CARTESIAN_POINT('',(-39.1761835516075,10.4972267451866,10.));
#10248=CARTESIAN_POINT('',(-39.5497561278031,11.6326013957027,9.));
#10249=CARTESIAN_POINT('Ctrl Pts',(-39.5497561278031,11.6326013957027,9.));
#10250=CARTESIAN_POINT('Ctrl Pts',(-39.5497561278031,11.6326013957027,9.12556751436781));
#10251=CARTESIAN_POINT('Ctrl Pts',(-39.5568626975654,11.6085246112572,9.2595013325142));
#10252=CARTESIAN_POINT('Ctrl Pts',(-39.585486265263,11.5105389650624,9.50587920320006));
#10253=CARTESIAN_POINT('Ctrl Pts',(-39.6069714821342,11.4366218689612,9.6183236720498));
#10254=CARTESIAN_POINT('Ctrl Pts',(-39.6558713375202,11.2658944705716,9.7958898892862));
#10255=CARTESIAN_POINT('Ctrl Pts',(-39.6865406128169,11.1577011973363,9.87284910534598));
#10256=CARTESIAN_POINT('Ctrl Pts',(-39.7525171793274,10.920310422743,9.97490429706616));
#10257=CARTESIAN_POINT('Ctrl Pts',(-39.7877929249819,10.7911040380054,10.));
#10258=CARTESIAN_POINT('Ctrl Pts',(-39.8202921887668,10.6698151343514,10.));
#10259=CARTESIAN_POINT('Ctrl Pts',(-39.8202921887668,10.6698151343514,10.));
#10260=CARTESIAN_POINT('Ctrl Pts',(-39.8527914525518,10.5485262306974,10.));
#10261=CARTESIAN_POINT('Ctrl Pts',(-39.8868449530463,10.4189923463563,9.97490429706616));
#10262=CARTESIAN_POINT('Ctrl Pts',(-39.9484029576905,10.1804176216791,9.87284910534598));
#10263=CARTESIAN_POINT('Ctrl Pts',(-39.9759392227855,10.0713848608904,9.7958898892862));
#10264=CARTESIAN_POINT('Ctrl Pts',(-40.0189544049747,9.89908066906996,9.6183236720498));
#10265=CARTESIAN_POINT('Ctrl Pts',(-40.0373062094089,9.82432397763676,9.50587920320006));
#10266=CARTESIAN_POINT('Ctrl Pts',(-40.0615102957332,9.72515413497706,9.2595013325142));
#10267=CARTESIAN_POINT('Ctrl Pts',(-40.0673942180081,9.70074974312459,9.12556751436781));
#10268=CARTESIAN_POINT('Ctrl Pts',(-40.0673942180081,9.70074974312459,8.87443248563219));
#10269=CARTESIAN_POINT('Ctrl Pts',(-40.0615102957332,9.72515413497706,8.7404986674858));
#10270=CARTESIAN_POINT('Ctrl Pts',(-40.0373062094089,9.82432397763676,8.49412079679994));
#10271=CARTESIAN_POINT('Ctrl Pts',(-40.0189544049747,9.89908066906996,8.3816763279502));
#10272=CARTESIAN_POINT('Ctrl Pts',(-39.9759392227855,10.0713848608904,8.2041101107138));
#10273=CARTESIAN_POINT('Ctrl Pts',(-39.9484029576905,10.1804176216791,8.12715089465401));
#10274=CARTESIAN_POINT('Ctrl Pts',(-39.8868449530463,10.4189923463563,8.02509570293384));
#10275=CARTESIAN_POINT('Ctrl Pts',(-39.8527914525518,10.5485262306974,8.));
#10276=CARTESIAN_POINT('Ctrl Pts',(-39.7877929249819,10.7911040380054,8.));
#10277=CARTESIAN_POINT('Ctrl Pts',(-39.7525171793274,10.920310422743,8.02509570293384));
#10278=CARTESIAN_POINT('Ctrl Pts',(-39.6865406128169,11.1577011973363,8.12715089465402));
#10279=CARTESIAN_POINT('Ctrl Pts',(-39.6558713375202,11.2658944705716,8.2041101107138));
#10280=CARTESIAN_POINT('Ctrl Pts',(-39.6069714821342,11.4366218689612,8.3816763279502));
#10281=CARTESIAN_POINT('Ctrl Pts',(-39.585486265263,11.5105389650624,8.49412079679994));
#10282=CARTESIAN_POINT('Ctrl Pts',(-39.5568626975654,11.6085246112572,8.7404986674858));
#10283=CARTESIAN_POINT('Ctrl Pts',(-39.5497561278031,11.6326013957027,8.87443248563219));
#10284=CARTESIAN_POINT('Ctrl Pts',(-39.5497561278031,11.6326013957027,9.));
#10285=CARTESIAN_POINT('Origin',(-28.6789568064208,-28.6789568064208,9.));
#10286=CARTESIAN_POINT('',(-27.3091709962056,-27.3091709962057,10.));
#10287=CARTESIAN_POINT('Ctrl Pts',(-27.7721776881926,-26.3579641258195,
9.));
#10288=CARTESIAN_POINT('Ctrl Pts',(-27.7721776881926,-26.3579641258195,
8.86969257459499));
#10289=CARTESIAN_POINT('Ctrl Pts',(-27.7688332923441,-26.3925009849463,
8.7345667411434));
#10290=CARTESIAN_POINT('Ctrl Pts',(-27.7463767692207,-26.5155321332272,
8.48998874573537));
#10291=CARTESIAN_POINT('Ctrl Pts',(-27.7261229509218,-26.6028564128841,
8.38005582375327));
#10292=CARTESIAN_POINT('Ctrl Pts',(-27.6628474382043,-26.7852014005863,
8.20637590230811));
#10293=CARTESIAN_POINT('Ctrl Pts',(-27.6154848764107,-26.8935469504317,
8.12986255825557));
#10294=CARTESIAN_POINT('Ctrl Pts',(-27.4846428925192,-27.1099228341231,
8.02658906086227));
#10295=CARTESIAN_POINT('Ctrl Pts',(-27.4006301135479,-27.2177118788634,
8.));
#10296=CARTESIAN_POINT('Ctrl Pts',(-27.2177118788634,-27.4006301135479,
8.));
#10297=CARTESIAN_POINT('Ctrl Pts',(-27.1099228341231,-27.4846428925192,
8.02658906086227));
#10298=CARTESIAN_POINT('Ctrl Pts',(-26.8935469504317,-27.6154848764107,
8.12986255825556));
#10299=CARTESIAN_POINT('Ctrl Pts',(-26.7852014005863,-27.6628474382043,
8.20637590230812));
#10300=CARTESIAN_POINT('Ctrl Pts',(-26.6028564128841,-27.7261229509218,
8.38005582375327));
#10301=CARTESIAN_POINT('Ctrl Pts',(-26.5155321332272,-27.7463767692207,
8.48998874573536));
#10302=CARTESIAN_POINT('Ctrl Pts',(-26.3925009849463,-27.7688332923441,
8.7345667411434));
#10303=CARTESIAN_POINT('Ctrl Pts',(-26.3579641258195,-27.7721776881926,
8.86969257459499));
#10304=CARTESIAN_POINT('Ctrl Pts',(-26.3579641258195,-27.7721776881926,
9.13030742540501));
#10305=CARTESIAN_POINT('Ctrl Pts',(-26.3925009849463,-27.7688332923441,
9.2654332588566));
#10306=CARTESIAN_POINT('Ctrl Pts',(-26.5155321332272,-27.7463767692207,
9.51001125426463));
#10307=CARTESIAN_POINT('Ctrl Pts',(-26.6028564128841,-27.7261229509218,
9.61994417624673));
#10308=CARTESIAN_POINT('Ctrl Pts',(-26.7852014005863,-27.6628474382043,
9.79362409769189));
#10309=CARTESIAN_POINT('Ctrl Pts',(-26.8935469504317,-27.6154848764107,
9.87013744174444));
#10310=CARTESIAN_POINT('Ctrl Pts',(-27.1099228341231,-27.4846428925192,
9.97341093913773));
#10311=CARTESIAN_POINT('Ctrl Pts',(-27.2177118788634,-27.4006301135479,
10.));
#10312=CARTESIAN_POINT('Ctrl Pts',(-27.4006301135479,-27.2177118788634,
10.));
#10313=CARTESIAN_POINT('Ctrl Pts',(-27.4846428925192,-27.1099228341231,
9.97341093913773));
#10314=CARTESIAN_POINT('Ctrl Pts',(-27.6154848764107,-26.8935469504317,
9.87013744174443));
#10315=CARTESIAN_POINT('Ctrl Pts',(-27.6628474382043,-26.7852014005863,
9.79362409769189));
#10316=CARTESIAN_POINT('Ctrl Pts',(-27.7261229509218,-26.6028564128841,
9.61994417624673));
#10317=CARTESIAN_POINT('Ctrl Pts',(-27.7463767692207,-26.5155321332272,
9.51001125426463));
#10318=CARTESIAN_POINT('Ctrl Pts',(-27.7688332923441,-26.3925009849463,
9.26543325885659));
#10319=CARTESIAN_POINT('Ctrl Pts',(-27.7721776881926,-26.3579641258195,
9.13030742540501));
#10320=CARTESIAN_POINT('Ctrl Pts',(-27.7721776881926,-26.3579641258195,
9.));
#10321=CARTESIAN_POINT('',(-29.1504770544154,-29.1504770544154,10.));
#10322=CARTESIAN_POINT('',(-28.6789568064208,-28.6789568064208,10.));
#10323=CARTESIAN_POINT('',(-29.8490063846784,-28.4347928223053,9.));
#10324=CARTESIAN_POINT('Ctrl Pts',(-29.8490063846784,-28.4347928223053,
9.));
#10325=CARTESIAN_POINT('Ctrl Pts',(-29.8490063846784,-28.4347928223053,
9.12556751436781));
#10326=CARTESIAN_POINT('Ctrl Pts',(-29.8317085625883,-28.4529856844761,
9.2595013325142));
#10327=CARTESIAN_POINT('Ctrl Pts',(-29.7611622876261,-28.5267672443465,
9.50587920320006));
#10328=CARTESIAN_POINT('Ctrl Pts',(-29.7078908130642,-28.5823325360134,
9.61832367204981));
#10329=CARTESIAN_POINT('Ctrl Pts',(-29.5844864766297,-28.7100447522139,
9.79588988928619));
#10330=CARTESIAN_POINT('Ctrl Pts',(-29.5061229911378,-28.7907017603541,
9.87284910534598));
#10331=CARTESIAN_POINT('Ctrl Pts',(-29.3335248329711,-28.9665345303034,
9.97490429706616));
#10332=CARTESIAN_POINT('Ctrl Pts',(-29.2392666942845,-29.0616874145464,
10.));
#10333=CARTESIAN_POINT('Ctrl Pts',(-29.1504770544154,-29.1504770544154,
10.));
#10334=CARTESIAN_POINT('Ctrl Pts',(-29.1504770544154,-29.1504770544154,
10.));
#10335=CARTESIAN_POINT('Ctrl Pts',(-29.0616874145464,-29.2392666942845,
10.));
#10336=CARTESIAN_POINT('Ctrl Pts',(-28.9665345303033,-29.3335248329711,
9.97490429706616));
#10337=CARTESIAN_POINT('Ctrl Pts',(-28.7907017603541,-29.5061229911378,
9.87284910534599));
#10338=CARTESIAN_POINT('Ctrl Pts',(-28.7100447522139,-29.5844864766297,
9.79588988928619));
#10339=CARTESIAN_POINT('Ctrl Pts',(-28.5823325360134,-29.7078908130642,
9.6183236720498));
#10340=CARTESIAN_POINT('Ctrl Pts',(-28.5267672443465,-29.7611622876262,
9.50587920320006));
#10341=CARTESIAN_POINT('Ctrl Pts',(-28.452985684476,-29.8317085625883,9.2595013325142));
#10342=CARTESIAN_POINT('Ctrl Pts',(-28.4347928223053,-29.8490063846784,
9.12556751436781));
#10343=CARTESIAN_POINT('Ctrl Pts',(-28.4347928223053,-29.8490063846784,
8.87443248563219));
#10344=CARTESIAN_POINT('Ctrl Pts',(-28.452985684476,-29.8317085625883,8.7404986674858));
#10345=CARTESIAN_POINT('Ctrl Pts',(-28.5267672443465,-29.7611622876262,
8.49412079679994));
#10346=CARTESIAN_POINT('Ctrl Pts',(-28.5823325360134,-29.7078908130642,
8.3816763279502));
#10347=CARTESIAN_POINT('Ctrl Pts',(-28.7100447522139,-29.5844864766297,
8.20411011071381));
#10348=CARTESIAN_POINT('Ctrl Pts',(-28.7907017603541,-29.5061229911378,
8.12715089465401));
#10349=CARTESIAN_POINT('Ctrl Pts',(-28.9665345303033,-29.3335248329711,
8.02509570293384));
#10350=CARTESIAN_POINT('Ctrl Pts',(-29.0616874145464,-29.2392666942845,
8.));
#10351=CARTESIAN_POINT('Ctrl Pts',(-29.2392666942845,-29.0616874145464,
8.));
#10352=CARTESIAN_POINT('Ctrl Pts',(-29.3335248329711,-28.9665345303034,
8.02509570293384));
#10353=CARTESIAN_POINT('Ctrl Pts',(-29.5061229911378,-28.7907017603541,
8.12715089465402));
#10354=CARTESIAN_POINT('Ctrl Pts',(-29.5844864766297,-28.7100447522139,
8.20411011071381));
#10355=CARTESIAN_POINT('Ctrl Pts',(-29.7078908130642,-28.5823325360134,
8.3816763279502));
#10356=CARTESIAN_POINT('Ctrl Pts',(-29.7611622876261,-28.5267672443465,
8.49412079679994));
#10357=CARTESIAN_POINT('Ctrl Pts',(-29.8317085625883,-28.4529856844761,
8.7404986674858));
#10358=CARTESIAN_POINT('Ctrl Pts',(-29.8490063846784,-28.4347928223053,
8.87443248563219));
#10359=CARTESIAN_POINT('Ctrl Pts',(-29.8490063846784,-28.4347928223053,
9.));
#10360=CARTESIAN_POINT('Origin',(10.4972267451867,-39.1761835516075,9.));
#10361=CARTESIAN_POINT('',(9.99585034090446,-37.3050213371101,10.));
#10362=CARTESIAN_POINT('Ctrl Pts',(8.94057768090229,-37.2303934592999,9.));
#10363=CARTESIAN_POINT('Ctrl Pts',(8.94057768090229,-37.2303934592999,8.86969257459499));
#10364=CARTESIAN_POINT('Ctrl Pts',(8.9721596761973,-37.2447655570982,8.7345667411434));
#10365=CARTESIAN_POINT('Ctrl Pts',(9.08993603762699,-37.2868332117331,8.48998874573537));
#10366=CARTESIAN_POINT('Ctrl Pts',(9.17568799132652,-37.3129550303911,8.38005582375327));
#10367=CARTESIAN_POINT('Ctrl Pts',(9.36524113928809,-37.3493293227913,8.20637590230811));
#10368=CARTESIAN_POINT('Ctrl Pts',(9.48275241873803,-37.3624849160124,8.12986255825557));
#10369=CARTESIAN_POINT('Ctrl Pts',(9.73556042272683,-37.3573603759266,8.02658906086227));
#10370=CARTESIAN_POINT('Ctrl Pts',(9.87091486320722,-37.3384976974651,8.));
#10371=CARTESIAN_POINT('Ctrl Pts',(10.1207858186017,-37.2715449767551,8.));
#10372=CARTESIAN_POINT('Ctrl Pts',(10.2474375418035,-37.2202033152461,8.02658906086227));
#10373=CARTESIAN_POINT('Ctrl Pts',(10.4689379655808,-37.0982372951487,8.12986255825557));
#10374=CARTESIAN_POINT('Ctrl Pts',(10.5641279222051,-37.0280885774924,8.20637590230811));
#10375=CARTESIAN_POINT('Ctrl Pts',(10.710098617507,-36.9018109422483,8.38005582375327));
#10376=CARTESIAN_POINT('Ctrl Pts',(10.7713010785059,-36.8363128068477,8.48998874573537));
#10377=CARTESIAN_POINT('Ctrl Pts',(10.8522645721519,-36.7409929685414,8.73456674114341));
#10378=CARTESIAN_POINT('Ctrl Pts',(10.8724293334804,-36.7127553690949,8.86969257459499));
#10379=CARTESIAN_POINT('Ctrl Pts',(10.8724293334804,-36.7127553690949,9.13030742540501));
#10380=CARTESIAN_POINT('Ctrl Pts',(10.8522645721519,-36.7409929685414,9.2654332588566));
#10381=CARTESIAN_POINT('Ctrl Pts',(10.7713010785059,-36.8363128068477,9.51001125426463));
#10382=CARTESIAN_POINT('Ctrl Pts',(10.710098617507,-36.9018109422483,9.61994417624673));
#10383=CARTESIAN_POINT('Ctrl Pts',(10.5641279222051,-37.0280885774924,9.79362409769189));
#10384=CARTESIAN_POINT('Ctrl Pts',(10.4689379655808,-37.0982372951487,9.87013744174443));
#10385=CARTESIAN_POINT('Ctrl Pts',(10.2474375418035,-37.2202033152461,9.97341093913773));
#10386=CARTESIAN_POINT('Ctrl Pts',(10.1207858186017,-37.2715449767551,10.));
#10387=CARTESIAN_POINT('Ctrl Pts',(9.87091486320722,-37.3384976974651,10.));
#10388=CARTESIAN_POINT('Ctrl Pts',(9.73556042272683,-37.3573603759266,9.97341093913773));
#10389=CARTESIAN_POINT('Ctrl Pts',(9.48275241873803,-37.3624849160124,9.87013744174444));
#10390=CARTESIAN_POINT('Ctrl Pts',(9.36524113928809,-37.3493293227913,9.79362409769189));
#10391=CARTESIAN_POINT('Ctrl Pts',(9.17568799132652,-37.3129550303911,9.61994417624673));
#10392=CARTESIAN_POINT('Ctrl Pts',(9.08993603762699,-37.2868332117331,9.51001125426463));
#10393=CARTESIAN_POINT('Ctrl Pts',(8.9721596761973,-37.2447655570982,9.26543325885659));
#10394=CARTESIAN_POINT('Ctrl Pts',(8.94057768090229,-37.2303934592999,9.13030742540501));
#10395=CARTESIAN_POINT('Ctrl Pts',(8.94057768090229,-37.2303934592999,9.));
#10396=CARTESIAN_POINT('',(10.6698151343514,-39.8202921887668,10.));
#10397=CARTESIAN_POINT('',(10.4972267451867,-39.1761835516075,10.));
#10398=CARTESIAN_POINT('',(9.70074974312462,-40.0673942180081,9.));
#10399=CARTESIAN_POINT('Ctrl Pts',(9.70074974312462,-40.0673942180081,9.));
#10400=CARTESIAN_POINT('Ctrl Pts',(9.70074974312462,-40.0673942180081,9.12556751436781));
#10401=CARTESIAN_POINT('Ctrl Pts',(9.72515413497709,-40.0615102957332,9.2595013325142));
#10402=CARTESIAN_POINT('Ctrl Pts',(9.82432397763679,-40.0373062094089,9.50587920320006));
#10403=CARTESIAN_POINT('Ctrl Pts',(9.89908066906999,-40.0189544049747,9.6183236720498));
#10404=CARTESIAN_POINT('Ctrl Pts',(10.0713848608905,-39.9759392227855,9.7958898892862));
#10405=CARTESIAN_POINT('Ctrl Pts',(10.1804176216791,-39.9484029576905,9.87284910534598));
#10406=CARTESIAN_POINT('Ctrl Pts',(10.4189923463563,-39.8868449530463,9.97490429706616));
#10407=CARTESIAN_POINT('Ctrl Pts',(10.5485262306974,-39.8527914525518,10.));
#10408=CARTESIAN_POINT('Ctrl Pts',(10.6698151343514,-39.8202921887668,10.));
#10409=CARTESIAN_POINT('Ctrl Pts',(10.6698151343514,-39.8202921887668,10.));
#10410=CARTESIAN_POINT('Ctrl Pts',(10.7911040380054,-39.7877929249819,10.));
#10411=CARTESIAN_POINT('Ctrl Pts',(10.920310422743,-39.7525171793274,9.97490429706616));
#10412=CARTESIAN_POINT('Ctrl Pts',(11.1577011973364,-39.6865406128169,9.87284910534598));
#10413=CARTESIAN_POINT('Ctrl Pts',(11.2658944705716,-39.6558713375202,9.7958898892862));
#10414=CARTESIAN_POINT('Ctrl Pts',(11.4366218689613,-39.6069714821342,9.6183236720498));
#10415=CARTESIAN_POINT('Ctrl Pts',(11.5105389650624,-39.585486265263,9.50587920320006));
#10416=CARTESIAN_POINT('Ctrl Pts',(11.6085246112572,-39.5568626975654,9.2595013325142));
#10417=CARTESIAN_POINT('Ctrl Pts',(11.6326013957028,-39.549756127803,9.12556751436781));
#10418=CARTESIAN_POINT('Ctrl Pts',(11.6326013957028,-39.549756127803,8.87443248563219));
#10419=CARTESIAN_POINT('Ctrl Pts',(11.6085246112572,-39.5568626975654,8.7404986674858));
#10420=CARTESIAN_POINT('Ctrl Pts',(11.5105389650624,-39.5854862652629,8.49412079679994));
#10421=CARTESIAN_POINT('Ctrl Pts',(11.4366218689613,-39.6069714821342,8.3816763279502));
#10422=CARTESIAN_POINT('Ctrl Pts',(11.2658944705716,-39.6558713375202,8.20411011071381));
#10423=CARTESIAN_POINT('Ctrl Pts',(11.1577011973364,-39.6865406128169,8.12715089465402));
#10424=CARTESIAN_POINT('Ctrl Pts',(10.920310422743,-39.7525171793274,8.02509570293384));
#10425=CARTESIAN_POINT('Ctrl Pts',(10.7911040380054,-39.7877929249819,8.));
#10426=CARTESIAN_POINT('Ctrl Pts',(10.5485262306974,-39.8527914525518,8.));
#10427=CARTESIAN_POINT('Ctrl Pts',(10.4189923463563,-39.8868449530463,8.02509570293384));
#10428=CARTESIAN_POINT('Ctrl Pts',(10.1804176216791,-39.9484029576905,8.12715089465402));
#10429=CARTESIAN_POINT('Ctrl Pts',(10.0713848608905,-39.9759392227855,8.2041101107138));
#10430=CARTESIAN_POINT('Ctrl Pts',(9.89908066906999,-40.0189544049747,8.3816763279502));
#10431=CARTESIAN_POINT('Ctrl Pts',(9.82432397763679,-40.0373062094089,8.49412079679994));
#10432=CARTESIAN_POINT('Ctrl Pts',(9.72515413497709,-40.0615102957332,8.7404986674858));
#10433=CARTESIAN_POINT('Ctrl Pts',(9.70074974312462,-40.0673942180081,8.87443248563219));
#10434=CARTESIAN_POINT('Ctrl Pts',(9.70074974312462,-40.0673942180081,9.));
#10435=CARTESIAN_POINT('Origin',(39.1761835516075,-10.4972267451867,9.));
#10436=CARTESIAN_POINT('',(39.8202921887668,-10.6698151343514,10.));
#10437=CARTESIAN_POINT('',(39.1761835516075,-10.4972267451867,10.));
#10438=CARTESIAN_POINT('',(39.549756127803,-11.6326013957027,9.));
#10439=CARTESIAN_POINT('Ctrl Pts',(39.549756127803,-11.6326013957027,9.));
#10440=CARTESIAN_POINT('Ctrl Pts',(39.549756127803,-11.6326013957027,9.12556751436781));
#10441=CARTESIAN_POINT('Ctrl Pts',(39.5568626975654,-11.6085246112572,9.2595013325142));
#10442=CARTESIAN_POINT('Ctrl Pts',(39.585486265263,-11.5105389650624,9.50587920320006));
#10443=CARTESIAN_POINT('Ctrl Pts',(39.6069714821342,-11.4366218689613,9.6183236720498));
#10444=CARTESIAN_POINT('Ctrl Pts',(39.6558713375202,-11.2658944705716,9.7958898892862));
#10445=CARTESIAN_POINT('Ctrl Pts',(39.6865406128169,-11.1577011973364,9.87284910534598));
#10446=CARTESIAN_POINT('Ctrl Pts',(39.7525171793274,-10.920310422743,9.97490429706616));
#10447=CARTESIAN_POINT('Ctrl Pts',(39.7877929249819,-10.7911040380054,10.));
#10448=CARTESIAN_POINT('Ctrl Pts',(39.8202921887668,-10.6698151343514,10.));
#10449=CARTESIAN_POINT('Ctrl Pts',(39.8202921887668,-10.6698151343514,10.));
#10450=CARTESIAN_POINT('Ctrl Pts',(39.8527914525518,-10.5485262306974,10.));
#10451=CARTESIAN_POINT('Ctrl Pts',(39.8868449530463,-10.4189923463563,9.97490429706616));
#10452=CARTESIAN_POINT('Ctrl Pts',(39.9484029576905,-10.1804176216791,9.87284910534598));
#10453=CARTESIAN_POINT('Ctrl Pts',(39.9759392227855,-10.0713848608905,9.7958898892862));
#10454=CARTESIAN_POINT('Ctrl Pts',(40.0189544049747,-9.89908066906998,9.61832367204981));
#10455=CARTESIAN_POINT('Ctrl Pts',(40.0373062094089,-9.82432397763678,9.50587920320006));
#10456=CARTESIAN_POINT('Ctrl Pts',(40.0615102957332,-9.72515413497708,9.2595013325142));
#10457=CARTESIAN_POINT('Ctrl Pts',(40.0673942180081,-9.70074974312461,9.12556751436781));
#10458=CARTESIAN_POINT('Ctrl Pts',(40.0673942180081,-9.70074974312461,8.87443248563219));
#10459=CARTESIAN_POINT('Ctrl Pts',(40.0615102957332,-9.72515413497708,8.7404986674858));
#10460=CARTESIAN_POINT('Ctrl Pts',(40.0373062094089,-9.82432397763679,8.49412079679994));
#10461=CARTESIAN_POINT('Ctrl Pts',(40.0189544049747,-9.89908066906998,8.3816763279502));
#10462=CARTESIAN_POINT('Ctrl Pts',(39.9759392227855,-10.0713848608905,8.2041101107138));
#10463=CARTESIAN_POINT('Ctrl Pts',(39.9484029576905,-10.1804176216791,8.12715089465402));
#10464=CARTESIAN_POINT('Ctrl Pts',(39.8868449530463,-10.4189923463563,8.02509570293384));
#10465=CARTESIAN_POINT('Ctrl Pts',(39.8527914525518,-10.5485262306974,8.));
#10466=CARTESIAN_POINT('Ctrl Pts',(39.7877929249819,-10.7911040380054,8.));
#10467=CARTESIAN_POINT('Ctrl Pts',(39.7525171793274,-10.920310422743,8.02509570293384));
#10468=CARTESIAN_POINT('Ctrl Pts',(39.6865406128169,-11.1577011973364,8.12715089465402));
#10469=CARTESIAN_POINT('Ctrl Pts',(39.6558713375202,-11.2658944705716,8.2041101107138));
#10470=CARTESIAN_POINT('Ctrl Pts',(39.6069714821342,-11.4366218689613,8.3816763279502));
#10471=CARTESIAN_POINT('Ctrl Pts',(39.585486265263,-11.5105389650624,8.49412079679994));
#10472=CARTESIAN_POINT('Ctrl Pts',(39.5568626975654,-11.6085246112572,8.7404986674858));
#10473=CARTESIAN_POINT('Ctrl Pts',(39.549756127803,-11.6326013957027,8.87443248563219));
#10474=CARTESIAN_POINT('Ctrl Pts',(39.549756127803,-11.6326013957027,9.));
#10475=CARTESIAN_POINT('Ctrl Pts',(37.3602555726955,-9.57630466881052,9.90773422818948));
#10476=CARTESIAN_POINT('Ctrl Pts',(37.3602555726954,-9.58718387585908,9.91259115494112));
#10477=CARTESIAN_POINT('Ctrl Pts',(37.3601459912773,-9.598138167288,9.91727317168211));
#10478=CARTESIAN_POINT('Ctrl Pts',(37.3573603759266,-9.73556042272682,9.97341093913773));
#10479=CARTESIAN_POINT('Ctrl Pts',(37.3384976974651,-9.87091486320722,10.));
#10480=CARTESIAN_POINT('Ctrl Pts',(37.3050213371101,-9.99585034090445,10.));
#10481=CARTESIAN_POINT('Origin',(28.6789568064208,28.6789568064208,9.));
#10482=CARTESIAN_POINT('',(27.3091709962057,27.3091709962057,10.));
#10483=CARTESIAN_POINT('Ctrl Pts',(27.7721776881926,26.3579641258195,9.));
#10484=CARTESIAN_POINT('Ctrl Pts',(27.7721776881926,26.3579641258195,8.86969257459499));
#10485=CARTESIAN_POINT('Ctrl Pts',(27.7688332923441,26.3925009849463,8.7345667411434));
#10486=CARTESIAN_POINT('Ctrl Pts',(27.7463767692207,26.5155321332272,8.48998874573537));
#10487=CARTESIAN_POINT('Ctrl Pts',(27.7261229509218,26.6028564128841,8.38005582375327));
#10488=CARTESIAN_POINT('Ctrl Pts',(27.6628474382043,26.7852014005863,8.20637590230812));
#10489=CARTESIAN_POINT('Ctrl Pts',(27.6154848764107,26.8935469504317,8.12986255825556));
#10490=CARTESIAN_POINT('Ctrl Pts',(27.4846428925192,27.1099228341231,8.02658906086227));
#10491=CARTESIAN_POINT('Ctrl Pts',(27.4006301135479,27.2177118788634,8.));
#10492=CARTESIAN_POINT('Ctrl Pts',(27.2177118788634,27.4006301135479,8.));
#10493=CARTESIAN_POINT('Ctrl Pts',(27.1099228341231,27.4846428925192,8.02658906086227));
#10494=CARTESIAN_POINT('Ctrl Pts',(26.8935469504317,27.6154848764107,8.12986255825557));
#10495=CARTESIAN_POINT('Ctrl Pts',(26.7852014005863,27.6628474382043,8.20637590230811));
#10496=CARTESIAN_POINT('Ctrl Pts',(26.6028564128841,27.7261229509218,8.38005582375327));
#10497=CARTESIAN_POINT('Ctrl Pts',(26.5155321332272,27.7463767692207,8.48998874573537));
#10498=CARTESIAN_POINT('Ctrl Pts',(26.3925009849463,27.7688332923441,8.7345667411434));
#10499=CARTESIAN_POINT('Ctrl Pts',(26.3579641258195,27.7721776881926,8.86969257459499));
#10500=CARTESIAN_POINT('Ctrl Pts',(26.3579641258195,27.7721776881926,9.13030742540501));
#10501=CARTESIAN_POINT('Ctrl Pts',(26.3925009849463,27.7688332923441,9.2654332588566));
#10502=CARTESIAN_POINT('Ctrl Pts',(26.5155321332272,27.7463767692207,9.51001125426463));
#10503=CARTESIAN_POINT('Ctrl Pts',(26.6028564128841,27.7261229509218,9.61994417624673));
#10504=CARTESIAN_POINT('Ctrl Pts',(26.7852014005863,27.6628474382043,9.79362409769189));
#10505=CARTESIAN_POINT('Ctrl Pts',(26.8935469504317,27.6154848764107,9.87013744174443));
#10506=CARTESIAN_POINT('Ctrl Pts',(27.1099228341231,27.4846428925192,9.97341093913773));
#10507=CARTESIAN_POINT('Ctrl Pts',(27.2177118788634,27.4006301135479,10.));
#10508=CARTESIAN_POINT('Ctrl Pts',(27.4006301135479,27.2177118788634,10.));
#10509=CARTESIAN_POINT('Ctrl Pts',(27.4846428925192,27.1099228341231,9.97341093913773));
#10510=CARTESIAN_POINT('Ctrl Pts',(27.6154848764107,26.8935469504317,9.87013744174444));
#10511=CARTESIAN_POINT('Ctrl Pts',(27.6628474382043,26.7852014005863,9.79362409769189));
#10512=CARTESIAN_POINT('Ctrl Pts',(27.7261229509218,26.6028564128841,9.61994417624673));
#10513=CARTESIAN_POINT('Ctrl Pts',(27.7463767692207,26.5155321332272,9.51001125426463));
#10514=CARTESIAN_POINT('Ctrl Pts',(27.7688332923441,26.3925009849463,9.2654332588566));
#10515=CARTESIAN_POINT('Ctrl Pts',(27.7721776881926,26.3579641258195,9.13030742540501));
#10516=CARTESIAN_POINT('Ctrl Pts',(27.7721776881926,26.3579641258195,9.));
#10517=CARTESIAN_POINT('',(29.1504770544154,29.1504770544154,10.));
#10518=CARTESIAN_POINT('',(28.6789568064208,28.6789568064208,10.));
#10519=CARTESIAN_POINT('',(29.8490063846784,28.4347928223053,9.));
#10520=CARTESIAN_POINT('Ctrl Pts',(29.8490063846784,28.4347928223053,9.));
#10521=CARTESIAN_POINT('Ctrl Pts',(29.8490063846784,28.4347928223053,9.12556751436781));
#10522=CARTESIAN_POINT('Ctrl Pts',(29.8317085625883,28.4529856844761,9.2595013325142));
#10523=CARTESIAN_POINT('Ctrl Pts',(29.7611622876262,28.5267672443465,9.50587920320006));
#10524=CARTESIAN_POINT('Ctrl Pts',(29.7078908130642,28.5823325360134,9.6183236720498));
#10525=CARTESIAN_POINT('Ctrl Pts',(29.5844864766297,28.7100447522139,9.79588988928619));
#10526=CARTESIAN_POINT('Ctrl Pts',(29.5061229911378,28.7907017603541,9.87284910534598));
#10527=CARTESIAN_POINT('Ctrl Pts',(29.3335248329711,28.9665345303033,9.97490429706616));
#10528=CARTESIAN_POINT('Ctrl Pts',(29.2392666942845,29.0616874145464,10.));
#10529=CARTESIAN_POINT('Ctrl Pts',(29.1504770544154,29.1504770544154,10.));
#10530=CARTESIAN_POINT('Ctrl Pts',(29.1504770544154,29.1504770544154,10.));
#10531=CARTESIAN_POINT('Ctrl Pts',(29.0616874145464,29.2392666942845,10.));
#10532=CARTESIAN_POINT('Ctrl Pts',(28.9665345303033,29.3335248329711,9.97490429706616));
#10533=CARTESIAN_POINT('Ctrl Pts',(28.7907017603541,29.5061229911378,9.87284910534598));
#10534=CARTESIAN_POINT('Ctrl Pts',(28.7100447522139,29.5844864766297,9.7958898892862));
#10535=CARTESIAN_POINT('Ctrl Pts',(28.5823325360134,29.7078908130642,9.61832367204981));
#10536=CARTESIAN_POINT('Ctrl Pts',(28.5267672443465,29.7611622876262,9.50587920320007));
#10537=CARTESIAN_POINT('Ctrl Pts',(28.4529856844761,29.8317085625883,9.25950133251421));
#10538=CARTESIAN_POINT('Ctrl Pts',(28.4347928223053,29.8490063846784,9.12556751436781));
#10539=CARTESIAN_POINT('Ctrl Pts',(28.4347928223053,29.8490063846784,8.87443248563219));
#10540=CARTESIAN_POINT('Ctrl Pts',(28.4529856844761,29.8317085625883,8.7404986674858));
#10541=CARTESIAN_POINT('Ctrl Pts',(28.5267672443465,29.7611622876262,8.49412079679994));
#10542=CARTESIAN_POINT('Ctrl Pts',(28.5823325360134,29.7078908130642,8.3816763279502));
#10543=CARTESIAN_POINT('Ctrl Pts',(28.7100447522139,29.5844864766297,8.20411011071381));
#10544=CARTESIAN_POINT('Ctrl Pts',(28.7907017603541,29.5061229911378,8.12715089465402));
#10545=CARTESIAN_POINT('Ctrl Pts',(28.9665345303033,29.3335248329711,8.02509570293384));
#10546=CARTESIAN_POINT('Ctrl Pts',(29.0616874145464,29.2392666942845,8.));
#10547=CARTESIAN_POINT('Ctrl Pts',(29.2392666942845,29.0616874145464,8.));
#10548=CARTESIAN_POINT('Ctrl Pts',(29.3335248329711,28.9665345303033,8.02509570293384));
#10549=CARTESIAN_POINT('Ctrl Pts',(29.5061229911378,28.7907017603541,8.12715089465402));
#10550=CARTESIAN_POINT('Ctrl Pts',(29.5844864766297,28.7100447522139,8.20411011071381));
#10551=CARTESIAN_POINT('Ctrl Pts',(29.7078908130642,28.5823325360134,8.3816763279502));
#10552=CARTESIAN_POINT('Ctrl Pts',(29.7611622876262,28.5267672443465,8.49412079679994));
#10553=CARTESIAN_POINT('Ctrl Pts',(29.8317085625883,28.4529856844761,8.7404986674858));
#10554=CARTESIAN_POINT('Ctrl Pts',(29.8490063846784,28.4347928223053,8.87443248563219));
#10555=CARTESIAN_POINT('Ctrl Pts',(29.8490063846784,28.4347928223053,9.));
#10556=CARTESIAN_POINT('Origin',(-35.7392555726955,9.57630466879325,5.));
#10557=CARTESIAN_POINT('',(-37.3602555726955,9.57630466879325,1.38777878078145E-16));
#10558=CARTESIAN_POINT('',(-34.1182555726955,9.57630466879325,0.));
#10559=CARTESIAN_POINT('Origin',(-35.7392555726955,9.57630466879325,0.));
#10560=CARTESIAN_POINT('Origin',(-35.7392555726955,9.57630466879325,0.));
#10561=CARTESIAN_POINT('',(-34.1182555726955,9.57630466879325,10.));
#10562=CARTESIAN_POINT('',(-34.1182555726955,9.57630466879325,5.));
#10563=CARTESIAN_POINT('Origin',(-35.7392555726955,9.57630466879325,10.));
#10564=CARTESIAN_POINT('Origin',(-35.7392555726955,9.57630466879325,10.));
#10565=CARTESIAN_POINT('Origin',(-26.1629509039022,-26.1629509039023,5.));
#10566=CARTESIAN_POINT('',(-27.7839509039023,-26.1629509039023,1.38777878078145E-16));
#10567=CARTESIAN_POINT('',(-24.5419509039023,-26.1629509039023,0.));
#10568=CARTESIAN_POINT('Origin',(-26.1629509039022,-26.1629509039023,0.));
#10569=CARTESIAN_POINT('Origin',(-26.1629509039022,-26.1629509039023,0.));
#10570=CARTESIAN_POINT('',(-24.5419509039023,-26.1629509039023,10.));
#10571=CARTESIAN_POINT('',(-24.5419509039023,-26.1629509039023,5.));
#10572=CARTESIAN_POINT('Origin',(-26.1629509039022,-26.1629509039023,10.));
#10573=CARTESIAN_POINT('Origin',(-26.1629509039022,-26.1629509039023,10.));
#10574=CARTESIAN_POINT('Origin',(9.57630466879328,-35.7392555726955,5.));
#10575=CARTESIAN_POINT('',(7.95530466879328,-35.7392555726955,1.38777878078145E-16));
#10576=CARTESIAN_POINT('',(11.1973046687933,-35.7392555726955,0.));
#10577=CARTESIAN_POINT('Origin',(9.57630466879328,-35.7392555726955,0.));
#10578=CARTESIAN_POINT('Origin',(9.57630466879328,-35.7392555726955,0.));
#10579=CARTESIAN_POINT('',(11.1973046687933,-35.7392555726955,10.));
#10580=CARTESIAN_POINT('',(11.1973046687933,-35.7392555726955,5.));
#10581=CARTESIAN_POINT('Origin',(9.57630466879328,-35.7392555726955,10.));
#10582=CARTESIAN_POINT('Origin',(9.57630466879328,-35.7392555726955,10.));
#10583=CARTESIAN_POINT('Origin',(35.7392555726955,-9.57630466879326,5.));
#10584=CARTESIAN_POINT('Origin',(35.7392555726955,-9.57630466879326,10.));
#10585=CARTESIAN_POINT('Origin',(26.1629509039023,26.1629509039023,5.));
#10586=CARTESIAN_POINT('',(24.5419509039023,26.1629509039023,1.38777878078145E-16));
#10587=CARTESIAN_POINT('',(27.7839509039023,26.1629509039023,0.));
#10588=CARTESIAN_POINT('Origin',(26.1629509039023,26.1629509039023,0.));
#10589=CARTESIAN_POINT('Origin',(26.1629509039023,26.1629509039023,0.));
#10590=CARTESIAN_POINT('',(27.7839509039023,26.1629509039023,10.));
#10591=CARTESIAN_POINT('',(27.7839509039023,26.1629509039023,5.));
#10592=CARTESIAN_POINT('Origin',(26.1629509039023,26.1629509039023,10.));
#10593=CARTESIAN_POINT('Origin',(26.1629509039023,26.1629509039023,10.));
#10594=CARTESIAN_POINT('Origin',(-10.4972267451866,39.1761835516075,9.));
#10595=CARTESIAN_POINT('',(-9.99585034090445,37.3050213371101,10.));
#10596=CARTESIAN_POINT('Ctrl Pts',(-8.94057768090228,37.2303934592999,9.));
#10597=CARTESIAN_POINT('Ctrl Pts',(-8.94057768090228,37.2303934592999,8.86969257459499));
#10598=CARTESIAN_POINT('Ctrl Pts',(-8.97215967619729,37.2447655570982,8.7345667411434));
#10599=CARTESIAN_POINT('Ctrl Pts',(-9.08993603762698,37.2868332117331,8.48998874573537));
#10600=CARTESIAN_POINT('Ctrl Pts',(-9.17568799132652,37.3129550303911,8.38005582375327));
#10601=CARTESIAN_POINT('Ctrl Pts',(-9.36524113928808,37.3493293227913,8.20637590230811));
#10602=CARTESIAN_POINT('Ctrl Pts',(-9.48275241873802,37.3624849160124,8.12986255825557));
#10603=CARTESIAN_POINT('Ctrl Pts',(-9.73556042272682,37.3573603759266,8.02658906086227));
#10604=CARTESIAN_POINT('Ctrl Pts',(-9.87091486320721,37.3384976974651,8.));
#10605=CARTESIAN_POINT('Ctrl Pts',(-10.1207858186017,37.2715449767551,8.));
#10606=CARTESIAN_POINT('Ctrl Pts',(-10.2474375418035,37.2202033152461,8.02658906086227));
#10607=CARTESIAN_POINT('Ctrl Pts',(-10.4689379655808,37.0982372951487,8.12986255825557));
#10608=CARTESIAN_POINT('Ctrl Pts',(-10.5641279222051,37.0280885774924,8.20637590230811));
#10609=CARTESIAN_POINT('Ctrl Pts',(-10.710098617507,36.9018109422483,8.38005582375327));
#10610=CARTESIAN_POINT('Ctrl Pts',(-10.7713010785059,36.8363128068477,8.48998874573537));
#10611=CARTESIAN_POINT('Ctrl Pts',(-10.8522645721519,36.7409929685414,8.7345667411434));
#10612=CARTESIAN_POINT('Ctrl Pts',(-10.8724293334804,36.7127553690949,8.86969257459499));
#10613=CARTESIAN_POINT('Ctrl Pts',(-10.8724293334804,36.7127553690949,9.13030742540501));
#10614=CARTESIAN_POINT('Ctrl Pts',(-10.8522645721519,36.7409929685414,9.26543325885659));
#10615=CARTESIAN_POINT('Ctrl Pts',(-10.7713010785059,36.8363128068477,9.51001125426463));
#10616=CARTESIAN_POINT('Ctrl Pts',(-10.710098617507,36.9018109422483,9.61994417624673));
#10617=CARTESIAN_POINT('Ctrl Pts',(-10.5641279222051,37.0280885774924,9.79362409769189));
#10618=CARTESIAN_POINT('Ctrl Pts',(-10.4689379655808,37.0982372951487,9.87013744174443));
#10619=CARTESIAN_POINT('Ctrl Pts',(-10.2474375418035,37.2202033152461,9.97341093913773));
#10620=CARTESIAN_POINT('Ctrl Pts',(-10.1207858186017,37.2715449767551,10.));
#10621=CARTESIAN_POINT('Ctrl Pts',(-9.87091486320721,37.3384976974651,10.));
#10622=CARTESIAN_POINT('Ctrl Pts',(-9.73556042272682,37.3573603759266,9.97341093913773));
#10623=CARTESIAN_POINT('Ctrl Pts',(-9.48275241873802,37.3624849160124,9.87013744174443));
#10624=CARTESIAN_POINT('Ctrl Pts',(-9.36524113928808,37.3493293227913,9.79362409769189));
#10625=CARTESIAN_POINT('Ctrl Pts',(-9.17568799132652,37.3129550303911,9.61994417624673));
#10626=CARTESIAN_POINT('Ctrl Pts',(-9.08993603762698,37.2868332117331,9.51001125426463));
#10627=CARTESIAN_POINT('Ctrl Pts',(-8.97215967619729,37.2447655570982,9.26543325885659));
#10628=CARTESIAN_POINT('Ctrl Pts',(-8.94057768090228,37.2303934592999,9.13030742540501));
#10629=CARTESIAN_POINT('Ctrl Pts',(-8.94057768090228,37.2303934592999,9.));
#10630=CARTESIAN_POINT('',(-10.6698151343514,39.8202921887668,10.));
#10631=CARTESIAN_POINT('',(-10.4972267451866,39.1761835516075,10.));
#10632=CARTESIAN_POINT('',(-9.70074974312461,40.0673942180081,9.));
#10633=CARTESIAN_POINT('Ctrl Pts',(-9.70074974312461,40.0673942180081,9.));
#10634=CARTESIAN_POINT('Ctrl Pts',(-9.70074974312461,40.0673942180081,9.12556751436781));
#10635=CARTESIAN_POINT('Ctrl Pts',(-9.72515413497708,40.0615102957332,9.2595013325142));
#10636=CARTESIAN_POINT('Ctrl Pts',(-9.82432397763679,40.0373062094089,9.50587920320006));
#10637=CARTESIAN_POINT('Ctrl Pts',(-9.89908066906998,40.0189544049747,9.6183236720498));
#10638=CARTESIAN_POINT('Ctrl Pts',(-10.0713848608905,39.9759392227855,9.7958898892862));
#10639=CARTESIAN_POINT('Ctrl Pts',(-10.1804176216791,39.9484029576905,9.87284910534598));
#10640=CARTESIAN_POINT('Ctrl Pts',(-10.4189923463563,39.8868449530463,9.97490429706616));
#10641=CARTESIAN_POINT('Ctrl Pts',(-10.5485262306974,39.8527914525518,10.));
#10642=CARTESIAN_POINT('Ctrl Pts',(-10.6698151343514,39.8202921887668,10.));
#10643=CARTESIAN_POINT('Ctrl Pts',(-10.6698151343514,39.8202921887668,10.));
#10644=CARTESIAN_POINT('Ctrl Pts',(-10.7911040380054,39.7877929249819,10.));
#10645=CARTESIAN_POINT('Ctrl Pts',(-10.920310422743,39.7525171793274,9.97490429706616));
#10646=CARTESIAN_POINT('Ctrl Pts',(-11.1577011973364,39.6865406128169,9.87284910534598));
#10647=CARTESIAN_POINT('Ctrl Pts',(-11.2658944705716,39.6558713375202,9.7958898892862));
#10648=CARTESIAN_POINT('Ctrl Pts',(-11.4366218689613,39.6069714821342,9.6183236720498));
#10649=CARTESIAN_POINT('Ctrl Pts',(-11.5105389650624,39.585486265263,9.50587920320006));
#10650=CARTESIAN_POINT('Ctrl Pts',(-11.6085246112572,39.5568626975654,9.2595013325142));
#10651=CARTESIAN_POINT('Ctrl Pts',(-11.6326013957027,39.5497561278031,9.12556751436781));
#10652=CARTESIAN_POINT('Ctrl Pts',(-11.6326013957027,39.5497561278031,8.87443248563219));
#10653=CARTESIAN_POINT('Ctrl Pts',(-11.6085246112572,39.5568626975654,8.7404986674858));
#10654=CARTESIAN_POINT('Ctrl Pts',(-11.5105389650624,39.585486265263,8.49412079679994));
#10655=CARTESIAN_POINT('Ctrl Pts',(-11.4366218689613,39.6069714821342,8.3816763279502));
#10656=CARTESIAN_POINT('Ctrl Pts',(-11.2658944705716,39.6558713375202,8.2041101107138));
#10657=CARTESIAN_POINT('Ctrl Pts',(-11.1577011973364,39.6865406128169,8.12715089465402));
#10658=CARTESIAN_POINT('Ctrl Pts',(-10.920310422743,39.7525171793274,8.02509570293384));
#10659=CARTESIAN_POINT('Ctrl Pts',(-10.7911040380054,39.7877929249819,8.));
#10660=CARTESIAN_POINT('Ctrl Pts',(-10.5485262306974,39.8527914525518,8.));
#10661=CARTESIAN_POINT('Ctrl Pts',(-10.4189923463563,39.8868449530463,8.02509570293384));
#10662=CARTESIAN_POINT('Ctrl Pts',(-10.1804176216791,39.9484029576905,8.12715089465402));
#10663=CARTESIAN_POINT('Ctrl Pts',(-10.0713848608905,39.9759392227855,8.2041101107138));
#10664=CARTESIAN_POINT('Ctrl Pts',(-9.89908066906999,40.0189544049747,8.3816763279502));
#10665=CARTESIAN_POINT('Ctrl Pts',(-9.82432397763679,40.0373062094089,8.49412079679994));
#10666=CARTESIAN_POINT('Ctrl Pts',(-9.72515413497708,40.0615102957332,8.7404986674858));
#10667=CARTESIAN_POINT('Ctrl Pts',(-9.70074974312461,40.0673942180081,8.87443248563219));
#10668=CARTESIAN_POINT('Ctrl Pts',(-9.70074974312461,40.0673942180081,9.));
#10669=CARTESIAN_POINT('Origin',(-9.57630466879326,35.7392555726955,5.));
#10670=CARTESIAN_POINT('',(-11.1973046687933,35.7392555726955,1.38777878078145E-16));
#10671=CARTESIAN_POINT('',(-7.95530466879326,35.7392555726955,0.));
#10672=CARTESIAN_POINT('Origin',(-9.57630466879326,35.7392555726955,0.));
#10673=CARTESIAN_POINT('Origin',(-9.57630466879326,35.7392555726955,0.));
#10674=CARTESIAN_POINT('',(-7.95530466879326,35.7392555726955,10.));
#10675=CARTESIAN_POINT('',(-7.95530466879326,35.7392555726955,5.));
#10676=CARTESIAN_POINT('Origin',(-9.57630466879326,35.7392555726955,10.));
#10677=CARTESIAN_POINT('Origin',(-9.57630466879326,35.7392555726955,10.));
#10678=CARTESIAN_POINT('Origin',(0.,0.,61.8));
#10679=CARTESIAN_POINT('',(-41.225,-5.04860642948496E-15,61.6));
#10680=CARTESIAN_POINT('',(41.225,-5.04860642948496E-15,61.6));
#10681=CARTESIAN_POINT('Origin',(0.,0.,61.6));
#10682=CARTESIAN_POINT('Origin',(0.,0.,61.6));
#10683=CARTESIAN_POINT('',(-40.825,4.99962055751907E-15,62.));
#10684=CARTESIAN_POINT('',(-41.025,5.02411349350202E-15,61.8));
#10685=CARTESIAN_POINT('Origin',(0.,0.,62.));
#10686=CARTESIAN_POINT('Origin',(-41.225,0.,62.));
#10687=CARTESIAN_POINT('',(-32.9,-4.02908796919479E-15,62.));
#10688=CARTESIAN_POINT('Origin',(0.,0.,62.));
#10689=CARTESIAN_POINT('Origin',(0.,0.,51.95));
#10690=CARTESIAN_POINT('',(-41.225,0.,41.9));
#10691=CARTESIAN_POINT('',(41.225,-5.04860642948496E-15,41.9));
#10692=CARTESIAN_POINT('Origin',(0.,0.,41.9));
#10693=CARTESIAN_POINT('Origin',(0.,0.,41.9));
#10694=CARTESIAN_POINT('',(41.225,7.57290964422745E-15,49.));
#10695=CARTESIAN_POINT('',(41.225,-5.04860642948496E-15,51.95));
#10696=CARTESIAN_POINT('',(41.225,7.57290964422745E-15,60.));
#10697=CARTESIAN_POINT('Ctrl Pts',(41.225,9.29811783123569E-15,49.));
#10698=CARTESIAN_POINT('Ctrl Pts',(41.225,-0.675715749505481,49.));
#10699=CARTESIAN_POINT('Ctrl Pts',(41.2066703205224,-1.39032945388291,49.1498972562972));
#10700=CARTESIAN_POINT('Ctrl Pts',(41.1423983399402,-2.68807596421912,49.7428624224739));
#10701=CARTESIAN_POINT('Ctrl Pts',(41.0975079449402,-3.27144596422538,50.1855246736335));
#10702=CARTESIAN_POINT('Ctrl Pts',(41.0158992754105,-4.17106004162224,51.1778891994016));
#10703=CARTESIAN_POINT('Ctrl Pts',(40.9737472515883,-4.55152585397379,51.791528042361));
#10704=CARTESIAN_POINT('Ctrl Pts',(40.9149349129352,-5.05296441660798,53.1194803980684));
#10705=CARTESIAN_POINT('Ctrl Pts',(40.899023310821,-5.17402331082101,53.8337944346751));
#10706=CARTESIAN_POINT('Ctrl Pts',(40.899023310821,-5.17402331082101,54.5));
#10707=CARTESIAN_POINT('Ctrl Pts',(40.899023310821,-5.17402331082101,55.1662055653249));
#10708=CARTESIAN_POINT('Ctrl Pts',(40.9149349129352,-5.05296441660797,55.8805196019316));
#10709=CARTESIAN_POINT('Ctrl Pts',(40.9737472515883,-4.55152585397379,57.208471957639));
#10710=CARTESIAN_POINT('Ctrl Pts',(41.0158992754105,-4.17106004162224,57.8221108005984));
#10711=CARTESIAN_POINT('Ctrl Pts',(41.0975079449402,-3.27144596422537,58.8144753263666));
#10712=CARTESIAN_POINT('Ctrl Pts',(41.1423983399402,-2.68807596421912,59.2571375775261));
#10713=CARTESIAN_POINT('Ctrl Pts',(41.2066703205224,-1.39032945388291,59.8501027437028));
#10714=CARTESIAN_POINT('Ctrl Pts',(41.225,-0.675715749505482,60.));
#10715=CARTESIAN_POINT('Ctrl Pts',(41.225,6.80011602582908E-15,60.));
#10716=CARTESIAN_POINT('',(41.225,-5.04860642948496E-15,51.95));
#10717=CARTESIAN_POINT('',(40.899023310821,5.17402331082102,54.5));
#10718=CARTESIAN_POINT('Ctrl Pts',(41.225,8.04911692853238E-15,60.));
#10719=CARTESIAN_POINT('Ctrl Pts',(41.225,0.675715749505497,60.));
#10720=CARTESIAN_POINT('Ctrl Pts',(41.2066703205224,1.39032945388293,59.8501027437028));
#10721=CARTESIAN_POINT('Ctrl Pts',(41.1423983399402,2.68807596421913,59.2571375775261));
#10722=CARTESIAN_POINT('Ctrl Pts',(41.0975079449402,3.27144596422539,58.8144753263665));
#10723=CARTESIAN_POINT('Ctrl Pts',(41.0158992754105,4.17106004162225,57.8221108005983));
#10724=CARTESIAN_POINT('Ctrl Pts',(40.9737472515883,4.55152585397382,57.208471957639));
#10725=CARTESIAN_POINT('Ctrl Pts',(40.9149349129352,5.05296441660799,55.8805196019316));
#10726=CARTESIAN_POINT('Ctrl Pts',(40.899023310821,5.17402331082102,55.1662055653249));
#10727=CARTESIAN_POINT('Ctrl Pts',(40.899023310821,5.17402331082102,54.5));
#10728=CARTESIAN_POINT('Ctrl Pts',(40.899023310821,5.17402331082102,54.5));
#10729=CARTESIAN_POINT('Ctrl Pts',(40.899023310821,5.17402331082102,53.8337944346751));
#10730=CARTESIAN_POINT('Ctrl Pts',(40.9149349129352,5.05296441660799,53.1194803980684));
#10731=CARTESIAN_POINT('Ctrl Pts',(40.9737472515883,4.55152585397381,51.791528042361));
#10732=CARTESIAN_POINT('Ctrl Pts',(41.0158992754105,4.17106004162225,51.1778891994016));
#10733=CARTESIAN_POINT('Ctrl Pts',(41.0975079449402,3.27144596422539,50.1855246736335));
#10734=CARTESIAN_POINT('Ctrl Pts',(41.1423983399402,2.68807596421913,49.7428624224739));
#10735=CARTESIAN_POINT('Ctrl Pts',(41.2066703205224,1.39032945388292,49.1498972562972));
#10736=CARTESIAN_POINT('Ctrl Pts',(41.225,0.675715749505495,49.));
#10737=CARTESIAN_POINT('Ctrl Pts',(41.225,7.49400541621981E-15,49.));
#10738=CARTESIAN_POINT('',(0.,-41.225,60.));
#10739=CARTESIAN_POINT('',(5.17402331082102,-40.899023310821,54.5));
#10740=CARTESIAN_POINT('Ctrl Pts',(-2.77555756156289E-16,-41.225,60.));
#10741=CARTESIAN_POINT('Ctrl Pts',(0.675715749505488,-41.225,60.));
#10742=CARTESIAN_POINT('Ctrl Pts',(1.39032945388292,-41.2066703205225,59.8501027437028));
#10743=CARTESIAN_POINT('Ctrl Pts',(2.68807596421912,-41.1423983399402,59.2571375775261));
#10744=CARTESIAN_POINT('Ctrl Pts',(3.27144596422538,-41.0975079449402,58.8144753263665));
#10745=CARTESIAN_POINT('Ctrl Pts',(4.17106004162224,-41.0158992754105,57.8221108005983));
#10746=CARTESIAN_POINT('Ctrl Pts',(4.55152585397381,-40.9737472515883,57.208471957639));
#10747=CARTESIAN_POINT('Ctrl Pts',(5.05296441660799,-40.9149349129352,55.8805196019316));
#10748=CARTESIAN_POINT('Ctrl Pts',(5.17402331082102,-40.899023310821,55.1662055653249));
#10749=CARTESIAN_POINT('Ctrl Pts',(5.17402331082102,-40.899023310821,54.5));
#10750=CARTESIAN_POINT('',(0.,-41.225,49.));
#10751=CARTESIAN_POINT('Ctrl Pts',(5.17402331082102,-40.899023310821,54.5));
#10752=CARTESIAN_POINT('Ctrl Pts',(5.17402331082101,-40.899023310821,53.8337944346751));
#10753=CARTESIAN_POINT('Ctrl Pts',(5.05296441660798,-40.9149349129352,53.1194803980684));
#10754=CARTESIAN_POINT('Ctrl Pts',(4.5515258539738,-40.9737472515883,51.791528042361));
#10755=CARTESIAN_POINT('Ctrl Pts',(4.17106004162225,-41.0158992754105,51.1778891994016));
#10756=CARTESIAN_POINT('Ctrl Pts',(3.27144596422538,-41.0975079449402,50.1855246736335));
#10757=CARTESIAN_POINT('Ctrl Pts',(2.68807596421913,-41.1423983399402,49.7428624224739));
#10758=CARTESIAN_POINT('Ctrl Pts',(1.39032945388292,-41.2066703205224,49.1498972562972));
#10759=CARTESIAN_POINT('Ctrl Pts',(0.675715749505489,-41.225,49.));
#10760=CARTESIAN_POINT('Ctrl Pts',(5.55111512312578E-16,-41.225,49.));
#10761=CARTESIAN_POINT('Ctrl Pts',(2.77555756156289E-16,-41.225,49.));
#10762=CARTESIAN_POINT('Ctrl Pts',(-0.675715749505488,-41.225,49.));
#10763=CARTESIAN_POINT('Ctrl Pts',(-1.39032945388291,-41.2066703205224,
49.1498972562972));
#10764=CARTESIAN_POINT('Ctrl Pts',(-2.68807596421913,-41.1423983399402,
49.7428624224739));
#10765=CARTESIAN_POINT('Ctrl Pts',(-3.27144596422538,-41.0975079449402,
50.1855246736335));
#10766=CARTESIAN_POINT('Ctrl Pts',(-4.17106004162225,-41.0158992754105,
51.1778891994016));
#10767=CARTESIAN_POINT('Ctrl Pts',(-4.55152585397381,-40.9737472515883,
51.791528042361));
#10768=CARTESIAN_POINT('Ctrl Pts',(-5.05296441660799,-40.9149349129352,
53.1194803980684));
#10769=CARTESIAN_POINT('Ctrl Pts',(-5.17402331082102,-40.899023310821,53.8337944346751));
#10770=CARTESIAN_POINT('Ctrl Pts',(-5.17402331082102,-40.899023310821,54.5));
#10771=CARTESIAN_POINT('Ctrl Pts',(-5.17402331082102,-40.899023310821,55.1662055653249));
#10772=CARTESIAN_POINT('Ctrl Pts',(-5.05296441660799,-40.9149349129352,
55.8805196019316));
#10773=CARTESIAN_POINT('Ctrl Pts',(-4.55152585397381,-40.9737472515883,
57.208471957639));
#10774=CARTESIAN_POINT('Ctrl Pts',(-4.17106004162224,-41.0158992754105,
57.8221108005983));
#10775=CARTESIAN_POINT('Ctrl Pts',(-3.27144596422538,-41.0975079449402,
58.8144753263665));
#10776=CARTESIAN_POINT('Ctrl Pts',(-2.68807596421912,-41.1423983399402,
59.2571375775261));
#10777=CARTESIAN_POINT('Ctrl Pts',(-1.39032945388291,-41.2066703205224,
59.8501027437028));
#10778=CARTESIAN_POINT('Ctrl Pts',(-0.675715749505489,-41.225,60.));
#10779=CARTESIAN_POINT('Ctrl Pts',(-4.16333634234434E-16,-41.225,60.));
#10780=CARTESIAN_POINT('',(-41.225,-2.52430321474248E-15,60.));
#10781=CARTESIAN_POINT('',(-40.899023310821,-5.17402331082102,54.5));
#10782=CARTESIAN_POINT('Ctrl Pts',(-41.225,-2.70616862252382E-15,60.));
#10783=CARTESIAN_POINT('Ctrl Pts',(-41.225,-0.675715749505492,60.));
#10784=CARTESIAN_POINT('Ctrl Pts',(-41.2066703205224,-1.39032945388292,
59.8501027437028));
#10785=CARTESIAN_POINT('Ctrl Pts',(-41.1423983399402,-2.68807596421912,
59.2571375775261));
#10786=CARTESIAN_POINT('Ctrl Pts',(-41.0975079449402,-3.27144596422538,
58.8144753263665));
#10787=CARTESIAN_POINT('Ctrl Pts',(-41.0158992754105,-4.17106004162225,
57.8221108005983));
#10788=CARTESIAN_POINT('Ctrl Pts',(-40.9737472515883,-4.55152585397381,
57.208471957639));
#10789=CARTESIAN_POINT('Ctrl Pts',(-40.9149349129352,-5.05296441660799,
55.8805196019316));
#10790=CARTESIAN_POINT('Ctrl Pts',(-40.899023310821,-5.17402331082102,55.1662055653249));
#10791=CARTESIAN_POINT('Ctrl Pts',(-40.899023310821,-5.17402331082102,54.5));
#10792=CARTESIAN_POINT('',(-41.225,-2.52430321474248E-15,49.));
#10793=CARTESIAN_POINT('Ctrl Pts',(-40.899023310821,-5.17402331082102,54.5));
#10794=CARTESIAN_POINT('Ctrl Pts',(-40.899023310821,-5.17402331082102,53.8337944346751));
#10795=CARTESIAN_POINT('Ctrl Pts',(-40.9149349129352,-5.05296441660798,
53.1194803980684));
#10796=CARTESIAN_POINT('Ctrl Pts',(-40.9737472515883,-4.5515258539738,51.791528042361));
#10797=CARTESIAN_POINT('Ctrl Pts',(-41.0158992754105,-4.17106004162225,
51.1778891994016));
#10798=CARTESIAN_POINT('Ctrl Pts',(-41.0975079449402,-3.27144596422538,
50.1855246736335));
#10799=CARTESIAN_POINT('Ctrl Pts',(-41.1423983399402,-2.68807596421912,
49.7428624224739));
#10800=CARTESIAN_POINT('Ctrl Pts',(-41.2066703205224,-1.39032945388291,
49.1498972562972));
#10801=CARTESIAN_POINT('Ctrl Pts',(-41.225,-0.67571574950549,49.));
#10802=CARTESIAN_POINT('Ctrl Pts',(-41.225,-2.77555756156289E-15,49.));
#10803=CARTESIAN_POINT('Ctrl Pts',(-41.225,-4.30211422042248E-15,49.));
#10804=CARTESIAN_POINT('Ctrl Pts',(-41.225,0.675715749505486,49.));
#10805=CARTESIAN_POINT('Ctrl Pts',(-41.2066703205224,1.39032945388291,49.1498972562972));
#10806=CARTESIAN_POINT('Ctrl Pts',(-41.1423983399402,2.68807596421913,49.7428624224739));
#10807=CARTESIAN_POINT('Ctrl Pts',(-41.0975079449402,3.27144596422538,50.1855246736335));
#10808=CARTESIAN_POINT('Ctrl Pts',(-41.0158992754105,4.17106004162225,51.1778891994016));
#10809=CARTESIAN_POINT('Ctrl Pts',(-40.9737472515883,4.5515258539738,51.791528042361));
#10810=CARTESIAN_POINT('Ctrl Pts',(-40.9149349129352,5.05296441660798,53.1194803980684));
#10811=CARTESIAN_POINT('Ctrl Pts',(-40.899023310821,5.17402331082101,53.8337944346751));
#10812=CARTESIAN_POINT('Ctrl Pts',(-40.899023310821,5.17402331082101,54.5));
#10813=CARTESIAN_POINT('Ctrl Pts',(-40.899023310821,5.17402331082101,55.1662055653249));
#10814=CARTESIAN_POINT('Ctrl Pts',(-40.9149349129352,5.05296441660798,55.8805196019316));
#10815=CARTESIAN_POINT('Ctrl Pts',(-40.9737472515883,4.55152585397381,57.208471957639));
#10816=CARTESIAN_POINT('Ctrl Pts',(-41.0158992754105,4.17106004162224,57.8221108005983));
#10817=CARTESIAN_POINT('Ctrl Pts',(-41.0975079449402,3.27144596422537,58.8144753263665));
#10818=CARTESIAN_POINT('Ctrl Pts',(-41.1423983399402,2.68807596421912,59.2571375775261));
#10819=CARTESIAN_POINT('Ctrl Pts',(-41.2066703205225,1.39032945388292,59.8501027437028));
#10820=CARTESIAN_POINT('Ctrl Pts',(-41.225,0.675715749505485,60.));
#10821=CARTESIAN_POINT('Ctrl Pts',(-41.225,-3.60822483003176E-15,60.));
#10822=CARTESIAN_POINT('',(-5.04860642948497E-15,41.225,60.));
#10823=CARTESIAN_POINT('',(-5.17402331082102,40.899023310821,54.5));
#10824=CARTESIAN_POINT('Ctrl Pts',(-3.60822483003176E-15,41.225,60.));
#10825=CARTESIAN_POINT('Ctrl Pts',(-0.675715749505493,41.225,60.));
#10826=CARTESIAN_POINT('Ctrl Pts',(-1.39032945388292,41.2066703205225,59.8501027437028));
#10827=CARTESIAN_POINT('Ctrl Pts',(-2.68807596421913,41.1423983399402,59.2571375775261));
#10828=CARTESIAN_POINT('Ctrl Pts',(-3.27144596422539,41.0975079449402,58.8144753263665));
#10829=CARTESIAN_POINT('Ctrl Pts',(-4.17106004162225,41.0158992754105,57.8221108005983));
#10830=CARTESIAN_POINT('Ctrl Pts',(-4.55152585397381,40.9737472515883,57.208471957639));
#10831=CARTESIAN_POINT('Ctrl Pts',(-5.05296441660799,40.9149349129352,55.8805196019316));
#10832=CARTESIAN_POINT('Ctrl Pts',(-5.17402331082102,40.899023310821,55.1662055653249));
#10833=CARTESIAN_POINT('Ctrl Pts',(-5.17402331082102,40.899023310821,54.5));
#10834=CARTESIAN_POINT('',(-5.04860642948497E-15,41.225,49.));
#10835=CARTESIAN_POINT('Ctrl Pts',(-5.17402331082102,40.899023310821,54.5));
#10836=CARTESIAN_POINT('Ctrl Pts',(-5.17402331082102,40.899023310821,53.8337944346751));
#10837=CARTESIAN_POINT('Ctrl Pts',(-5.05296441660799,40.9149349129352,53.1194803980684));
#10838=CARTESIAN_POINT('Ctrl Pts',(-4.55152585397381,40.9737472515883,51.791528042361));
#10839=CARTESIAN_POINT('Ctrl Pts',(-4.17106004162225,41.0158992754105,51.1778891994016));
#10840=CARTESIAN_POINT('Ctrl Pts',(-3.27144596422539,41.0975079449402,50.1855246736335));
#10841=CARTESIAN_POINT('Ctrl Pts',(-2.68807596421913,41.1423983399402,49.7428624224739));
#10842=CARTESIAN_POINT('Ctrl Pts',(-1.39032945388292,41.2066703205224,49.1498972562972));
#10843=CARTESIAN_POINT('Ctrl Pts',(-0.675715749505494,41.225,49.));
#10844=CARTESIAN_POINT('Ctrl Pts',(-5.55111512312578E-15,41.225,49.));
#10845=CARTESIAN_POINT('Ctrl Pts',(-6.93889390390723E-15,41.225,49.));
#10846=CARTESIAN_POINT('Ctrl Pts',(0.675715749505482,41.225,49.));
#10847=CARTESIAN_POINT('Ctrl Pts',(1.39032945388291,41.2066703205224,49.1498972562972));
#10848=CARTESIAN_POINT('Ctrl Pts',(2.68807596421912,41.1423983399402,49.7428624224739));
#10849=CARTESIAN_POINT('Ctrl Pts',(3.27144596422537,41.0975079449402,50.1855246736335));
#10850=CARTESIAN_POINT('Ctrl Pts',(4.17106004162224,41.0158992754105,51.1778891994016));
#10851=CARTESIAN_POINT('Ctrl Pts',(4.55152585397379,40.9737472515883,51.791528042361));
#10852=CARTESIAN_POINT('Ctrl Pts',(5.05296441660798,40.9149349129352,53.1194803980684));
#10853=CARTESIAN_POINT('Ctrl Pts',(5.17402331082101,40.899023310821,53.8337944346751));
#10854=CARTESIAN_POINT('Ctrl Pts',(5.17402331082101,40.899023310821,54.5));
#10855=CARTESIAN_POINT('Ctrl Pts',(5.17402331082101,40.899023310821,55.1662055653249));
#10856=CARTESIAN_POINT('Ctrl Pts',(5.05296441660798,40.9149349129352,55.8805196019316));
#10857=CARTESIAN_POINT('Ctrl Pts',(4.55152585397379,40.9737472515883,57.208471957639));
#10858=CARTESIAN_POINT('Ctrl Pts',(4.17106004162224,41.0158992754105,57.8221108005984));
#10859=CARTESIAN_POINT('Ctrl Pts',(3.27144596422538,41.0975079449402,58.8144753263666));
#10860=CARTESIAN_POINT('Ctrl Pts',(2.68807596421912,41.1423983399402,59.2571375775261));
#10861=CARTESIAN_POINT('Ctrl Pts',(1.39032945388291,41.2066703205225,59.8501027437028));
#10862=CARTESIAN_POINT('Ctrl Pts',(0.675715749505484,41.225,60.));
#10863=CARTESIAN_POINT('Ctrl Pts',(-3.88578058618805E-15,41.225,60.));
#10864=CARTESIAN_POINT('Origin',(0.,0.,61.8));
#10865=CARTESIAN_POINT('',(-32.5,3.9801020972289E-15,61.6));
#10866=CARTESIAN_POINT('',(-32.7,-4.00459503321185E-15,61.8));
#10867=CARTESIAN_POINT('',(32.5,-3.9801020972289E-15,61.6));
#10868=CARTESIAN_POINT('Origin',(0.,0.,61.6));
#10869=CARTESIAN_POINT('Origin',(0.,0.,61.6));
#10870=CARTESIAN_POINT('Origin',(0.,0.,50.2));
#10871=CARTESIAN_POINT('',(-32.5,0.,38.4));
#10872=CARTESIAN_POINT('',(32.5,-3.9801020972289E-15,38.4));
#10873=CARTESIAN_POINT('Origin',(0.,0.,38.4));
#10874=CARTESIAN_POINT('',(32.5,1.06306226910473E-15,49.5));
#10875=CARTESIAN_POINT('',(32.5,-3.9801020972289E-15,50.2));
#10876=CARTESIAN_POINT('',(32.1130814466628,5.00000000000001,54.5));
#10877=CARTESIAN_POINT('Ctrl Pts',(32.5,6.10622663543836E-15,49.5));
#10878=CARTESIAN_POINT('Ctrl Pts',(32.5,0.62887921033825,49.5));
#10879=CARTESIAN_POINT('Ctrl Pts',(32.4798881783095,1.29899901054881,49.6258858829446));
#10880=CARTESIAN_POINT('Ctrl Pts',(32.4071993644578,2.53060543602945,50.1364667010329));
#10881=CARTESIAN_POINT('Ctrl Pts',(32.3556390427386,3.0921745936132,50.5211067817477));
#10882=CARTESIAN_POINT('Ctrl Pts',(32.2585999366621,3.97890178222758,51.4078339703621));
#10883=CARTESIAN_POINT('Ctrl Pts',(32.2067706558746,4.3635351450231,51.969399436939));
#10884=CARTESIAN_POINT('Ctrl Pts',(32.1334647514451,4.87411107740208,53.2009932373271));
#10885=CARTESIAN_POINT('Ctrl Pts',(32.1130814466628,5.00000000000001,53.8711086421645));
#10886=CARTESIAN_POINT('Ctrl Pts',(32.1130814466628,5.00000000000001,54.5));
#10887=CARTESIAN_POINT('',(32.5,5.07950756792153E-16,59.5));
#10888=CARTESIAN_POINT('Ctrl Pts',(32.1130814466628,5.00000000000001,54.5));
#10889=CARTESIAN_POINT('Ctrl Pts',(32.1130814466628,5.00000000000001,55.1288913578355));
#10890=CARTESIAN_POINT('Ctrl Pts',(32.1334647514451,4.87411107740208,55.7990067626729));
#10891=CARTESIAN_POINT('Ctrl Pts',(32.2067706558746,4.3635351450231,57.030600563061));
#10892=CARTESIAN_POINT('Ctrl Pts',(32.2585999366621,3.97890178222758,57.5921660296379));
#10893=CARTESIAN_POINT('Ctrl Pts',(32.3556390427386,3.0921745936132,58.4788932182523));
#10894=CARTESIAN_POINT('Ctrl Pts',(32.4071993644578,2.53060543602945,58.8635332989671));
#10895=CARTESIAN_POINT('Ctrl Pts',(32.4798881783095,1.29899901054881,59.3741141170554));
#10896=CARTESIAN_POINT('Ctrl Pts',(32.5,0.62887921033825,59.5));
#10897=CARTESIAN_POINT('Ctrl Pts',(32.5,5.89805981832114E-15,59.5));
#10898=CARTESIAN_POINT('',(32.5,-3.9801020972289E-15,50.2));
#10899=CARTESIAN_POINT('Ctrl Pts',(32.5,5.27355936696949E-15,59.5));
#10900=CARTESIAN_POINT('Ctrl Pts',(32.5,-0.628879210338239,59.5));
#10901=CARTESIAN_POINT('Ctrl Pts',(32.4798881783095,-1.2989990105488,59.3741141170554));
#10902=CARTESIAN_POINT('Ctrl Pts',(32.4071993644578,-2.53060543602944,58.8635332989671));
#10903=CARTESIAN_POINT('Ctrl Pts',(32.3556390427386,-3.09217459361319,58.4788932182523));
#10904=CARTESIAN_POINT('Ctrl Pts',(32.2585999366621,-3.97890178222756,57.5921660296379));
#10905=CARTESIAN_POINT('Ctrl Pts',(32.2067706558746,-4.3635351450231,57.030600563061));
#10906=CARTESIAN_POINT('Ctrl Pts',(32.1334647514451,-4.87411107740206,55.7990067626729));
#10907=CARTESIAN_POINT('Ctrl Pts',(32.1130814466628,-4.99999999999999,55.1288913578355));
#10908=CARTESIAN_POINT('Ctrl Pts',(32.1130814466628,-4.99999999999999,53.8711086421645));
#10909=CARTESIAN_POINT('Ctrl Pts',(32.1334647514451,-4.87411107740206,53.2009932373271));
#10910=CARTESIAN_POINT('Ctrl Pts',(32.2067706558746,-4.36353514502309,51.969399436939));
#10911=CARTESIAN_POINT('Ctrl Pts',(32.2585999366621,-3.97890178222756,51.4078339703621));
#10912=CARTESIAN_POINT('Ctrl Pts',(32.3556390427386,-3.09217459361319,50.5211067817477));
#10913=CARTESIAN_POINT('Ctrl Pts',(32.4071993644578,-2.53060543602944,50.1364667010329));
#10914=CARTESIAN_POINT('Ctrl Pts',(32.4798881783095,-1.2989990105488,49.6258858829446));
#10915=CARTESIAN_POINT('Ctrl Pts',(32.5,-0.62887921033824,49.5));
#10916=CARTESIAN_POINT('Ctrl Pts',(32.5,5.68989300120393E-15,49.5));
#10917=CARTESIAN_POINT('Origin',(0.,0.,38.4));
#10918=CARTESIAN_POINT('',(5.,-32.1130814466628,54.5));
#10919=CARTESIAN_POINT('Ctrl Pts',(5.,-32.1130814466628,54.5));
#10920=CARTESIAN_POINT('Ctrl Pts',(5.,-32.1130814466628,55.1288913578355));
#10921=CARTESIAN_POINT('Ctrl Pts',(4.87411107740207,-32.1334647514451,55.7990067626729));
#10922=CARTESIAN_POINT('Ctrl Pts',(4.3635351450231,-32.2067706558746,57.030600563061));
#10923=CARTESIAN_POINT('Ctrl Pts',(3.97890178222757,-32.2585999366621,57.5921660296379));
#10924=CARTESIAN_POINT('Ctrl Pts',(3.09217459361319,-32.3556390427386,58.4788932182523));
#10925=CARTESIAN_POINT('Ctrl Pts',(2.53060543602944,-32.4071993644578,58.8635332989671));
#10926=CARTESIAN_POINT('Ctrl Pts',(1.2989990105488,-32.4798881783095,59.3741141170554));
#10927=CARTESIAN_POINT('Ctrl Pts',(0.628879210338244,-32.5,59.5));
#10928=CARTESIAN_POINT('Ctrl Pts',(-0.628879210338244,-32.5,59.5));
#10929=CARTESIAN_POINT('Ctrl Pts',(-1.2989990105488,-32.4798881783095,59.3741141170554));
#10930=CARTESIAN_POINT('Ctrl Pts',(-2.53060543602944,-32.4071993644578,
58.8635332989671));
#10931=CARTESIAN_POINT('Ctrl Pts',(-3.09217459361319,-32.3556390427386,
58.4788932182523));
#10932=CARTESIAN_POINT('Ctrl Pts',(-3.97890178222757,-32.2585999366621,
57.5921660296379));
#10933=CARTESIAN_POINT('Ctrl Pts',(-4.3635351450231,-32.2067706558746,57.030600563061));
#10934=CARTESIAN_POINT('Ctrl Pts',(-4.87411107740207,-32.1334647514451,
55.7990067626729));
#10935=CARTESIAN_POINT('Ctrl Pts',(-5.,-32.1130814466628,55.1288913578355));
#10936=CARTESIAN_POINT('Ctrl Pts',(-5.,-32.1130814466628,53.8711086421645));
#10937=CARTESIAN_POINT('Ctrl Pts',(-4.87411107740207,-32.1334647514451,
53.2009932373271));
#10938=CARTESIAN_POINT('Ctrl Pts',(-4.3635351450231,-32.2067706558746,51.969399436939));
#10939=CARTESIAN_POINT('Ctrl Pts',(-3.97890178222757,-32.2585999366621,
51.4078339703621));
#10940=CARTESIAN_POINT('Ctrl Pts',(-3.09217459361319,-32.3556390427386,
50.5211067817477));
#10941=CARTESIAN_POINT('Ctrl Pts',(-2.53060543602945,-32.4071993644578,
50.1364667010329));
#10942=CARTESIAN_POINT('Ctrl Pts',(-1.2989990105488,-32.4798881783095,49.6258858829446));
#10943=CARTESIAN_POINT('Ctrl Pts',(-0.628879210338246,-32.5,49.5));
#10944=CARTESIAN_POINT('Ctrl Pts',(0.628879210338244,-32.5,49.5));
#10945=CARTESIAN_POINT('Ctrl Pts',(1.2989990105488,-32.4798881783095,49.6258858829446));
#10946=CARTESIAN_POINT('Ctrl Pts',(2.53060543602944,-32.4071993644578,50.1364667010329));
#10947=CARTESIAN_POINT('Ctrl Pts',(3.09217459361319,-32.3556390427386,50.5211067817477));
#10948=CARTESIAN_POINT('Ctrl Pts',(3.97890178222757,-32.2585999366621,51.4078339703621));
#10949=CARTESIAN_POINT('Ctrl Pts',(4.3635351450231,-32.2067706558746,51.969399436939));
#10950=CARTESIAN_POINT('Ctrl Pts',(4.87411107740207,-32.1334647514451,53.2009932373271));
#10951=CARTESIAN_POINT('Ctrl Pts',(5.,-32.1130814466628,53.8711086421645));
#10952=CARTESIAN_POINT('Ctrl Pts',(5.,-32.1130814466628,54.5));
#10953=CARTESIAN_POINT('',(-32.1130814466628,-5.,54.5));
#10954=CARTESIAN_POINT('Ctrl Pts',(-32.1130814466628,-5.,54.5));
#10955=CARTESIAN_POINT('Ctrl Pts',(-32.1130814466628,-5.,55.1288913578355));
#10956=CARTESIAN_POINT('Ctrl Pts',(-32.1334647514451,-4.87411107740207,
55.7990067626729));
#10957=CARTESIAN_POINT('Ctrl Pts',(-32.2067706558746,-4.3635351450231,57.030600563061));
#10958=CARTESIAN_POINT('Ctrl Pts',(-32.2585999366621,-3.97890178222757,
57.5921660296379));
#10959=CARTESIAN_POINT('Ctrl Pts',(-32.3556390427386,-3.0921745936132,58.4788932182523));
#10960=CARTESIAN_POINT('Ctrl Pts',(-32.4071993644578,-2.53060543602945,
58.8635332989671));
#10961=CARTESIAN_POINT('Ctrl Pts',(-32.4798881783095,-1.2989990105488,59.3741141170554));
#10962=CARTESIAN_POINT('Ctrl Pts',(-32.5,-0.628879210338246,59.5));
#10963=CARTESIAN_POINT('Ctrl Pts',(-32.5,0.628879210338242,59.5));
#10964=CARTESIAN_POINT('Ctrl Pts',(-32.4798881783095,1.2989990105488,59.3741141170554));
#10965=CARTESIAN_POINT('Ctrl Pts',(-32.4071993644578,2.53060543602944,58.8635332989671));
#10966=CARTESIAN_POINT('Ctrl Pts',(-32.3556390427386,3.09217459361319,58.4788932182523));
#10967=CARTESIAN_POINT('Ctrl Pts',(-32.2585999366621,3.97890178222757,57.5921660296379));
#10968=CARTESIAN_POINT('Ctrl Pts',(-32.2067706558746,4.3635351450231,57.030600563061));
#10969=CARTESIAN_POINT('Ctrl Pts',(-32.1334647514451,4.87411107740207,55.7990067626729));
#10970=CARTESIAN_POINT('Ctrl Pts',(-32.1130814466628,5.,55.1288913578355));
#10971=CARTESIAN_POINT('Ctrl Pts',(-32.1130814466628,5.,53.8711086421645));
#10972=CARTESIAN_POINT('Ctrl Pts',(-32.1334647514451,4.87411107740207,53.2009932373271));
#10973=CARTESIAN_POINT('Ctrl Pts',(-32.2067706558746,4.3635351450231,51.969399436939));
#10974=CARTESIAN_POINT('Ctrl Pts',(-32.2585999366621,3.97890178222757,51.4078339703621));
#10975=CARTESIAN_POINT('Ctrl Pts',(-32.3556390427386,3.09217459361319,50.5211067817477));
#10976=CARTESIAN_POINT('Ctrl Pts',(-32.4071993644578,2.53060543602945,50.1364667010329));
#10977=CARTESIAN_POINT('Ctrl Pts',(-32.4798881783095,1.2989990105488,49.6258858829446));
#10978=CARTESIAN_POINT('Ctrl Pts',(-32.5,0.628879210338244,49.5));
#10979=CARTESIAN_POINT('Ctrl Pts',(-32.5,-0.628879210338246,49.5));
#10980=CARTESIAN_POINT('Ctrl Pts',(-32.4798881783095,-1.2989990105488,49.6258858829446));
#10981=CARTESIAN_POINT('Ctrl Pts',(-32.4071993644578,-2.53060543602945,
50.1364667010329));
#10982=CARTESIAN_POINT('Ctrl Pts',(-32.3556390427386,-3.0921745936132,50.5211067817477));
#10983=CARTESIAN_POINT('Ctrl Pts',(-32.2585999366621,-3.97890178222757,
51.4078339703621));
#10984=CARTESIAN_POINT('Ctrl Pts',(-32.2067706558746,-4.36353514502311,
51.969399436939));
#10985=CARTESIAN_POINT('Ctrl Pts',(-32.1334647514451,-4.87411107740207,
53.2009932373271));
#10986=CARTESIAN_POINT('Ctrl Pts',(-32.1130814466628,-5.,53.8711086421645));
#10987=CARTESIAN_POINT('Ctrl Pts',(-32.1130814466628,-5.,54.5));
#10988=CARTESIAN_POINT('',(-5.,32.1130814466628,54.5));
#10989=CARTESIAN_POINT('Ctrl Pts',(-5.,32.1130814466628,54.5));
#10990=CARTESIAN_POINT('Ctrl Pts',(-5.,32.1130814466628,55.1288913578355));
#10991=CARTESIAN_POINT('Ctrl Pts',(-4.87411107740208,32.1334647514451,55.7990067626729));
#10992=CARTESIAN_POINT('Ctrl Pts',(-4.3635351450231,32.2067706558746,57.030600563061));
#10993=CARTESIAN_POINT('Ctrl Pts',(-3.97890178222757,32.2585999366621,57.5921660296379));
#10994=CARTESIAN_POINT('Ctrl Pts',(-3.0921745936132,32.3556390427386,58.4788932182523));
#10995=CARTESIAN_POINT('Ctrl Pts',(-2.53060543602945,32.4071993644578,58.8635332989671));
#10996=CARTESIAN_POINT('Ctrl Pts',(-1.2989990105488,32.4798881783095,59.3741141170554));
#10997=CARTESIAN_POINT('Ctrl Pts',(-0.628879210338248,32.5,59.5));
#10998=CARTESIAN_POINT('Ctrl Pts',(0.628879210338241,32.5,59.5));
#10999=CARTESIAN_POINT('Ctrl Pts',(1.2989990105488,32.4798881783095,59.3741141170554));
#11000=CARTESIAN_POINT('Ctrl Pts',(2.53060543602944,32.4071993644578,58.8635332989671));
#11001=CARTESIAN_POINT('Ctrl Pts',(3.09217459361319,32.3556390427386,58.4788932182523));
#11002=CARTESIAN_POINT('Ctrl Pts',(3.97890178222757,32.2585999366621,57.5921660296379));
#11003=CARTESIAN_POINT('Ctrl Pts',(4.3635351450231,32.2067706558746,57.030600563061));
#11004=CARTESIAN_POINT('Ctrl Pts',(4.87411107740207,32.1334647514451,55.7990067626729));
#11005=CARTESIAN_POINT('Ctrl Pts',(5.,32.1130814466628,55.1288913578355));
#11006=CARTESIAN_POINT('Ctrl Pts',(5.,32.1130814466628,53.8711086421645));
#11007=CARTESIAN_POINT('Ctrl Pts',(4.87411107740207,32.1334647514451,53.2009932373271));
#11008=CARTESIAN_POINT('Ctrl Pts',(4.36353514502309,32.2067706558746,51.969399436939));
#11009=CARTESIAN_POINT('Ctrl Pts',(3.97890178222757,32.2585999366621,51.4078339703621));
#11010=CARTESIAN_POINT('Ctrl Pts',(3.09217459361319,32.3556390427386,50.5211067817477));
#11011=CARTESIAN_POINT('Ctrl Pts',(2.53060543602944,32.4071993644578,50.1364667010329));
#11012=CARTESIAN_POINT('Ctrl Pts',(1.2989990105488,32.4798881783095,49.6258858829446));
#11013=CARTESIAN_POINT('Ctrl Pts',(0.628879210338242,32.5,49.5));
#11014=CARTESIAN_POINT('Ctrl Pts',(-0.628879210338248,32.5,49.5));
#11015=CARTESIAN_POINT('Ctrl Pts',(-1.2989990105488,32.4798881783095,49.6258858829446));
#11016=CARTESIAN_POINT('Ctrl Pts',(-2.53060543602945,32.4071993644578,50.1364667010329));
#11017=CARTESIAN_POINT('Ctrl Pts',(-3.0921745936132,32.3556390427386,50.5211067817477));
#11018=CARTESIAN_POINT('Ctrl Pts',(-3.97890178222757,32.2585999366621,51.4078339703621));
#11019=CARTESIAN_POINT('Ctrl Pts',(-4.3635351450231,32.2067706558746,51.969399436939));
#11020=CARTESIAN_POINT('Ctrl Pts',(-4.87411107740208,32.1334647514451,53.2009932373271));
#11021=CARTESIAN_POINT('Ctrl Pts',(-5.,32.1130814466628,53.8711086421645));
#11022=CARTESIAN_POINT('Ctrl Pts',(-5.,32.1130814466628,54.5));
#11023=CARTESIAN_POINT('Origin',(40.975,7.52698538925942E-15,54.5));
#11024=CARTESIAN_POINT('',(40.725,5.00000000000001,54.5));
#11025=CARTESIAN_POINT('',(40.975,5.25000000000001,54.5));
#11026=CARTESIAN_POINT('',(40.725,-4.99999999999999,54.5));
#11027=CARTESIAN_POINT('Origin',(40.725,7.48106113429139E-15,54.5));
#11028=CARTESIAN_POINT('Origin',(40.725,7.48106113429139E-15,54.5));
#11029=CARTESIAN_POINT('Origin',(31.225,5.73593944550642E-15,54.5));
#11030=CARTESIAN_POINT('',(31.225,5.00000000000001,54.5));
#11031=CARTESIAN_POINT('Origin',(-5.01799025950628E-15,40.975,54.5));
#11032=CARTESIAN_POINT('',(-5.00000000000001,40.725,54.5));
#11033=CARTESIAN_POINT('',(-5.25000000000001,40.975,54.5));
#11034=CARTESIAN_POINT('',(5.,40.725,54.5));
#11035=CARTESIAN_POINT('Origin',(-4.9873740895276E-15,40.725,54.5));
#11036=CARTESIAN_POINT('Origin',(-4.9873740895276E-15,40.725,54.5));
#11037=CARTESIAN_POINT('Origin',(-3.82395963033761E-15,31.225,54.5));
#11038=CARTESIAN_POINT('',(-5.,31.225,54.5));
#11039=CARTESIAN_POINT('Origin',(-40.975,-2.50899512975314E-15,54.5));
#11040=CARTESIAN_POINT('',(-40.725,-5.,54.5));
#11041=CARTESIAN_POINT('',(-40.975,-5.25,54.5));
#11042=CARTESIAN_POINT('',(-40.725,5.,54.5));
#11043=CARTESIAN_POINT('Origin',(-40.725,-2.4936870447638E-15,54.5));
#11044=CARTESIAN_POINT('Origin',(-40.725,-2.4936870447638E-15,54.5));
#11045=CARTESIAN_POINT('Origin',(-31.225,-1.91197981516881E-15,54.5));
#11046=CARTESIAN_POINT('',(-31.225,-5.,54.5));
#11047=CARTESIAN_POINT('Origin',(0.,-40.975,54.5));
#11048=CARTESIAN_POINT('',(5.,-40.725,54.5));
#11049=CARTESIAN_POINT('',(5.25,-40.975,54.5));
#11050=CARTESIAN_POINT('',(-5.,-40.725,54.5));
#11051=CARTESIAN_POINT('Origin',(0.,-40.725,54.5));
#11052=CARTESIAN_POINT('Origin',(0.,-40.725,54.5));
#11053=CARTESIAN_POINT('Origin',(0.,-31.225,54.5));
#11054=CARTESIAN_POINT('',(5.,-31.225,54.5));
#11055=CARTESIAN_POINT('Origin',(0.,0.,-5.01919145159544));
#11056=CARTESIAN_POINT('',(-29.9,-3.66169392945059E-15,-5.5));
#11057=CARTESIAN_POINT('Origin',(0.,0.,-5.5));
#11058=CARTESIAN_POINT('',(-30.25,3.70455656742074E-15,-4.53838290319088));
#11059=CARTESIAN_POINT('',(-30.075,3.68312524843567E-15,-5.01919145159544));
#11060=CARTESIAN_POINT('',(30.25,-3.70455656742074E-15,-4.53838290319088));
#11061=CARTESIAN_POINT('Origin',(0.,0.,-4.53838290319088));
#11062=CARTESIAN_POINT('Origin',(0.,0.,-4.53838290319088));
#11063=CARTESIAN_POINT('Origin',(0.,0.,-2.95));
#11064=CARTESIAN_POINT('',(30.25,-3.70455656742074E-15,-0.4));
#11065=CARTESIAN_POINT('',(30.25,-3.70455656742074E-15,-2.95));
#11066=CARTESIAN_POINT('',(-30.25,0.,-0.4));
#11067=CARTESIAN_POINT('Origin',(0.,0.,-0.4));
#11068=CARTESIAN_POINT('Origin',(0.,0.,-0.4));
#11069=CARTESIAN_POINT('Origin',(-28.,0.,-5.5));
#11070=CARTESIAN_POINT('',(-28.,0.,-5.5));
#11071=CARTESIAN_POINT('',(28.,-3.42901103761259E-15,-5.5));
#11072=CARTESIAN_POINT('Origin',(0.,0.,-5.5));
#11073=CARTESIAN_POINT('Origin',(0.,0.,-5.5));
#11074=CARTESIAN_POINT('Origin',(0.,0.,0.480808548404561));
#11075=CARTESIAN_POINT('',(-40.875,-5.00574379151481E-15,1.38777878078145E-16));
#11076=CARTESIAN_POINT('Origin',(0.,0.,1.38777878078145E-16));
#11077=CARTESIAN_POINT('',(-41.225,5.04860642948496E-15,0.961617096809122));
#11078=CARTESIAN_POINT('',(-41.05,5.02717511049989E-15,0.480808548404561));
#11079=CARTESIAN_POINT('',(41.225,-5.04860642948496E-15,0.96161709680912));
#11080=CARTESIAN_POINT('Origin',(0.,0.,0.961617096809122));
#11081=CARTESIAN_POINT('Origin',(0.,0.,0.961617096809122));
#11082=CARTESIAN_POINT('Origin',(0.,0.,18.55));
#11083=CARTESIAN_POINT('',(41.225,-5.04860642948496E-15,37.1));
#11084=CARTESIAN_POINT('',(41.225,-5.04860642948496E-15,18.55));
#11085=CARTESIAN_POINT('',(-41.225,0.,37.1));
#11086=CARTESIAN_POINT('Origin',(0.,0.,37.1));
#11087=CARTESIAN_POINT('Origin',(0.,0.,37.1));
#11088=CARTESIAN_POINT('',(17.630410629647,-37.2648526903036,19.));
#11089=CARTESIAN_POINT('',(29.2990290312991,-29.0011641632382,19.));
#11090=CARTESIAN_POINT('Ctrl Pts',(17.630410629647,-37.2648526903036,19.));
#11091=CARTESIAN_POINT('Ctrl Pts',(17.670062240078,-37.2460930784024,19.5596145478528));
#11092=CARTESIAN_POINT('Ctrl Pts',(17.8090886546228,-37.1804482837334,20.1148292830645));
#11093=CARTESIAN_POINT('Ctrl Pts',(18.2574566650811,-36.9627243026741,21.2831658670803));
#11094=CARTESIAN_POINT('Ctrl Pts',(18.6507170904565,-36.7700685448564,22.0015083008445));
#11095=CARTESIAN_POINT('Ctrl Pts',(19.7351236567576,-36.1993089757243,23.2828756794669));
#11096=CARTESIAN_POINT('Ctrl Pts',(20.3565464235551,-35.8572714215445,23.7785886363717));
#11097=CARTESIAN_POINT('Ctrl Pts',(21.6977105022246,-35.0612939791978,24.4840067321647));
#11098=CARTESIAN_POINT('Ctrl Pts',(22.4522077471803,-34.5886167406241,24.7248478154151));
#11099=CARTESIAN_POINT('Ctrl Pts',(24.1189325998794,-33.4491189841113,24.8634801937585));
#11100=CARTESIAN_POINT('Ctrl Pts',(24.9616442650185,-32.8238459949093,24.7396880201743));
#11101=CARTESIAN_POINT('Ctrl Pts',(26.6928082369565,-31.4402352525941,24.0746321554115));
#11102=CARTESIAN_POINT('Ctrl Pts',(27.4054945802844,-30.8040540750868,23.4987714777366));
#11103=CARTESIAN_POINT('Ctrl Pts',(28.3118571634704,-29.970870944246,22.5014425976846));
#11104=CARTESIAN_POINT('Ctrl Pts',(28.6710740954996,-29.6241409884172,21.959265604685));
#11105=CARTESIAN_POINT('Ctrl Pts',(29.0563861142465,-29.2449140805602,20.9726535242475));
#11106=CARTESIAN_POINT('Ctrl Pts',(29.1589866175548,-29.1421076904415,20.589537350103));
#11107=CARTESIAN_POINT('Ctrl Pts',(29.287390897918,-29.013059366614,19.8051492402174));
#11108=CARTESIAN_POINT('Ctrl Pts',(29.3139281013403,-28.9861120679768,19.40129659576));
#11109=CARTESIAN_POINT('Ctrl Pts',(29.2990290312991,-29.0011641632382,19.));
#11110=CARTESIAN_POINT('',(29.2990290312991,-29.0011641632382,9.00000000000001));
#11111=CARTESIAN_POINT('',(29.2990290312991,-29.0011641632382,18.55));
#11112=CARTESIAN_POINT('',(17.630410629647,-37.2648526903036,9.00000000000001));
#11113=CARTESIAN_POINT('Ctrl Pts',(29.2990290312991,-29.0011641632382,9.00000000000001));
#11114=CARTESIAN_POINT('Ctrl Pts',(29.3190005672372,-28.9809875038477,8.4620798907661));
#11115=CARTESIAN_POINT('Ctrl Pts',(29.2645700513471,-29.036429292749,7.91915971246511));
#11116=CARTESIAN_POINT('Ctrl Pts',(29.0803429014521,-29.2205851627314,7.13292177828068));
#11117=CARTESIAN_POINT('Ctrl Pts',(28.9962438329347,-29.3042605169609,6.86432141076033));
#11118=CARTESIAN_POINT('Ctrl Pts',(28.686046656869,-29.60903570554,6.1007904648251));
#11119=CARTESIAN_POINT('Ctrl Pts',(28.4058014445427,-29.8797483439745,5.65109294317377));
#11120=CARTESIAN_POINT('Ctrl Pts',(27.727937564716,-30.5107247104514,4.82364333183326));
#11121=CARTESIAN_POINT('Ctrl Pts',(27.1819735289345,-31.0100872441956,4.29300543009355));
#11122=CARTESIAN_POINT('Ctrl Pts',(25.6458294541976,-32.2925667912561,3.45009509796084));
#11123=CARTESIAN_POINT('Ctrl Pts',(24.7814019948336,-32.963197058407,3.21552153530366));
#11124=CARTESIAN_POINT('Ctrl Pts',(22.9967655397046,-34.2324075598834,3.16484973374348));
#11125=CARTESIAN_POINT('Ctrl Pts',(22.1463949591563,-34.7824409730381,3.35530863617292));
#11126=CARTESIAN_POINT('Ctrl Pts',(20.8453279688816,-35.5721905830869,3.93463821017895));
#11127=CARTESIAN_POINT('Ctrl Pts',(20.1255046064767,-35.9876521297233,4.34735017589012));
#11128=CARTESIAN_POINT('Ctrl Pts',(18.7852312290301,-36.7032344904489,5.78137875875249));
#11129=CARTESIAN_POINT('Ctrl Pts',(18.4111979726755,-36.8859997450744,6.46984215828746));
#11130=CARTESIAN_POINT('Ctrl Pts',(18.0566484239531,-37.0606076951466,7.21843720282819));
#11131=CARTESIAN_POINT('Ctrl Pts',(17.9233136361242,-37.1250305526801,7.56637493223369));
#11132=CARTESIAN_POINT('Ctrl Pts',(17.7243483565707,-37.2204245895827,8.27302198496969));
#11133=CARTESIAN_POINT('Ctrl Pts',(17.6562552240494,-37.2526253291583,8.63524782843129));
#11134=CARTESIAN_POINT('Ctrl Pts',(17.630410629647,-37.2648526903036,9.00000000000001));
#11135=CARTESIAN_POINT('',(17.630410629647,-37.2648526903036,18.55));
#11136=CARTESIAN_POINT('',(-17.630410629647,37.2648526903036,19.));
#11137=CARTESIAN_POINT('',(-29.2990290312991,29.0011641632382,19.));
#11138=CARTESIAN_POINT('Ctrl Pts',(-17.630410629647,37.2648526903036,19.));
#11139=CARTESIAN_POINT('Ctrl Pts',(-17.670062240078,37.2460930784024,19.5596145478528));
#11140=CARTESIAN_POINT('Ctrl Pts',(-17.8090886546229,37.1804482837334,20.1148292830646));
#11141=CARTESIAN_POINT('Ctrl Pts',(-18.257456665081,36.9627243026741,21.2831658670801));
#11142=CARTESIAN_POINT('Ctrl Pts',(-18.6507170904564,36.7700685448564,22.0015083008445));
#11143=CARTESIAN_POINT('Ctrl Pts',(-19.7351236567578,36.1993089757242,23.282875679467));
#11144=CARTESIAN_POINT('Ctrl Pts',(-20.3565464235552,35.8572714215445,23.7785886363718));
#11145=CARTESIAN_POINT('Ctrl Pts',(-21.6977105022251,35.0612939791975,24.484006732165));
#11146=CARTESIAN_POINT('Ctrl Pts',(-22.4522077471808,34.5886167406238,24.7248478154151));
#11147=CARTESIAN_POINT('Ctrl Pts',(-24.1189325998794,33.4491189841113,24.8634801937585));
#11148=CARTESIAN_POINT('Ctrl Pts',(-24.9616442650186,32.8238459949092,24.7396880201742));
#11149=CARTESIAN_POINT('Ctrl Pts',(-26.6928082369561,31.4402352525945,24.0746321554116));
#11150=CARTESIAN_POINT('Ctrl Pts',(-27.4054945802841,30.8040540750871,23.4987714777369));
#11151=CARTESIAN_POINT('Ctrl Pts',(-28.3118571634705,29.9708709442459,22.5014425976845));
#11152=CARTESIAN_POINT('Ctrl Pts',(-28.6710740954996,29.6241409884171,21.9592656046848));
#11153=CARTESIAN_POINT('Ctrl Pts',(-29.0563861142466,29.2449140805602,20.9726535242474));
#11154=CARTESIAN_POINT('Ctrl Pts',(-29.1589866175548,29.1421076904415,20.5895373501029));
#11155=CARTESIAN_POINT('Ctrl Pts',(-29.287390897918,29.013059366614,19.8051492402175));
#11156=CARTESIAN_POINT('Ctrl Pts',(-29.3139281013403,28.9861120679768,19.4012965957601));
#11157=CARTESIAN_POINT('Ctrl Pts',(-29.2990290312991,29.0011641632382,19.));
#11158=CARTESIAN_POINT('',(-29.2990290312991,29.0011641632382,9.00000000000001));
#11159=CARTESIAN_POINT('',(-29.2990290312991,29.0011641632382,18.55));
#11160=CARTESIAN_POINT('',(-17.630410629647,37.2648526903036,9.00000000000001));
#11161=CARTESIAN_POINT('Ctrl Pts',(-29.2990290312991,29.0011641632382,9.00000000000001));
#11162=CARTESIAN_POINT('Ctrl Pts',(-29.3190005672372,28.9809875038477,8.46207989076611));
#11163=CARTESIAN_POINT('Ctrl Pts',(-29.2645700513471,29.036429292749,7.9191597124651));
#11164=CARTESIAN_POINT('Ctrl Pts',(-29.0803429014522,29.2205851627314,7.13292177828072));
#11165=CARTESIAN_POINT('Ctrl Pts',(-28.9962438329347,29.3042605169609,6.86432141076038));
#11166=CARTESIAN_POINT('Ctrl Pts',(-28.686046656869,29.60903570554,6.10079046482517));
#11167=CARTESIAN_POINT('Ctrl Pts',(-28.4058014445427,29.8797483439745,5.65109294317386));
#11168=CARTESIAN_POINT('Ctrl Pts',(-27.7279375647163,30.5107247104511,4.82364333183363));
#11169=CARTESIAN_POINT('Ctrl Pts',(-27.1819735289349,31.0100872441953,4.29300543009376));
#11170=CARTESIAN_POINT('Ctrl Pts',(-25.6458294541977,32.292566791256,3.45009509796087));
#11171=CARTESIAN_POINT('Ctrl Pts',(-24.7814019948338,32.9631970584069,3.21552153530368));
#11172=CARTESIAN_POINT('Ctrl Pts',(-22.9967655397038,34.2324075598839,3.16484973374342));
#11173=CARTESIAN_POINT('Ctrl Pts',(-22.1463949591555,34.7824409730386,3.35530863617328));
#11174=CARTESIAN_POINT('Ctrl Pts',(-20.8453279688846,35.5721905830851,3.9346382101776));
#11175=CARTESIAN_POINT('Ctrl Pts',(-20.1255046064789,35.9876521297221,4.34735017588777));
#11176=CARTESIAN_POINT('Ctrl Pts',(-18.7852312290277,36.7032344904502,5.78137875875496));
#11177=CARTESIAN_POINT('Ctrl Pts',(-18.4111979726737,36.8859997450753,6.46984215829131));
#11178=CARTESIAN_POINT('Ctrl Pts',(-18.056648423953,37.0606076951467,7.21843720282841));
#11179=CARTESIAN_POINT('Ctrl Pts',(-17.9233136361242,37.1250305526801,7.56637493223379));
#11180=CARTESIAN_POINT('Ctrl Pts',(-17.7243483565707,37.2204245895827,8.27302198496958));
#11181=CARTESIAN_POINT('Ctrl Pts',(-17.6562552240494,37.2526253291583,8.63524782843125));
#11182=CARTESIAN_POINT('Ctrl Pts',(-17.630410629647,37.2648526903036,9.00000000000001));
#11183=CARTESIAN_POINT('',(-17.630410629647,37.2648526903036,18.55));
#11184=CARTESIAN_POINT('Origin',(-30.65,0.,1.38777878078145E-16));
#11185=CARTESIAN_POINT('',(-30.65,0.,1.38777878078145E-16));
#11186=CARTESIAN_POINT('',(30.65,-3.75354243938664E-15,0.));
#11187=CARTESIAN_POINT('Origin',(0.,0.,0.));
#11188=CARTESIAN_POINT('Origin',(0.,0.,0.));
#11189=CARTESIAN_POINT('Origin',(-35.7392555726955,9.57630466879325,10.4869975317218));
#11190=CARTESIAN_POINT('',(-35.7392555726955,9.57630466879325,10.9739950634437));
#11191=CARTESIAN_POINT('',(-34.9287555726955,9.57630466879325,10.4869975317218));
#11192=CARTESIAN_POINT('Origin',(26.1629509039023,26.1629509039023,10.4869975317218));
#11193=CARTESIAN_POINT('',(26.1629509039023,26.1629509039023,10.9739950634437));
#11194=CARTESIAN_POINT('',(26.9734509039023,26.1629509039023,10.4869975317218));
#11195=CARTESIAN_POINT('Origin',(9.57630466879328,-35.7392555726955,10.4869975317218));
#11196=CARTESIAN_POINT('',(9.57630466879328,-35.7392555726955,10.9739950634437));
#11197=CARTESIAN_POINT('',(10.3868046687933,-35.7392555726955,10.4869975317218));
#11198=CARTESIAN_POINT('Origin',(35.7392555726955,-9.57630466879326,10.4869975317218));
#11199=CARTESIAN_POINT('',(35.7392555726955,-9.57630466879326,10.9739950634437));
#11200=CARTESIAN_POINT('',(36.5497555726955,-9.57630466879326,10.4869975317218));
#11201=CARTESIAN_POINT('Origin',(-9.57630466879326,35.7392555726955,10.4869975317218));
#11202=CARTESIAN_POINT('',(-9.57630466879326,35.7392555726955,10.9739950634437));
#11203=CARTESIAN_POINT('',(-8.76580466879327,35.7392555726955,10.4869975317218));
#11204=CARTESIAN_POINT('Origin',(-26.1629509039022,-26.1629509039023,10.4869975317218));
#11205=CARTESIAN_POINT('',(-26.1629509039022,-26.1629509039023,10.9739950634437));
#11206=CARTESIAN_POINT('',(-25.3524509039023,-26.1629509039023,10.4869975317218));
#11207=CARTESIAN_POINT('Ctrl Pts',(-20.,33.1606035077771,19.));
#11208=CARTESIAN_POINT('Ctrl Pts',(-20.,33.1606035077771,19.2878214139635));
#11209=CARTESIAN_POINT('Ctrl Pts',(-20.060447195263,33.1243575191113,19.8784931177771));
#11210=CARTESIAN_POINT('Ctrl Pts',(-20.4585044277956,32.8817450827482,21.0103645805807));
#11211=CARTESIAN_POINT('Ctrl Pts',(-21.0487452229483,32.509509272467,21.7618625401465));
#11212=CARTESIAN_POINT('Ctrl Pts',(-21.8371752244721,31.9836327425851,22.3956856124588));
#11213=CARTESIAN_POINT('Ctrl Pts',(-22.7398522549437,31.3579332169246,22.8729477655002));
#11214=CARTESIAN_POINT('Ctrl Pts',(-23.5663650159494,30.7337632751335,22.9999996082348));
#11215=CARTESIAN_POINT('Ctrl Pts',(-24.4384510322541,30.0449384760252,22.9998061479912));
#11216=CARTESIAN_POINT('Ctrl Pts',(-25.3954470305254,29.2564833850404,22.8516290664662));
#11217=CARTESIAN_POINT('Ctrl Pts',(-26.510840378601,28.2362064658571,22.1865945925706));
#11218=CARTESIAN_POINT('Ctrl Pts',(-27.2023006941191,27.5645925998707,21.4390477979484));
#11219=CARTESIAN_POINT('Ctrl Pts',(-27.6469141165483,27.1178595160099,20.7203510968665));
#11220=CARTESIAN_POINT('Ctrl Pts',(-27.9352898571634,26.8190648740432,19.8804927439321));
#11221=CARTESIAN_POINT('Ctrl Pts',(-28.,26.7511798805211,19.2889487714183));
#11222=CARTESIAN_POINT('Ctrl Pts',(-28.,26.7511798805211,19.));
#11223=CARTESIAN_POINT('Ctrl Pts',(-19.210136876549,34.5286865686193,19.));
#11224=CARTESIAN_POINT('Ctrl Pts',(-19.2145014053826,34.534262225222,19.3391329681225));
#11225=CARTESIAN_POINT('Ctrl Pts',(-19.2967071601669,34.5033135529129,20.028306922715));
#11226=CARTESIAN_POINT('Ctrl Pts',(-19.7805052626216,34.2504227328842,21.3345482859524));
#11227=CARTESIAN_POINT('Ctrl Pts',(-20.4893888558249,33.8458706428527,22.2089935843165));
#11228=CARTESIAN_POINT('Ctrl Pts',(-21.4342746601905,33.2669579178344,22.9482887631517));
#11229=CARTESIAN_POINT('Ctrl Pts',(-22.5067586875176,32.5763491970923,23.5024003264979));
#11230=CARTESIAN_POINT('Ctrl Pts',(-23.48569522507,31.8818874844061,23.6471656067291));
#11231=CARTESIAN_POINT('Ctrl Pts',(-24.520027604828,31.1079065855077,23.6293914162664));
#11232=CARTESIAN_POINT('Ctrl Pts',(-25.6312375995546,30.2429531250427,23.4322255990344));
#11233=CARTESIAN_POINT('Ctrl Pts',(-26.8964909541937,29.1612091106528,22.6439612201523));
#11234=CARTESIAN_POINT('Ctrl Pts',(-27.6737654484615,28.4655938326389,21.7703595863932));
#11235=CARTESIAN_POINT('Ctrl Pts',(-28.1629712467451,28.0144212518136,20.9484520448371));
#11236=CARTESIAN_POINT('Ctrl Pts',(-28.4756466196912,27.725283672222,19.9975866415898));
#11237=CARTESIAN_POINT('Ctrl Pts',(-28.5420167789199,27.6737573922698,19.3284145558693));
#11238=CARTESIAN_POINT('Ctrl Pts',(-28.5389138117373,27.6846059833508,19.));
#11239=CARTESIAN_POINT('Ctrl Pts',(-18.420273753098,35.8967696294614,19.));
#11240=CARTESIAN_POINT('Ctrl Pts',(-18.4299821664792,35.90730420278,19.3916020622845));
#11241=CARTESIAN_POINT('Ctrl Pts',(-18.5447582685274,35.8868451152115,20.1828503772965));
#11242=CARTESIAN_POINT('Ctrl Pts',(-19.1305779813887,35.6466080585359,21.6759860830154));
#11243=CARTESIAN_POINT('Ctrl Pts',(-19.964772348959,35.200462155158,22.6982755541591));
#11244=CARTESIAN_POINT('Ctrl Pts',(-21.0724062504975,34.5517176817059,23.542651300889));
#11245=CARTESIAN_POINT('Ctrl Pts',(-22.3009856992631,33.7889210194953,24.148524289621));
#11246=CARTESIAN_POINT('Ctrl Pts',(-23.4049842154905,33.0299848695948,24.2942106608274));
#11247=CARTESIAN_POINT('Ctrl Pts',(-24.6015528009761,32.1709498394593,24.2591746714807));
#11248=CARTESIAN_POINT('Ctrl Pts',(-25.8395666119227,31.2367463098259,24.0140108302252));
#11249=CARTESIAN_POINT('Ctrl Pts',(-27.2327815847671,30.0931181241405,23.1418451531785));
#11250=CARTESIAN_POINT('Ctrl Pts',(-28.138040891255,29.3199712942695,22.1307689400853));
#11251=CARTESIAN_POINT('Ctrl Pts',(-28.6799517667566,28.8626834755764,21.2058178942532));
#11252=CARTESIAN_POINT('Ctrl Pts',(-29.0153622877176,28.6176370613654,20.1227822320516));
#11253=CARTESIAN_POINT('Ctrl Pts',(-29.0841910357472,28.5961959845043,19.3679236438835));
#11254=CARTESIAN_POINT('Ctrl Pts',(-29.0778276234746,28.6180320861804,19.));
#11255=CARTESIAN_POINT('Ctrl Pts',(-17.630410629647,37.2648526903036,19.));
#11256=CARTESIAN_POINT('Ctrl Pts',(-17.6435042161479,37.2815796601119,19.4417560764407));
#11257=CARTESIAN_POINT('Ctrl Pts',(-17.7885222813236,37.2681982818489,20.3360408177386));
#11258=CARTESIAN_POINT('Ctrl Pts',(-18.468454227689,37.0321050172098,22.009458922857));
#11259=CARTESIAN_POINT('Ctrl Pts',(-19.4250550161367,36.5482613140811,23.1694351696868));
#11260=CARTESIAN_POINT('Ctrl Pts',(-20.6948581714495,35.8352547702864,24.12098380985));
#11261=CARTESIAN_POINT('Ctrl Pts',(-22.0835228808786,35.0042605577228,24.7873132900704));
#11262=CARTESIAN_POINT('Ctrl Pts',(-23.3247174183799,34.1777664384743,24.9415219156886));
#11263=CARTESIAN_POINT('Ctrl Pts',(-24.6829203598319,33.2340660706667,24.888704173389));
#11264=CARTESIAN_POINT('Ctrl Pts',(-26.0591249558859,32.2276319353635,24.5956749588674));
#11265=CARTESIAN_POINT('Ctrl Pts',(-27.5893288930069,31.0219513359532,23.6227091022512));
#11266=CARTESIAN_POINT('Ctrl Pts',(-28.6049427214141,30.1936739204707,22.4799973095275));
#11267=CARTESIAN_POINT('Ctrl Pts',(-29.1965764541426,29.7305126287515,21.4509062058934));
#11268=CARTESIAN_POINT('Ctrl Pts',(-29.5553390312254,29.515683732666,20.2450583599461));
#11269=CARTESIAN_POINT('Ctrl Pts',(-29.6260503367596,29.5189124157672,19.4073461247712));
#11270=CARTESIAN_POINT('Ctrl Pts',(-29.6167414352119,29.55145818901,19.));
#11271=CARTESIAN_POINT('',(-20.,33.1606035077771,19.));
#11272=CARTESIAN_POINT('',(-20.,33.1606035077771,19.));
#11273=CARTESIAN_POINT('',(-28.,26.7511798805211,19.));
#11274=CARTESIAN_POINT('Ctrl Pts',(-28.,26.7511798805211,19.));
#11275=CARTESIAN_POINT('Ctrl Pts',(-28.,26.7511798805211,19.2889487714183));
#11276=CARTESIAN_POINT('Ctrl Pts',(-27.9352898571634,26.8190648740432,19.8804927439321));
#11277=CARTESIAN_POINT('Ctrl Pts',(-27.6469141165483,27.1178595160099,20.7203510968665));
#11278=CARTESIAN_POINT('Ctrl Pts',(-27.2023006941191,27.5645925998707,21.4390477979484));
#11279=CARTESIAN_POINT('Ctrl Pts',(-26.510840378601,28.2362064658571,22.1865945925706));
#11280=CARTESIAN_POINT('Ctrl Pts',(-25.3954470305254,29.2564833850404,22.8516290664662));
#11281=CARTESIAN_POINT('Ctrl Pts',(-24.4384510322541,30.0449384760252,22.9998061479912));
#11282=CARTESIAN_POINT('Ctrl Pts',(-23.5663650159494,30.7337632751335,22.9999996082348));
#11283=CARTESIAN_POINT('Ctrl Pts',(-22.7398522549437,31.3579332169246,22.8729477655002));
#11284=CARTESIAN_POINT('Ctrl Pts',(-21.8371752244721,31.9836327425851,22.3956856124588));
#11285=CARTESIAN_POINT('Ctrl Pts',(-21.0487452229483,32.509509272467,21.7618625401465));
#11286=CARTESIAN_POINT('Ctrl Pts',(-20.4585044277956,32.8817450827482,21.0103645805807));
#11287=CARTESIAN_POINT('Ctrl Pts',(-20.060447195263,33.1243575191113,19.8784931177771));
#11288=CARTESIAN_POINT('Ctrl Pts',(-20.,33.1606035077771,19.2878214139635));
#11289=CARTESIAN_POINT('Ctrl Pts',(-20.,33.1606035077771,19.));
#11290=CARTESIAN_POINT('',(-29.8169253974767,29.898186982513,19.));
#11291=CARTESIAN_POINT('Origin',(-24.,41.225,19.));
#11292=CARTESIAN_POINT('',(-20.,19.5959179422654,19.));
#11293=CARTESIAN_POINT('',(-20.,41.225,19.));
#11294=CARTESIAN_POINT('',(-22.2564404225837,16.9897280648038,22.6));
#11295=CARTESIAN_POINT('Ctrl Pts',(-22.2564404225837,16.9897280648038,22.6));
#11296=CARTESIAN_POINT('Ctrl Pts',(-21.7853322036768,17.6068769659927,22.3718318758126));
#11297=CARTESIAN_POINT('Ctrl Pts',(-21.3172945618868,18.1639070669295,22.0310435415939));
#11298=CARTESIAN_POINT('Ctrl Pts',(-20.6717311689858,18.8897017077962,21.2529334675663));
#11299=CARTESIAN_POINT('Ctrl Pts',(-20.4296706333104,19.1491010298238,20.8646853532472));
#11300=CARTESIAN_POINT('Ctrl Pts',(-20.092929762443,19.5021454852153,19.9793426280604));
#11301=CARTESIAN_POINT('Ctrl Pts',(-20.,19.5959179422654,19.4816339340795));
#11302=CARTESIAN_POINT('Ctrl Pts',(-20.,19.5959179422654,19.));
#11303=CARTESIAN_POINT('',(-24.,13.6293800299207,23.));
#11304=CARTESIAN_POINT('Ctrl Pts',(-24.,13.6293800299207,23.));
#11305=CARTESIAN_POINT('Ctrl Pts',(-23.9972167694986,13.6360633310917,23.));
#11306=CARTESIAN_POINT('Ctrl Pts',(-23.9944315143732,13.6427458108175,22.9999970951099));
#11307=CARTESIAN_POINT('Ctrl Pts',(-23.708016825737,14.3293355390708,22.9993987908652));
#11308=CARTESIAN_POINT('Ctrl Pts',(-23.3901792293395,15.0329212178332,22.968364883455));
#11309=CARTESIAN_POINT('Ctrl Pts',(-22.7445467743085,16.2692366093614,22.8111931658849));
#11310=CARTESIAN_POINT('Ctrl Pts',(-22.4761200640668,16.701949070692,22.7063957063531));
#11311=CARTESIAN_POINT('Ctrl Pts',(-22.2564404225837,16.9897280648038,22.6));
#11312=CARTESIAN_POINT('',(-25.7435595774163,11.0122268540026,22.6));
#11313=CARTESIAN_POINT('Ctrl Pts',(-25.7435595774163,11.0122268540026,22.6));
#11314=CARTESIAN_POINT('Ctrl Pts',(-25.3137708047056,12.0169548733826,22.8081562030349));
#11315=CARTESIAN_POINT('Ctrl Pts',(-24.7262601873033,12.8145760171412,22.9984193522506));
#11316=CARTESIAN_POINT('Ctrl Pts',(-24.0058399984671,13.622834119626,22.9999968014939));
#11317=CARTESIAN_POINT('Ctrl Pts',(-24.0029205052362,13.6261075195197,23.));
#11318=CARTESIAN_POINT('Ctrl Pts',(-24.,13.6293800299207,23.));
#11319=CARTESIAN_POINT('',(-28.,-3.42901103761259E-15,19.));
#11320=CARTESIAN_POINT('Ctrl Pts',(-28.,0.,19.));
#11321=CARTESIAN_POINT('Ctrl Pts',(-28.,2.34887940058914,19.8877929648059));
#11322=CARTESIAN_POINT('Ctrl Pts',(-27.6879723202098,4.89802192988453,20.8597454769333));
#11323=CARTESIAN_POINT('Ctrl Pts',(-26.672550244103,8.61490786063475,22.0199253214795));
#11324=CARTESIAN_POINT('Ctrl Pts',(-26.2472568873429,9.83472098902256,22.3560482586552));
#11325=CARTESIAN_POINT('Ctrl Pts',(-25.7435595774163,11.0122268540026,22.6));
#11326=CARTESIAN_POINT('',(-28.,41.225,19.));
#11327=CARTESIAN_POINT('Ctrl Pts',(-20.,33.1606035077771,9.00000000000001));
#11328=CARTESIAN_POINT('Ctrl Pts',(-20.,33.1606035077771,8.71217858603655));
#11329=CARTESIAN_POINT('Ctrl Pts',(-20.0604651530745,33.1243425672087,8.12149241227614));
#11330=CARTESIAN_POINT('Ctrl Pts',(-20.4585288242536,32.8817307388399,6.98960816932033));
#11331=CARTESIAN_POINT('Ctrl Pts',(-21.0487874709752,32.5094675924613,6.23812566482893));
#11332=CARTESIAN_POINT('Ctrl Pts',(-21.8371797296257,31.9836348117563,5.60431382637951));
#11333=CARTESIAN_POINT('Ctrl Pts',(-22.7399891032735,31.3577386948504,5.1271210494119));
#11334=CARTESIAN_POINT('Ctrl Pts',(-23.5662865402335,30.7338981546638,5.00000306981699));
#11335=CARTESIAN_POINT('Ctrl Pts',(-24.4382475951217,30.0452167459202,5.00012145794332));
#11336=CARTESIAN_POINT('Ctrl Pts',(-25.3955059500988,29.2563111970299,5.14836635928604));
#11337=CARTESIAN_POINT('Ctrl Pts',(-26.5107947170389,28.2362707694162,5.81339303333893));
#11338=CARTESIAN_POINT('Ctrl Pts',(-27.2023022283857,27.5645795018884,6.56095657345929));
#11339=CARTESIAN_POINT('Ctrl Pts',(-27.6469070980023,27.1178673468796,7.27964867835541));
#11340=CARTESIAN_POINT('Ctrl Pts',(-27.9352913054394,26.8190600377901,8.11950986878744));
#11341=CARTESIAN_POINT('Ctrl Pts',(-28.,26.7511798805211,8.71105122858167));
#11342=CARTESIAN_POINT('Ctrl Pts',(-28.,26.7511798805211,9.00000000000001));
#11343=CARTESIAN_POINT('Ctrl Pts',(-19.210136876549,34.5286865686193,9.00000000000001));
#11344=CARTESIAN_POINT('Ctrl Pts',(-19.2145014053826,34.534262225222,8.66086703187748));
#11345=CARTESIAN_POINT('Ctrl Pts',(-19.2967251179784,34.5032986010103,7.97167860733821));
#11346=CARTESIAN_POINT('Ctrl Pts',(-19.7805296590796,34.2504083889759,6.66542446394864));
#11347=CARTESIAN_POINT('Ctrl Pts',(-20.4894311038518,33.8458289628471,5.79099462065891));
#11348=CARTESIAN_POINT('Ctrl Pts',(-21.4342791653441,33.2669599870056,5.05171067568661));
#11349=CARTESIAN_POINT('Ctrl Pts',(-22.5068955358474,32.576154675018,4.49766848841427));
#11350=CARTESIAN_POINT('Ctrl Pts',(-23.4856167493542,31.8820223639363,4.35283707132261));
#11351=CARTESIAN_POINT('Ctrl Pts',(-24.5198241676956,31.1081848554027,4.37053618966807));
#11352=CARTESIAN_POINT('Ctrl Pts',(-25.6312965191281,30.2427809370322,4.56776982671785));
#11353=CARTESIAN_POINT('Ctrl Pts',(-26.8964452926315,29.1612734142118,5.35602640575725));
#11354=CARTESIAN_POINT('Ctrl Pts',(-27.673766982728,28.4655807346565,6.2296447850145));
#11355=CARTESIAN_POINT('Ctrl Pts',(-28.1629642281991,28.0144290826833,7.05154773038483));
#11356=CARTESIAN_POINT('Ctrl Pts',(-28.4756480679671,27.725278835969,8.00241597112977));
#11357=CARTESIAN_POINT('Ctrl Pts',(-28.5420167789199,27.6737573922698,8.67158544413073));
#11358=CARTESIAN_POINT('Ctrl Pts',(-28.5389138117373,27.6846059833508,9.00000000000001));
#11359=CARTESIAN_POINT('Ctrl Pts',(-18.420273753098,35.8967696294614,9.00000000000001));
#11360=CARTESIAN_POINT('Ctrl Pts',(-18.4299735108369,35.9073108625449,8.60840231999909));
#11361=CARTESIAN_POINT('Ctrl Pts',(-18.5447699536126,35.8868352544383,7.81714211224261));
#11362=CARTESIAN_POINT('Ctrl Pts',(-19.1305627698382,35.6466201321554,6.32401767352208));
#11363=CARTESIAN_POINT('Ctrl Pts',(-19.9647978729105,35.2004388198261,5.30171373378194));
#11364=CARTESIAN_POINT('Ctrl Pts',(-21.0723688649452,34.5517465378433,4.45736865597457));
#11365=CARTESIAN_POINT('Ctrl Pts',(-22.3011093939922,33.7888007894368,3.85144549320552));
#11366=CARTESIAN_POINT('Ctrl Pts',(-23.4047405250689,33.0301887090099,3.7059080625586));
#11367=CARTESIAN_POINT('Ctrl Pts',(-24.601747019844,32.1708198524496,3.74076869291531));
#11368=CARTESIAN_POINT('Ctrl Pts',(-25.8394536475297,31.2368175747847,3.98598794724412));
#11369=CARTESIAN_POINT('Ctrl Pts',(-27.2328388386766,30.0930779046554,4.85814168438921));
#11370=CARTESIAN_POINT('Ctrl Pts',(-28.1380219413896,29.3199859253639,5.86922971203454));
#11371=CARTESIAN_POINT('Ctrl Pts',(-28.679969421823,28.862669748622,6.79417896396356));
#11372=CARTESIAN_POINT('Ctrl Pts',(-29.0153525387381,28.6176449142243,7.87721771965539));
#11373=CARTESIAN_POINT('Ctrl Pts',(-29.0841972970878,28.5961906611036,8.63207615093141));
#11374=CARTESIAN_POINT('Ctrl Pts',(-29.0778276234746,28.6180320861804,9.00000000000001));
#11375=CARTESIAN_POINT('Ctrl Pts',(-17.630410629647,37.2648526903036,9.00000000000001));
#11376=CARTESIAN_POINT('Ctrl Pts',(-17.6435042161479,37.2815796601119,8.55824392355934));
#11377=CARTESIAN_POINT('Ctrl Pts',(-17.7885233201786,37.2681966124026,7.66395706203504));
#11378=CARTESIAN_POINT('Ctrl Pts',(-18.4684574867957,37.0321028793922,5.99053548137359));
#11379=CARTESIAN_POINT('Ctrl Pts',(-19.4250545449084,36.5482579790882,4.83056728347735));
#11380=CARTESIAN_POINT('Ctrl Pts',(-20.6948564443162,35.835256194481,3.87901806932581));
#11381=CARTESIAN_POINT('Ctrl Pts',(-22.0835056872825,35.0042486239712,3.21272843897297));
#11382=CARTESIAN_POINT('Ctrl Pts',(-23.3247191260396,34.177781722373,3.05847105827153));
#11383=CARTESIAN_POINT('Ctrl Pts',(-24.6829459318425,33.2340800170492,3.11124149627168));
#11384=CARTESIAN_POINT('Ctrl Pts',(-26.0591347455807,32.2275986215371,3.40432104488023));
#11385=CARTESIAN_POINT('Ctrl Pts',(-27.5893350967876,31.0219545387879,4.37727929436687));
#11386=CARTESIAN_POINT('Ctrl Pts',(-28.6049472345577,30.1936686014613,5.52000058437463));
#11387=CARTESIAN_POINT('Ctrl Pts',(-29.1965792789656,29.730511510745,6.54909113682433));
#11388=CARTESIAN_POINT('Ctrl Pts',(-29.5553407157455,29.5156818646956,7.7549412173854));
#11389=CARTESIAN_POINT('Ctrl Pts',(-29.6260503367596,29.5189124157672,8.59265387522886));
#11390=CARTESIAN_POINT('Ctrl Pts',(-29.6167414352119,29.55145818901,9.00000000000001));
#11391=CARTESIAN_POINT('',(-28.,26.7511798805211,9.00000000000001));
#11392=CARTESIAN_POINT('',(-29.8169253974767,29.898186982513,9.00000000000001));
#11393=CARTESIAN_POINT('',(-20.,33.1606035077771,9.00000000000001));
#11394=CARTESIAN_POINT('Ctrl Pts',(-20.,33.1606035077771,9.00000000000001));
#11395=CARTESIAN_POINT('Ctrl Pts',(-20.,33.1606035077771,8.71217858603655));
#11396=CARTESIAN_POINT('Ctrl Pts',(-20.0604651530745,33.1243425672087,8.12149241227614));
#11397=CARTESIAN_POINT('Ctrl Pts',(-20.4585288242536,32.8817307388399,6.98960816932033));
#11398=CARTESIAN_POINT('Ctrl Pts',(-21.0487874709752,32.5094675924613,6.23812566482893));
#11399=CARTESIAN_POINT('Ctrl Pts',(-21.8371797296257,31.9836348117563,5.60431382637951));
#11400=CARTESIAN_POINT('Ctrl Pts',(-22.7399891032735,31.3577386948504,5.1271210494119));
#11401=CARTESIAN_POINT('Ctrl Pts',(-23.5662865402335,30.7338981546638,5.00000306981699));
#11402=CARTESIAN_POINT('Ctrl Pts',(-24.4382475951217,30.0452167459202,5.00012145794332));
#11403=CARTESIAN_POINT('Ctrl Pts',(-25.3955059500988,29.2563111970299,5.14836635928604));
#11404=CARTESIAN_POINT('Ctrl Pts',(-26.5107947170389,28.2362707694162,5.81339303333893));
#11405=CARTESIAN_POINT('Ctrl Pts',(-27.2023022283857,27.5645795018884,6.56095657345929));
#11406=CARTESIAN_POINT('Ctrl Pts',(-27.6469070980023,27.1178673468796,7.27964867835541));
#11407=CARTESIAN_POINT('Ctrl Pts',(-27.9352913054394,26.8190600377901,8.11950986878744));
#11408=CARTESIAN_POINT('Ctrl Pts',(-28.,26.7511798805211,8.71105122858167));
#11409=CARTESIAN_POINT('Ctrl Pts',(-28.,26.7511798805211,9.00000000000001));
#11410=CARTESIAN_POINT('',(-20.,33.1606035077771,9.00000000000001));
#11411=CARTESIAN_POINT('Origin',(-24.,41.225,9.00000000000001));
#11412=CARTESIAN_POINT('',(-28.,-3.42901103761259E-15,9.00000000000001));
#11413=CARTESIAN_POINT('',(-28.,41.225,9.00000000000001));
#11414=CARTESIAN_POINT('',(-20.,19.5959179422654,9.00000000000001));
#11415=CARTESIAN_POINT('Ctrl Pts',(-20.,19.5959179422654,9.00000000000001));
#11416=CARTESIAN_POINT('Ctrl Pts',(-20.,19.5959179422654,8.51836606592053));
#11417=CARTESIAN_POINT('Ctrl Pts',(-20.092929762443,19.5021454852153,8.02065737193959));
#11418=CARTESIAN_POINT('Ctrl Pts',(-20.4296706333104,19.1491010298238,7.13531464675278));
#11419=CARTESIAN_POINT('Ctrl Pts',(-20.6717311689858,18.8897017077962,6.74706653243374));
#11420=CARTESIAN_POINT('Ctrl Pts',(-21.37744548845,18.0962805245592,5.8964553803778));
#11421=CARTESIAN_POINT('Ctrl Pts',(-21.9287178121057,17.4344092280362,5.52802639191109));
#11422=CARTESIAN_POINT('Ctrl Pts',(-23.0139797837951,15.9744807984741,5.07921350039331));
#11423=CARTESIAN_POINT('Ctrl Pts',(-23.5472903513818,15.1755594946207,5.00000000000001));
#11424=CARTESIAN_POINT('Ctrl Pts',(-24.6466962359394,13.3460375149349,5.00000000000001));
#11425=CARTESIAN_POINT('Ctrl Pts',(-25.2315839245022,12.2073657135939,5.15304411433044));
#11426=CARTESIAN_POINT('Ctrl Pts',(-26.2440073932192,9.84401742876081,5.64138408378033));
#11427=CARTESIAN_POINT('Ctrl Pts',(-26.6712631959555,8.6196190159897,5.97860414980667));
#11428=CARTESIAN_POINT('Ctrl Pts',(-27.6879723202098,4.89802192988453,7.14025452306675));
#11429=CARTESIAN_POINT('Ctrl Pts',(-28.,2.34887940058914,8.1122070351941));
#11430=CARTESIAN_POINT('Ctrl Pts',(-28.,0.,9.00000000000001));
#11431=CARTESIAN_POINT('',(-20.,41.225,9.00000000000001));
#11432=CARTESIAN_POINT('Origin',(-29.8169253974767,29.898186982513,9.00000000000001));
#11433=CARTESIAN_POINT('',(-28.,26.7511798805211,14.));
#11434=CARTESIAN_POINT('Origin',(-20.,33.1606035077771,9.00000000000001));
#11435=CARTESIAN_POINT('',(-20.,33.1606035077771,9.00000000000001));
#11436=CARTESIAN_POINT('Origin',(-28.,41.225,19.));
#11437=CARTESIAN_POINT('',(-28.,-4.44089209850063E-15,8.55));
#11438=CARTESIAN_POINT('Origin',(-20.,41.225,9.00000000000001));
#11439=CARTESIAN_POINT('',(-20.,19.5959179422654,8.55));
#11440=CARTESIAN_POINT('Origin',(0.,0.,22.6));
#11441=CARTESIAN_POINT('Origin',(0.,0.,22.6));
#11442=CARTESIAN_POINT('',(24.,-13.6293800299207,23.));
#11443=CARTESIAN_POINT('Ctrl Pts',(25.7435595774163,-11.0122268540027,22.6));
#11444=CARTESIAN_POINT('Ctrl Pts',(25.3136763630412,-12.0171756520357,22.8082019432206));
#11445=CARTESIAN_POINT('Ctrl Pts',(24.7261417295128,-12.8147088362286,22.9984194846413));
#11446=CARTESIAN_POINT('Ctrl Pts',(24.0058404705767,-13.6228335902876,22.9999968009767));
#11447=CARTESIAN_POINT('Ctrl Pts',(24.0029207415106,-13.6261072547675,23.));
#11448=CARTESIAN_POINT('Ctrl Pts',(24.,-13.6293800299207,23.));
#11449=CARTESIAN_POINT('Origin',(0.,0.,23.));
#11450=CARTESIAN_POINT('Origin',(0.,0.,22.6));
#11451=CARTESIAN_POINT('Origin',(0.,0.,23.));
#11452=CARTESIAN_POINT('',(22.2564404225837,-16.9897280648038,22.6));
#11453=CARTESIAN_POINT('Ctrl Pts',(24.,-13.6293800299207,23.));
#11454=CARTESIAN_POINT('Ctrl Pts',(23.997216079424,-13.6360649881503,23.));
#11455=CARTESIAN_POINT('Ctrl Pts',(23.9944301333816,-13.6427491241406,22.9999970936695));
#11456=CARTESIAN_POINT('Ctrl Pts',(23.7081111619056,-14.329109110018,22.9993988409816));
#11457=CARTESIAN_POINT('Ctrl Pts',(23.3904008427061,-15.0324279663948,22.9683859794048));
#11458=CARTESIAN_POINT('Ctrl Pts',(22.7447566452031,-16.2688980769372,22.8112744681974));
#11459=CARTESIAN_POINT('Ctrl Pts',(22.4762068451095,-16.7018353880539,22.7064377363304));
#11460=CARTESIAN_POINT('Ctrl Pts',(22.2564404225837,-16.9897280648038,22.6));
#11461=CARTESIAN_POINT('Origin',(0.,0.,22.6));
#11462=CARTESIAN_POINT('Ctrl Pts',(20.,-33.1606035077771,19.));
#11463=CARTESIAN_POINT('Ctrl Pts',(20.,-33.1606035077771,19.2878214139635));
#11464=CARTESIAN_POINT('Ctrl Pts',(20.060447195263,-33.1243575191113,19.8784931177771));
#11465=CARTESIAN_POINT('Ctrl Pts',(20.4585044277956,-32.8817450827482,21.0103645805807));
#11466=CARTESIAN_POINT('Ctrl Pts',(21.0487452229483,-32.509509272467,21.7618625401465));
#11467=CARTESIAN_POINT('Ctrl Pts',(21.8371752244721,-31.9836327425851,22.3956856124589));
#11468=CARTESIAN_POINT('Ctrl Pts',(22.7398522549437,-31.3579332169247,22.8729477655003));
#11469=CARTESIAN_POINT('Ctrl Pts',(23.5663650159494,-30.7337632751336,22.9999996082348));
#11470=CARTESIAN_POINT('Ctrl Pts',(24.4384510322541,-30.0449384760252,22.9998061479912));
#11471=CARTESIAN_POINT('Ctrl Pts',(25.3954470305254,-29.2564833850405,22.8516290664662));
#11472=CARTESIAN_POINT('Ctrl Pts',(26.510840378601,-28.2362064658571,22.1865945925706));
#11473=CARTESIAN_POINT('Ctrl Pts',(27.2023006941191,-27.5645925998707,21.4390477979484));
#11474=CARTESIAN_POINT('Ctrl Pts',(27.6469141165483,-27.1178595160099,20.7203510968665));
#11475=CARTESIAN_POINT('Ctrl Pts',(27.9352898571634,-26.8190648740432,19.8804927439321));
#11476=CARTESIAN_POINT('Ctrl Pts',(28.,-26.7511798805211,19.2889487714183));
#11477=CARTESIAN_POINT('Ctrl Pts',(28.,-26.7511798805211,19.));
#11478=CARTESIAN_POINT('Ctrl Pts',(19.210136876549,-34.5286865686193,19.));
#11479=CARTESIAN_POINT('Ctrl Pts',(19.2145014053826,-34.534262225222,19.3391329681225));
#11480=CARTESIAN_POINT('Ctrl Pts',(19.2967071601669,-34.5033135529129,20.028306922715));
#11481=CARTESIAN_POINT('Ctrl Pts',(19.7805052626216,-34.2504227328842,21.3345482859524));
#11482=CARTESIAN_POINT('Ctrl Pts',(20.4893888558249,-33.8458706428527,22.2089935843165));
#11483=CARTESIAN_POINT('Ctrl Pts',(21.4342746601905,-33.2669579178344,22.9482887631518));
#11484=CARTESIAN_POINT('Ctrl Pts',(22.5067586875176,-32.5763491970923,23.5024003264979));
#11485=CARTESIAN_POINT('Ctrl Pts',(23.48569522507,-31.8818874844061,23.6471656067292));
#11486=CARTESIAN_POINT('Ctrl Pts',(24.520027604828,-31.1079065855078,23.6293914162665));
#11487=CARTESIAN_POINT('Ctrl Pts',(25.6312375995546,-30.2429531250427,23.4322255990344));
#11488=CARTESIAN_POINT('Ctrl Pts',(26.8964909541937,-29.1612091106528,22.6439612201523));
#11489=CARTESIAN_POINT('Ctrl Pts',(27.6737654484614,-28.4655938326388,21.7703595863932));
#11490=CARTESIAN_POINT('Ctrl Pts',(28.1629712467451,-28.0144212518136,20.9484520448371));
#11491=CARTESIAN_POINT('Ctrl Pts',(28.4756466196911,-27.725283672222,19.9975866415898));
#11492=CARTESIAN_POINT('Ctrl Pts',(28.5420167789199,-27.6737573922698,19.3284145558693));
#11493=CARTESIAN_POINT('Ctrl Pts',(28.5389138117373,-27.6846059833508,19.));
#11494=CARTESIAN_POINT('Ctrl Pts',(18.420273753098,-35.8967696294615,19.));
#11495=CARTESIAN_POINT('Ctrl Pts',(18.4299821664792,-35.90730420278,19.3916020622845));
#11496=CARTESIAN_POINT('Ctrl Pts',(18.5447582685274,-35.8868451152116,20.1828503772965));
#11497=CARTESIAN_POINT('Ctrl Pts',(19.1305779813887,-35.6466080585359,21.6759860830154));
#11498=CARTESIAN_POINT('Ctrl Pts',(19.964772348959,-35.2004621551581,22.6982755541591));
#11499=CARTESIAN_POINT('Ctrl Pts',(21.0724062504975,-34.5517176817059,23.542651300889));
#11500=CARTESIAN_POINT('Ctrl Pts',(22.3009856992632,-33.7889210194954,24.148524289621));
#11501=CARTESIAN_POINT('Ctrl Pts',(23.4049842154905,-33.0299848695949,24.2942106608274));
#11502=CARTESIAN_POINT('Ctrl Pts',(24.6015528009761,-32.1709498394593,24.2591746714807));
#11503=CARTESIAN_POINT('Ctrl Pts',(25.8395666119227,-31.2367463098259,24.0140108302252));
#11504=CARTESIAN_POINT('Ctrl Pts',(27.2327815847671,-30.0931181241405,23.1418451531785));
#11505=CARTESIAN_POINT('Ctrl Pts',(28.138040891255,-29.3199712942695,22.1307689400853));
#11506=CARTESIAN_POINT('Ctrl Pts',(28.6799517667566,-28.8626834755764,21.2058178942532));
#11507=CARTESIAN_POINT('Ctrl Pts',(29.0153622877176,-28.6176370613655,20.1227822320516));
#11508=CARTESIAN_POINT('Ctrl Pts',(29.0841910357472,-28.5961959845043,19.3679236438835));
#11509=CARTESIAN_POINT('Ctrl Pts',(29.0778276234746,-28.6180320861804,19.));
#11510=CARTESIAN_POINT('Ctrl Pts',(17.630410629647,-37.2648526903036,19.));
#11511=CARTESIAN_POINT('Ctrl Pts',(17.6435042161479,-37.2815796601119,19.4417560764407));
#11512=CARTESIAN_POINT('Ctrl Pts',(17.7885222813236,-37.2681982818489,20.3360408177386));
#11513=CARTESIAN_POINT('Ctrl Pts',(18.468454227689,-37.0321050172099,22.009458922857));
#11514=CARTESIAN_POINT('Ctrl Pts',(19.4250550161367,-36.5482613140811,23.1694351696868));
#11515=CARTESIAN_POINT('Ctrl Pts',(20.6948581714495,-35.8352547702864,24.1209838098501));
#11516=CARTESIAN_POINT('Ctrl Pts',(22.0835228808787,-35.0042605577229,24.7873132900704));
#11517=CARTESIAN_POINT('Ctrl Pts',(23.3247174183799,-34.1777664384743,24.9415219156886));
#11518=CARTESIAN_POINT('Ctrl Pts',(24.6829203598319,-33.2340660706668,24.888704173389));
#11519=CARTESIAN_POINT('Ctrl Pts',(26.0591249558859,-32.2276319353635,24.5956749588674));
#11520=CARTESIAN_POINT('Ctrl Pts',(27.5893288930069,-31.0219513359532,23.6227091022512));
#11521=CARTESIAN_POINT('Ctrl Pts',(28.6049427214141,-30.1936739204707,22.4799973095275));
#11522=CARTESIAN_POINT('Ctrl Pts',(29.1965764541426,-29.7305126287515,21.4509062058934));
#11523=CARTESIAN_POINT('Ctrl Pts',(29.5553390312254,-29.515683732666,20.2450583599461));
#11524=CARTESIAN_POINT('Ctrl Pts',(29.6260503367596,-29.5189124157672,19.4073461247712));
#11525=CARTESIAN_POINT('Ctrl Pts',(29.6167414352119,-29.55145818901,19.));
#11526=CARTESIAN_POINT('',(20.,-33.1606035077771,19.));
#11527=CARTESIAN_POINT('',(20.,-33.1606035077771,19.));
#11528=CARTESIAN_POINT('',(28.,-26.7511798805211,19.));
#11529=CARTESIAN_POINT('Ctrl Pts',(28.,-26.7511798805211,19.));
#11530=CARTESIAN_POINT('Ctrl Pts',(28.,-26.7511798805211,19.2889487714183));
#11531=CARTESIAN_POINT('Ctrl Pts',(27.9352898571634,-26.8190648740432,19.8804927439321));
#11532=CARTESIAN_POINT('Ctrl Pts',(27.6469141165483,-27.1178595160099,20.7203510968665));
#11533=CARTESIAN_POINT('Ctrl Pts',(27.2023006941191,-27.5645925998707,21.4390477979484));
#11534=CARTESIAN_POINT('Ctrl Pts',(26.510840378601,-28.2362064658571,22.1865945925706));
#11535=CARTESIAN_POINT('Ctrl Pts',(25.3954470305254,-29.2564833850405,22.8516290664662));
#11536=CARTESIAN_POINT('Ctrl Pts',(24.4384510322541,-30.0449384760252,22.9998061479912));
#11537=CARTESIAN_POINT('Ctrl Pts',(23.5663650159494,-30.7337632751336,22.9999996082348));
#11538=CARTESIAN_POINT('Ctrl Pts',(22.7398522549437,-31.3579332169247,22.8729477655003));
#11539=CARTESIAN_POINT('Ctrl Pts',(21.8371752244721,-31.9836327425851,22.3956856124589));
#11540=CARTESIAN_POINT('Ctrl Pts',(21.0487452229483,-32.509509272467,21.7618625401465));
#11541=CARTESIAN_POINT('Ctrl Pts',(20.4585044277956,-32.8817450827482,21.0103645805807));
#11542=CARTESIAN_POINT('Ctrl Pts',(20.060447195263,-33.1243575191113,19.8784931177771));
#11543=CARTESIAN_POINT('Ctrl Pts',(20.,-33.1606035077771,19.2878214139635));
#11544=CARTESIAN_POINT('Ctrl Pts',(20.,-33.1606035077771,19.));
#11545=CARTESIAN_POINT('',(29.8169253974767,-29.898186982513,19.));
#11546=CARTESIAN_POINT('Ctrl Pts',(20.,-33.1606035077771,9.00000000000001));
#11547=CARTESIAN_POINT('Ctrl Pts',(20.,-33.1606035077771,8.71217858603655));
#11548=CARTESIAN_POINT('Ctrl Pts',(20.0604651530745,-33.1243425672087,8.12149241227613));
#11549=CARTESIAN_POINT('Ctrl Pts',(20.4585288242536,-32.8817307388399,6.98960816932032));
#11550=CARTESIAN_POINT('Ctrl Pts',(21.0487874709752,-32.5094675924613,6.23812566482893));
#11551=CARTESIAN_POINT('Ctrl Pts',(21.8371797296257,-31.9836348117563,5.6043138263795));
#11552=CARTESIAN_POINT('Ctrl Pts',(22.7399891032734,-31.3577386948504,5.12712104941189));
#11553=CARTESIAN_POINT('Ctrl Pts',(23.5662865402335,-30.7338981546637,5.00000306981698));
#11554=CARTESIAN_POINT('Ctrl Pts',(24.4382475951217,-30.0452167459202,5.00012145794331));
#11555=CARTESIAN_POINT('Ctrl Pts',(25.3955059500988,-29.2563111970299,5.14836635928603));
#11556=CARTESIAN_POINT('Ctrl Pts',(26.5107947170389,-28.2362707694162,5.81339303333893));
#11557=CARTESIAN_POINT('Ctrl Pts',(27.2023022283856,-27.5645795018884,6.56095657345929));
#11558=CARTESIAN_POINT('Ctrl Pts',(27.6469070980022,-27.1178673468796,7.27964867835542));
#11559=CARTESIAN_POINT('Ctrl Pts',(27.9352913054393,-26.8190600377902,8.11950986878744));
#11560=CARTESIAN_POINT('Ctrl Pts',(28.,-26.7511798805211,8.71105122858167));
#11561=CARTESIAN_POINT('Ctrl Pts',(28.,-26.7511798805211,9.00000000000001));
#11562=CARTESIAN_POINT('Ctrl Pts',(19.210136876549,-34.5286865686193,9.00000000000001));
#11563=CARTESIAN_POINT('Ctrl Pts',(19.2145014053826,-34.534262225222,8.66086703187748));
#11564=CARTESIAN_POINT('Ctrl Pts',(19.2967251179784,-34.5032986010103,7.9716786073382));
#11565=CARTESIAN_POINT('Ctrl Pts',(19.7805296590796,-34.2504083889759,6.66542446394864));
#11566=CARTESIAN_POINT('Ctrl Pts',(20.4894311038518,-33.845828962847,5.7909946206589));
#11567=CARTESIAN_POINT('Ctrl Pts',(21.4342791653441,-33.2669599870056,5.0517106756866));
#11568=CARTESIAN_POINT('Ctrl Pts',(22.5068955358474,-32.576154675018,4.49766848841426));
#11569=CARTESIAN_POINT('Ctrl Pts',(23.4856167493542,-31.8820223639362,4.3528370713226));
#11570=CARTESIAN_POINT('Ctrl Pts',(24.5198241676956,-31.1081848554027,4.37053618966806));
#11571=CARTESIAN_POINT('Ctrl Pts',(25.631296519128,-30.2427809370322,4.56776982671785));
#11572=CARTESIAN_POINT('Ctrl Pts',(26.8964452926315,-29.1612734142118,5.35602640575725));
#11573=CARTESIAN_POINT('Ctrl Pts',(27.673766982728,-28.4655807346565,6.22964478501449));
#11574=CARTESIAN_POINT('Ctrl Pts',(28.162964228199,-28.0144290826833,7.05154773038484));
#11575=CARTESIAN_POINT('Ctrl Pts',(28.4756480679671,-27.725278835969,8.00241597112977));
#11576=CARTESIAN_POINT('Ctrl Pts',(28.5420167789199,-27.6737573922698,8.67158544413073));
#11577=CARTESIAN_POINT('Ctrl Pts',(28.5389138117373,-27.6846059833508,9.00000000000001));
#11578=CARTESIAN_POINT('Ctrl Pts',(18.420273753098,-35.8967696294615,9.00000000000001));
#11579=CARTESIAN_POINT('Ctrl Pts',(18.4299735108369,-35.9073108625449,8.60840231999909));
#11580=CARTESIAN_POINT('Ctrl Pts',(18.5447699536125,-35.8868352544383,7.81714211224261));
#11581=CARTESIAN_POINT('Ctrl Pts',(19.1305627698382,-35.6466201321554,6.32401767352208));
#11582=CARTESIAN_POINT('Ctrl Pts',(19.9647978729105,-35.2004388198261,5.30171373378194));
#11583=CARTESIAN_POINT('Ctrl Pts',(21.0723688649452,-34.5517465378432,4.45736865597456));
#11584=CARTESIAN_POINT('Ctrl Pts',(22.3011093939922,-33.7888007894368,3.85144549320551));
#11585=CARTESIAN_POINT('Ctrl Pts',(23.4047405250689,-33.0301887090099,3.7059080625586));
#11586=CARTESIAN_POINT('Ctrl Pts',(24.601747019844,-32.1708198524496,3.74076869291531));
#11587=CARTESIAN_POINT('Ctrl Pts',(25.8394536475297,-31.2368175747847,3.98598794724411));
#11588=CARTESIAN_POINT('Ctrl Pts',(27.2328388386766,-30.0930779046554,4.85814168438921));
#11589=CARTESIAN_POINT('Ctrl Pts',(28.1380219413896,-29.3199859253639,5.86922971203454));
#11590=CARTESIAN_POINT('Ctrl Pts',(28.679969421823,-28.862669748622,6.79417896396357));
#11591=CARTESIAN_POINT('Ctrl Pts',(29.0153525387381,-28.6176449142243,7.8772177196554));
#11592=CARTESIAN_POINT('Ctrl Pts',(29.0841972970878,-28.5961906611036,8.63207615093142));
#11593=CARTESIAN_POINT('Ctrl Pts',(29.0778276234746,-28.6180320861804,9.00000000000001));
#11594=CARTESIAN_POINT('Ctrl Pts',(17.630410629647,-37.2648526903036,9.00000000000001));
#11595=CARTESIAN_POINT('Ctrl Pts',(17.6435042161479,-37.2815796601119,8.55824392355934));
#11596=CARTESIAN_POINT('Ctrl Pts',(17.7885233201785,-37.2681966124026,7.66395706203503));
#11597=CARTESIAN_POINT('Ctrl Pts',(18.4684574867957,-37.0321028793922,5.99053548137359));
#11598=CARTESIAN_POINT('Ctrl Pts',(19.4250545449084,-36.5482579790882,4.83056728347735));
#11599=CARTESIAN_POINT('Ctrl Pts',(20.6948564443162,-35.835256194481,3.87901806932581));
#11600=CARTESIAN_POINT('Ctrl Pts',(22.0835056872825,-35.0042486239712,3.21272843897297));
#11601=CARTESIAN_POINT('Ctrl Pts',(23.3247191260396,-34.177781722373,3.05847105827152));
#11602=CARTESIAN_POINT('Ctrl Pts',(24.6829459318425,-33.2340800170492,3.11124149627168));
#11603=CARTESIAN_POINT('Ctrl Pts',(26.0591347455807,-32.2275986215371,3.40432104488023));
#11604=CARTESIAN_POINT('Ctrl Pts',(27.5893350967876,-31.0219545387879,4.37727929436687));
#11605=CARTESIAN_POINT('Ctrl Pts',(28.6049472345577,-30.1936686014613,5.52000058437463));
#11606=CARTESIAN_POINT('Ctrl Pts',(29.1965792789656,-29.730511510745,6.54909113682433));
#11607=CARTESIAN_POINT('Ctrl Pts',(29.5553407157455,-29.5156818646957,7.7549412173854));
#11608=CARTESIAN_POINT('Ctrl Pts',(29.6260503367596,-29.5189124157672,8.59265387522886));
#11609=CARTESIAN_POINT('Ctrl Pts',(29.6167414352119,-29.55145818901,9.00000000000001));
#11610=CARTESIAN_POINT('',(28.,-26.7511798805211,9.00000000000001));
#11611=CARTESIAN_POINT('',(29.8169253974767,-29.898186982513,9.00000000000001));
#11612=CARTESIAN_POINT('',(20.,-33.1606035077771,9.00000000000001));
#11613=CARTESIAN_POINT('Ctrl Pts',(20.,-33.1606035077771,9.00000000000001));
#11614=CARTESIAN_POINT('Ctrl Pts',(20.,-33.1606035077771,8.71217858603655));
#11615=CARTESIAN_POINT('Ctrl Pts',(20.0604651530745,-33.1243425672087,8.12149241227613));
#11616=CARTESIAN_POINT('Ctrl Pts',(20.4585288242536,-32.8817307388399,6.98960816932032));
#11617=CARTESIAN_POINT('Ctrl Pts',(21.0487874709752,-32.5094675924613,6.23812566482893));
#11618=CARTESIAN_POINT('Ctrl Pts',(21.8371797296257,-31.9836348117563,5.6043138263795));
#11619=CARTESIAN_POINT('Ctrl Pts',(22.7399891032734,-31.3577386948504,5.12712104941189));
#11620=CARTESIAN_POINT('Ctrl Pts',(23.5662865402335,-30.7338981546637,5.00000306981698));
#11621=CARTESIAN_POINT('Ctrl Pts',(24.4382475951217,-30.0452167459202,5.00012145794331));
#11622=CARTESIAN_POINT('Ctrl Pts',(25.3955059500988,-29.2563111970299,5.14836635928603));
#11623=CARTESIAN_POINT('Ctrl Pts',(26.5107947170389,-28.2362707694162,5.81339303333893));
#11624=CARTESIAN_POINT('Ctrl Pts',(27.2023022283856,-27.5645795018884,6.56095657345929));
#11625=CARTESIAN_POINT('Ctrl Pts',(27.6469070980022,-27.1178673468796,7.27964867835542));
#11626=CARTESIAN_POINT('Ctrl Pts',(27.9352913054393,-26.8190600377902,8.11950986878744));
#11627=CARTESIAN_POINT('Ctrl Pts',(28.,-26.7511798805211,8.71105122858167));
#11628=CARTESIAN_POINT('Ctrl Pts',(28.,-26.7511798805211,9.00000000000001));
#11629=CARTESIAN_POINT('',(20.,-33.1606035077771,9.00000000000001));
#11630=CARTESIAN_POINT('Origin',(24.,-41.225,9.00000000000001));
#11631=CARTESIAN_POINT('',(28.,0.,9.00000000000001));
#11632=CARTESIAN_POINT('',(28.,-41.225,9.00000000000001));
#11633=CARTESIAN_POINT('',(20.,-19.5959179422654,9.00000000000001));
#11634=CARTESIAN_POINT('Ctrl Pts',(20.,-19.5959179422654,9.00000000000001));
#11635=CARTESIAN_POINT('Ctrl Pts',(20.,-19.5959179422654,8.51836606592053));
#11636=CARTESIAN_POINT('Ctrl Pts',(20.092929762443,-19.5021454852153,8.02065737193959));
#11637=CARTESIAN_POINT('Ctrl Pts',(20.4296706333104,-19.1491010298238,7.13531464675278));
#11638=CARTESIAN_POINT('Ctrl Pts',(20.6717311689858,-18.8897017077962,6.74706653243374));
#11639=CARTESIAN_POINT('Ctrl Pts',(21.37744548845,-18.0962805245592,5.8964553803778));
#11640=CARTESIAN_POINT('Ctrl Pts',(21.9287178121057,-17.4344092280362,5.52802639191109));
#11641=CARTESIAN_POINT('Ctrl Pts',(23.0139797837951,-15.9744807984741,5.07921350039331));
#11642=CARTESIAN_POINT('Ctrl Pts',(23.5472903513818,-15.1755594946207,5.00000000000001));
#11643=CARTESIAN_POINT('Ctrl Pts',(24.6466962359394,-13.3460375149349,5.00000000000001));
#11644=CARTESIAN_POINT('Ctrl Pts',(25.2315839245022,-12.2073657135939,5.15304411433044));
#11645=CARTESIAN_POINT('Ctrl Pts',(26.2440073932192,-9.84401742876081,5.64138408378033));
#11646=CARTESIAN_POINT('Ctrl Pts',(26.6712631959555,-8.6196190159897,5.97860414980667));
#11647=CARTESIAN_POINT('Ctrl Pts',(27.6879723202098,-4.89802192988453,7.14025452306675));
#11648=CARTESIAN_POINT('Ctrl Pts',(28.,-2.34887940058914,8.1122070351941));
#11649=CARTESIAN_POINT('Ctrl Pts',(28.,0.,9.00000000000001));
#11650=CARTESIAN_POINT('',(20.,-41.225,9.00000000000001));
#11651=CARTESIAN_POINT('Origin',(29.8169253974767,-29.898186982513,9.00000000000001));
#11652=CARTESIAN_POINT('',(28.,-26.7511798805211,14.));
#11653=CARTESIAN_POINT('Origin',(20.,-33.1606035077771,9.00000000000001));
#11654=CARTESIAN_POINT('',(20.,-33.1606035077771,9.00000000000001));
#11655=CARTESIAN_POINT('Origin',(28.,-41.225,19.));
#11656=CARTESIAN_POINT('',(28.,-41.225,19.));
#11657=CARTESIAN_POINT('',(28.,0.,8.55));
#11658=CARTESIAN_POINT('Origin',(20.,-41.225,9.00000000000001));
#11659=CARTESIAN_POINT('',(20.,-19.5959179422654,19.));
#11660=CARTESIAN_POINT('',(20.,-19.5959179422654,8.55));
#11661=CARTESIAN_POINT('',(20.,-41.225,19.));
#11662=CARTESIAN_POINT('Origin',(24.,-41.225,19.));
#11663=CARTESIAN_POINT('Ctrl Pts',(22.2564404225837,-16.9897280648038,22.6));
#11664=CARTESIAN_POINT('Ctrl Pts',(21.7853322036768,-17.6068769659926,22.3718318758126));
#11665=CARTESIAN_POINT('Ctrl Pts',(21.3172945618868,-18.1639070669295,22.0310435415939));
#11666=CARTESIAN_POINT('Ctrl Pts',(20.6717311689858,-18.8897017077962,21.2529334675663));
#11667=CARTESIAN_POINT('Ctrl Pts',(20.4296706333104,-19.1491010298238,20.8646853532472));
#11668=CARTESIAN_POINT('Ctrl Pts',(20.092929762443,-19.5021454852153,19.9793426280604));
#11669=CARTESIAN_POINT('Ctrl Pts',(20.,-19.5959179422654,19.4816339340795));
#11670=CARTESIAN_POINT('Ctrl Pts',(20.,-19.5959179422654,19.));
#11671=CARTESIAN_POINT('Origin',(0.,0.,8.55));
#11672=CARTESIAN_POINT('',(28.,-3.42901103761259E-15,8.55));
#11673=CARTESIAN_POINT('Origin',(-38.795,0.,41.9));
#11674=CARTESIAN_POINT('',(-38.795,0.,41.9));
#11675=CARTESIAN_POINT('',(38.795,-4.75101725729216E-15,41.9));
#11676=CARTESIAN_POINT('Origin',(0.,0.,41.9));
#11677=CARTESIAN_POINT('Origin',(0.,0.,41.9));
#11678=CARTESIAN_POINT('Origin',(0.,0.,41.5));
#11679=CARTESIAN_POINT('',(38.395,-4.70203138532626E-15,41.5));
#11680=CARTESIAN_POINT('Origin',(38.795,-4.75101725729216E-15,41.5));
#11681=CARTESIAN_POINT('',(-38.395,0.,41.5));
#11682=CARTESIAN_POINT('Origin',(0.,0.,41.5));
#11683=CARTESIAN_POINT('Origin',(0.,0.,41.5));
#11684=CARTESIAN_POINT('Origin',(0.,0.,39.5));
#11685=CARTESIAN_POINT('',(-38.395,0.,37.5));
#11686=CARTESIAN_POINT('',(38.395,-4.70203138532626E-15,37.5));
#11687=CARTESIAN_POINT('Origin',(0.,0.,37.5));
#11688=CARTESIAN_POINT('Origin',(0.,0.,37.5));
#11689=CARTESIAN_POINT('',(38.395,-4.70203138532626E-15,39.5));
#11690=CARTESIAN_POINT('Origin',(0.,0.,37.5));
#11691=CARTESIAN_POINT('',(38.795,-4.75101725729216E-15,37.1));
#11692=CARTESIAN_POINT('Origin',(38.795,-4.75101725729216E-15,37.5));
#11693=CARTESIAN_POINT('',(-38.795,0.,37.1));
#11694=CARTESIAN_POINT('Origin',(0.,0.,37.1));
#11695=CARTESIAN_POINT('Origin',(0.,0.,37.1));
#11696=CARTESIAN_POINT('Origin',(-41.225,0.,37.1));
#11697=CARTESIAN_POINT('Origin',(0.,0.,-0.4));
#11698=CARTESIAN_POINT('Origin',(30.65,-3.75354243938664E-15,-0.4));
#11699=CARTESIAN_POINT('Origin',(-1.5,0.,23.));
#11700=CARTESIAN_POINT('',(-1.5,0.,23.));
#11701=CARTESIAN_POINT('',(1.5,-1.83697019872103E-16,23.));
#11702=CARTESIAN_POINT('Origin',(0.,0.,23.));
#11703=CARTESIAN_POINT('Origin',(0.,0.,23.));
#11704=CARTESIAN_POINT('Origin',(0.,0.,30.5));
#11705=CARTESIAN_POINT('',(1.5,-1.83697019872103E-16,30.5));
#11706=CARTESIAN_POINT('Origin',(-32.1,0.,38.));
#11707=CARTESIAN_POINT('Origin',(0.,0.,38.4));
#11708=CARTESIAN_POINT('Origin',(32.1,-3.931116225263E-15,38.4));
#11709=UNCERTAINTY_MEASURE_WITH_UNIT(LENGTH_MEASURE(0.01),#11713,
'DISTANCE_ACCURACY_VALUE',
'Maximum model space distance between geometric entities at asserted c
onnectivities');
#11710=UNCERTAINTY_MEASURE_WITH_UNIT(LENGTH_MEASURE(0.01),#11713,
'DISTANCE_ACCURACY_VALUE',
'Maximum model space distance between geometric entities at asserted c
onnectivities');
#11711=(
GEOMETRIC_REPRESENTATION_CONTEXT(3)
GLOBAL_UNCERTAINTY_ASSIGNED_CONTEXT((#11709))
GLOBAL_UNIT_ASSIGNED_CONTEXT((#11713,#11715,#11716))
REPRESENTATION_CONTEXT('','3D')
);
#11712=(
GEOMETRIC_REPRESENTATION_CONTEXT(3)
GLOBAL_UNCERTAINTY_ASSIGNED_CONTEXT((#11710))
GLOBAL_UNIT_ASSIGNED_CONTEXT((#11713,#11715,#11716))
REPRESENTATION_CONTEXT('','3D')
);
#11713=(
LENGTH_UNIT()
NAMED_UNIT(*)
SI_UNIT(.MILLI.,.METRE.)
);
#11714=(
LENGTH_UNIT()
NAMED_UNIT(*)
SI_UNIT(.CENTI.,.METRE.)
);
#11715=(
NAMED_UNIT(*)
PLANE_ANGLE_UNIT()
SI_UNIT($,.RADIAN.)
);
#11716=(
NAMED_UNIT(*)
SI_UNIT($,.STERADIAN.)
SOLID_ANGLE_UNIT()
);
#11717=SHAPE_DEFINITION_REPRESENTATION(#11718,#11719);
#11718=PRODUCT_DEFINITION_SHAPE('',$,#11721);
#11719=SHAPE_REPRESENTATION('',(#6006),#11711);
#11720=PRODUCT_DEFINITION_CONTEXT('part definition',#11725,'design');
#11721=PRODUCT_DEFINITION(
'LIN091 (LINER HEAD, HIGH FLOW, M28 PEROXIDE) Rev B',
'LIN091 (LINER HEAD, HIGH FLOW, M28 PEROXIDE) Rev B',#11722,#11720);
#11722=PRODUCT_DEFINITION_FORMATION('A',$,#11727);
#11723=PRODUCT_RELATED_PRODUCT_CATEGORY(
'LIN091 (LINER HEAD, HIGH FLOW, M28 PEROXIDE) Rev B',
'LIN091 (LINER HEAD, HIGH FLOW, M28 PEROXIDE) Rev B',(#11727));
#11724=APPLICATION_PROTOCOL_DEFINITION('international standard',
'automotive_design',2009,#11725);
#11725=APPLICATION_CONTEXT(
'Core Data for Automotive Mechanical Design Process');
#11726=PRODUCT_CONTEXT('part definition',#11725,'mechanical');
#11727=PRODUCT('LIN091 (LINER HEAD, HIGH FLOW, M28 PEROXIDE) Rev B',
'LIN091 (LINER HEAD, HIGH FLOW, M28 PEROXIDE) Rev B',
'LINER HEAD, HIGH FLOW, M28 PEROXIDE (SS 316)',(#11726));
#11728=PRESENTATION_STYLE_ASSIGNMENT((#11730));
#11729=PRESENTATION_STYLE_ASSIGNMENT((#11731));
#11730=SURFACE_STYLE_USAGE(.BOTH.,#11736);
#11731=SURFACE_STYLE_USAGE(.BOTH.,#11737);
#11732=SURFACE_STYLE_RENDERING_WITH_PROPERTIES($,#11744,(#11734));
#11733=SURFACE_STYLE_RENDERING_WITH_PROPERTIES($,#11745,(#11735));
#11734=SURFACE_STYLE_TRANSPARENT(0.);
#11735=SURFACE_STYLE_TRANSPARENT(0.);
#11736=SURFACE_SIDE_STYLE('',(#11738,#11732));
#11737=SURFACE_SIDE_STYLE('',(#11739,#11733));
#11738=SURFACE_STYLE_FILL_AREA(#11740);
#11739=SURFACE_STYLE_FILL_AREA(#11741);
#11740=FILL_AREA_STYLE('',(#11742));
#11741=FILL_AREA_STYLE('',(#11743));
#11742=FILL_AREA_STYLE_COLOUR('',#11744);
#11743=FILL_AREA_STYLE_COLOUR('',#11745);
#11744=COLOUR_RGB('',0.956862745098039,0.956862745098039,0.956862745098039);
#11745=COLOUR_RGB('',0.0392156862745098,0.0392156862745098,0.0392156862745098);
ENDSEC;
END-ISO-10303-21;
